url,title,company,location,salary_minimum,salary_maximum,salary_currency,salary_period,salary_text,last_updated,posted_at,internship,sponsors_visa,workplace,employment_type,experience_levels,note,url_validated_at,application_url_type,source_sites,source_urls
https://independentsoftware.applytojob.com/apply/Iz12UYyFsb/Software-Engineer?utm_source=Simplify,Software Engineer,Independent Software,"Annapolis Junction, MD, USA",,,,,,2026-09-03T21:39:22+00:00,2026-08-03T06:11:51+00:00,false,,onsite,full_time,senior,,2026-09-16T22:46:22.198365+00:00,ats,simplify,https://simplify.jobs/p/facfe0d0-989a-415b-b879-fc6398ee8aba
https://stripe.com/careers/listing/software-engineer/8174105?gh_jid=8174105&gh_src=Simplify,Software Engineer,Stripe,"Seattle, WA, USA",235090.0,285600.0,USD,,,2026-09-03T05:42:07+00:00,2026-09-03T02:13:43+00:00,false,,hybrid,full_time,mid | senior,,2026-09-16T22:46:22.762123+00:00,employer,simplify,https://simplify.jobs/p/eba93cba-69a6-44f0-8558-bff28dcb36f1
https://gliacelltechnologies.applytojob.com/apply/F5wpzZFcry/Software-Engineer?utm_source=Simplify,Software Engineer,GliaCell Technologies,"Annapolis Junction, MD, USA",,,,,,2026-09-03T21:39:22+00:00,2026-08-03T06:11:36+00:00,false,,,full_time,senior,Conflicting salary across sites; Conflicting workplace across sites,2026-09-16T22:46:30.808355+00:00,ats,simplify,https://simplify.jobs/p/6521a00f-8b47-4195-a3ce-bdb80befcc30 | https://simplify.jobs/p/398ba12e-e04a-4002-a931-9afa6e62f28a
https://gevernova.wd5.myworkdayjobs.com/only_confidential_executive_recruiting/job/Bengaluru/Software-Engineer_R5052563-1?utm_source=Simplify,Software Engineer,GE Vernova,"Bengaluru, Karnataka, India",,,,,,2026-09-16T14:30:02+00:00,2026-09-16T00:00:00+00:00,false,,onsite,full_time,mid | senior,,2026-09-16T22:46:31.861948+00:00,ats,simplify,https://simplify.jobs/p/b4bb5cc0-0a46-4e8a-abdd-6079e0ac38af
https://everwatch-everwatchsolutions.icims.com/jobs/3407/job?mobile=true&needsRedirect=false&utm_source=Simplify,Software Engineer,Everwatch,"Aurora, CO, USA",55.36,79.33,USD,,,2026-09-04T06:57:01+00:00,2026-05-28T22:08:10+00:00,false,,onsite,full_time,senior,,2026-09-16T22:46:29.569252+00:00,ats,simplify,https://simplify.jobs/p/13d60ef4-e900-4d1e-8d4f-52908d69bccf
https://cisco.wd5.myworkdayjobs.com/cisco_careers/job/Milpitas-California-US/Software-Engineer_2020847?utm_source=Simplify,Software Engineer,Cisco,"Milpitas, CA, USA",,,,,,2026-09-16T10:57:44+00:00,2026-08-11T00:00:00+00:00,false,,,full_time,mid | senior,Conflicting salary across sites; Conflicting workplace across sites,2026-09-16T22:46:43.481144+00:00,ats,simplify,https://simplify.jobs/p/72712430-5c25-4eeb-8b02-2ee37aac688e | https://simplify.jobs/p/f647bf96-3c99-4827-9955-15599c73a611
https://careers-peraton.icims.com/jobs/169411/job?mobile=true&needsRedirect=false&utm_source=Simplify,Software Engineer,Peraton,"Remote; Basking Ridge, Bernards, NJ, USA",112000.0,179000.0,USD,,,2026-09-03T22:12:25+00:00,2026-08-04T22:13:51+00:00,false,,remote,full_time,senior,,2026-09-16T22:46:37.053395+00:00,ats,simplify,https://simplify.jobs/p/3d0a23c8-cd29-4c78-b1e1-a38b922fa5b8
https://job-boards.greenhouse.io/accenturefederalservices/jobs/4689027006?gh_src=Simplify,Software Engineer,Accenture,"Annapolis Junction, MD, USA",,,,,,2026-09-03T21:33:19+00:00,2026-07-14T01:20:45+00:00,false,,onsite,full_time,senior,Conflicting salary across sites,2026-09-16T22:46:44.700887+00:00,ats,simplify,https://simplify.jobs/p/d9fdfb03-c510-408d-871e-edccaef8bf3d | https://simplify.jobs/p/8e5d0d55-052b-4949-ad2b-8ad956a594f5
https://jobs.lever.co/rover/21376cdb-4a9c-4ba9-b6d1-ee350d09cc0f/apply?lever-source=Simplify,Software Engineer,Rover,"Barcelona, Spain",51837.0,62832.0,EUR,,,2026-09-04T07:24:02+00:00,2026-02-03T10:19:49+00:00,false,,hybrid,full_time,senior,,2026-09-16T22:46:40.061385+00:00,ats,simplify,https://simplify.jobs/p/31a49cad-9128-48b0-acdb-ec4f87671a16
https://bah.wd1.myworkdayjobs.com/bah_jobs/job/Fayetteville-NC/Software-Engineer_R0247395?utm_source=Simplify,Software Engineer,Booz Allen,"Fayetteville, NC, USA",69400.0,158000.0,USD,,,2026-09-16T08:27:07+00:00,2026-08-19T00:00:00+00:00,false,,onsite,full_time,senior,,2026-09-16T22:46:44.778321+00:00,ats,simplify,https://simplify.jobs/p/00d61962-3ced-4614-98e5-c8c0f5ab2d9c
https://careers-southland.icims.com/jobs/1637/job?mobile=true&needsRedirect=false&utm_source=Simplify,Software Engineer,Southland Credit Union,"Los Alamitos, CA, USA",89000.0,130000.0,USD,,,2026-09-05T10:06:01+00:00,2026-08-18T07:56:14+00:00,false,,hybrid,full_time,senior,,2026-09-16T22:46:45.418028+00:00,ats,simplify,https://simplify.jobs/p/781520ba-7f15-4e3c-adff-4869eda5b0f1
https://careers-peraton.icims.com/jobs/170112/job?mobile=true&needsRedirect=false&utm_source=Simplify,Software Engineer,Peraton,"Huntsville, AL, USA",80000.0,128000.0,USD,,,2026-09-03T06:30:06+00:00,2026-08-28T22:09:37+00:00,false,,onsite,full_time,senior,,2026-09-16T22:46:46.027755+00:00,ats,simplify,https://simplify.jobs/p/c8cbe3a6-dc44-42d8-980e-2f9e123f5b63
https://www.fivetran.com/careers/job?gh_jid=7811889003&gh_src=Simplify,Software Engineer,Fivetran,"Oakland, CA, USA",174915.0,209906.5,USD,,,2026-09-03T20:15:22+00:00,2026-07-24T22:19:54+00:00,false,,hybrid,full_time,senior,,2026-09-16T22:46:57.910967+00:00,employer,simplify,https://simplify.jobs/p/137989fc-23c0-43cd-95c4-e5098997db7f
https://job-boards.greenhouse.io/freedomconsulting/jobs/5200453007?gh_src=Simplify,Software Engineer,Freedom Technology Solutions Group,"Annapolis Junction, MD, USA",150000.0,200000.0,USD,,,2026-09-03T21:21:21+00:00,2026-07-31T22:44:01+00:00,false,,onsite,full_time,senior,,2026-09-16T22:47:03.698846+00:00,ats,simplify,https://simplify.jobs/p/78fe250c-f5eb-41c1-89bc-7e3fb3c03c17
https://generalmotors.wd5.myworkdayjobs.com/Careers_GM/job/Austin-Texas-United-States-of-America/Software-Engineer_JR-202614348?utm_source=Simplify,Software Engineer,General Motors,"Austin, TX, USA",,,,,,2026-09-16T22:39:54+00:00,2026-09-14T19:01:02+00:00,false,,hybrid,full_time,mid | senior,,2026-09-16T22:47:07.491649+00:00,ats,simplify,https://simplify.jobs/p/0ea7ea48-1419-45f4-b44c-efffedcc6121
https://jobs.ashbyhq.com/heron-power/a898379d-aaeb-488a-81ea-58eb3d0ad9ab/application?embed=true&utm_source=Simplify,Software Engineer,Heron Power,"Scotts Valley, CA, USA",,,,,,2026-09-03T16:45:18+00:00,2026-08-13T22:30:31+00:00,false,,onsite,full_time,junior | mid | senior,,2026-09-16T22:47:07.895053+00:00,ats,simplify,https://simplify.jobs/p/e397b01b-c11a-49ec-99d3-176008484e50
https://jobs.ashbyhq.com/virtahealth/683e28c7-3e77-46a0-a8da-0fde33874931/application?embed=true&utm_source=Simplify,Software Engineer,Virta Health,Remote; Remote in USA,114500.0,148000.0,USD,,,2026-09-03T20:33:22+00:00,2026-07-31T06:10:58+00:00,false,,remote,full_time,senior,,2026-09-16T22:47:08.000839+00:00,ats,simplify,https://simplify.jobs/p/d9cb2c1f-59e6-425d-92ba-587443ab5bb2
https://loanlogics.applytojob.com/apply/ay3UQv7mWs/Software-Engineer?utm_source=Simplify,Software Engineer,LoanLogics,"Remote; Jacksonville, FL, USA",,,,,,2026-09-09T22:45:10+00:00,2026-09-09T22:33:37+00:00,false,,remote,full_time,senior,,2026-09-16T22:47:11.944213+00:00,ats,simplify,https://simplify.jobs/p/e7987bc5-8fa2-4d2c-8649-ff436e55a03c
https://dezignconceptsllc.applytojob.com/apply/CZoWMUO6bZ/Software-Engineer?utm_source=Simplify,Software Engineer,Dezign Concepts,"Chantilly, VA, USA",220000.0,220000.0,USD,,,2026-09-16T10:00:19+00:00,2026-08-03T06:12:28+00:00,false,,onsite,full_time,mid | senior,,2026-09-16T22:47:16.593645+00:00,ats,simplify,https://simplify.jobs/p/73ab0450-737e-49cd-b48b-a0e9ccbe97c0
https://avav.wd1.myworkdayjobs.com/en-US/avav/job/420-National-Business-Parkway-Jessup-MD/Software-Engineer_6619?utm_source=Simplify,Software Engineer,AeroVironment,"Jessup, MD, USA",150000.0,190000.0,USD,,,2026-09-03T17:30:22+00:00,2026-07-04T11:46:01+00:00,false,,onsite,full_time,senior,,2026-09-16T22:47:22.411293+00:00,ats,simplify,https://simplify.jobs/p/fb79fdfb-5265-4030-b2c3-0bf61b855afb
https://careers-peraton.icims.com/jobs/165737/job?mobile=true&needsRedirect=false&utm_source=Simplify,Software Engineer,Peraton,"Blacksburg, VA, USA",80000.0,128000.0,USD,,,2026-09-03T18:21:22+00:00,2026-05-29T22:08:42+00:00,false,,onsite,full_time,senior,,2026-09-16T22:47:24.347829+00:00,ats,simplify,https://simplify.jobs/p/d4c9cffc-a709-4f58-b7ac-d45ee4263a89
https://abglobal.wd1.myworkdayjobs.com/alliancebernsteincareers/job/Nashville-Tennessee/Software-Engineer_R0018669-2?utm_source=Simplify,Software Engineer,AllianceBernstein,"Nashville, TN, USA",,,,,,2026-09-03T02:12:09+00:00,2026-08-13T00:00:00+00:00,false,,onsite,full_time,senior,,2026-09-16T22:47:27.352609+00:00,ats,simplify,https://simplify.jobs/p/b4311612-db8a-4be3-b97e-8b6f5ab20afc
https://bah.wd1.myworkdayjobs.com/bah_jobs/job/Chantilly-VA/Software-Engineer_R0249644?utm_source=Simplify,Software Engineer,Booz Allen,"Chantilly, VA, USA",86800.0,198000.0,USD,,,2026-09-16T22:18:40+00:00,2026-09-09T00:00:00+00:00,false,,onsite,full_time,mid | senior,,2026-09-16T22:48:05.052994+00:00,ats,simplify,https://simplify.jobs/p/a3cf744b-055c-47c4-b6bb-250e4d7cbcf6 | https://simplify.jobs/p/1203a221-f985-4868-abb6-e06a9d9cb975 | https://simplify.jobs/p/85e3d33a-19b7-4753-813c-e542cf4b2c44
https://jobs.ashbyhq.com/futurefitai/df12191c-3c81-4750-9a17-4e6f94181599/application?embed=true&utm_source=Simplify,Software Engineer,FutureFit AI,Remote; Remote in USA; Remote in Canada,95000.0,185000.0,USD,,,2026-09-05T11:30:01+00:00,2026-06-09T22:08:44+00:00,false,,remote,full_time,mid | senior,,2026-09-16T22:47:39.670918+00:00,ats,simplify,https://simplify.jobs/p/a9ee7133-b13c-4b38-8bbb-bf992edb436c
https://leidos.wd5.myworkdayjobs.com/External/job/Laurel-MD/Software-Engineer_R-00190650?utm_source=Simplify,Software Engineer,Leidos,"Laurel, MD, USA",87100.0,157450.0,USD,,,2026-09-16T14:30:37+00:00,2026-08-26T00:00:00+00:00,false,,onsite,full_time,senior,,2026-09-16T22:47:50.162212+00:00,ats,simplify,https://simplify.jobs/p/aa47687b-f125-4649-83f0-6624ed276372
https://careers-industechnology.icims.com/jobs/2350/job?mobile=true&needsRedirect=false&utm_source=Simplify,Software Engineer,INDUS Technology,"Remote; Newport, RI, USA",85000.0,120000.0,USD,,,2026-09-05T09:12:02+00:00,2026-08-20T22:05:44+00:00,false,,remote,full_time,mid | senior,,2026-09-16T22:47:47.851451+00:00,ats,simplify,https://simplify.jobs/p/3d40c0e2-354b-47f1-a112-fadf5a1f7f7c
https://jobs.lever.co/rgi/55e1c66c-8926-4143-bd17-587ea5fea498/apply?lever-source=Simplify,Software Engineer,Reinventing Geospatial,"Dulles, VA, USA",115000.0,200000.0,USD,,,2026-09-03T05:27:07+00:00,2026-09-03T02:10:45+00:00,false,,onsite,full_time,senior,,2026-09-16T22:47:51.017875+00:00,ats,simplify,https://simplify.jobs/p/553319d7-424b-4904-9b55-b63b05edbb34
https://jobs.lever.co/wyetechllc/d2bfed19-a281-45fa-a173-07f3643b0d47/apply?lever-source=Simplify,Software Engineer,Wyetech,"Chantilly, VA, USA",86.2,136.27,USD,,,2026-09-03T17:54:20+00:00,2026-02-26T23:06:14+00:00,false,,onsite,full_time,senior,,2026-09-16T22:47:58.779404+00:00,ats,simplify,https://simplify.jobs/p/6de57fb3-f2c5-4eee-bd74-27180ca4efaa
https://jobs.lever.co/deltasands/e7531f40-3fac-48fc-a98e-da6f4d552e83/apply?lever-source=Simplify,Software Engineer,Delta Solutions & Strategies,"Colorado Springs, CO, USA",,,,,,2026-09-15T08:57:01+00:00,2026-06-09T22:05:12+00:00,false,,onsite,full_time,senior,Conflicting salary across sites,2026-09-16T22:48:21.310763+00:00,ats,simplify,https://simplify.jobs/p/58150cda-2241-49e2-8eea-8163659ac71e | https://simplify.jobs/p/3707bd9b-a607-428a-ae6c-bb02221d2151
https://equifax.wd5.myworkdayjobs.com/external/job/USA---Georgia---Alpharetta---30005/Software-Engineer_J00178860?utm_source=Simplify,Software Engineer,Equifax,"Alpharetta, GA, USA",,,,,,2026-09-03T04:27:06+00:00,2026-08-31T00:00:00+00:00,false,,onsite,full_time,mid | senior,,2026-09-16T22:48:26.349981+00:00,ats,simplify,https://simplify.jobs/p/894f4562-7ad8-4c4f-993b-aefecd669f22 | https://simplify.jobs/p/212f3216-1c28-421c-93d4-54b8b7d667de
https://amat.wd1.myworkdayjobs.com/External/job/Santa-ClaraCA/Software-Engineer_R2618580?utm_source=Simplify,Software Engineer,Applied Materials,"Santa Clara, CA, USA",,,,,,2026-09-03T18:36:19+00:00,2026-07-04T11:10:25+00:00,false,,onsite,full_time,senior,Conflicting salary across sites,2026-09-16T22:48:30.043375+00:00,ats,simplify,https://simplify.jobs/p/d8e146f6-0d9c-41cb-941d-18969a292b78 | https://simplify.jobs/p/de377d18-538a-4d9f-9c28-34b1518841c6
https://pae.wd1.myworkdayjobs.com/en-US/amentum_careers/job/OC-AUS-Brisbane/Software-Engineer_R0167962?utm_source=Simplify,Software Engineer,Amentum,"Brisbane QLD, Australia",,,,,,2026-09-04T02:06:24+00:00,2026-08-12T00:00:00+00:00,false,,onsite,full_time,senior,,2026-09-16T22:48:28.461769+00:00,ats,simplify,https://simplify.jobs/p/29545467-3d23-4ce3-99aa-0e53f04324dd
https://gevernova.wd5.myworkdayjobs.com/only_confidential_executive_recruiting/job/Hyderabad-TS-IN-26/Software-Engineer_R5048951-1?utm_source=Simplify,Software Engineer,GE Vernova,"Hyderabad, Telangana, India",,,,,,2026-09-03T18:03:18+00:00,2026-07-04T12:31:38+00:00,false,,onsite,full_time,mid | senior,,2026-09-16T22:48:42.110510+00:00,ats,simplify,https://simplify.jobs/p/dd6b8900-f332-48fa-ba5b-11ee13884233 | https://simplify.jobs/p/3a8bf074-5d53-4084-a17c-96e04e7fbfe3
https://bah.wd1.myworkdayjobs.com/bah_jobs/job/Fort-Belvoir-VA/Software-Engineer_R0248809-1?utm_source=Simplify,Software Engineer,Booz Allen,"Fort Belvoir, VA, USA",69400.0,158000.0,USD,,,2026-09-16T11:39:37+00:00,2026-09-04T00:00:00+00:00,false,,onsite,full_time,senior,,2026-09-16T22:48:37.563521+00:00,ats,simplify,https://simplify.jobs/p/5c7b7e9e-d409-43ed-8632-4e7d24db5b32
https://jobs.lever.co/intenseye/c20f0c7b-ba58-4c65-8826-3959874d315e/apply?lever-source=Simplify,Software Engineer,Intenseye,"New York, NY, USA",160000.0,200000.0,USD,,,2026-09-03T18:54:19+00:00,2026-06-16T19:42:03+00:00,false,,onsite,full_time,senior,,2026-09-16T22:48:41.794102+00:00,ats,simplify,https://simplify.jobs/p/afcc8fad-0aa4-4768-b9bc-2b6e8de26c91
https://caci.wd1.myworkdayjobs.com/external/job/Lisle-IL-US/Software-Engineer_328361?utm_source=Simplify,Software Engineer,CACI,"Downers Grove, IL, USA",90300.0,189600.0,USD,,,2026-09-03T19:24:26+00:00,2026-07-08T22:05:54+00:00,false,,onsite,full_time,senior,,2026-09-16T22:48:45.670567+00:00,ats,simplify,https://simplify.jobs/p/c2299d2c-1eea-4b09-8685-a40f54e8423c
https://cisco.wd5.myworkdayjobs.com/cisco_careers/job/Bangalore-India/Software-Engineer_2022095-1?utm_source=Simplify,Software Engineer,Cisco,"Bengaluru, Karnataka, India",,,,,,2026-09-16T10:32:13+00:00,2026-09-10T00:00:00+00:00,false,,,full_time,senior,Conflicting workplace across sites,2026-09-16T22:49:14.030008+00:00,ats,simplify,https://simplify.jobs/p/dfb01068-ce09-4276-8225-b78b187888dc | https://simplify.jobs/p/8b807dd7-c1b2-49a3-b534-7cfbf7f28701 | https://simplify.jobs/p/17ba1440-0d25-478d-ae93-e07d2b510574
https://setofx.applytojob.com/apply/EACfqHMHiF/Software-Engineer?utm_source=Simplify,Software Engineer,Set of X,"Annapolis Junction, MD, USA",120000.0,240000.0,USD,,,2026-09-10T22:36:01+00:00,2026-09-10T22:28:20+00:00,false,,onsite,full_time,mid | senior,,2026-09-16T22:48:54.535053+00:00,ats,simplify,https://simplify.jobs/p/179ed076-de4b-4c67-9d87-1c5ea3d6e94d
https://cisco.wd5.myworkdayjobs.com/cisco_careers/job/Galway-Ireland/Software-Engineer_2007311?utm_source=Simplify,Software Engineer,Cisco,"Minna, Inverin, Co. Galway, Ireland",,,,,,2026-09-03T18:27:21+00:00,2026-06-27T10:08:31+00:00,false,,hybrid,full_time,senior,,2026-09-16T22:48:57.441321+00:00,ats,simplify,https://simplify.jobs/p/a31155e8-55e3-46fc-9631-ad1fd2cdd3ae
https://kla.wd1.myworkdayjobs.com/search/job/Milpitas-CA/Software-Engineer_2638981?utm_source=Simplify,Software Engineer,KLA,"Milpitas, CA, USA",136300.0,231700.0,USD,,,2026-09-03T11:27:09+00:00,2026-08-20T00:00:00+00:00,false,,onsite,full_time,mid | senior,,2026-09-16T22:48:59.624012+00:00,ats,simplify,https://simplify.jobs/p/9693bea9-4aae-4214-b8a0-624eb1906928
https://jobs.ashbyhq.com/chestnut/fbbb7601-3d31-48b4-8639-7530cd1afbd0/application?embed=true&utm_source=Simplify,Software Engineer,Chestnut,"Seattle, WA, USA; San Francisco, CA, USA; United States",,,,,,2026-09-03T17:09:30+00:00,2025-07-30T14:40:48+00:00,false,,hybrid,full_time,senior,,2026-09-16T22:48:59.251472+00:00,ats,simplify,https://simplify.jobs/p/c9a81cae-49dd-4c6f-8a48-d2181d8bc520
https://resmed.wd3.myworkdayjobs.com/en-US/ResMed_External_Careers/job/Sydney-NSW-Australia/Software-Engineer_JR_044986-2?utm_source=Simplify,Software Engineer,Resmed,"Sydney NSW, Australia",,,,,,2026-09-03T17:15:21+00:00,2026-06-20T10:35:10+00:00,false,,onsite,full_time,mid | senior,,2026-09-16T22:49:02.417786+00:00,ats,simplify,https://simplify.jobs/p/5e490d32-efcd-4c46-beb9-f092120ee2fb
https://jobs.ashbyhq.com/bedrock-robotics/8d061c9d-631a-4230-b2e5-402ed1dae5ee/application?embed=true&utm_source=Simplify,Software Engineer,Bedrock Robotics,"New York, NY, USA",,,,,,2026-09-09T11:27:23+00:00,2026-07-07T09:11:44+00:00,false,,hybrid,full_time,senior,,2026-09-16T22:48:59.688014+00:00,ats,simplify,https://simplify.jobs/p/d9e8c671-d474-4368-b4ab-75e641d77845
https://bookerdimaio.applytojob.com/apply/j5DSzowIoa/Software-Engineer-With-Active-Secret-Security-Clearance-Onsite-In-Portsmouth-VA?utm_source=Simplify,Software Engineer,Booker DiMaio,"Portsmouth, VA, USA",,,,,,2026-09-04T00:39:22+00:00,2026-08-06T22:18:50+00:00,false,,onsite,full_time,mid | senior,,2026-09-16T22:49:04.986630+00:00,ats,simplify,https://simplify.jobs/p/fb080f1d-66f5-4260-8686-7c6c543311c5
https://parsons.wd5.myworkdayjobs.com/en-US/search/job/US---VA-Reston/Software-Engineer_R178220-1?utm_source=Simplify,Software Engineer,Parsons,"Reston, VA, USA",148300.0,266900.0,USD,,,2026-09-03T18:03:18+00:00,2026-06-13T10:15:49+00:00,false,,onsite,full_time,senior,,2026-09-16T22:49:08.763090+00:00,ats,simplify,https://simplify.jobs/p/11bd5d33-8c07-4de2-bb8b-5b574075c541
https://ctcgroup.applytojob.com/apply/wNeLIt9QSG/Software-Engineer?utm_source=Simplify,Software Engineer,CTC Group,"Fort Meade, MD, USA",175000.0,235000.0,USD,,,2026-09-03T21:39:22+00:00,2026-08-03T06:12:45+00:00,false,,onsite,full_time,senior,,2026-09-16T22:49:12.447005+00:00,ats,simplify,https://simplify.jobs/p/47cdd98b-d428-4890-8a5f-da050a4f5e56
https://macu.wd5.myworkdayjobs.com/macu_careers/job/Sandy-UT/Software-Engineer_R20561?utm_source=Simplify,Software Engineer,Mountain America Credit Union,"Sandy, UT, USA",,,,,,2026-09-10T06:06:01+00:00,2026-09-10T00:00:00+00:00,false,,hybrid,full_time,senior,,2026-09-16T22:49:25.104778+00:00,ats,simplify,https://simplify.jobs/p/cdf12f2a-dd9e-456f-a0d7-15b56d180ff9
https://intuitive.wd1.myworkdayjobs.com/irtc_careers/job/Colorado-Springs-CO/Software-Engineer_2627-081?utm_source=Simplify,Software Engineer,Intuitive Research and Technology Corporation,"Colorado Springs, CO, USA",110000.0,175000.0,USD,,,2026-09-03T05:03:06+00:00,2026-08-31T00:00:00+00:00,false,,onsite,full_time,senior,,2026-09-16T22:49:20.831311+00:00,ats,simplify,https://simplify.jobs/p/3c4f7f70-b567-44d2-a38c-f803525c0cf7
https://job-boards.greenhouse.io/defenseunicorns/jobs/5101183007?gh_src=Simplify,Software Engineer,Defense Unicorns,Remote; Remote in USA,123250.0,166750.0,USD,,,2026-09-04T07:36:01+00:00,2026-07-16T22:39:10+00:00,false,,remote,full_time,mid | senior,,2026-09-16T22:49:24.621812+00:00,ats,simplify,https://simplify.jobs/p/4c87dca7-f66b-430c-915e-24f7ecfc4579
https://jobs.ashbyhq.com/Foundational%20Industries/5eb33da8-0ad7-4762-9648-53c9a39751ab/application?embed=true&utm_source=Simplify,Software Engineer,Foundational Industries,"San Francisco, CA, USA; United States",,,,,,2026-09-03T17:45:23+00:00,2026-06-26T22:08:21+00:00,false,,onsite,full_time,mid | senior,,2026-09-16T22:49:29.913352+00:00,ats,simplify,https://simplify.jobs/p/b3cfbfe5-97f1-46bd-9592-c04ee940f623
https://proofpoint.wd5.myworkdayjobs.com/proofpointcareers/job/Cork-Ireland/Software-Engineer_R14584-1?utm_source=Simplify,Software Engineer,Proofpoint,"Cork, Ireland",,,,,,2026-09-04T01:48:21+00:00,2026-08-11T00:00:00+00:00,false,,onsite,full_time,senior,,2026-09-16T22:49:37.397130+00:00,ats,simplify,https://simplify.jobs/p/ea55344f-6c71-476e-89de-4fdeece9bc21
https://jobs.ashbyhq.com/manifest-os/7c8dca6c-9d88-48be-8179-e3a2333497d8/application?embed=true&utm_source=Simplify,Software Engineer,Manifest OS,"New York, NY, USA",200000.0,300000.0,USD,,,2026-09-11T10:36:01+00:00,2026-07-15T09:10:06+00:00,false,,onsite,full_time,senior,,2026-09-16T22:49:44.633303+00:00,ats,simplify,https://simplify.jobs/p/79acd2be-6d6d-4f30-873c-8adc1ee0a459
https://jobs.ashbyhq.com/tesslcareers/d1d5aa98-bf42-46d3-ac4c-021f20e004f7/application?embed=true&utm_source=Simplify,Software Engineer,Tessl,"London, UK",,,,,,2026-09-04T07:24:02+00:00,2026-08-11T09:38:20+00:00,false,,hybrid,full_time,senior,,2026-09-16T22:49:53.795952+00:00,ats,simplify,https://simplify.jobs/p/326dee4d-29c3-49dd-8c3f-28dcd38ab22f
https://jobs.lever.co/BlueMatrix/f9eff3ef-c3bd-4b03-9b0a-997e68a7ad52/apply?lever-source=Simplify,Software Engineer,BlueMatrix,Remote; Remote in Canada,,,,,,2026-09-03T05:03:06+00:00,2026-09-03T02:07:23+00:00,false,,remote,full_time,mid | senior,,2026-09-16T22:49:51.370206+00:00,ats,simplify,https://simplify.jobs/p/2e0c9dca-e4bc-4fcf-bf3d-f2741b45719c
https://careers-lmi.icims.com/jobs/14510/job?mobile=true&needsRedirect=false&utm_source=Simplify,Software Engineer,LMI,"Pittsburgh, PA, USA",140000.0,170000.0,USD,,,2026-09-04T15:54:01+00:00,2026-09-04T15:53:42+00:00,false,,hybrid,full_time,senior,,2026-09-16T22:49:52.226130+00:00,ats,simplify,https://simplify.jobs/p/0fe72ed0-c7fe-42dd-8209-9a9e79e24868
https://jobs.lever.co/anavationllc/3bba9df8-4987-4ee3-b878-b13cb8828763/apply?lever-source=Simplify,Software Engineer,AnaVation,"Hanover, MD, USA",185000.0,190000.0,USD,,,2026-09-04T01:30:21+00:00,2026-08-10T18:59:18+00:00,false,,onsite,full_time,senior,,2026-09-16T22:49:56.737761+00:00,ats,simplify,https://simplify.jobs/p/b433dbbb-ddeb-48e8-8b9c-676448d2a428
https://bah.wd1.myworkdayjobs.com/bah_jobs/job/Annapolis-Junction-MD/Software-Engineer_R0243588?utm_source=Simplify,Software Engineer,Booz Allen,"Annapolis Junction, MD, USA",86900.0,198000.0,USD,,,2026-09-16T11:15:31+00:00,2026-07-04T09:46:16+00:00,false,,onsite,full_time,senior,,2026-09-16T22:50:09.514125+00:00,ats,simplify,https://simplify.jobs/p/fb2339df-9764-4aff-a2d6-f6be32e48cc9 | https://simplify.jobs/p/7bae9acb-3593-43b6-8ee3-3e9b16a24419
https://jobs.lever.co/wyetechllc/edc6c9a2-8c21-4fe1-b9d4-6834bd408fba/apply?lever-source=Simplify,Software Engineer,Wyetech,"Annapolis Junction, MD, USA",,,,,,2026-09-03T17:45:23+00:00,2026-07-28T22:05:18+00:00,false,,onsite,full_time,senior,Conflicting salary across sites,2026-09-16T22:50:08.008500+00:00,ats,simplify,https://simplify.jobs/p/20e38e38-3ed6-4184-95da-85dee88311d9 | https://simplify.jobs/p/3f28f9aa-a526-462d-a2c4-14c847a5d258
https://cisco.wd5.myworkdayjobs.com/cisco_careers/job/Bangalore-India/Software-Engineer_2024121?utm_source=Simplify,Software Engineer,Cisco,"Bengaluru, Karnataka, India",,,,,,2026-09-15T22:12:02+00:00,2026-09-15T00:00:00+00:00,false,,,full_time,mid | senior,Conflicting workplace across sites,2026-09-16T22:50:31.595176+00:00,ats,simplify,https://simplify.jobs/p/6c48beeb-d378-48f2-9bdc-1b816eca2205 | https://simplify.jobs/p/96b143b5-3d49-4abd-8bbb-01a91c1fe32d | https://simplify.jobs/p/90e8da74-f604-4b12-8fdb-dde0178a85dc
https://apply.workable.com/coldquanta/j/F2A200DB8F/apply?utm_source=Simplify,Software Engineer,Infleqtion,"Louisville, CO, USA",106000.0,145000.0,USD,,,2026-09-03T18:03:18+00:00,2026-03-06T23:19:43+00:00,false,,onsite,full_time,senior,,2026-09-16T22:50:06.168522+00:00,ats,simplify,https://simplify.jobs/p/e33bf320-7c07-4978-a80f-2f84f6dfeb62
https://flir.wd1.myworkdayjobs.com/flircareers/job/US---Goleta-CA/Software-Engineer_REQ35970?utm_source=Simplify,Software Engineer,Teledyne,"Goleta, CA, USA",90800.0,121100.0,USD,,,2026-09-04T06:57:01+00:00,2026-06-20T10:28:19+00:00,false,,onsite,full_time,senior,,2026-09-16T22:50:25.435233+00:00,ats,simplify,https://simplify.jobs/p/1932f07c-0749-4c72-8925-1624bd2e854d | https://simplify.jobs/p/997a86f4-ccc7-4c24-a387-fc3a191a11bb
https://job-boards.greenhouse.io/captivation/jobs/5253109008?gh_src=Simplify,Software Engineer,Captivation,"Annapolis Junction, MD, USA",130000.0,270000.0,USD,,,2026-09-04T08:15:01+00:00,2026-06-09T22:09:39+00:00,false,,onsite,full_time,senior,,2026-09-16T22:50:12.032020+00:00,ats,simplify,https://simplify.jobs/p/3e18073c-1d70-474f-afdd-1c7d57627734
https://jobs.lever.co/electric-twin/be47f76c-0b82-4f22-bd9a-4d335ef51564/apply?lever-source=Simplify,Software Engineer,Electric Twin,"London, UK",80000.0,160000.0,GBP,,,2026-09-03T21:21:21+00:00,2026-08-01T01:08:57+00:00,false,,onsite,full_time,mid | senior,,2026-09-16T22:50:22.607872+00:00,ats,simplify,https://simplify.jobs/p/307fda85-5018-4630-a6cc-ea49c81587b6
https://job-boards.greenhouse.io/generalmatter/jobs/5026280008?gh_src=Simplify,Software Engineer,General Matter,"Los Angeles, CA, USA",100000.0,200000.0,USD,,,2026-09-03T17:24:21+00:00,2025-12-10T08:50:53+00:00,false,,onsite,full_time,mid | senior,,2026-09-16T22:50:26.707851+00:00,ats,simplify,https://simplify.jobs/p/e544a181-551c-484d-a985-72345cb2c474
https://jobs.ashbyhq.com/agentio/d22f7e19-cf51-4b48-9e5c-0e663dcfd389/application?embed=true&utm_source=Simplify,Software Engineer,Agentio,"New York, NY, USA",195000.0,400000.0,USD,,,2026-09-03T17:09:30+00:00,2025-05-20T18:31:59+00:00,false,,onsite,full_time,senior,,2026-09-16T22:50:30.136996+00:00,ats,simplify,https://simplify.jobs/p/66487477-0d37-4c56-b922-dc81c8fab516
https://job-boards.greenhouse.io/octaura/jobs/4624477007?gh_src=Simplify,Software Engineer,Octaura,"New York, NY, USA",180000.0,200000.0,USD,,,2026-09-03T17:24:21+00:00,2025-11-14T23:46:41+00:00,false,,hybrid,full_time,senior,,2026-09-16T22:50:32.355208+00:00,ats,simplify,https://simplify.jobs/p/38b0821e-d65f-4bdf-9d57-509caf6736c5
https://jobs.ashbyhq.com/fieldguide/47a2afc4-1075-4378-83bb-714543b6c272/application?embed=true&utm_source=Simplify,Software Engineer,Fieldguide,"San Francisco, CA, USA",150000.0,260000.0,USD,,,2026-09-03T17:15:21+00:00,2025-10-17T03:32:39+00:00,false,,hybrid,full_time,mid | senior,,2026-09-16T22:50:37.315576+00:00,ats,simplify,https://simplify.jobs/p/40ac8938-6b99-4849-b259-aab1f78fb35c
https://redarchsolutions.applytojob.com/apply/gd98Ce0SUI/Software-Engineer?utm_source=Simplify,Software Engineer,Red Arch Solutions,"Annapolis Junction, MD, USA",,,,,,2026-09-03T21:45:21+00:00,2026-08-03T06:21:48+00:00,false,,,full_time,senior,Conflicting salary across sites; Conflicting workplace across sites,2026-09-16T22:51:15.286976+00:00,ats,simplify,https://simplify.jobs/p/489d96a5-c29b-454d-aff1-abe5a8f0ce74 | https://simplify.jobs/p/d3f2379d-7cf0-454b-aa45-52d3f7c74328 | https://simplify.jobs/p/8aabeb05-7887-471d-a412-790af5e92e4a | https://simplify.jobs/p/9839bcd5-01da-48f5-9381-c8c36b09d3b7 | https://simplify.jobs/p/d572bd11-ef18-4b94-ad7a-48ed27a2619d
https://jobs.lever.co/clearedge/00ba7457-a890-413c-a2a2-b75470a4c5b3/apply?lever-source=Simplify,Software Engineer,ClearEdge,"Annapolis Junction, MD, USA",,,,,,2026-09-03T17:15:21+00:00,2025-10-31T00:45:42+00:00,false,,hybrid,full_time,senior,,2026-09-16T22:50:55.952344+00:00,ats,simplify,https://simplify.jobs/p/3527d1c5-cc02-4790-a594-1518ebad1611 | https://simplify.jobs/p/d8d1f85a-c6ec-4470-ab14-c20bf0610520
https://job-boards.greenhouse.io/grvty/jobs/4402196009?gh_src=Simplify,Software Engineer,GRVTY,"Aurora, CO, USA; Sterling, VA, USA",130000.0,200000.0,USD,,,2026-09-10T22:15:01+00:00,2026-09-10T22:12:16+00:00,false,,onsite,full_time,senior,,2026-09-16T22:50:43.584446+00:00,ats,simplify,https://simplify.jobs/p/1fa13549-a00b-4a56-8494-7f0a18b0d980
https://jobs.ashbyhq.com/rillet/6d3eaba9-1fc6-4f1a-b1f2-e92b203b6dd9/application?embed=true&utm_source=Simplify,Software Engineer,Rillet,"San Francisco, CA, USA; New York, NY, USA",170000.0,350000.0,USD,,,2026-09-15T10:18:02+00:00,2026-06-22T14:11:31+00:00,false,,hybrid,full_time,senior,,2026-09-16T22:50:47.263753+00:00,ats,simplify,https://simplify.jobs/p/c1df86da-0860-4b35-8cf6-67dce0f3a269
https://jobs.ashbyhq.com/anyscale/81c3c26a-71e3-4c4c-a88e-88c538a169be/application?embed=true&utm_source=Simplify,Software Engineer,Anyscale,"San Francisco, CA, USA",226000.0,283000.0,USD,,,2026-09-03T07:33:06+00:00,2026-08-27T00:29:59+00:00,false,,hybrid,full_time,senior,,2026-09-16T22:51:06.571854+00:00,ats,simplify,https://simplify.jobs/p/db886040-6297-4f84-bbe0-5fa0a2d11aa5
https://jobs.ashbyhq.com/workyard/b30b1976-3aad-47ce-a043-42e058e3dbdf/application?embed=true&utm_source=Simplify,Software Engineer,Workyard,"Sydney NSW, Australia",,,,,,2026-09-03T17:09:30+00:00,2026-06-23T01:09:24+00:00,false,,hybrid,full_time,mid | senior,,2026-09-16T22:51:06.976096+00:00,ats,simplify,https://simplify.jobs/p/308eaa64-22e7-487c-a0e3-cbc9dd6a7609
https://caci.wd1.myworkdayjobs.com/external/job/Sterling-VA-US/Software-Engineer_330759?utm_source=Simplify,Software Engineer,CACI,"Sterling, VA, USA",94400.0,198200.0,USD,,,2026-09-03T14:36:15+00:00,2026-08-18T00:00:00+00:00,false,,onsite,full_time,senior,,2026-09-16T22:51:08.107557+00:00,ats,simplify,https://simplify.jobs/p/0e895479-36eb-45e7-9037-9e93962edd2a
https://job-boards.greenhouse.io/rampanttechnologies/jobs/5185668008?gh_src=Simplify,Software Engineer,Rampant Technologies,"Aurora, CO, USA; Fairfax, VA, USA; Sarasota, FL, USA",125000.0,250000.0,USD,,,2026-09-04T07:36:01+00:00,2026-04-11T06:08:01+00:00,false,,onsite,full_time,mid | senior,,2026-09-16T22:51:05.417061+00:00,ats,simplify,https://simplify.jobs/p/717a2e38-71ba-4b6e-af34-5d9ce62ff24a
https://thinkbrg.wd5.myworkdayjobs.com/en-US/BRG_External_Career_Site/job/Washington-DC/Software-Engineer--HAP-Tech_JR100333?utm_source=Simplify,Software Engineer,BRG,"Remote; Washington, DC, USA",100000.0,230000.0,USD,,,2026-09-03T17:15:21+00:00,2026-06-20T10:40:44+00:00,false,,remote,full_time,senior,,2026-09-16T22:51:09.745156+00:00,ats,simplify,https://simplify.jobs/p/99256aad-aa7e-4d21-a54b-ce90afca3755
https://cisco.wd5.myworkdayjobs.com/cisco_careers/job/Hyderabad-India/Software-Engineer_2020626?utm_source=Simplify,Software Engineer,Cisco,"Hyderabad, Telangana, India; Bengaluru, Karnataka, India",,,,,,2026-09-16T08:57:56+00:00,2026-08-11T00:00:00+00:00,false,,,full_time,mid | senior,Conflicting workplace across sites,2026-09-16T22:51:20.711787+00:00,ats,simplify,https://simplify.jobs/p/330292f1-ba92-4947-b4c1-40c0fae4d5df | https://simplify.jobs/p/3958b135-76ce-4f03-82c9-67e5f6f16f2e
https://thomsonreuters.wd5.myworkdayjobs.com/en-US/External_Career_Site/job/United-States-of-America-McLean-Virginia/Software-Engineer_JREQ193870?utm_source=Simplify,Software Engineer,Thomson Reuters,"McLean, VA, USA",109000.0,203000.0,USD,,,2026-09-16T10:57:04+00:00,2026-07-04T12:40:23+00:00,false,,hybrid,full_time,mid | senior,,2026-09-16T22:51:14.973843+00:00,ats,simplify,https://simplify.jobs/p/c6aa1720-fc9c-4cf2-9d30-f4dfe81fd949
https://job-boards.greenhouse.io/britive/jobs/4821142004?gh_src=Simplify,Software Engineer,Britive,"Remote; San Francisco, CA, USA",,,,,,2026-09-03T17:24:21+00:00,2025-10-29T01:34:12+00:00,false,,remote,full_time,mid | senior,,2026-09-16T22:51:16.406297+00:00,ats,simplify,https://simplify.jobs/p/3d0109f8-d194-43d2-9e41-d129b121f29b
https://belaytechnologies.applytojob.com/apply/EioUDmqMai/MidLevel-Software-Engineer?utm_source=Simplify,Software Engineer,Belay Technologies,"Annapolis Junction, MD, USA",70000.0,190000.0,USD,,,2026-09-03T21:39:22+00:00,2026-08-03T06:15:59+00:00,false,,onsite,full_time,senior,,2026-09-16T22:51:50.821954+00:00,ats,simplify,https://simplify.jobs/p/0569025b-fc2b-4e96-9564-072339c3f3d3 | https://simplify.jobs/p/d963f781-8b35-4739-9618-dad315632e9c | https://simplify.jobs/p/016ddf3f-61f1-4f84-b3d5-56dce7c50c26
https://equifax.wd5.myworkdayjobs.com/external/job/USA---Georgia---Alpharetta---30005/Software-Engineer_J00178863?utm_source=Simplify,Software Engineer,Equifax,"Alpharetta, GA, USA",,,,,,2026-09-03T04:27:06+00:00,2026-08-31T00:00:00+00:00,false,,onsite,full_time,senior,,2026-09-16T22:51:23.999579+00:00,ats,simplify,https://simplify.jobs/p/d82dcf19-b67f-4388-84d4-d1cbad28d319
https://parsons.wd5.myworkdayjobs.com/en-US/search/job/US---CO-Denver/Software-Engineer_R183984?utm_source=Simplify,Software Engineer,Parsons,"Denver, CO, USA",74800.0,130900.0,USD,,,2026-09-03T16:57:18+00:00,2026-07-28T00:00:00+00:00,false,,onsite,full_time,mid | senior,,2026-09-16T22:51:27.859366+00:00,ats,simplify,https://simplify.jobs/p/e1909251-8383-44f0-bc3b-471e92e02414
https://careers-lsac.icims.com/jobs/1743/job?mobile=true&needsRedirect=false&utm_source=Simplify,Software Engineer,Law School Admission Council,"Remote; Newtown, PA, USA",108000.0,115000.0,USD,,,2026-09-16T10:40:02+00:00,2026-08-14T17:14:49+00:00,false,,remote,full_time,senior,,2026-09-16T22:51:32.165148+00:00,ats,simplify,https://simplify.jobs/p/fdc1e515-fd31-441d-8d28-2df72f4d6a71
https://caci.wd1.myworkdayjobs.com/external/job/Fort-Meade-MD-US/Software-Engineer_325669?utm_source=Simplify,Software Engineer,CACI,"Annapolis Junction, MD, USA; Odenton, MD, USA",98500.0,206800.0,USD,,,2026-09-03T17:03:18+00:00,2026-06-20T10:19:10+00:00,false,,onsite,full_time,senior,,2026-09-16T22:51:35.588274+00:00,ats,simplify,https://simplify.jobs/p/6c524c5f-decd-40c5-94d4-24f34b1dda6e
https://job-boards.greenhouse.io/captivation/jobs/4694105008?gh_src=Simplify,Software Engineer,Captivation,"Augusta, GA, USA",130000.0,270000.0,USD,,,2026-02-10T02:32:21+00:00,2025-07-14T18:55:51+00:00,false,,hybrid,full_time,senior,,2026-09-16T22:51:44.134297+00:00,ats,simplify,https://simplify.jobs/p/c9e77d75-20fa-4996-a35a-5a97b789d210
https://jobs.ashbyhq.com/reprally/c2df4e0d-55d3-4a8c-9d07-9ddbc935ce7a/application?embed=true&utm_source=Simplify,Software Engineer,RepRally,"New York, NY, USA",,,,,,2026-09-16T09:03:05+00:00,2026-03-24T22:24:31+00:00,false,,onsite,full_time,mid | senior,,2026-09-16T22:51:52.659979+00:00,ats,simplify,https://simplify.jobs/p/45a80286-144d-4f8a-b685-7cec557d68f2
https://job-boards.greenhouse.io/ever/jobs/5064724008?gh_src=Simplify,Software Engineer,Ever,"San Francisco, CA, USA",140000.0,300000.0,USD,,,2026-01-19T02:46:45+00:00,2026-01-12T01:14:46+00:00,false,,hybrid,full_time,mid | senior,,2026-09-16T22:51:52.124335+00:00,ats,simplify,https://simplify.jobs/p/48b1c03f-b5dd-45e3-8d06-913558b4215d
https://careers-myacuity.icims.com/jobs/4187/job?mobile=true&needsRedirect=false&utm_source=Simplify,Software Engineer,"Acuity, Inc.","Virginia, USA",160000.0,210000.0,USD,,,2026-09-03T15:36:13+00:00,2026-08-17T22:28:33+00:00,false,,onsite,full_time,mid | senior,,2026-09-16T22:51:54.065818+00:00,ats,simplify,https://simplify.jobs/p/404352b2-444f-46d3-a189-9fde94aa4dba
https://bah.wd1.myworkdayjobs.com/bah_jobs/job/Aurora-CO/Software-Engineer_R0247468?utm_source=Simplify,Software Engineer,Booz Allen,"Aurora, CO, USA",86900.0,198000.0,USD,,,2026-09-16T13:39:18+00:00,2026-08-20T00:00:00+00:00,false,,onsite,full_time,senior,,2026-09-16T22:52:07.303858+00:00,ats,simplify,https://simplify.jobs/p/98a9cc83-a6d4-4437-9c1d-98c804053a1a | https://simplify.jobs/p/e644a842-7eba-47fe-b7b6-2846d2498135
https://jobs.ashbyhq.com/spellbook.com/381788d0-507c-4232-b9ca-8c5b39070276/application?embed=true&utm_source=Simplify,Software Engineer,Spellbook,Remote; Remote in Canada,,,,,,2026-09-03T19:39:23+00:00,2026-07-15T09:11:51+00:00,false,,remote,full_time,senior,,2026-09-16T22:52:06.084863+00:00,ats,simplify,https://simplify.jobs/p/799d2097-d1f6-498d-9199-b0a049bd110d
https://jobs.ashbyhq.com/certifyos/4be4bd2f-0ebf-41a4-937b-21290aae4878/application?embed=true&utm_source=Simplify,Software Engineer,CertifyOS,"Remote; Pune, Maharashtra, India; Bengaluru, Karnataka, India",,,,,,2026-09-03T19:00:22+00:00,2026-06-24T09:11:25+00:00,false,,remote,full_time,senior,,2026-09-16T22:52:07.459085+00:00,ats,simplify,https://simplify.jobs/p/883e4d5c-7562-44a0-bab5-9377e022bb74
https://job-boards.greenhouse.io/watershed/jobs/4254100003?gh_src=Simplify,Software Engineer,Watershed Informatics,"Boston, MA, USA",,,,,,2023-08-13T15:26:48+00:00,2023-08-13T15:26:48+00:00,false,,onsite,full_time,mid | senior,,2026-09-16T22:52:05.165839+00:00,ats,simplify,https://simplify.jobs/p/f99e75db-a057-4023-a9ec-fbf7bb86fe9c
https://chenmed.wd1.myworkdayjobs.com/chenmed/job/Corporate-Office/Software-Engineer_R0048361?utm_source=Simplify,Software Engineer,ChenMed,United States,91165.0,130235.0,USD,,,2026-09-16T11:57:11+00:00,2026-06-24T22:08:44+00:00,false,,hybrid,full_time,senior,,2026-09-16T22:52:13.579508+00:00,ats,simplify,https://simplify.jobs/p/78550001-46c0-40c7-9a07-b26c261b6482 | https://simplify.jobs/p/caf9419e-174b-4753-8e56-19ddaf878387
https://tapengineering.applytojob.com/apply/pEvOkP3F22/Software-Engineer-Level-1?utm_source=Simplify,Software Engineer,TAP Engineering,"Hanover, MD, USA",99000.0,125000.0,USD,,,2026-09-03T21:39:22+00:00,2026-08-03T06:12:30+00:00,false,,onsite,full_time,senior,,2026-09-16T22:52:06.922339+00:00,ats,simplify,https://simplify.jobs/p/42fb4cf1-6c93-4808-8236-969221d0d637
https://bah.wd1.myworkdayjobs.com/bah_jobs/job/Chantilly-VA/Software-Engineer_R0246016?utm_source=Simplify,Software Engineer,Booz Allen,"Chantilly, VA, USA",86800.0,198000.0,USD,,,2026-09-16T11:51:27+00:00,2026-08-04T00:00:00+00:00,false,,onsite,full_time,senior,,2026-09-16T22:52:26.429764+00:00,ats,simplify,https://simplify.jobs/p/2c133f18-2ac2-4779-bc9b-75358d9b8366 | https://simplify.jobs/p/4c06d2b2-1a0b-4f23-a59b-28b36d904748
https://petersontechnologies.applytojob.com/apply/jqJfFiJPbP/Software-Engineer?utm_source=Simplify,Software Engineer,Peterson Technologies,"Annapolis Junction, MD, USA",,,,,,2026-09-03T21:39:22+00:00,2026-08-03T06:12:05+00:00,false,,,full_time,senior,Conflicting salary across sites; Conflicting workplace across sites,2026-09-16T22:52:18.270819+00:00,ats,simplify,https://simplify.jobs/p/26577a59-f8cb-4e03-af81-0b7c5c1106e6 | https://simplify.jobs/p/20579274-78a0-44de-82eb-1c8813344076 | https://simplify.jobs/p/58a6a497-1f48-4f97-af74-33e289a497e4
https://careers-essensedesigns.icims.com/jobs/1802/job?mobile=true&needsRedirect=false&utm_source=Simplify,Software Engineer,Essense of Australia,"Lenexa, KS, USA",,,,,,2026-09-03T16:06:14+00:00,2026-08-14T05:59:52+00:00,false,,hybrid,full_time,senior,,2026-09-16T22:52:14.884769+00:00,ats,simplify,https://simplify.jobs/p/c3f4db44-511d-4524-b838-609733ff9589
https://jobs.lever.co/wyetechllc/4febaa19-39c1-45c8-9776-7da75741bcab/apply?lever-source=Simplify,Software Engineer,Wyetech,"Columbia, MD, USA",52.46,139.92,USD,,,2026-09-03T18:21:22+00:00,2026-07-24T14:05:32+00:00,false,,hybrid,full_time,senior,,2026-09-16T22:52:16.898501+00:00,ats,simplify,https://simplify.jobs/p/c13d7f0c-09ef-405f-967f-2af8670c0d90
https://jobs.ashbyhq.com/adapt/dd9996af-a48f-480b-b8fc-53dcfd530816/application?embed=true&utm_source=Simplify,Software Engineer,Adapt,"San Francisco, CA, USA",180000.0,260000.0,USD,,,2026-09-03T19:00:22+00:00,2026-06-26T14:07:50+00:00,false,,onsite,full_time,mid | senior,,2026-09-16T22:52:20.050195+00:00,ats,simplify,https://simplify.jobs/p/7a4c908b-bf2f-4f5b-a921-e3e222ca9bab
https://careers-mjengineers.icims.com/jobs/1454/job?mobile=true&needsRedirect=false&utm_source=Simplify,Software Engineer,M&J Engineering,"Rockville, MD, USA",,,,,,2026-09-03T17:15:21+00:00,2026-05-28T22:05:06+00:00,false,,onsite,full_time,senior,,2026-09-16T22:52:22.583282+00:00,ats,simplify,https://simplify.jobs/p/700b6044-4575-4e4f-9a85-073b16c44643
https://jobs.ashbyhq.com/bratte/7e3d069b-b078-41ae-bff9-a0efe01223c3/application?embed=true&utm_source=Simplify,Software Engineer,Bratte,"Remote; Barcelona, Spain",,,,,,2026-09-05T10:57:01+00:00,2026-09-03T16:27:49+00:00,false,,remote,full_time,senior,,2026-09-16T22:52:27.525895+00:00,ats,simplify,https://simplify.jobs/p/63d3991d-365e-4c75-9432-8083244ecf68
https://job-boards.greenhouse.io/casechek/jobs/4702899006?gh_src=Simplify,Software Engineer,Casechek,"Remote; Illinois, USA",100000.0,125000.0,USD,,,2026-09-04T00:27:22+00:00,2026-08-06T01:30:38+00:00,false,,remote,full_time,senior,,2026-09-16T22:52:25.340012+00:00,ats,simplify,https://simplify.jobs/p/483a4a93-6301-49c8-849f-8a7cce3eb0aa
https://jobs.ashbyhq.com/tensec/6dcd87a5-e3c8-436f-839f-9ffebcf83371/application?embed=true&utm_source=Simplify,Software Engineer,Tensec,"Palo Alto, CA, USA; New York, NY, USA",132000.0,230000.0,USD,,,2026-09-09T22:36:19+00:00,2026-07-21T01:15:20+00:00,false,,hybrid,full_time,senior,,2026-09-16T22:52:29.345025+00:00,ats,simplify,https://simplify.jobs/p/e5e6ed73-cba9-43d7-8c83-a8f6d1e48959
https://job-boards.greenhouse.io/voyagertechnologiesinc/jobs/4405677009?gh_src=Simplify,Software Engineer,Voyager Technologies,"Folsom, CA, USA",104000.0,227000.0,USD,,,2026-09-15T22:51:01+00:00,2026-09-15T22:34:16+00:00,false,,onsite,full_time,mid | senior,,2026-09-16T22:52:32.708054+00:00,ats,simplify,https://simplify.jobs/p/5b44e913-e28c-4848-b44a-d8cfd0b1da77
https://redarchsolutions.applytojob.com/apply/kARRbBUG7j/Software-Engineer?utm_source=Simplify,Software Engineer,Red Arch Solutions,"Annapolis Junction, MD, USA",,,,,,2026-09-03T21:45:21+00:00,2026-08-03T06:21:50+00:00,false,,,full_time,mid | senior,Conflicting salary across sites; Conflicting workplace across sites,2026-09-16T22:52:39.772973+00:00,ats,simplify,https://simplify.jobs/p/cdd26c49-18a7-4d29-9776-63ffffafbe05 | https://simplify.jobs/p/4061ce41-c449-4a68-a056-4f77ea573250
https://resmed.wd3.myworkdayjobs.com/en-US/ResMed_External_Careers/job/San-Diego-CA-United-States/Software-Engineer_JR_052274-1?utm_source=Simplify,Software Engineer,Resmed,"San Diego, CA, USA",111000.0,167000.0,USD,,,2026-09-05T10:12:01+00:00,2026-07-16T00:00:00+00:00,false,,onsite,full_time,senior,,2026-09-16T22:52:38.562706+00:00,ats,simplify,https://simplify.jobs/p/66ffa809-353c-4e0e-99d1-0371cfe5c635
https://boydcorp.wd12.myworkdayjobs.com/Boyd_Careers/job/Fredericksburg/Firmware-Engineer_R-102424?utm_source=Simplify,Software Engineer,Boyd,"Fredericksburg, VA, USA",,,,,,2026-09-04T07:24:02+00:00,2026-08-19T01:08:59+00:00,false,,onsite,full_time,mid | senior,,2026-09-16T22:52:41.055414+00:00,ats,simplify,https://simplify.jobs/p/015184b8-93fc-4eaf-89bb-26e1cbf73611
https://rantecpowersystemsinc.applytojob.com/apply/JPFXD1hAcH/Software-Engineer?utm_source=Simplify,Software Engineer,Rantec Power Systems Inc.,"Baywood-Los Osos, CA, USA",96000.0,151000.0,USD,,,2026-09-03T15:12:19+00:00,2026-08-18T06:17:09+00:00,false,,onsite,full_time,senior,,2026-09-16T22:52:39.418475+00:00,ats,simplify,https://simplify.jobs/p/45a15928-90f9-443b-9d8f-a3af1fd0a5f5
https://acclaimtechnicalservices.applytojob.com/apply/XraGLkH9Bo/Software-Engineer-GhidraFPGA-20260146?utm_source=Simplify,Software Engineer,Acclaim Technical Services,"Annapolis Junction, MD, USA",270000.0,270000.0,USD,,,2026-09-03T21:45:21+00:00,2026-08-03T06:18:21+00:00,false,,onsite,full_time,senior,,2026-09-16T22:52:40.268709+00:00,ats,simplify,https://simplify.jobs/p/259c6803-6847-4ef3-ac83-ece125a61e39
https://kansascity.wd1.myworkdayjobs.com/Jobs/job/Kansas-City-Campus/Software-Engineer_R-0002936?utm_source=Simplify,Software Engineer,Kansas City University,"Kansas City, MO, USA",,,,,,2026-09-04T01:39:21+00:00,2026-08-10T00:00:00+00:00,false,,onsite,full_time,senior,,2026-09-16T22:52:45.262163+00:00,ats,simplify,https://simplify.jobs/p/6f39f7f2-538c-4123-b0a2-1668c802e2fb
https://larus.applytojob.com/apply/DaNypzgTRI/Software-Engineer?utm_source=Simplify,Software Engineer,Larus Technologies,"Ottawa, ON, Canada",90000.0,140000.0,CAD,,,2026-09-03T21:45:21+00:00,2026-08-03T06:17:04+00:00,false,,hybrid,full_time,senior,,2026-09-16T22:52:53.241701+00:00,ats,simplify,https://simplify.jobs/p/a50a8e40-b924-4093-b86a-896aa5f55452
https://qualys.wd5.myworkdayjobs.com/en-US/Careers/job/Pune/Software-Engineer_R0004942?utm_source=Simplify,Software Engineer,Qualys,"Pune, Maharashtra, India",,,,,,2026-09-04T01:48:21+00:00,2026-08-11T00:00:00+00:00,false,,onsite,full_time,mid | senior,,2026-09-16T22:52:58.193447+00:00,ats,simplify,https://simplify.jobs/p/acae05bc-ca2b-4e8e-9023-4cc7e984f825
https://kbr.wd5.myworkdayjobs.com/KBR_Careers/job/Melbourne-Victoria-Australia/Software-Engineer_R2127145?utm_source=Simplify,Software Engineer,KBR,"Melbourne VIC, Australia",,,,,,2026-09-03T20:03:20+00:00,2026-07-27T00:00:00+00:00,false,,onsite,full_time,senior,,2026-09-16T22:53:01.324352+00:00,ats,simplify,https://simplify.jobs/p/a2733a47-0663-4fc7-a437-211392d9be09
https://jobs.ashbyhq.com/plasma/ce157f0c-bb99-457e-9031-dca4b1dc2916/application?embed=true&utm_source=Simplify,Software Engineer,Plasma,"Remote; London, UK",,,,,,2026-09-16T10:31:01+00:00,2026-08-26T00:27:06+00:00,false,,remote,full_time,mid | senior,,2026-09-16T22:53:01.053528+00:00,ats,simplify,https://simplify.jobs/p/b42c8cea-cec5-4c93-bfbb-378d2f47bfaf
https://www.ixl.com/company/careers?gh_jid=8542254002&gh_src=Simplify,Software Engineer,IXL Learning,"San Mateo, CA, USA",116000.0,150000.0,USD,,,2026-09-04T05:18:01+00:00,2026-05-19T01:18:21+00:00,false,,onsite,full_time,mid | senior,,2026-09-16T22:53:04.584320+00:00,employer,simplify,https://simplify.jobs/p/951769d7-6d3b-4fa7-9b71-769478b99505
https://job-boards.greenhouse.io/rhombuspower/jobs/7819861003?gh_src=Simplify,Software Engineer,Rhombus Power,"Washington, DC, USA",115000.0,155000.0,USD,,,2026-09-03T20:21:27+00:00,2026-07-29T22:25:42+00:00,false,,onsite,full_time,senior,,2026-09-16T22:53:07.366098+00:00,ats,simplify,https://simplify.jobs/p/7dab1a64-86cb-4aec-9621-478d77445ea3
https://kbr.wd5.myworkdayjobs.com/KBR_Careers/job/Colorado-Springs-Colorado/Software-Engineer_R2125808?utm_source=Simplify,Software Engineer,KBR,"Colorado Springs, CO, USA",92700.0,139000.0,USD,,,2026-09-03T19:12:22+00:00,2026-07-02T01:41:01+00:00,false,,onsite,full_time,mid | senior,,2026-09-16T22:53:11.655013+00:00,ats,simplify,https://simplify.jobs/p/4271dc9c-ce8f-4ab5-804f-c0d4ac43a77e
https://careers-softtechconsulting.icims.com/jobs/3461/job?mobile=true&needsRedirect=false&utm_source=Simplify,Software Engineer,Soft Tech Consulting,"Remote; Suitland-Silver Hill, MD, USA",,,,,,2026-09-10T01:28:18+00:00,2026-09-10T01:22:01+00:00,false,,remote,full_time,senior,,2026-09-16T22:53:11.794644+00:00,ats,simplify,https://simplify.jobs/p/961a71b1-6b13-49ab-bc52-fdc2f9c09ebc
https://jobs.lever.co/synergyecp/9937b3dd-fa2f-40ae-995b-3a896a0e3bd9/apply?lever-source=Simplify,Software Engineer,Synergy ECP,"Annapolis Junction, MD, USA",130000.0,250000.0,USD,,,2026-09-04T05:18:01+00:00,2026-05-07T22:03:42+00:00,false,,onsite,full_time,junior | mid | senior,,2026-09-16T22:53:12.312830+00:00,ats,simplify,https://simplify.jobs/p/3b0e24f6-2154-493b-9917-855a53ab3daf
https://adobe.wd5.myworkdayjobs.com/external_experienced/job/New-York/Software-Development-Engineer-4_R171183-1?utm_source=Simplify,Software Engineer,Adobe,"San Francisco, CA, USA; San Jose, CA, USA; New York, NY, USA",177900.0,257550.0,USD,,,2026-09-16T12:03:25+00:00,2026-08-23T00:00:00+00:00,false,,onsite,full_time,senior,,2026-09-16T22:53:19.356159+00:00,ats,simplify,https://simplify.jobs/p/cfd91822-e330-4984-b520-8e493d9aa024
https://jobs.ashbyhq.com/benchling/3687b373-439c-48d8-8de1-a8368c7527a2/application?embed=true&utm_source=Simplify,Software Engineer,Benchling,"San Francisco, CA, USA",225378.0,304924.0,USD,,,2026-09-16T10:24:34+00:00,2026-03-30T01:08:55+00:00,false,,hybrid,full_time,senior,,2026-09-16T22:53:33.027327+00:00,ats,simplify,https://simplify.jobs/p/a8dd1712-5010-4bc3-93d6-ac6722100492
https://leidos.wd5.myworkdayjobs.com/External/job/Chantilly-VA/Software-Engineer_R-00181731?utm_source=Simplify,Software Engineer,Leidos,"Chantilly, VA, USA",107900.0,195050.0,USD,,,2026-09-16T10:32:24+00:00,2026-07-02T01:43:02+00:00,false,,onsite,full_time,senior,,2026-09-16T22:53:39.476421+00:00,ats,simplify,https://simplify.jobs/p/8e0df647-a1bd-4742-b052-da3f195de930
https://truist.wd1.myworkdayjobs.com/en-US/Careers/job/Atlanta-GA/Software-Engineer_R0119299?utm_source=Simplify,Software Engineer,Truist Bank,"Atlanta, GA, USA",,,,,,2026-09-16T13:42:39+00:00,2026-09-15T00:00:00+00:00,false,,onsite,full_time,senior,,2026-09-16T22:53:44.087732+00:00,ats,simplify,https://simplify.jobs/p/e999a6da-47aa-4d21-bd21-db57f8fd3303
https://jobs.ashbyhq.com/light/a13190b1-4817-42d0-8b3e-85a2ae376d6e/application?embed=true&utm_source=Simplify,Software Engineer,Light,"Austin, TX, USA",,,,,,2026-09-04T08:42:09+00:00,2026-07-01T22:10:24+00:00,false,,onsite,full_time,mid | senior,,2026-09-16T22:53:41.348036+00:00,ats,simplify,https://simplify.jobs/p/02fbc445-a8bc-4021-8db9-2d6a7c1a853b
https://job-boards.greenhouse.io/freedomconsulting/jobs/4963779007?gh_src=Simplify,Software Engineer,Freedom Technology Solutions Group,"Annapolis Junction, MD, USA",,,,,,2025-11-04T16:25:42+00:00,2025-10-31T02:03:16+00:00,false,,onsite,full_time,mid | senior,,2026-09-16T22:53:41.030268+00:00,ats,simplify,https://simplify.jobs/p/36a711d4-71d4-4876-b9ff-92973ae77878
https://job-boards.greenhouse.io/grvty/jobs/4398311009?gh_src=Simplify,Software Engineer,GRVTY,"San Antonio, TX, USA; Columbia, MD, USA",105600.0,201290.0,USD,,,2026-09-08T22:27:26+00:00,2026-09-08T22:17:30+00:00,false,,hybrid,full_time,senior,,2026-09-16T22:53:48.661278+00:00,ats,simplify,https://simplify.jobs/p/382c3273-90b4-4229-8ae2-53fd3364cc76
https://jobs.lever.co/steerbridge/48998b31-69da-4092-bd06-e1a6fbe38652/apply?lever-source=Simplify,Software Engineer,SteerBridge,"Vienna, VA, USA",140000.0,160000.0,USD,,,2026-09-03T18:48:22+00:00,2026-06-11T22:05:53+00:00,false,,hybrid,full_time,mid | senior,,2026-09-16T22:53:49.917287+00:00,ats,simplify,https://simplify.jobs/p/009c99f5-4637-48c7-936f-843d9627a98f
https://job-boards.greenhouse.io/voyagertechnologiesinc/jobs/4355026009?gh_src=Simplify,Software Engineer,Voyager Technologies,"San Diego, CA, USA",140000.0,175000.0,USD,,,2026-09-04T01:39:21+00:00,2026-08-11T01:21:47+00:00,false,,onsite,full_time,senior,,2026-09-16T22:53:52.433110+00:00,ats,simplify,https://simplify.jobs/p/4e078878-8344-48d4-95b3-b9158a7cf67f
https://jobs.ashbyhq.com/joyfulhealth/c996be2e-369b-48fd-ade1-b09ed82aff3d/application?embed=true&utm_source=Simplify,Software Engineer,Joyful Health,"New York, NY, USA",150000.0,275000.0,USD,,,2026-09-03T19:00:22+00:00,2026-06-26T14:07:27+00:00,false,,hybrid,full_time,senior,,2026-09-16T22:53:56.696858+00:00,ats,simplify,https://simplify.jobs/p/cdca891d-34a3-4d10-814e-64a324c2cfeb
https://gliacelltechnologies.applytojob.com/apply/4U0bnlxDIb/MidLevel-Software-Engineer?utm_source=Simplify,Software Engineer,GliaCell Technologies,"Columbia, MD, USA",115000.0,190000.0,USD,,,2026-09-03T21:39:22+00:00,2026-08-03T06:11:36+00:00,false,,onsite,full_time,mid | senior,,2026-09-16T22:53:54.541265+00:00,ats,simplify,https://simplify.jobs/p/acaf52aa-0c03-43a9-8874-f4f5a1d225b1
https://pae.wd1.myworkdayjobs.com/en-US/amentum_careers/job/AU-Adelaide/Software-Engineer_R0165728-1?utm_source=Simplify,Software Engineer,Amentum,"Edinburgh, Australia",,,,,,2026-09-03T19:33:19+00:00,2026-07-14T00:00:00+00:00,false,,hybrid,full_time,junior | mid | senior,,2026-09-16T22:54:02.728929+00:00,ats,simplify,https://simplify.jobs/p/b6ee294c-fdc2-4941-b149-94ca172b9c9c
https://gliacelltechnologies.applytojob.com/apply/n4o4t7xn2k/Software-Engineer-Partial-Telework?utm_source=Simplify,Software Engineer,GliaCell Technologies,"Columbia, MD, USA",115000.0,190000.0,USD,,,2026-09-03T21:39:22+00:00,2026-08-03T06:11:38+00:00,false,,hybrid,full_time,senior,,2026-09-16T22:54:00.326826+00:00,ats,simplify,https://simplify.jobs/p/1269622a-eed5-4504-bd5c-25f86cc059ae
https://maxar.wd1.myworkdayjobs.com/Vantor/job/Colorado-Springs-CO/Software-Engineer_R24593?utm_source=Simplify,Software Engineer,Vantor,"Colorado Springs, CO, USA",66000.0,97350.0,USD,,,2026-09-16T08:56:37+00:00,2026-09-11T00:00:00+00:00,false,,onsite,full_time,mid | senior,,2026-09-16T22:54:05.824101+00:00,ats,simplify,https://simplify.jobs/p/121216db-0447-4754-8f50-af512b8490b6
https://job-boards.greenhouse.io/barbaricum/jobs/5396484008?gh_src=Simplify,Software Engineer,Barbaricum,"Springfield, VA, USA",,,,,,2026-09-03T13:33:16+00:00,2026-08-20T02:49:51+00:00,false,,onsite,full_time,senior,,2026-09-16T22:54:03.560391+00:00,ats,simplify,https://simplify.jobs/p/b9131eb6-9304-464e-b516-ff3146427611
https://caci.wd1.myworkdayjobs.com/external/job/Denver-CO-US/Software-Engineer_327874?utm_source=Simplify,Software Engineer,CACI,"Springfield, VA, USA; St. Louis, MO, USA; Denver, CO, USA; Dulles, VA, USA",82100.0,172400.0,USD,,,2026-09-03T19:12:22+00:00,2026-07-02T01:36:15+00:00,false,,onsite,full_time,mid | senior,,2026-09-16T22:54:07.732123+00:00,ats,simplify,https://simplify.jobs/p/82ac2b70-0304-4d66-84c1-d37d93e7e7fc
https://jobs.lever.co/PocketHealth/72a1603f-2fa5-4242-9250-9573f7e1070c/apply?lever-source=Simplify,Software Engineer,PocketHealth,Canada,110000.0,135000.0,USD,,,2026-09-03T18:42:29+00:00,2026-06-08T22:07:36+00:00,false,,hybrid,full_time,mid | senior,,2026-09-16T22:54:05.616229+00:00,ats,simplify,https://simplify.jobs/p/c9785b61-a4b6-4b87-a2cc-2acf54e9de53
https://jobs.ashbyhq.com/claylabs/c4fbbd86-b329-4a5e-9f08-f09f2d7c868d/application?embed=true&utm_source=Simplify,Software Engineer,Clay,"San Francisco, CA, USA; New York, NY, USA",240000.0,300000.0,USD,,,2026-09-10T10:30:05+00:00,2026-08-18T23:00:53+00:00,false,,hybrid,full_time,senior,,2026-09-16T22:54:11.943594+00:00,ats,simplify,https://simplify.jobs/p/ad9a9b54-2e0d-4fea-9a31-3250c01224e6
https://cohesity.wd5.myworkdayjobs.com/Cohesity_Careers/job/Bangalore---India-Office/Software-Engineer_R04234?utm_source=Simplify,Software Engineer,Cohesity,"Bengaluru, Karnataka, India",,,,,,2026-09-03T23:39:21+00:00,2026-08-05T00:00:00+00:00,false,,hybrid,full_time,senior,,2026-09-16T22:54:14.860845+00:00,ats,simplify,https://simplify.jobs/p/9d5d2770-bb51-4d3f-ae4e-58a47b0357c9
https://jobs.ashbyhq.com/openai/1098311d-3a07-40ad-8107-6245a492a0b3/application?embed=true&utm_source=Simplify,Software Engineer,OpenAI,"San Francisco, CA, USA",266000.0,385000.0,USD,,,2026-09-05T08:36:01+00:00,2026-09-03T23:10:59+00:00,false,,hybrid,full_time,senior,,2026-09-16T22:54:15.414958+00:00,ats,simplify,https://simplify.jobs/p/177775bc-0ec0-4c65-8986-56134d042988
https://bah.wd1.myworkdayjobs.com/bah_jobs/job/Roseville-CA/Software-Engineer_R0238409?utm_source=Simplify,Software Engineer,Booz Allen,"Roseville, CA, USA",86900.0,198000.0,USD,,,2026-09-03T18:21:22+00:00,2026-07-04T11:02:13+00:00,false,,onsite,full_time,mid | senior,,2026-09-16T22:54:16.115534+00:00,ats,simplify,https://simplify.jobs/p/b61223bd-dbc8-4e63-96de-fd4e82cccacd
https://job-boards.greenhouse.io/tigergraph/jobs/7997595?gh_src=Simplify,Software Engineer,TigerGraph,"Milpitas, CA, USA",140000.0,160000.0,USD,,,2026-09-04T08:15:01+00:00,2026-06-11T22:16:04+00:00,false,,hybrid,full_time,senior,,2026-09-16T22:54:16.228767+00:00,ats,simplify,https://simplify.jobs/p/a209cdfa-1141-4385-98e4-91f732d5e7ce
https://topcon.wd1.myworkdayjobs.com/TopconPositioningCareers/job/Brisbane-AUS/Software-Engineer_JR107548?utm_source=Simplify,Software Engineer,Topcon Positioning,"Brisbane QLD, Australia",,,,,,2026-09-16T09:05:30+00:00,2026-09-11T00:00:00+00:00,false,,onsite,full_time,senior,,2026-09-16T22:54:22.026505+00:00,ats,simplify,https://simplify.jobs/p/151dcce3-c1ce-4dc4-94ac-003f1b6a41a8
https://everwatch-everwatchsolutions.icims.com/jobs/3479/job?mobile=true&needsRedirect=false&utm_source=Simplify,Software Engineer,Everwatch,"Remote; Aurora, CO, USA; Annapolis Junction, MD, USA",72.12,84.14,USD,,,2026-09-04T07:36:01+00:00,2026-04-06T22:06:06+00:00,false,,remote,full_time,senior,,2026-09-16T22:54:24.250147+00:00,ats,simplify,https://simplify.jobs/p/90fb49fb-86f1-47e2-95c6-39cf27d549ef
https://spacedynamicslaboratory.applytojob.com/apply/e0mjG1RKMR/Software-Engineer?utm_source=Simplify,Software Engineer,Space Dynamics Laboratory,"Ogden, UT, USA",97000.0,180000.0,USD,,,2026-09-04T22:45:01+00:00,2026-09-04T22:44:48+00:00,false,,onsite,full_time,senior,,2026-09-16T22:54:29.999654+00:00,ats,simplify,https://simplify.jobs/p/25c3e4b5-d132-4e0d-a476-93690072ea47
https://careers-peraton.icims.com/jobs/169755/job?mobile=true&needsRedirect=false&utm_source=Simplify,Software Engineer,Peraton,"Herndon, VA, USA",80000.0,128000.0,USD,,,2026-09-03T15:39:14+00:00,2026-08-17T22:10:09+00:00,false,,onsite,full_time,mid | senior,,2026-09-16T22:54:30.142746+00:00,ats,simplify,https://simplify.jobs/p/789f9da5-a218-4bfd-83bd-e8f753f1679b
https://apply.workable.com/trustfull-1/j/DEDA5AA610/apply?utm_source=Simplify,Software Engineer,Trustfull,"Milan, Metropolitan City of Milan, Italy",35000.0,60000.0,EUR,,,2026-09-04T01:39:21+00:00,2026-08-11T01:32:45+00:00,false,,hybrid,full_time,senior,,2026-09-16T22:54:39.293890+00:00,ats,simplify,https://simplify.jobs/p/3c273821-a9a8-46c9-8b69-265c2311bf9d
https://jobs.ashbyhq.com/rainforest-pay/8c1702bc-70c9-4631-9c7b-ae0019e9ec14/application?embed=true&utm_source=Simplify,Software Engineer,Rainforest,"Atlanta, GA, USA",,,,,,2026-09-03T17:09:30+00:00,2025-07-25T23:59:58+00:00,false,,hybrid,full_time,senior,,2026-09-16T22:54:45.826495+00:00,ats,simplify,https://simplify.jobs/p/80a27dfd-5d9d-4634-8586-0898f17e091e
https://careers.capgemini.com/job/Atlanta-Software-Engineer-GA-30301/1428050533/?ats=successfactors&utm_source=Simplify,Software Engineer,Capgemini,"Atlanta, GA, USA",53580.0,122400.0,USD,,,2026-09-03T13:48:18+00:00,2026-08-19T22:14:38+00:00,false,,hybrid,full_time,senior,,2026-09-16T22:54:44.896783+00:00,employer,simplify,https://simplify.jobs/p/e82a8fb9-64eb-420e-aae9-5b683374cb96
https://job-boards.greenhouse.io/givecampus/jobs/4005082009?gh_src=Simplify,Software Engineer,GiveCampus,Remote in USA,,,,,,2026-09-04T06:57:01+00:00,2026-02-20T23:11:13+00:00,false,,hybrid,full_time,mid | senior,,2026-09-16T22:54:46.288745+00:00,ats,simplify,https://simplify.jobs/p/57aff5f0-91a4-483d-b4cf-6c9213912ebd
https://job-boards.greenhouse.io/embed/job_app?for=jumptrading&gh_src=Simplify&token=7156979,Software Engineer,Jump Trading,"Chicago, IL, USA; New York, NY, USA",200000.0,250000.0,USD,,,2026-09-03T20:15:22+00:00,2026-07-24T22:07:53+00:00,false,,onsite,full_time,senior,,2026-09-16T22:54:47.825650+00:00,ats,simplify,https://simplify.jobs/p/4870364c-3b03-409d-ad27-0fd3c13b8157
https://jobs.lever.co/wyetechllc/963b609f-0825-47d8-944e-adef3a66fe12/apply?lever-source=Simplify,Software Engineer,Wyetech,"Annapolis Junction, MD, USA",52.46,120.27,USD,,,2026-09-16T22:06:02+00:00,2026-09-16T22:05:18+00:00,false,,onsite,full_time,mid | senior,,2026-09-16T22:54:52.077667+00:00,ats,simplify,https://simplify.jobs/p/07f5a26c-edec-4d51-851e-903260f0d122
https://pae.wd1.myworkdayjobs.com/en-US/amentum_careers/job/US-VA-Dahlgren/Software-Engineer_R0160296?utm_source=Simplify,Software Engineer,Amentum,"Dahlgren, VA, USA",,,,,,2026-09-03T18:27:21+00:00,2026-07-04T10:35:02+00:00,false,,onsite,full_time,senior,,2026-09-16T22:54:55.895475+00:00,ats,simplify,https://simplify.jobs/p/b1d34595-348c-4e29-9027-d244dc7e7956
https://everwatch-everwatchsolutions.icims.com/jobs/3538/job?mobile=true&needsRedirect=false&utm_source=Simplify,Software Engineer,Everwatch,"Annapolis Junction, MD, USA",100.96,115.38,USD,,,2026-09-03T09:57:19+00:00,2026-07-15T22:09:49+00:00,false,,onsite,full_time,mid | senior,,2026-09-16T22:55:02.887487+00:00,ats,simplify,https://simplify.jobs/p/514097a1-66c5-4431-ba55-d55107de687b
https://jobs.ashbyhq.com/tycho-ai/249c17d0-57d5-49c4-9409-a391966da75e/application?embed=true&utm_source=Simplify,Software Engineer,Tycho.AI,"Cambridge, MA, USA",,,,,,2026-09-03T19:18:21+00:00,2026-07-04T14:07:36+00:00,false,,hybrid,full_time,junior | mid | senior,,2026-09-16T22:55:04.898038+00:00,ats,simplify,https://simplify.jobs/p/ed526be3-d7a2-41ea-b744-e612aa939ad8
https://fa-etuy-saasfaeuraprod1.fa.ocs.oraclecloud.com/hcmUI/CandidateExperience/en/sites/CX_1/job/1576/easy-apply/email,Software Engineer,Hapag-Lloyd,"Chennai, Tamil Nadu, India",,,,,,2026-03-12T14:14:47+00:00,2026-03-12T14:14:47+00:00,false,,onsite,full_time,senior,,2026-09-16T22:55:32.800675+00:00,ats,simplify,https://simplify.jobs/p/72aea1f3-2a7d-4213-9ca9-f5a6c94c645b
"https://careers.capgemini.com/job/New-York,-NY-SCUBI-Software-Engineer-NY-10001/1437700233/?ats=successfactors&utm_source=Simplify",Software Engineer,Capgemini,"Boston, MA, USA; New York, NY, USA",68911.0,161544.0,USD,,,2026-09-16T22:35:46+00:00,2026-09-16T22:16:04+00:00,false,,hybrid,full_time,senior,,2026-09-16T22:55:07.711163+00:00,employer,simplify,https://simplify.jobs/p/2a775fdb-e6cb-41af-adee-dcff7714ce27
https://job-boards.greenhouse.io/eudia/jobs/4020070009?gh_src=Simplify,Software Engineer,Eudia,"Bengaluru, Karnataka, India",,,,,,2026-09-04T07:12:12+00:00,2026-07-21T06:41:07+00:00,false,,onsite,full_time,senior,,2026-09-16T22:55:09.649290+00:00,ats,simplify,https://simplify.jobs/p/e5463304-d707-4256-9e38-21c9f23fb757
https://careers-peraton.icims.com/jobs/169409/job?mobile=true&needsRedirect=false&utm_source=Simplify,Software Engineer,Peraton,"Bedford, NH, USA",112000.0,179000.0,USD,,,2026-09-03T22:12:25+00:00,2026-08-04T22:13:14+00:00,false,,onsite,full_time,senior,,2026-09-16T22:55:13.254708+00:00,ats,simplify,https://simplify.jobs/p/a532d61f-ab38-4321-b475-6ec5fea9b3e4
https://apply.workable.com/universalquantum/j/DB356A46EF/apply?utm_source=Simplify,Software Engineer,Universal Quantum,"Hamburg, Germany",,,,,,2026-09-03T12:27:02+00:00,2026-08-24T23:59:19+00:00,false,,hybrid,full_time,senior,,2026-09-16T22:55:20.699968+00:00,ats,simplify,https://simplify.jobs/p/63b4587d-30bf-401e-a91a-b816079b9c1d
https://jobs.jobvite.com/visionist/job/o7RsAfwK?nl=1&nl=1&fr=false&utm_source=Simplify,Software Engineer,Visionist,"Annapolis Junction, MD, USA",150000.0,190000.0,USD,,,2026-09-03T19:24:26+00:00,2026-07-09T14:10:43+00:00,false,,onsite,full_time,mid | senior,,2026-09-16T22:55:24.158724+00:00,ats,simplify,https://simplify.jobs/p/4672b41f-8eb2-4236-aca2-58ebb95226d2
https://jobs.ashbyhq.com/starfish-space-inc/1a391489-9fe2-49ad-8b6d-408c437555f1/application?embed=true&utm_source=Simplify,Software Engineer,Starfish Space,"Tukwila, WA, USA",100000.0,180000.0,USD,,,2026-09-03T19:51:22+00:00,2026-07-21T01:15:21+00:00,false,,hybrid,full_time,senior,,2026-09-16T22:55:29.302726+00:00,ats,simplify,https://simplify.jobs/p/4d3f2a3e-6767-4e77-9999-035a67e631bd
https://jobs.ashbyhq.com/beyondreachlabs/8d4bf2ec-7bb9-424c-a556-3f15c0650f2b/application?embed=true&utm_source=Simplify,Software Engineer,Beyond Reach Labs,"New York, NY, USA; Brooklyn, NY, USA",100000.0,180000.0,USD,,,2026-09-10T22:36:01+00:00,2026-09-10T22:31:36+00:00,false,,onsite,full_time,mid | senior,,2026-09-16T22:55:33.849860+00:00,ats,simplify,https://simplify.jobs/p/6ed3104d-c230-4458-bf69-d3143ac8f01d
https://job-boards.greenhouse.io/freedomconsulting/jobs/5174198007?gh_src=Simplify,Software Engineer,Freedom Technology Solutions Group,"Remote; Annapolis Junction, MD, USA",150000.0,200000.0,USD,,,2026-09-11T14:21:02+00:00,2026-09-11T14:18:48+00:00,false,,remote,full_time,senior,,2026-09-16T22:55:32.649140+00:00,ats,simplify,https://simplify.jobs/p/a35dc9b7-51d1-450a-9fac-cb274868272f
https://jobs.jobvite.com/visionist/job/omRsAfwZ?nl=1&nl=1&fr=false&utm_source=Simplify,Software Engineer,Visionist,"Annapolis Junction, MD, USA",150000.0,190000.0,USD,,,2026-09-03T19:24:26+00:00,2026-07-09T14:10:58+00:00,false,,onsite,full_time,senior,,2026-09-16T22:55:34.704717+00:00,ats,simplify,https://simplify.jobs/p/5b471419-16aa-4298-9703-11e0b0995ded
https://jobs.ashbyhq.com/anrok/d0087910-ab06-4ee7-a6c4-47ab9283780d/application?embed=true&utm_source=Simplify,Software Engineer,Anrok,"Salt Lake City, UT, USA; San Francisco, CA, USA; Remote in USA; New York, NY, USA",165000.0,250000.0,USD,,,2026-09-03T17:09:30+00:00,2025-10-31T13:00:31+00:00,false,,hybrid,full_time,senior,,2026-09-16T22:55:41.030498+00:00,ats,simplify,https://simplify.jobs/p/6993b2e4-9149-4307-96b1-ad443f4da68a
https://kbr.wd5.myworkdayjobs.com/KBR_Careers/job/Beavercreek-Ohio/Software-Engineer_R2127416?utm_source=Simplify,Software Engineer,KBR,"Beavercreek, OH, USA",100000.0,150000.0,USD,,,2026-09-03T16:57:18+00:00,2026-07-28T00:00:00+00:00,false,,onsite,full_time,mid | senior,,2026-09-16T22:55:42.513358+00:00,ats,simplify,https://simplify.jobs/p/61ad0939-01b0-416b-b4a0-647df507d04a
https://jobs.ashbyhq.com/render/8815f772-6895-4383-a9e5-6c7bdc2bf141/application?embed=true&utm_source=Simplify,Software Engineer,Render,Remote; Remote in USA,170000.0,290000.0,USD,,,2026-09-03T20:09:21+00:00,2026-07-27T22:24:12+00:00,false,,remote,full_time,senior,,2026-09-16T22:55:49.608726+00:00,ats,simplify,https://simplify.jobs/p/eab79546-f3e1-4429-b1ba-f1c814c3c8a6
https://jobs.jobvite.com/varonis-internal/job/o0wMAfwC?nl=1&nl=1&fr=false&utm_source=Simplify,Software Engineer,Varonis,"Morrisville, NC, USA",,,,,,2026-09-14T20:12:01+00:00,2026-09-14T20:11:15+00:00,false,,onsite,full_time,senior,,2026-09-16T22:55:47.601004+00:00,ats,simplify,https://simplify.jobs/p/95db2ecc-b44f-45f9-9a69-815d51d425f8
https://jobs.ashbyhq.com/c1/f36ac694-67ce-4452-b970-dc0cd0467a84/application?embed=true&utm_source=Simplify,Software Engineer,C1,"San Francisco, CA, USA; New York, NY, USA; Portland, OR, USA",180000.0,250000.0,USD,,,2026-09-03T19:51:22+00:00,2026-07-21T01:13:58+00:00,false,,hybrid,full_time,senior,,2026-09-16T22:55:54.411111+00:00,ats,simplify,https://simplify.jobs/p/e3cfa9e0-e10f-4d39-9121-8dee595ceb4d
https://jobs.ashbyhq.com/alljoined/646373a0-8314-439e-8c90-24620a6094bd/application?embed=true&utm_source=Simplify,Software Engineer,Alljoined,"San Francisco, CA, USA",140000.0,200000.0,USD,,,2026-09-03T19:18:21+00:00,2026-07-04T09:09:32+00:00,false,,onsite,full_time,senior,,2026-09-16T22:56:00.195266+00:00,ats,simplify,https://simplify.jobs/p/0fc3a849-0e07-48b2-b20c-28283db1c8d8
https://careers-peraton.icims.com/jobs/166745/job?mobile=true&needsRedirect=false&utm_source=Simplify,Software Engineer,Peraton,"Colorado Springs, CO, USA",104000.0,166000.0,USD,,,2026-09-03T18:27:21+00:00,2026-05-29T22:08:05+00:00,false,,onsite,full_time,mid | senior,,2026-09-16T22:55:59.928671+00:00,ats,simplify,https://simplify.jobs/p/fb80ec46-e0c1-410f-966d-33dcabd49b9c
https://caci.wd1.myworkdayjobs.com/external/job/Ypsilanti-MI-US/Software-Engineer_325267?utm_source=Simplify,Software Engineer,CACI,"Van Buren Charter Township, MI, USA",,,,,,2026-09-03T18:21:22+00:00,2026-07-04T12:24:50+00:00,false,,onsite,full_time,senior,,2026-09-16T22:56:04.091728+00:00,ats,simplify,https://simplify.jobs/p/f1277677-ee81-4750-958a-4b2f23904a15
https://jobs.ashbyhq.com/owkin/441cb8ac-80ce-48dc-8243-9283f8865134/application?embed=true&utm_source=Simplify,Software Engineer,Owkin,"Remote; Remote in Germany; Paris, France; Remote in UK",,,,,,2026-09-03T19:51:22+00:00,2026-07-21T01:18:05+00:00,false,,remote,full_time,mid | senior,,2026-09-16T22:56:06.288647+00:00,ats,simplify,https://simplify.jobs/p/27026fdc-cb63-4da2-a4a5-ec485bf6bf99
https://belaytechnologies.applytojob.com/apply/UU9kxFzOGa/Mid-Software-Engineer?utm_source=Simplify,Software Engineer,Belay Technologies,"Annapolis Junction, MD, USA",70000.0,240000.0,USD,,,2026-09-03T21:39:22+00:00,2026-08-03T06:16:03+00:00,false,,onsite,full_time,mid | senior,,2026-09-16T22:56:06.496471+00:00,ats,simplify,https://simplify.jobs/p/fed6d92a-51ea-4465-abf1-85ce5edbda06
https://job-boards.greenhouse.io/rampanttechnologies/jobs/5182356008?gh_src=Simplify,Software Engineer,Rampant Technologies,"Oak Ridge, TN, USA",,,,,,2026-09-03T18:15:29+00:00,2026-04-10T22:08:01+00:00,false,,onsite,full_time,senior,,2026-09-16T22:56:07.052583+00:00,ats,simplify,https://simplify.jobs/p/e440b941-83c5-40ea-8d68-db6d5308237f
https://globusmedical.wd5.myworkdayjobs.com/GMED_Careers/job/Audubon-PA/Software-Engineer_JR106816?utm_source=Simplify,Software Engineer,Globus Medical,"Audubon, PA, USA",,,,,,2026-09-03T19:51:22+00:00,2026-07-21T00:00:00+00:00,false,,onsite,full_time,mid | senior,,2026-09-16T22:56:10.527484+00:00,ats,simplify,https://simplify.jobs/p/02d1599e-a255-4499-b84c-34fc830d7acb
https://index.applytojob.com/apply/NHgSC7My67/Software-Engineer-Intermediate-Or-Senior?utm_source=Simplify,Software Engineer,Index,"Montreal, QC, Canada",,,,,,2026-09-03T21:45:21+00:00,2026-08-03T06:20:23+00:00,false,,onsite,full_time,mid | senior,,2026-09-16T22:56:08.025578+00:00,ats,simplify,https://simplify.jobs/p/c17029b8-3bac-443d-8c5b-78004961aca2
https://avav.wd1.myworkdayjobs.com/en-US/avav/job/Melbourne-FL/Software-Engineer_8725?utm_source=Simplify,Software Engineer,AeroVironment,"Melbourne, FL, USA",,,,,,2026-09-09T22:09:08+00:00,2026-09-09T00:00:00+00:00,false,,onsite,full_time,senior,,2026-09-16T22:56:12.961233+00:00,ats,simplify,https://simplify.jobs/p/defa411e-b11b-4699-8962-c994c1e70722
https://broadridge.wd5.myworkdayjobs.com/careers/job/Mumbai---Times-Square---Andheri-East/software-engineer_JR1084976?utm_source=Simplify,Software Engineer,Broadridge,"Mumbai, Maharashtra, India",,,,,,2026-09-03T15:39:14+00:00,2026-08-17T00:00:00+00:00,false,,onsite,full_time,senior,,2026-09-16T22:56:13.211445+00:00,ats,simplify,https://simplify.jobs/p/bf80ecbc-ee7d-44ad-a087-1df8ceeb896d
https://flir.wd1.myworkdayjobs.com/flircareers/job/US---Huntsville-AL/Software-Engineer_REQ36319?utm_source=Simplify,Software Engineer,Teledyne,"Huntsville, AL, USA",,,,,,2026-09-03T15:39:14+00:00,2026-08-17T00:00:00+00:00,false,,onsite,full_time,mid | senior,,2026-09-16T22:56:18.836917+00:00,ats,simplify,https://simplify.jobs/p/5f3d5af2-e6d0-4b23-8608-c197958b64e8
https://jobs.ashbyhq.com/modernfi/0f57cf60-8b8f-4de7-9fbc-4ecb1cf96ef2/application?embed=true&utm_source=Simplify,Software Engineer,ModernFi,"New York, NY, USA; United States",150000.0,240000.0,USD,,,2026-09-03T17:09:30+00:00,2025-10-31T10:27:52+00:00,false,,onsite,full_time,mid | senior,,2026-09-16T22:56:33.553099+00:00,ats,simplify,https://simplify.jobs/p/b323a67e-16d5-423e-a5d2-963002b36c74
https://careers-brandesassociates.icims.com/jobs/2032/job?mobile=true&needsRedirect=false&utm_source=Simplify,Software Engineer,Brandes Associates,"California, USA",115000.0,150000.0,USD,,,2026-09-04T00:27:22+00:00,2026-08-06T01:13:42+00:00,false,,onsite,full_time,mid | senior,,2026-09-16T22:56:33.525145+00:00,ats,simplify,https://simplify.jobs/p/8004f4f9-431d-40cc-8da8-57809767ad98
https://job-boards.greenhouse.io/stateaffairs/jobs/4009196009?gh_src=Simplify,Software Engineer,State Affairs,"Washington, DC, USA",120000.0,210000.0,USD,,,2026-09-03T17:09:30+00:00,2026-02-27T23:37:24+00:00,false,,onsite,full_time,senior,,2026-09-16T22:56:34.194534+00:00,ats,simplify,https://simplify.jobs/p/ba60d0de-6e3b-4ddb-b206-39232daac78c
https://cisco.wd5.myworkdayjobs.com/cisco_careers/job/Kolkata-India/Software-Engineer_2022757-1?utm_source=Simplify,Software Engineer,Cisco,"Remote; Kolkata, West Bengal, India",,,,,,2026-09-04T13:18:01+00:00,2026-09-02T00:00:00+00:00,false,,remote,full_time,senior,,2026-09-16T22:56:40.501918+00:00,ats,simplify,https://simplify.jobs/p/0edb6e13-f946-41a2-ad96-51db1cdb2079
https://intuitive.wd1.myworkdayjobs.com/irtc_careers/job/Huntsville-AL/Software-Engineer_2627-079?utm_source=Simplify,Software Engineer,Intuitive Research and Technology Corporation,"Huntsville, AL, USA",,,,,,2026-09-04T04:42:01+00:00,2026-08-28T00:00:00+00:00,false,,onsite,full_time,senior,,2026-09-16T22:56:43.372708+00:00,ats,simplify,https://simplify.jobs/p/2cb97da6-4f42-4548-a137-8f3006cbd2ff
https://jobs.ashbyhq.com/snowflake/9e0ae021-f264-4efb-bc80-26c04bd06df6/application?embed=true&utm_source=Simplify,Software Engineer,Snowflake,"Bellevue, WA, USA",236000.0,330000.0,USD,,,2026-09-11T10:55:40+00:00,2026-09-10T01:23:15+00:00,false,,hybrid,full_time,senior,,2026-09-16T22:56:43.737979+00:00,ats,simplify,https://simplify.jobs/p/ad1614e8-748b-4be8-bf82-5203abd8295c
https://job-boards.greenhouse.io/figma/jobs/5790627004?gh_src=Simplify,Software Engineer,Figma,"Remote; San Francisco, CA, USA; New York, NY, USA",185000.0,376000.0,USD,,,2026-09-04T07:12:12+00:00,2026-02-04T07:28:02+00:00,false,,remote,full_time,senior,,2026-09-16T22:56:43.308329+00:00,ats,simplify,https://simplify.jobs/p/ba5ad201-391d-42ff-bde1-cb390eb5f96e
"https://careers.capgemini.com/job/Bellevue,-WA-Software-Engineer-WA-98004/1429882533/?ats=successfactors&utm_source=Simplify",Software Engineer,Capgemini,"Bellevue, WA, USA",68911.0,161544.0,USD,,,2026-09-04T02:42:21+00:00,2026-08-26T01:44:38+00:00,false,,onsite,full_time,senior,,2026-09-16T22:56:53.179466+00:00,employer,simplify,https://simplify.jobs/p/4c6da8c3-b5e0-46e1-b7a4-ac8fafaeb8cb
https://caci.wd1.myworkdayjobs.com/external/job/Denver-CO-US/Software-Engineer_328241?utm_source=Simplify,Software Engineer,CACI,"Denver, CO, USA",90300.0,189600.0,USD,,,2026-09-16T12:00:01+00:00,2026-07-04T09:39:05+00:00,false,,onsite,full_time,senior,,2026-09-16T22:57:13.582148+00:00,ats,simplify,https://simplify.jobs/p/d94b135d-513d-453b-a1e1-78fabadef4ff
https://jobs.ashbyhq.com/Braintrust/b4ea5780-8b8c-4969-a824-416a70de23c2/application?embed=true&utm_source=Simplify,Software Engineer,Braintrust,"Seattle, WA, USA; San Francisco, CA, USA; New York, NY, USA",,,,,,2026-09-03T18:42:29+00:00,2026-06-04T09:10:25+00:00,false,,onsite,full_time,senior,,2026-09-16T22:56:56.569191+00:00,ats,simplify,https://simplify.jobs/p/f65065b5-02c1-4f8e-9d57-3c34f245879f
https://jobs.ashbyhq.com/remedyrobotics/288791e9-1900-4133-9860-721b944c6ee9/application?embed=true&utm_source=Simplify,Software Engineer,Remedy Robotics,"San Francisco, CA, USA",200000.0,300000.0,USD,,,2026-09-03T19:51:22+00:00,2026-07-21T01:13:40+00:00,false,,hybrid,full_time,senior,,2026-09-16T22:57:00.587760+00:00,ats,simplify,https://simplify.jobs/p/fad8dabc-c1da-4ee9-bb56-1674e83303b4
https://jobs.ashbyhq.com/10xteam/8d8b452f-8359-4db4-85c8-4e7b466d2ce0/application?embed=true&utm_source=Simplify,Software Engineer,10x Team,"Remote; London, UK; Remote in UK",60.0,110.0,EUR,,,2026-09-03T19:00:22+00:00,2026-06-26T14:08:25+00:00,false,,remote,contract,senior,,2026-09-16T22:57:00.855104+00:00,ats,simplify,https://simplify.jobs/p/c29ff836-52b5-4c57-ab19-6b3e6f08ee4b
https://cisco.wd5.myworkdayjobs.com/cisco_careers/job/Bangalore-India/Software-Engineer_2020023?utm_source=Simplify,Software Engineer,Cisco,"Chennai, Tamil Nadu, India; Bengaluru, Karnataka, India",,,,,,2026-09-03T20:03:20+00:00,2026-07-27T00:00:00+00:00,false,,hybrid,full_time,senior,,2026-09-16T22:57:05.684922+00:00,ats,simplify,https://simplify.jobs/p/763d370f-216e-425c-a30b-36cbfcd922a3
https://leidos.wd5.myworkdayjobs.com/External/job/Columbia-MD/Software-Engineer_R-00187850?utm_source=Simplify,Software Engineer,Leidos,"Columbia, MD, USA",107900.0,195050.0,USD,,,2026-09-16T10:51:20+00:00,2026-07-22T00:00:00+00:00,false,,onsite,full_time,senior,,2026-09-16T22:57:20.979738+00:00,ats,simplify,https://simplify.jobs/p/b876f59e-67b8-429d-b953-d9edebcb31ed
https://everwatch-everwatchsolutions.icims.com/jobs/3544/job?mobile=true&needsRedirect=false&utm_source=Simplify,Software Engineer,Everwatch,"San Antonio, TX, USA",96.16,110.58,USD,,,2026-09-03T20:27:22+00:00,2026-07-30T22:10:59+00:00,false,,onsite,full_time,senior,,2026-09-16T22:57:15.406229+00:00,ats,simplify,https://simplify.jobs/p/2c4b65a5-8ec4-4e0c-b73a-5f39f8250cb6
https://careers-quest.icims.com/jobs/13628/job?mobile=true&needsRedirect=false&utm_source=Simplify,AI Software Engineer,Quest Software,Remote; Remote in Canada,,,,,,2026-09-03T12:27:02+00:00,2026-08-24T20:27:37+00:00,false,,remote,full_time,senior,,2026-09-16T22:57:24.494558+00:00,ats,simplify,https://simplify.jobs/p/15ee00db-c012-490a-b5d4-65f3b28760ab
https://job-boards.greenhouse.io/amtechsoftware/jobs/4364460009?gh_src=Simplify,Senior Software Engineer,Amtech Software,"Bengaluru, Karnataka, India",,,,,,2026-09-04T22:30:17+00:00,2026-08-17T15:09:38+00:00,false,,onsite,full_time,senior,,2026-09-16T22:57:29.787767+00:00,ats,simplify,https://simplify.jobs/p/aa966d1a-2620-4b39-8322-3e3e65e10d98 | https://simplify.jobs/p/b1bd1522-ff0a-46c5-9c53-a583f236a47f
https://rocket.wd5.myworkdayjobs.com/en-US/rocket_careers/job/Canberra-Australia/Senior-Software-Engineer_R2026-6553?utm_source=Simplify,Senior Software Engineer,Rocket Software,"Canberra, Australia",,,,,,2026-09-03T18:42:29+00:00,2026-07-04T10:19:30+00:00,false,,onsite,full_time,senior,,2026-09-16T22:57:34.333106+00:00,ats,simplify,https://simplify.jobs/p/ee0a7c56-fdff-4b0d-be3d-06080e45ed05
https://rocket.wd5.myworkdayjobs.com/en-US/rocket_careers/job/Pune-India/Senior-Software-Engineer--C----Parser--Compiler-Development-_R2026-6506?utm_source=Simplify,Senior Software Engineer - C++ - Parser /Compiler Development,Rocket Software,"Pune, Maharashtra, India",,,,,,2026-09-15T14:24:02+00:00,2026-09-15T14:21:23+00:00,false,,onsite,full_time,senior,,2026-09-16T22:57:35.793358+00:00,ats,simplify,https://simplify.jobs/p/a658c209-6c56-4286-9c31-24b7758d7021
https://communitybrands.wd1.myworkdayjobs.com/Momentive_External_Careers/job/Pune-India/Sr-Software-Engineer_R632?utm_source=Simplify,Senior Software Engineer,Momentive Software,"Pune, Maharashtra, India",,,,,,2026-09-03T15:54:15+00:00,2026-08-14T00:00:00+00:00,false,,onsite,full_time,senior,,2026-09-16T22:57:37.908483+00:00,ats,simplify,https://simplify.jobs/p/d3f93a83-690a-48d2-94c7-be3ee70eac10
https://rocket.wd5.myworkdayjobs.com/en-US/rocket_careers/job/United-States/Senior-Software-Engineer---IMS-TM-DB-Application-Programmer_R2026-6326?utm_source=Simplify,Senior Software Engineer - IMS TM/DB Application Programmer,Rocket Software,Remote; Remote in USA,120500.0,162675.0,USD,,,2026-09-03T18:09:19+00:00,2026-07-04T12:28:45+00:00,false,,remote,full_time,,,2026-09-16T22:57:40.870530+00:00,ats,simplify,https://simplify.jobs/p/e85f00fc-b22d-407c-bc5f-a997caefab3b
https://centricsoftware.wd501.myworkdayjobs.com/Centric/job/Campbell-CA/Senior-Software-Engineer_JR16?utm_source=Simplify,Senior Software Engineer,Centric Software,"Remote; Campbell, CA, USA",125000.0,160000.0,USD,,,2026-09-03T21:57:21+00:00,2026-01-06T00:00:00+00:00,false,,remote,full_time,mid | senior,,2026-09-16T22:57:54.469781+00:00,ats,simplify,https://simplify.jobs/p/3c96f950-9cc6-434d-96a6-b5f7070f08eb
https://centricsoftware.wd501.myworkdayjobs.com/Centric/job/London-UK/Senior-Software-Engineer_JR185?utm_source=Simplify,Senior Software Engineer,Centric Software,"Remote; London, UK",,,,,,2026-09-03T21:57:21+00:00,2026-04-24T00:00:00+00:00,false,,remote,full_time,mid | senior,,2026-09-16T22:57:49.852081+00:00,ats,simplify,https://simplify.jobs/p/8539204d-932f-424a-aa79-3cc886890323
https://apply.workable.com/leap-legal-software/j/EB7EA1BB11/apply?utm_source=Simplify,Software Engineer - AI Legal Risk Systems,LEAP Legal Software,"Sydney NSW, Australia",,,,,,2026-09-03T06:30:06+00:00,2026-08-28T13:09:15+00:00,false,,hybrid,full_time,mid | senior,,2026-09-16T22:57:49.499968+00:00,ats,simplify,https://simplify.jobs/p/0ecb959d-74ec-438b-9476-6ae6110ff775
https://jobs.lever.co/propelsoftware/66289e6a-c168-4dc5-837d-4ec6794b0d3c/apply?lever-source=Simplify,Senior Software Engineer,Propel Software Solutions,"Thiruvananthapuram, Kerala, India",,,,,,2026-09-04T05:18:01+00:00,2026-08-04T22:09:55+00:00,false,,onsite,full_time,mid | senior,,2026-09-16T22:57:58.825859+00:00,ats,simplify,https://simplify.jobs/p/35378092-f02e-457d-8c35-ab90dae37ca5
https://apply.workable.com/ms2soft/j/200618C355/apply?utm_source=Simplify,Senior Software Engineer,"Midwestern Software Solutions, LLC (""MS2"")","Ann Arbor, MI, USA",110000.0,145000.0,USD,,,2026-09-14T21:15:01+00:00,2026-08-11T01:32:56+00:00,false,,hybrid,full_time,senior,,2026-09-16T22:57:53.937892+00:00,ats,simplify,https://simplify.jobs/p/a62797d1-5205-4696-880e-26f776af526e
https://careers-quest.icims.com/jobs/13707/job?mobile=true&needsRedirect=false&utm_source=Simplify,AI Software Engineer - Assessments,Quest Software,Remote; Remote in Canada,,,,,,2026-09-15T08:48:01+00:00,2026-09-09T22:08:40+00:00,false,,remote,full_time,senior,,2026-09-16T22:58:07.713201+00:00,ats,simplify,https://simplify.jobs/p/417ceb04-e8a0-49ce-9973-b71d60711488
https://careers-quest.icims.com/jobs/13706/job?mobile=true&needsRedirect=false&utm_source=Simplify,AI Software Engineer - Audit,Quest Software,Remote; Remote in Canada,,,,,,2026-09-15T09:39:03+00:00,2026-09-09T22:08:40+00:00,false,,remote,full_time,senior,,2026-09-16T22:58:12.103362+00:00,ats,simplify,https://simplify.jobs/p/a08ccf1f-1d8a-4262-a671-bdcca33e837b
https://jobs.lever.co/redcanyonsoftware/c9ed5eb4-c1da-4e08-a565-fef6fa167b69/apply?lever-source=Simplify,Flight Software Engineer,Red Canyon Engineering & Software,Remote; Remote in USA,60.0,100.0,USD,,,2026-09-03T21:21:21+00:00,2026-08-01T01:09:57+00:00,false,,remote,full_time,senior,,2026-09-16T22:58:16.470958+00:00,ats,simplify,https://simplify.jobs/p/68b22437-3475-4f02-b85a-9f022795eb2e
https://apply.workable.com/tcp-software-1/j/2473C88D86/apply?utm_source=Simplify,Agentic AI Software Engineer,TCP Software,Remote; Remote in USA,,,,,,2026-09-04T04:42:01+00:00,2026-08-08T01:19:52+00:00,false,,remote,full_time,senior,,2026-09-16T22:58:20.632101+00:00,ats,simplify,https://simplify.jobs/p/57ae98f8-79c2-4349-9372-b8bc5fb67ff2
https://careers-quest.icims.com/jobs/13708/job?mobile=true&needsRedirect=false&utm_source=Simplify,AI Software Engineer - Identity Recovery,Quest Software,Remote; Remote in Canada,,,,,,2026-09-09T22:09:08+00:00,2026-09-09T22:08:35+00:00,false,,remote,full_time,senior,,2026-09-16T22:58:19.886792+00:00,ats,simplify,https://simplify.jobs/p/6a97e897-959d-4362-9b45-1a731daa23f5
https://job-boards.greenhouse.io/amtechsoftware/jobs/4339920009?gh_src=Simplify,Senior Software Engineer,Amtech Software,India,,,,,,2026-09-03T15:03:13+00:00,2026-08-18T06:16:33+00:00,false,,onsite,full_time,senior,,2026-09-16T22:58:22.308473+00:00,ats,simplify,https://simplify.jobs/p/bf601ff9-cc6d-4568-9ae4-50d5cb8745fb
https://broadridge.wd5.myworkdayjobs.com/careers/job/Newark-NJ/Senior-Software-Engineer_JR1049055?utm_source=Simplify,Senior Software Engineer,Broadridge,"Newark, NJ, USA",,,,,,2026-09-04T10:42:01+00:00,2026-06-13T10:02:27+00:00,false,,hybrid,full_time,mid | senior,,2026-09-16T22:58:34.806094+00:00,ats,simplify,https://simplify.jobs/p/1d3c2e64-214e-45ef-97f5-7cc4c30bd5a0
https://job-boards.greenhouse.io/anthropic/jobs/5250091008?gh_src=Simplify,Staff Software Engineer - GRC Platform,Anthropic,"Seattle, WA, USA; San Francisco, CA, USA; New York, NY, USA",320000.0,405000.0,USD,,,2026-09-04T08:15:01+00:00,2026-06-08T22:18:16+00:00,false,,hybrid,full_time,senior,,2026-09-16T22:58:32.232239+00:00,ats,simplify,https://simplify.jobs/p/c08debbb-5121-4898-ac79-fbf60b9ccfa1
https://job-boards.greenhouse.io/remodelhealth/jobs/5101805008?gh_src=Simplify,Senior Software Engineer,Remodel Health,"Indianapolis, IN, USA",,,,,,2026-09-04T07:24:02+00:00,2026-08-28T20:46:44+00:00,false,,hybrid,full_time,senior,,2026-09-16T22:58:37.927211+00:00,ats,simplify,https://simplify.jobs/p/f9a89547-12d1-4abc-b5f0-6932d9f0e753
https://jobs.ashbyhq.com/nelly/3ce50828-ae7a-4212-bdd9-16377d57149c/application?embed=true&utm_source=Simplify,Senior Software Engineer - Python,Nelly Solutions,"Berlin, Germany",,,,,,2026-09-04T08:57:01+00:00,2026-06-30T14:08:15+00:00,false,,hybrid,full_time,senior,,2026-09-16T22:58:41.236576+00:00,ats,simplify,https://simplify.jobs/p/6ad8e818-4ea8-444a-956c-f6f93ad983cc
https://motorolasolutions.wd5.myworkdayjobs.com/Careers/job/Bangalore-India/Software-Engineer-Golang-Java-Data-Structures-Algorithms_R68250?utm_source=Simplify,"Software Engineer - Golang, Java, Data Structures, Algorithms",Motorola,"Remote; Bengaluru, Karnataka, India",,,,,,2026-09-16T14:35:39+00:00,2026-09-16T00:00:00+00:00,false,,remote,full_time,mid | senior,,2026-09-16T22:58:47.334040+00:00,ats,simplify,https://simplify.jobs/p/9cc5be4c-577d-4f75-a383-2a271c11b457
https://jobs.ashbyhq.com/amo/4852880c-02e8-4a4d-8225-d5b0acee821a/application?embed=true&utm_source=Simplify,Software Engineer - Web - TypeScript,amo,"Île-de-France, France",,,,,,2026-09-04T08:27:01+00:00,2026-06-26T14:07:52+00:00,false,,onsite,full_time,senior,,2026-09-16T22:58:47.036938+00:00,ats,simplify,https://simplify.jobs/p/b52f808c-0d65-4e4a-913f-c04a38df046e
https://jobs.ashbyhq.com/kin/4b5dfc81-2f36-42d5-8ce1-7efc1d330f9f/application?embed=true&utm_source=Simplify,Staff Software Engineer,Kin Insurance,Remote; Remote in USA,165000.0,200000.0,USD,,,2026-09-10T09:24:01+00:00,2026-03-23T14:22:30+00:00,false,,remote,full_time,senior,,2026-09-16T22:58:47.932244+00:00,ats,simplify,https://simplify.jobs/p/54c8a036-6f6c-425c-8dad-b83d24eaedcf
https://job-boards.greenhouse.io/doximity/jobs/7584022?gh_src=Simplify,Senior Software Engineer - Android - Kotlin,Doximity,"Remote; San Francisco, CA, USA; Remote in USA",164000.0,220000.0,USD,,,2026-09-04T07:51:01+00:00,2026-05-01T22:10:29+00:00,false,,remote,full_time,senior,,2026-09-16T22:58:53.494292+00:00,ats,simplify,https://simplify.jobs/p/6348f14f-f952-4db3-98dd-dfa3523c16e4
https://job-boards.greenhouse.io/anthropic/jobs/5390966008?gh_src=Simplify,Staff Software Engineer - GTM AI Engineering,Anthropic,"Seattle, WA, USA; San Francisco, CA, USA",320000.0,405000.0,USD,,,2026-09-16T06:21:01+00:00,2026-08-26T00:20:17+00:00,false,,hybrid,full_time,senior,,2026-09-16T22:58:56.675731+00:00,ats,simplify,https://simplify.jobs/p/a3d69e60-3b09-4168-a84d-594e8fda5e12
https://jci.wd5.myworkdayjobs.com/JCI/job/Pune-Maharashtra-India/Senior-Software-Engineer_WD30279584?utm_source=Simplify,Senior Software Engineer - Inventor,Johnson Controls,"Pune, Maharashtra, India",,,,,,2026-09-15T10:09:08+00:00,2026-09-15T00:00:00+00:00,false,,hybrid,full_time,senior,,2026-09-16T22:59:03.030243+00:00,ats,simplify,https://simplify.jobs/p/5484df7b-21a2-4604-8206-7bea634e9c08
https://jobs.ashbyhq.com/ellipsislabs/f37f17f9-004b-4582-b397-d437c522aa59/application?embed=true&utm_source=Simplify,Senior Software Engineer,Ellipsis Labs,"New York, NY, USA",170000.0,250000.0,USD,,,2026-09-04T10:42:01+00:00,2024-02-07T19:21:16+00:00,false,,onsite,full_time,mid | senior,,2026-09-16T22:59:06.874424+00:00,ats,simplify,https://simplify.jobs/p/62cdc25c-3b1e-475e-b4e8-85204cf185d5
https://apply.workable.com/seeq/j/CDBF1AE73C/apply?utm_source=Simplify,Backend Software Engineer Staff/Principal,Seeq,Remote; Remote in USA,170000.0,205000.0,USD,,,2026-09-04T01:18:24+00:00,2026-08-08T01:19:52+00:00,false,,remote,full_time,senior,,2026-09-16T22:59:12.103859+00:00,ats,simplify,https://simplify.jobs/p/50f98c8f-11b7-404b-b6e2-b9d151caa222
https://jobs.lever.co/iru/3ec1190b-d27d-44d2-b0d8-1a59888826b7/apply?lever-source=Simplify,Senior Software Engineer - Full Stack - IT Products,Iru,"Coral Gables, FL, USA",,,,,,2026-09-04T08:27:01+00:00,2026-06-25T09:02:04+00:00,false,,hybrid,full_time,senior,,2026-09-16T22:59:10.348922+00:00,ats,simplify,https://simplify.jobs/p/68460dc2-cb08-47e9-baa4-f8b2f9bffb34
https://adobe.wd5.myworkdayjobs.com/external_experienced/job/San-Jose/Senior-Software-Engineer_R170546-1?utm_source=Simplify,Senior Software Engineer,Adobe,"Remote; San Francisco, CA, USA; San Jose, CA, USA",177900.0,257550.0,USD,,,2026-09-16T12:09:11+00:00,2026-07-23T00:00:00+00:00,false,,remote,full_time,senior,,2026-09-16T22:59:38.743196+00:00,ats,simplify,https://simplify.jobs/p/cee6f39f-f796-4cbd-b1c6-798875d502b8
https://job-boards.greenhouse.io/tenet3/jobs/8810829002?gh_src=Simplify,Senior Frontend Software Engineer,Tenet3,"Dayton, OH, USA",115000.0,140000.0,USD,,,2026-09-15T23:02:31+00:00,2026-09-15T22:41:32+00:00,false,,hybrid,full_time,senior,,2026-09-16T22:59:30.502984+00:00,ats,simplify,https://simplify.jobs/p/91729a08-4d9f-4788-a0a1-a2a8e03efe4c
https://accenture.wd103.myworkdayjobs.com/AccentureCareers/job/Bengaluru/Custom-Software-Engineer_ATCI-5622803-S2059673-1?utm_source=Simplify,Custom Software Engineer,Accenture,"Kolkata, West Bengal, India; Bengaluru, Karnataka, India",,,,,,2026-09-03T19:57:26+00:00,2026-07-22T00:00:00+00:00,false,,onsite,full_time,senior,,2026-09-16T23:00:11.564610+00:00,ats,simplify,https://simplify.jobs/p/13d09854-1c42-4bc4-9582-29f945557af4 | https://simplify.jobs/p/ba01c49b-89d4-4dc2-99bd-c9176fdaf5f8 | https://simplify.jobs/p/497c90b2-ab2f-4cb3-83ab-04e629c5326f | https://simplify.jobs/p/12a4256b-b4e9-4d4f-8d0d-cedabc68fac6
https://jobs.ashbyhq.com/uipath/d92b3650-7d2b-44f2-927e-e288499ae95b/application?embed=true&utm_source=Simplify,Senior Software Engineer,UiPath,"Bengaluru, Karnataka, India",,,,,,2026-09-16T22:36:01+00:00,2026-09-03T16:20:13+00:00,false,,onsite,full_time,senior,,2026-09-16T22:59:38.786162+00:00,ats,simplify,https://simplify.jobs/p/898528c5-fff6-440c-8e15-175bdc3566b3
https://apply.workable.com/bask-health-1/j/53FE701745/apply?utm_source=Simplify,Senior Front-End Software Engineer,Bask Health,"Remote; Remote in USA; New York, NY, USA",,,,,,2026-09-04T00:51:21+00:00,2026-08-07T06:18:46+00:00,false,,remote,full_time,senior,,2026-09-16T22:59:38.327430+00:00,ats,simplify,https://simplify.jobs/p/d37be1cd-86e4-4447-a707-f7c41f7e082f
"https://careers.capgemini.com/job/Atlanta,-GA-Senior-Software-Engineer-GA-30301/1437300733/?ats=successfactors&utm_source=Simplify",Senior Software Engineer,Capgemini,"Atlanta, GA, USA",82082.0,193440.0,USD,,,2026-09-15T22:24:01+00:00,2026-09-15T22:14:49+00:00,false,,hybrid,full_time,senior,,2026-09-16T22:59:38.564981+00:00,employer,simplify,https://simplify.jobs/p/811733e2-329e-451e-aded-4663df7028fb
https://jobs.lever.co/pointclickcare/3779970b-816c-4417-bcc8-6a3436ff6821/apply?lever-source=Simplify,Senior Software Engineer,PointClickCare,"Mississauga, ON, Canada",142000.0,158000.0,CAD,,,2026-09-04T22:09:01+00:00,2026-09-04T22:06:08+00:00,false,,hybrid,full_time,senior,,2026-09-16T22:59:40.525433+00:00,ats,simplify,https://simplify.jobs/p/d0487c93-34c3-4ede-b5ed-2f80cc52b99b
https://jobs.ashbyhq.com/decagon/cd95c25c-fdb7-4816-8a31-6d75e86adbe0/application?embed=true&utm_source=Simplify,Senior Software Engineer - Agent Product,Decagon,"New York, NY, USA",200000.0,400000.0,USD,,,2026-09-04T04:42:01+00:00,2026-04-02T01:09:14+00:00,false,,onsite,full_time,senior,,2026-09-16T22:59:43.857277+00:00,ats,simplify,https://simplify.jobs/p/144e064c-18ea-4452-8dd1-681592dc56ed
https://jobs.ashbyhq.com/campus/313d2dcd-b98d-416b-b7bb-5496867c4ba1/application?embed=true&utm_source=Simplify,Senior Staff / Staff Software Engineer,Campus,"New York, NY, USA",210000.0,280000.0,USD,,,2026-09-09T22:58:48+00:00,2026-09-09T22:36:14+00:00,false,,hybrid,full_time,senior,,2026-09-16T22:59:48.841075+00:00,ats,simplify,https://simplify.jobs/p/0f1a1a87-3bcc-49a0-9692-26ab6af95261
https://jobs.ashbyhq.com/Perk/c4b9da08-205c-4d60-a232-bf94543f5ab8/application?embed=true&utm_source=Simplify,Senior Software Engineer,Perk,"London, UK",,,,,,2026-09-11T11:54:01+00:00,2026-07-31T14:23:22+00:00,false,,hybrid,full_time,senior,,2026-09-16T22:59:51.798910+00:00,ats,simplify,https://simplify.jobs/p/e3fffe4b-2b58-4518-8ef9-af88ca5759cf
https://jobs.lever.co/spotify/827bfa7b-cc50-46d7-bdac-f642a14fe92b/apply?lever-source=Simplify,Senior Software Engineer - TV Playback - C++,Spotify,"London, UK",,,,,,2026-09-03T17:54:20+00:00,2026-02-26T23:18:11+00:00,false,,hybrid,full_time,senior,,2026-09-16T22:59:52.898430+00:00,ats,simplify,https://simplify.jobs/p/dcaacb13-2d9e-40bb-b53b-40fdbca4b9d0
https://apply.workable.com/tickpick/j/7DF7BABBEB/apply?utm_source=Simplify,Senior Software Engineer,TickPick,"New York, NY, USA",150000.0,190000.0,USD,,,2026-09-03T12:45:01+00:00,2026-08-25T21:28:55+00:00,false,,hybrid,full_time,senior,,2026-09-16T22:59:56.192784+00:00,ats,simplify,https://simplify.jobs/p/05e7f82e-945f-49f4-9dc6-d28646be0dbc
https://jobs.lever.co/wyetechllc/b49f02db-cdd4-41f3-9036-50cf9c2ad86f/apply?lever-source=Simplify,Software Engineer 1,Wyetech,"Annapolis Junction, MD, USA",52.46,107.37,USD,,,2026-09-15T22:06:18+00:00,2026-09-10T22:03:54+00:00,false,,onsite,full_time,senior,,2026-09-16T23:00:14.235724+00:00,ats,simplify,https://simplify.jobs/p/fda85d6e-c30b-440b-bfe0-386f84b436ae | https://simplify.jobs/p/802fb9f6-91d6-4fac-b6fd-e104dbbb92fc | https://simplify.jobs/p/93abd625-6244-4bf3-bbd4-05cec69e4fc1
https://apply.workable.com/gsstech-group/j/6FD8EF5C86/apply?utm_source=Simplify,Senior Software Engineer - GenAI & Node.js,GSSTech Group,Dubai - United Arab Emirates,,,,,,2026-09-04T00:51:21+00:00,2026-08-07T06:17:14+00:00,false,,onsite,full_time,senior,,2026-09-16T23:00:05.918990+00:00,ats,simplify,https://simplify.jobs/p/0c3e3b8d-287a-4f70-a7c1-a2d3fa2c76d3
https://jobs.ashbyhq.com/DeepL/7d0de562-ba6e-49eb-b6a9-7b72ce64efad/application?embed=true&utm_source=Simplify,Senior Software Engineer - Language Products - Full-Stack,DeepL,"London, UK",,,,,,2026-09-11T10:18:01+00:00,2026-07-31T22:26:15+00:00,false,,hybrid,full_time,senior,,2026-09-16T23:00:11.293819+00:00,ats,simplify,https://simplify.jobs/p/5c20510d-53f3-4cac-9eeb-66a0a5df655d
https://jobs.ashbyhq.com/Crusoe/ddb454e7-790e-4964-a95c-da5046ed78bb/application?embed=true&utm_source=Simplify,Senior Software Engineer - Managed Orchestration - Managed Kubernetes,Crusoe,"San Francisco, CA, USA; Sunnyvale, CA, USA",180000.0,210000.0,USD,,,2026-09-04T06:57:01+00:00,2025-10-31T09:00:06+00:00,false,,onsite,full_time,senior,,2026-09-16T23:00:13.183194+00:00,ats,simplify,https://simplify.jobs/p/ce752593-52bc-4bbf-a859-2a5e2752fa52
https://guidewire.wd5.myworkdayjobs.com/external/job/India---Bangalore/Senior-Software-Engineer---Full-Stack-Application-Development_JR_15051?utm_source=Simplify,Senior Software Engineer - Full Stack Application Development,Guidewire,"Bengaluru, Karnataka, India",,,,,,2026-09-03T19:51:22+00:00,2026-07-21T00:00:00+00:00,false,,hybrid,full_time,senior,,2026-09-16T23:00:15.624525+00:00,ats,simplify,https://simplify.jobs/p/6013e3d8-bb79-4833-8baa-26708cbc04c0
https://vanguard.wd5.myworkdayjobs.com/en-US/vanguard_external/job/Malvern-PA/Application-Engineer---III_179797-1?utm_source=Simplify,Full Stack Software Engineer,Vanguard,"Malvern, PA, USA; Charlotte, NC, USA",,,,,,2026-09-09T22:36:19+00:00,2026-09-04T22:40:28+00:00,false,,hybrid,full_time,senior,,2026-09-16T23:00:15.912360+00:00,ats,simplify,https://simplify.jobs/p/e32df5a9-2fa6-45ed-8fe8-a437fa3bc47d
https://alkami.wd12.myworkdayjobs.com/alkami/job/US-Remote/Staff-Software-Engineer_JR-000872?utm_source=Simplify,Staff Software Engineer,Alkami Technology,Remote; Remote in USA,,,,,,2026-09-16T12:48:36+00:00,2026-09-10T00:00:00+00:00,false,,remote,full_time,senior,Conflicting salary across sites,2026-09-16T23:00:42.683546+00:00,ats,simplify,https://simplify.jobs/p/9a085435-1a3f-4140-a29e-afdb4e5abd86 | https://simplify.jobs/p/85313283-b2fa-48dd-bcb3-dbd9de3e9dd8
https://job-boards.greenhouse.io/celonis/jobs/7812734003?gh_jid=7812734003&gh_src=Simplify,Staff Software Engineer,Celonis,"Redwood City, CA, USA",212000.0,285000.0,USD,,,2026-09-03T20:21:27+00:00,2026-07-22T14:32:28+00:00,false,,hybrid,full_time,senior,,2026-09-16T23:00:24.532952+00:00,ats,simplify,https://simplify.jobs/p/2bd9bd96-9282-4287-9f48-25cb3784b245
https://jobs.lever.co/swile/303e156c-fa51-4c5f-8e17-784d318510cd/apply?lever-source=Simplify,Senior Software Engineer,Swile,"Paris, France",,,,,,2026-03-16T09:19:43+00:00,2026-03-06T02:04:59+00:00,false,,hybrid,full_time,senior,,2026-09-16T23:00:25.184388+00:00,ats,simplify,https://simplify.jobs/p/869a3a51-a455-4f5b-9272-d8c9c4715047
https://jobs.ashbyhq.com/ambiencehealthcare/2a5dcd26-fe35-4d06-b6d4-6f76d330134e/application?embed=true&utm_source=Simplify,Staff Software Engineer - Product,Ambience Healthcare,"San Francisco, CA, USA",226000.0,283000.0,USD,,,2026-09-16T08:54:04+00:00,2025-10-31T00:57:29+00:00,false,,hybrid,full_time,mid | senior,,2026-09-16T23:00:30.105986+00:00,ats,simplify,https://simplify.jobs/p/31b1e5fa-b4fe-4fc1-8db1-95df7f1fc8af
https://job-boards.greenhouse.io/chainguard/jobs/4713200006?gh_src=Simplify,Senior Software Engineer - Athena,Chainguard,Remote; Remote in USA,157000.0,184000.0,USD,,,2026-09-14T22:39:01+00:00,2026-09-14T22:37:52+00:00,false,,remote,full_time,senior,,2026-09-16T23:00:43.714035+00:00,ats,simplify,https://simplify.jobs/p/5c802650-621b-47c8-8658-84b69a1bc8ad
https://job-boards.greenhouse.io/gomotive/jobs/8706541002?gh_src=Simplify,Staff Software Engineer - Backend,Motive,"San Francisco, CA, USA",200000.0,235000.0,USD,,,2026-09-09T10:23:34+00:00,2026-08-18T22:58:45+00:00,false,,hybrid,full_time,senior,,2026-09-16T23:00:49.401815+00:00,ats,simplify,https://simplify.jobs/p/7f07b570-c8da-45a5-bcda-821509b73c69
https://accenture.wd103.myworkdayjobs.com/AccentureCareers/job/Coimbatore/Custom-Software-Engineer_ATCI-5285715-S1931335-1?utm_source=Simplify,Custom Software Engineer,Accenture,"Coimbatore, Tamil Nadu, India",,,,,,2026-09-07T06:15:01+00:00,2026-06-15T06:08:10+00:00,false,,onsite,full_time,mid | senior,,2026-09-16T23:01:20.435755+00:00,ats,simplify,https://simplify.jobs/p/7cd62288-7b9a-4dd9-a2aa-f83fcc51a97a | https://simplify.jobs/p/13e69400-1fb9-41f5-b4a3-ee0de31c25a2 | https://simplify.jobs/p/dd59f645-6618-417f-94a2-673df9b13fdb
https://jobs.ashbyhq.com/zippymh/1406c9b6-318e-4307-a8d6-b5212d220d42/application?embed=true&utm_source=Simplify,Staff Software Engineer,Zippy,"Remote; Dallas, TX, USA; Remote in USA",,,,,,2026-09-03T19:18:21+00:00,2026-07-04T14:06:08+00:00,false,,remote,full_time,senior,,2026-09-16T23:00:56.461203+00:00,ats,simplify,https://simplify.jobs/p/1795d25a-1b1e-4e1a-95ca-3f8b923e23ab
https://ebay.wd5.myworkdayjobs.com/apply/job/Toronto/Staff-Software-Engineer---MTS-2_R0075761?utm_source=Simplify,Staff Software Engineer - Mts 2,eBay,"Toronto, ON, Canada",,,,,,2026-09-04T22:27:01+00:00,2026-08-05T00:00:00+00:00,false,,hybrid,full_time,senior,,2026-09-16T23:01:00.170987+00:00,ats,simplify,https://simplify.jobs/p/87c05425-f7b3-4a9c-a2d0-c7147828ed1d
https://job-boards.greenhouse.io/autoscout24/jobs/7567626003?gh_src=Simplify,Senior Software Engineer - CMS - Auto Repossession & Remarketing,AutoScout24,"Toronto, ON, Canada",140000.0,190000.0,CAD,,,2026-09-03T18:09:19+00:00,2026-03-26T01:09:32+00:00,false,,onsite,full_time,senior,,2026-09-16T23:00:59.432850+00:00,ats,simplify,https://simplify.jobs/p/8b94e228-55d6-478d-992b-89ccc72e6da3
https://job-boards.greenhouse.io/cybermediatechnologies/jobs/5101372008?gh_src=Simplify,Senior Software Engineer,CyberMedia Technologies,Remote; Remote in USA,,,,,,2026-01-29T23:39:28+00:00,2026-01-29T23:39:28+00:00,false,,remote,full_time,senior,,2026-09-16T23:01:01.083131+00:00,ats,simplify,https://simplify.jobs/p/f6306e13-448e-4955-ac95-7ac2ff3c80d5
https://jobs.ashbyhq.com/vocca/733a947e-94c3-46fb-b887-3d1c669866ad/application?embed=true&utm_source=Simplify,Senior Software Engineer - TypeScript - Platform,Vocca,"Paris, France",70000.0,90000.0,EUR,,,2026-09-14T17:09:01+00:00,2026-09-07T22:36:58+00:00,false,,hybrid,full_time,senior,,2026-09-16T23:01:15.082677+00:00,ats,simplify,https://simplify.jobs/p/c8d88b78-01b0-4721-aa15-94195b3997ac
https://job-boards.greenhouse.io/yipitdatajobs/jobs/7061483?gh_src=Simplify,Senior Software Engineer,YipitData,Remote; Remote in India,,,,,,2025-09-15T06:27:50+00:00,2025-07-10T10:40:27+00:00,false,,remote,full_time,senior,,2026-09-16T23:01:21.839204+00:00,ats,simplify,https://simplify.jobs/p/7ac9260c-72c8-4c22-a8cf-80b6bcd16df6 | https://simplify.jobs/p/be40b05f-ce68-4315-9365-1c9b07b189f3
https://jobs.ashbyhq.com/Sandstone/11a0f88e-09ff-4404-9c14-247db962b459/application?embed=true&utm_source=Simplify,Senior Full-Stack Software Engineer,Sandstone,"New York, NY, USA",230000.0,320000.0,USD,,,2026-09-12T19:30:02+00:00,2026-06-11T09:06:32+00:00,false,,onsite,full_time,mid | senior,,2026-09-16T23:01:21.898421+00:00,ats,simplify,https://simplify.jobs/p/814a1f08-aace-47c9-91bf-fbd6a76f3541
https://jobs.ashbyhq.com/binti/6f90e9cd-f38d-4ffd-a677-21d4e1c49b7a/application?embed=true&utm_source=Simplify,Senior Full Stack Software Engineer,Binti,"Seattle, WA, USA; San Francisco, CA, USA",200000.0,270000.0,USD,,,2026-09-04T06:57:01+00:00,2026-04-02T22:09:47+00:00,false,,hybrid,full_time,mid | senior,,2026-09-16T23:01:26.351315+00:00,ats,simplify,https://simplify.jobs/p/6d351f0b-9c70-40cd-8d55-51522b868684
https://generalmotors.wd5.myworkdayjobs.com/Careers_GM/job/Milford-Michigan-United-States-of-America/Senior-Embedded-Software-Engineer_JR-202620253?utm_source=Simplify,Senior Embedded Software Engineer,General Motors,"Milford, MI, USA",,,,,,2026-09-16T22:42:58+00:00,2026-09-14T00:00:00+00:00,false,,hybrid,full_time,senior,,2026-09-16T23:01:32.231377+00:00,ats,simplify,https://simplify.jobs/p/2e7fe6db-3bcb-4301-a64d-be26eddf7710
https://amgen.wd1.myworkdayjobs.com/careers/job/India---Hyderabad/Senior-Software-Engineer_R-247078-1?utm_source=Simplify,Senior Software Engineer,Amgen,"Hyderabad, Telangana, India",,,,,,2026-09-16T09:09:03+00:00,2026-08-25T00:00:00+00:00,false,,onsite,full_time,senior,,2026-09-16T23:01:33.425240+00:00,ats,simplify,https://simplify.jobs/p/180daba1-3b9f-4bc7-93d3-6b69a43d5cc0
https://jobs.ashbyhq.com/unify/7e5a6120-df44-4846-9277-7e8f01d7f3e0/application?embed=true&utm_source=Simplify,Staff Software Engineer - Product,Unify,"San Francisco, CA, USA; New York, NY, USA",250000.0,295000.0,USD,,,2026-09-09T06:27:24+00:00,2026-07-13T22:12:24+00:00,false,,hybrid,full_time,senior,,2026-09-16T23:01:38.492400+00:00,ats,simplify,https://simplify.jobs/p/96395880-d0bd-40a1-b255-39a4799c7e12 | https://simplify.jobs/p/cb289e13-499f-47c8-9888-da9940dda745
https://jobs.ashbyhq.com/joko/fe15c939-813c-42c1-bdee-c7281f1ca7d1/application?embed=true&utm_source=Simplify,Mobile Software Engineer,Joko,"Remote; Barcelona, Spain; Île-de-France, France",76300.0,174600.0,EUR,,,2026-09-13T17:24:13+00:00,2026-01-22T23:19:48+00:00,false,,remote,full_time,senior,,2026-09-16T23:01:35.448347+00:00,ats,simplify,https://simplify.jobs/p/d6c06bd7-2e15-4dcd-b6cd-a96d419a96d9
https://jobs.ashbyhq.com/illumio/ac2659a4-0961-4379-be2b-9ab7b62a9961/application?embed=true&utm_source=Simplify,Senior Software Engineer,Illumio,"Sunnyvale, CA, USA",170000.0,196000.0,USD,,,2026-09-03T19:33:19+00:00,2026-07-13T22:12:22+00:00,false,,onsite,full_time,mid,,2026-09-16T23:01:35.701969+00:00,ats,simplify,https://simplify.jobs/p/c768a9aa-5f1f-4bb6-b565-bfac42c303f3
https://jobs.lever.co/shieldai/4a3097fc-1423-4ec8-8cbf-fced60cc2ea5/apply?lever-source=Simplify,Senior Software Engineer - Networking & OS,Shield AI,"Dallas, TX, USA",120000.0,190000.0,USD,,,2026-09-03T21:57:21+00:00,2026-08-04T06:07:58+00:00,false,,onsite,full_time,mid | senior,,2026-09-16T23:01:46.944014+00:00,ats,simplify,https://simplify.jobs/p/b4f99a9c-6543-422c-b581-4a4a99fc1187
https://danaher.wd1.myworkdayjobs.com/danaherjobs/job/Bangalore-Karnataka-India/Staff-Software-Engineer--net-C---Microservices--Cloud-distributed-and-native-app-development-_R1313735-1?utm_source=Simplify,Staff Software Engineer - .net C# - Microservices - Cloud distributed and native app development,Danaher,"Bengaluru, Karnataka, India",,,,,,2026-09-03T19:12:22+00:00,2026-08-05T09:50:47+00:00,false,,onsite,full_time,,,2026-09-16T23:01:52.042162+00:00,ats,simplify,https://simplify.jobs/p/544fa9f4-48a1-4832-b0db-353adca47be2
https://jobs.ashbyhq.com/socure/0e7983d9-0a18-4b3b-8dc4-bbba00bfc553/application?embed=true&utm_source=Simplify,Senior Software Engineer,Socure,"London, UK",,,,,,2026-09-03T17:03:18+00:00,2026-05-12T14:08:28+00:00,false,,hybrid,full_time,senior,,2026-09-16T23:01:52.522878+00:00,ats,simplify,https://simplify.jobs/p/cb75e47d-e27a-4e34-962d-f98577cd01a4
https://job-boards.greenhouse.io/andurilindustries/jobs/4950085007?gh_src=Simplify,Staff Software Engineer,Anduril,"Sydney NSW, Australia",,,,,,2026-09-04T05:18:01+00:00,2025-10-20T23:24:30+00:00,false,,onsite,full_time,senior,,2026-09-16T23:01:54.979691+00:00,ats,simplify,https://simplify.jobs/p/a3d4dcff-4223-4556-a680-84148875dd5b
https://seasats.breezy.hr/p/55a2ed31ba39/apply?source=Simplify,Senior Front End Software Engineer,Seasats,"San Diego, CA, USA",160000.0,220000.0,USD,,,2026-09-15T01:15:01+00:00,2026-07-01T14:35:58+00:00,false,,hybrid,full_time,senior,,2026-09-16T23:01:55.787514+00:00,ats,simplify,https://simplify.jobs/p/33514076-3186-4c3f-b17f-090d9763cd02
https://walmart.wd504.myworkdayjobs.com/WalmartExternal/job/USA-Crossman-Excellence-Building-CA-SUNNYVALE-Home-Office/Staff--Software-Engineer_R-2327106?utm_source=Simplify,Staff Software Engineer,Walmart,"Sunnyvale, CA, USA",143000.0,286000.0,USD,,,2026-09-16T13:39:28+00:00,2026-07-09T00:00:00+00:00,false,,,full_time,senior,Conflicting workplace across sites,2026-09-16T23:02:34.134517+00:00,ats,simplify,https://simplify.jobs/p/efb05090-6c8c-4f83-a527-14052913d878 | https://simplify.jobs/p/0874e7d8-ba06-40a9-a625-62102333e2d3 | https://simplify.jobs/p/d3122eae-73c3-4a61-b171-136fbff12c3c | https://simplify.jobs/p/2941d981-8333-4013-b0ed-862c6e6adf83 | https://simplify.jobs/p/8d1c6320-3f91-43ab-9db2-312d381310b7 | https://simplify.jobs/p/d298e856-7b5e-48f4-b201-fa26867710b4 | https://simplify.jobs/p/3ac87a95-e15a-44f3-8810-12a5715ca99e
https://careers-jobyaviation.icims.com/jobs/5327/job?mobile=true&needsRedirect=false&utm_source=Simplify,Senior/Staff Embedded Software Engineer - Battery Systems - BMS and Charging,Joby Aviation,"San Carlos, CA, USA",155900.0,227300.0,USD,,,2026-09-03T16:12:13+00:00,2026-08-14T04:18:37+00:00,false,,onsite,full_time,senior,,2026-09-16T23:02:06.575661+00:00,ats,simplify,https://simplify.jobs/p/0d13431d-8b7e-4163-9a9b-7688b54d0e52
https://accenture.wd103.myworkdayjobs.com/AccentureCareers/job/Ahmedabad/Custom-Software-Engineer_ATCI-5695114-S2060768-1?utm_source=Simplify,Custom Software Engineer,Accenture,"Ahmedabad, Gujarat, India",,,,,,2026-09-04T07:12:12+00:00,2026-07-28T00:00:00+00:00,false,,onsite,full_time,senior,,2026-09-16T23:02:50.023042+00:00,ats,simplify,https://simplify.jobs/p/8cb7c1eb-15b1-4e96-ac56-1edfce295dad | https://simplify.jobs/p/d8a65f28-ddca-4603-a89f-236ef4ffb391 | https://simplify.jobs/p/bc0a09aa-c54c-4228-b16b-b513a43a13cb | https://simplify.jobs/p/21295ef6-5329-459e-9c54-4c611a68d70e | https://simplify.jobs/p/86d975b0-d591-4d8d-89b1-16f21857e1ed
https://jobs.ashbyhq.com/ramp/42527ca9-03b9-499e-a5c4-18e4245af138/application?embed=true&utm_source=Simplify,Software Engineer - Developer API,Ramp,"New York, NY, USA",168000.0,330000.0,USD,,,2026-09-04T07:12:12+00:00,2026-06-29T22:08:45+00:00,false,,hybrid,full_time,senior,,2026-09-16T23:02:13.053367+00:00,ats,simplify,https://simplify.jobs/p/d0416752-fb6c-4e84-b150-b4f244fadbcc
https://bah.wd1.myworkdayjobs.com/bah_jobs/job/Laurel-MD/AI-Assisted-Tooling-Software-Engineer--Senior_R0234280?utm_source=Simplify,AI-Assisted Tooling Software Engineer Senior,Booz Allen,"Laurel, MD, USA",86800.0,198000.0,USD,,,2026-09-13T02:03:19+00:00,2026-09-13T02:01:46+00:00,false,,onsite,full_time,,,2026-09-16T23:02:16.087652+00:00,ats,simplify,https://simplify.jobs/p/2feb1ed0-7d44-4bbe-bc73-f9fb039af254
https://earlywarning.wd5.myworkdayjobs.com/earlywarningcareers/job/San-Francisco/Sr-Software-Engineer---Java-Spring-AWS_REQ2026808?utm_source=Simplify,Senior Software Engineer - Java/Spring/AWS,Early Warning,"San Francisco, CA, USA",142000.0,183000.0,USD,,,2026-09-03T15:45:16+00:00,2026-08-14T00:00:00+00:00,false,,hybrid,full_time,senior,,2026-09-16T23:02:22.353120+00:00,ats,simplify,https://simplify.jobs/p/c5ea19f7-5c0f-4004-81ce-6b368fd604e3
https://eeho.fa.us2.oraclecloud.com/hcmUI/CandidateExperience/en/sites/CX_45001/job/338571?utm_source=Simplify,Senior Platform Software Engineer,Oracle,"Nashville, TN, USA; Austin, TX, USA",92500.0,209500.0,USD,,,2026-09-03T19:18:21+00:00,2026-07-07T22:09:19+00:00,false,,onsite,full_time,senior,,2026-09-16T23:02:26.989630+00:00,ats,simplify,https://simplify.jobs/p/c2b136ea-db64-473d-a752-9bc218a371fb
https://stripe.com/careers/listing/staff-software-engineer-storage-abstractions/8171539?gh_jid=8171539&gh_src=Simplify,Staff Software Engineer - Storage Abstractions,Stripe,"Seattle, WA, USA; San Francisco, CA, USA",224000.0,336000.0,USD,,,2026-09-03T02:12:09+00:00,2026-09-01T18:59:37+00:00,false,,onsite,full_time,senior,,2026-09-16T23:02:41.579200+00:00,employer,simplify,https://simplify.jobs/p/11e9e6ea-e035-4e03-9ba5-e7a072511bef
https://www.fivetran.com/careers/job?gh_jid=7810468003&gh_src=Simplify,Senior R&D Software Engineer - Fivetran AI,Fivetran,"New York, NY, USA",174915.0,209906.5,USD,,,2026-09-03T20:21:27+00:00,2026-07-21T01:19:26+00:00,false,,hybrid,full_time,senior,,2026-09-16T23:02:53.305464+00:00,employer,simplify,https://simplify.jobs/p/b7c6b9d4-e578-4d20-969d-a9ec6b82ddbb
https://careers.hellofresh.com/global/en/job/7988614?gh_jid=7988614&gh_src=Simplify,Staff Software Engineer - Supply Chain Management Technology - All genders,Hello Fresh,"Sankt Wendel, Germany",,,,,,2026-09-03T18:48:22+00:00,2026-06-11T22:13:37+00:00,false,,hybrid,full_time,,,2026-09-16T23:02:57.049854+00:00,employer,simplify,https://simplify.jobs/p/ad9fc924-ae0c-4f13-999c-b2445de7ef7e
https://jobs.lever.co/ecldc/75a21650-d848-4625-8668-fef182115153/apply?lever-source=Simplify,Staff Software Engineer,ECL,"Mountain View, CA, USA",,,,,,2026-09-03T19:18:21+00:00,2026-07-07T09:06:16+00:00,false,,onsite,full_time,senior,,2026-09-16T23:02:55.255594+00:00,ats,simplify,https://simplify.jobs/p/1d141ad2-ae12-4956-9fbc-c7f35ec3b504
https://paloaltonetworks.wd5.myworkdayjobs.com/panwexternalcareers/job/Office---India---Bangalore-Bagmane-Tech-Park/Senior-Staff-Engineer-Software_JR-021904?utm_source=Simplify,Senior Staff Engineer Software,Palo Alto Networks,"Bengaluru, Karnataka, India",,,,,,2026-09-10T06:24:01+00:00,2026-08-31T00:00:00+00:00,false,,onsite,full_time,senior,,2026-09-16T23:03:13.599031+00:00,ats,simplify,https://simplify.jobs/p/61077a27-d175-4e79-ab57-e6f1017d836d
https://apply.workable.com/versa-networks/j/8CF3BA7395/apply?utm_source=Simplify,Senior Software Engineer - Dataplane Development,Versa Networks,"Santa Clara, CA, USA",200000.0,310000.0,USD,,,2026-09-03T21:27:24+00:00,2026-08-01T01:23:44+00:00,false,,onsite,full_time,senior,,2026-09-16T23:03:21.545508+00:00,ats,simplify,https://simplify.jobs/p/c8926286-746f-4448-969a-a89cb48b6a49
https://job-boards.greenhouse.io/xometry/jobs/5227524007?gh_src=Simplify,Staff Software Engineer,Xometry,"North Bethesda, MD, USA; Waltham, MA, USA",170000.0,195000.0,USD,,,2026-09-04T05:18:01+00:00,2026-05-19T22:11:55+00:00,false,,hybrid,full_time,,,2026-09-16T23:03:32.923480+00:00,ats,simplify,https://simplify.jobs/p/572b4f01-7ae8-4661-bd48-48904e440bad | https://simplify.jobs/p/fa6f02df-d36a-4cd4-ba5f-d7a3cf3829d8
https://job-boards.greenhouse.io/andurilindustries/jobs/5226948007?gh_src=Simplify,Senior Software Engineer - Estimation & Filtering,Anduril,"Waltham, MA, USA",220000.0,292000.0,USD,,,2026-09-03T04:00:06+00:00,2026-09-01T04:57:56+00:00,false,,onsite,full_time,senior,,2026-09-16T23:03:32.257712+00:00,ats,simplify,https://simplify.jobs/p/180876e7-a6f0-416f-8c4b-cd1f40531b24
https://job-boards.eu.greenhouse.io/cmbluenergyag/jobs/4932027101?gh_jid=4932027101&gh_src=Simplify,Senior Software Engineer - Data & AI,CMBLU Energy,"Alzenau, Germany",,,,,,2026-09-04T04:42:01+00:00,2026-07-20T22:05:20+00:00,false,,onsite,full_time,senior,,2026-09-16T23:03:34.093811+00:00,ats,simplify,https://simplify.jobs/p/a3464f15-6d7f-4915-9c6e-ca154f243828
https://jobs.ashbyhq.com/farsight/5084cc68-494d-442b-8483-285e4a69d4a3/application?embed=true&utm_source=Simplify,Senior Software Engineer,Farsight AI,"New York, NY, USA",140000.0,180000.0,USD,,,2026-09-03T20:21:27+00:00,2026-07-21T01:14:41+00:00,false,,hybrid,full_time,mid | senior,,2026-09-16T23:03:38.692160+00:00,ats,simplify,https://simplify.jobs/p/89899922-21d3-4f01-9cc7-eb8fc51d64ca
https://jobs.ashbyhq.com/Crusoe/27fa0a3e-a2d8-4844-8ccd-4dfc5a0f3a2a/application?embed=true&utm_source=Simplify,Senior Staff Software Engineer - Managed Orchestration,Crusoe,"San Francisco, CA, USA",237600.0,288000.0,USD,,,2026-09-03T18:21:22+00:00,2026-04-15T22:10:00+00:00,false,,onsite,full_time,senior,,2026-09-16T23:03:47.516909+00:00,ats,simplify,https://simplify.jobs/p/1689d5bf-900a-4a00-be14-ac6fef728d5d
https://job-boards.greenhouse.io/databento/jobs/8074345?gh_src=Simplify,Software Engineer - C++/Java,Databento,"Remote; Salt Lake City, UT, USA; Boston, MA, USA; San Francisco, CA, USA; Remote in USA; New York, NY, USA",,,,,,2026-09-03T19:51:22+00:00,2026-07-20T14:06:35+00:00,false,,remote,full_time,senior,,2026-09-16T23:03:43.035766+00:00,ats,simplify,https://simplify.jobs/p/6cd2ffec-6dd7-449d-82db-1c6699688148
https://job-boards.greenhouse.io/embed/job_app?for=toast&gh_src=Simplify&token=8172579,Staff Software Engineer,Toast,"Chennai, Tamil Nadu, India",,,,,,2026-09-16T06:06:18+00:00,2026-09-16T06:05:28+00:00,false,,hybrid,full_time,senior,,2026-09-16T23:03:46.825106+00:00,ats,simplify,https://simplify.jobs/p/da7809c3-b215-44b8-94b3-8cefb78c3ac0
https://jobs.ashbyhq.com/read-ai/a9444f5d-7ea0-411f-ae29-c7d77b040b30/application?embed=true&utm_source=Simplify,Senior Software Engineer - Backend - Data,Read AI,"Seattle, WA, USA",190000.0,210000.0,USD,,,2026-09-03T19:51:22+00:00,2026-07-21T01:18:49+00:00,false,,hybrid,full_time,mid | senior,,2026-09-16T23:03:50.745838+00:00,ats,simplify,https://simplify.jobs/p/0b645829-6125-4d84-b643-5e41d705fed7
https://job-boards.greenhouse.io/celonis/jobs/7678804003?gh_jid=7678804003&gh_src=Simplify,Senior Full Stack Software Engineer - Orchestration and Automation,Celonis,"Madrid, Spain",,,,,,2026-09-04T07:36:01+00:00,2026-04-01T14:15:54+00:00,false,,hybrid,full_time,senior,,2026-09-16T23:03:54.294977+00:00,ats,simplify,https://simplify.jobs/p/68f7aac2-f81c-468a-9334-5ff3507bbd7d
https://fa-etuy-saasfaeuraprod1.fa.ocs.oraclecloud.com/hcmUI/CandidateExperience/en/sites/CX_1/job/1691/easy-apply/email,Senior Software Engineer - React Native,Hapag-Lloyd,"Chennai, Tamil Nadu, India",,,,,,2025-12-04T23:57:12+00:00,2025-12-04T23:57:12+00:00,false,,onsite,full_time,senior,,2026-09-16T23:04:14.092580+00:00,ats,simplify,https://simplify.jobs/p/6dc631cb-f4b5-4467-9243-e8a79bb38e1e
https://jobs.ashbyhq.com/hike-medical/a1bfff87-8e17-40b8-a49a-b347e74fea4c/application?embed=true&utm_source=Simplify,Senior Software Engineer,Hike Medical,"San Francisco, CA, USA",,,,,,2026-09-03T19:06:23+00:00,2026-07-01T22:10:23+00:00,false,,onsite,full_time,senior,,2026-09-16T23:04:13.945890+00:00,ats,simplify,https://simplify.jobs/p/ef8197b4-1e21-4889-a6fe-9dd94dff7122
https://jobs.lever.co/evidentid/a6a74ec3-7545-46cf-835d-b6523f9d547c/apply?lever-source=Simplify,Senior Software Engineer,Evident ID,"Atlanta, GA, USA",,,,,,2026-09-03T18:21:22+00:00,2026-04-23T14:07:27+00:00,false,,hybrid,full_time,mid | senior,,2026-09-16T23:04:10.257632+00:00,ats,simplify,https://simplify.jobs/p/e66370b0-6fa3-4f50-b0a3-b9051bc8f3f3
https://accenture.wd103.myworkdayjobs.com/AccentureCareers/job/Hyderabad/Industry-Subject-Matter-Advisor_ATCI-5306265-S1958875-1?utm_source=Simplify,Custom Software Engineer,Accenture,"Hyderabad, Telangana, India; Bengaluru, Karnataka, India",,,,,,2026-09-03T17:54:20+00:00,2026-07-27T12:18:19+00:00,false,,,full_time,senior,Conflicting workplace across sites,2026-09-16T23:04:45.753383+00:00,ats,simplify,https://simplify.jobs/p/efc6c786-4483-408e-b2c2-f991466384fa | https://simplify.jobs/p/5b426537-1cd6-4f86-8732-ce372d277cb0 | https://simplify.jobs/p/99e0baf6-2262-49f5-a8d0-9651fbb6c16f | https://simplify.jobs/p/2d3e834f-fa6b-407f-8eaa-804e6e85ebc2 | https://simplify.jobs/p/b325f34e-a472-4bd8-b49e-c2c002cb73d5
https://axcelis.wd1.myworkdayjobs.com/axcelis/job/Beverly-MA/Data-Infrastructure---ML-Engineer--Hybrid-Role-_11773?utm_source=Simplify,Full Stack Software Engineer,Axcelis Technologies,"Beverly, MA, USA",122133.07,183199.61,USD,,,2026-09-04T10:42:01+00:00,2026-06-08T00:00:00+00:00,false,,hybrid,full_time,senior,,2026-09-16T23:04:21.019192+00:00,ats,simplify,https://simplify.jobs/p/d026c590-9335-4673-a9f2-f60538bc1c78
https://jobs.intuit.com/job/mountain-view/staff-software-engineer-ios/27595/99544281104?utm_source=Simplify,Staff Software Engineer - iOS,Intuit,"Mountain View, CA, USA",202500.0,274000.0,USD,,,2026-09-04T09:06:26+00:00,2026-08-21T20:19:29+00:00,false,,onsite,full_time,senior,,2026-09-16T23:04:20.859922+00:00,employer,simplify,https://simplify.jobs/p/1c0ee0dd-6c40-4662-bd2b-645d0eb648b3
https://jobs.ashbyhq.com/Jasper%20AI/cf36519d-76b9-4c3a-b629-fd414016c048/application?embed=true&utm_source=Simplify,Staff Software Engineer - IQ,Jasper,Remote; Remote in USA,238000.0,280000.0,USD,,,2026-09-03T11:27:09+00:00,2026-08-01T01:12:38+00:00,false,,remote,full_time,senior,,2026-09-16T23:04:26.410735+00:00,ats,simplify,https://simplify.jobs/p/88d7cb93-9526-408a-884d-6e6e054a018c
https://jobs.ashbyhq.com/happyrobot.ai/7324dd6c-6c6c-4b05-871a-7da626824252/application?embed=true&utm_source=Simplify,Senior Software Engineer - Full-Stack,Happyrobot,"San Francisco, CA, USA",220000.0,250000.0,USD,,,2026-09-04T07:12:12+00:00,2025-12-20T02:11:28+00:00,false,,hybrid,full_time,senior,,2026-09-16T23:04:27.412141+00:00,ats,simplify,https://simplify.jobs/p/b4cad41d-c064-4be3-848c-713aead14879
https://job-boards.greenhouse.io/axon/jobs/7654942003?gh_src=Simplify,Staff Wireless Software Engineer,Axon,"Boston, MA, USA",168750.0,270000.0,USD,,,2026-09-04T07:24:02+00:00,2026-03-06T23:15:50+00:00,false,,hybrid,full_time,senior,,2026-09-16T23:04:27.303506+00:00,ats,simplify,https://simplify.jobs/p/0e197f87-687c-495f-a1c4-5659d22d418a
https://accenture.wd103.myworkdayjobs.com/AccentureCareers/job/Bengaluru/Custom-Software-Engineer_ATCI-5329292-S1948342?utm_source=Simplify,AI Native Software Engineer,Accenture,"Bengaluru, Karnataka, India",,,,,,2026-09-04T04:42:01+00:00,2026-07-17T22:18:39+00:00,false,,onsite,full_time,senior,,2026-09-16T23:05:05.644709+00:00,ats,simplify,https://simplify.jobs/p/92c2d8a1-2dd7-481c-a62a-d24dcd2caadd | https://simplify.jobs/p/bdfaf033-f539-4966-9b6d-b1753210104c | https://simplify.jobs/p/5923069b-9880-45af-80d9-544ede2590f8
https://globusmedical.wd5.myworkdayjobs.com/GMED_Careers/job/Audubon-PA/Senior-Software-Engineer_JR104997?utm_source=Simplify,Senior Software Engineer,Globus Medical,"Audubon, PA, USA",,,,,,2026-09-03T19:51:22+00:00,2026-06-13T09:42:16+00:00,false,,onsite,full_time,mid | senior,,2026-09-16T23:04:54.261528+00:00,ats,simplify,https://simplify.jobs/p/136784b7-ab7d-48ca-9ff0-6ca7dfc2e64f | https://simplify.jobs/p/facdb8e6-37f9-4525-9583-623f0a4cf13a | https://simplify.jobs/p/3f21d30a-3f7f-49ec-b62f-0f3982e1b26b
https://jobs.lever.co/aeva/711cf9b6-86bd-478a-8f52-c1110ccb9f7a/apply?lever-source=Simplify,Senior Staff Software Engineer - C++,Aeva,"Mountain View, CA, USA",192341.0,260239.0,USD,,,2026-09-03T17:03:18+00:00,2026-05-01T22:05:03+00:00,false,,onsite,full_time,,,2026-09-16T23:04:30.452403+00:00,ats,simplify,https://simplify.jobs/p/213c7c1f-e10a-4cce-b033-69fa758efa4c
https://jobs.ashbyhq.com/rivianvw.tech/b8f3847b-e656-4b0d-b26b-02d7b860be92/application?embed=true&utm_source=Simplify,Senior Embedded Software Engineer,Rivian and Volkswagen Group Technologies,"Palo Alto, CA, USA",146900.0,220300.0,USD,,,2026-09-03T08:09:06+00:00,2026-09-03T03:54:27+00:00,false,,hybrid,full_time,senior,,2026-09-16T23:04:42.255561+00:00,ats,simplify,https://simplify.jobs/p/d73fb606-bd72-4d70-92f4-fa533eab138f
https://job-boards.greenhouse.io/spacex/jobs/8562412002?gh_src=Simplify,Senior Software Engineer - Flight Software - Starship,SpaceX,"West Athens, CA, USA",160000.0,225000.0,USD,,,2026-09-04T05:18:01+00:00,2026-05-22T22:10:26+00:00,false,,onsite,full_time,mid | senior,,2026-09-16T23:04:40.095608+00:00,ats,simplify,https://simplify.jobs/p/2ed89620-912f-4ab1-8ff8-ba94a40e3154
https://careers-peraton.icims.com/jobs/162678/job?mobile=true&needsRedirect=false&utm_source=Simplify,Senior Software Engineer,Peraton,"Annapolis Junction, MD, USA",,,,,,2026-09-03T18:42:29+00:00,2026-05-29T22:09:09+00:00,false,,onsite,full_time,,Conflicting salary across sites,2026-09-16T23:05:00.762293+00:00,ats,simplify,https://simplify.jobs/p/7a96e584-c145-43ad-a852-e0dca3b06baa | https://simplify.jobs/p/866fefb3-a457-4731-88d5-e3cbf03bd6c5
https://jobs.ashbyhq.com/signoz/bb540719-7344-4e98-88b9-92446d58f437/application?embed=true&utm_source=Simplify,Senior Software Engineer - Frontend,SigNoz,Remote; Remote in India,,,,,,2026-09-03T19:51:22+00:00,2026-07-21T14:13:36+00:00,false,,remote,full_time,mid | senior,,2026-09-16T23:04:50.000665+00:00,ats,simplify,https://simplify.jobs/p/c541b1bf-3002-4483-b3ce-2ac609b5629b
https://walmart.wd504.myworkdayjobs.com/WalmartExternal/job/USA-Crossman-Service-Building-CA-SUNNYVALE-Home-Office/XMLNAME--USA--Senior--Software-Engineer_R-2585597-1?utm_source=Simplify,Senior Software Engineer - Android,Walmart,"Sunnyvale, CA, USA",117000.0,234000.0,USD,,,2026-09-16T12:45:19+00:00,2026-08-05T00:00:00+00:00,false,,hybrid,full_time,mid | senior,,2026-09-16T23:04:56.548864+00:00,ats,simplify,https://simplify.jobs/p/4e728358-1341-4fd7-8c28-6d13bc153a80
https://eeho.fa.us2.oraclecloud.com/hcmUI/CandidateExperience/en/sites/CX_45001/job/338770?utm_source=Simplify,Senior Software Engineer - Core Infrastructure,Oracle,"Seattle, WA, USA; Santa Clara, CA, USA",79200.0,209500.0,USD,,,2026-09-03T21:51:21+00:00,2026-07-07T06:07:54+00:00,false,,onsite,full_time,senior,,2026-09-16T23:05:19.327090+00:00,ats,simplify,https://simplify.jobs/p/605599bf-5869-4398-b44a-8f7799f2d0a2 | https://simplify.jobs/p/d9e9c908-d767-4a41-abac-b8c2a5d8f657
https://careers-netimpactstrategies.icims.com/jobs/3725/job?mobile=true&needsRedirect=false&utm_source=Simplify,AI Software Engineer,NetImpact Strategies,Remote; Remote in USA,107000.0,140000.0,USD,,,2026-09-15T09:06:02+00:00,2026-07-08T22:09:21+00:00,false,,remote,full_time,senior,,2026-09-16T23:05:13.202324+00:00,ats,simplify,https://simplify.jobs/p/691c3886-4038-47bb-878d-cc38b4654808
https://job-boards.greenhouse.io/pomelocare/jobs/6131966004?gh_src=Simplify,Staff Software Engineer,Pomelo Care,Remote; Remote in USA,220000.0,260000.0,USD,,,2026-09-16T22:36:01+00:00,2026-07-31T22:03:49+00:00,false,,remote,full_time,,,2026-09-16T23:05:14.776822+00:00,ats,simplify,https://simplify.jobs/p/2c1562d6-8497-4dcd-85dd-c038d42b33da
https://job-boards.eu.greenhouse.io/isaraerospace/jobs/4949362101?gh_src=Simplify,Senior C++ Flight Software Engineer,Isar Aerospace,"Vaterstetten, Germany",,,,,,2026-09-04T01:30:21+00:00,2026-08-10T14:17:07+00:00,false,,onsite,full_time,senior,,2026-09-16T23:05:18.579180+00:00,ats,simplify,https://simplify.jobs/p/d927c866-ae51-4be4-bc72-15ddff713d79
https://job-boards.greenhouse.io/liveperson/jobs/8094375?gh_src=Simplify,Senior Full Stack Software Engineer,LivePerson,"Remote; Berlin, Germany",,,,,,2026-09-04T00:39:22+00:00,2026-08-06T22:21:07+00:00,false,,remote,full_time,senior,,2026-09-16T23:05:32.631319+00:00,ats,simplify,https://simplify.jobs/p/a6da25a8-56ce-41d2-a758-0c340abb6b94
https://job-boards.greenhouse.io/anthropic/jobs/5301750008?gh_src=Simplify,Staff Software Engineer - Databases,Anthropic,"Seattle, WA, USA; San Francisco, CA, USA; New York, NY, USA",320000.0,485000.0,USD,,,2026-09-03T21:51:21+00:00,2026-07-07T22:05:49+00:00,false,,hybrid,full_time,senior,,2026-09-16T23:05:39.212930+00:00,ats,simplify,https://simplify.jobs/p/b39647a9-acca-4a04-a057-3fbbc783aabc
https://jobs.ashbyhq.com/netwealth/3b5ab06c-b3e7-4b2f-bffc-1cf0b2b28520/application?embed=true&utm_source=Simplify,Senior Software Engineer,Netwealth,"Melbourne VIC, Australia",,,,,,2026-09-10T10:00:32+00:00,2026-07-21T01:16:10+00:00,false,,hybrid,full_time,senior,,2026-09-16T23:05:37.005867+00:00,ats,simplify,https://simplify.jobs/p/6ffb0fdd-029b-4666-b70c-889fd8207fea
https://job-boards.greenhouse.io/freeformfuturecorp/jobs/7770721003?gh_src=Simplify,Senior Software Engineer - Full Stack Enterprise,Freeform,"Los Angeles, CA, USA",150000.0,250000.0,USD,,,2026-09-04T08:15:01+00:00,2026-06-11T22:23:30+00:00,false,,onsite,full_time,senior,,2026-09-16T23:05:37.766958+00:00,ats,simplify,https://simplify.jobs/p/5c348c6a-59cc-4948-8fe5-95acdae84baa
https://visa.wd5.myworkdayjobs.com/Visa/job/IN---Bengaluru-India/Staff-Software-Engineer_REF088231W-1?utm_source=Simplify,Staff Software Engineer,Visa,"Bengaluru, Karnataka, India",,,,,,2026-09-15T14:12:01+00:00,2026-07-04T10:58:19+00:00,false,,hybrid,full_time,senior,,2026-09-16T23:05:49.236111+00:00,ats,simplify,https://simplify.jobs/p/e1fc6cdd-f2ec-487e-a596-ad83df583cc2 | https://simplify.jobs/p/e0470f56-73d0-4aeb-a3d4-b59b8f472bc5
https://jobs.elastic.co/jobs/engineering/spain/senior-software-engineer-search-algorithms-elasticsearch/8161419?gh_src=Simplify&gh_jid=8161419,Senior Software Engineer - Search Algorithms - Elasticsearch,Elastic,Remote; Remote in Spain,67000.0,106000.0,EUR,,,2026-09-03T07:18:06+00:00,2026-08-27T15:42:11+00:00,false,,remote,full_time,senior,,2026-09-16T23:05:45.320303+00:00,employer,simplify,https://simplify.jobs/p/49638f93-1588-4dbe-90ed-5d4e10381574
https://eeho.fa.us2.oraclecloud.com/hcmUI/CandidateExperience/en/sites/CX_45001/job/337418?utm_source=Simplify,Senior Platform Software Engineer,Oracle,India,,,,,,2026-09-03T19:00:22+00:00,2026-06-18T22:05:22+00:00,false,,onsite,full_time,senior,,2026-09-16T23:06:05.441715+00:00,ats,simplify,https://simplify.jobs/p/4aea7730-caff-4dfc-9967-d409a230f40f | https://simplify.jobs/p/d48eb26f-f34f-4299-b85b-e3e73e3d8809 | https://simplify.jobs/p/f0e1b7c7-6f98-47a7-9d7d-7e173191db2b | https://simplify.jobs/p/528cd356-63f7-4faa-a6b5-4a5be080d394
https://job-boards.greenhouse.io/trueanomalyinc/jobs/5089129007?gh_src=Simplify,Staff Flight Software Engineer,True Anomaly,"Long Beach, CA, USA; Denver, CO, USA",175000.0,270000.0,USD,,,2026-09-04T07:36:01+00:00,2026-03-26T01:17:10+00:00,false,,onsite,full_time,senior,,2026-09-16T23:05:45.125235+00:00,ats,simplify,https://simplify.jobs/p/1f10d8e6-d6b6-4e6a-9dce-c17879959bf3
https://medtronic.wd1.myworkdayjobs.com/redeploymentmedtroniccareers/job/Minneapolis-Minnesota-United-States-of-America/Sr-Software-Engineer_R74516?utm_source=Simplify,Senior Software Engineer,Medtronic,"Minneapolis, MN, USA",124800.0,187200.0,USD,,,2026-09-16T11:39:21+00:00,2026-08-14T00:00:00+00:00,false,,onsite,full_time,senior,,2026-09-16T23:05:50.405389+00:00,ats,simplify,https://simplify.jobs/p/e8abf460-769c-4214-9760-175acb333db5
https://job-boards.greenhouse.io/nearform/jobs/7677599003?gh_src=Simplify,Senior Software Engineer - Python & AI,Nearform,Remote; Remote in Canada,150000.0,175000.0,CAD,,,2026-09-04T04:42:01+00:00,2026-03-25T14:24:09+00:00,false,,remote,full_time,senior,,2026-09-16T23:05:51.047627+00:00,ats,simplify,https://simplify.jobs/p/361b858e-2253-430e-9001-602c8e06d756
https://jobs.ashbyhq.com/bestow/c58074db-9c08-4b38-9dd8-266b93e7a1d7/application?embed=true&utm_source=Simplify,Senior Full-stack Software Engineer,Bestow,"Remote; Dallas, TX, USA; Remote in USA",180000.0,200000.0,USD,,,2026-09-03T19:33:19+00:00,2026-07-13T22:11:10+00:00,false,,remote,full_time,senior,,2026-09-16T23:05:57.427728+00:00,ats,simplify,https://simplify.jobs/p/9e7f69f1-1a01-4e66-a816-f7883561ffae
https://job-boards.greenhouse.io/andurilindustries/jobs/5209995007?gh_src=Simplify,Senior Software Engineer,Anduril,"Costa Mesa, CA, USA",191000.0,253000.0,USD,,,2026-09-04T02:06:24+00:00,2026-08-12T01:33:40+00:00,false,,onsite,full_time,mid | senior,,2026-09-16T23:05:55.318154+00:00,ats,simplify,https://simplify.jobs/p/d872b76e-7ad3-40c6-8fdd-1827e7f598b2
https://jobs.lever.co/protolabs/717acc9c-6a73-4751-b565-a5bed8107281/apply?lever-source=Simplify,Senior Software Engineer,Protolabs,"Wayzata, MN, USA",107400.0,161000.0,USD,,,2026-09-03T19:51:22+00:00,2026-07-20T09:07:23+00:00,false,,hybrid,full_time,senior,,2026-09-16T23:05:58.236844+00:00,ats,simplify,https://simplify.jobs/p/0d2892b3-dae3-4e13-a5ad-272e8d2be99d
https://jobs.ashbyhq.com/nectar-social/e8afacc5-eb64-4961-9ecb-1fad5d45e8f6/application?embed=true&utm_source=Simplify,Senior Software Engineer,Nectar Social,"Palo Alto, CA, USA",200000.0,300000.0,USD,,,2026-09-03T18:03:18+00:00,2026-03-10T09:25:10+00:00,false,,hybrid,full_time,senior,,2026-09-16T23:06:13.589494+00:00,ats,simplify,https://simplify.jobs/p/aa96e9f1-7a56-498d-98f0-ac0f2537cfd5
https://jobs.ashbyhq.com/openai/f7d155c9-06e8-44f0-b2eb-bfa88707f2c1/application?embed=true&utm_source=Simplify,Full-Stack Software Engineer - Emerging Products,OpenAI,"San Francisco, CA, USA",295000.0,445000.0,USD,,,2026-09-10T22:36:01+00:00,2026-09-10T22:34:35+00:00,false,,onsite,full_time,senior,,2026-09-16T23:06:22.655902+00:00,ats,simplify,https://simplify.jobs/p/1149943f-0187-45fc-9400-9c94bde726bf
https://jobs.ashbyhq.com/casca/693dae57-1684-49ed-8b68-3bc41e732ed4/application?embed=true&utm_source=Simplify,Staff Software Engineer,Casca,"San Francisco, CA, USA",185000.0,255000.0,USD,,,2026-09-10T01:28:18+00:00,2026-09-10T01:24:11+00:00,false,,onsite,full_time,senior,,2026-09-16T23:06:46.623634+00:00,ats,simplify,https://simplify.jobs/p/88c216ba-2a98-4eb0-81aa-0deed94d08b6
https://job-boards.greenhouse.io/clear/jobs/8009883?gh_src=Simplify,Staff Software Engineer,CLEAR,"New York, NY, USA",325000.0,500000.0,USD,,,2026-09-04T08:15:01+00:00,2026-06-16T19:40:37+00:00,false,,onsite,full_time,senior,,2026-09-16T23:06:53.415597+00:00,ats,simplify,https://simplify.jobs/p/82f85e24-c147-48cb-9467-237034ac41da
https://outsystems.wd503.myworkdayjobs.com/OutSystems/job/India---Bangalore/Senior-Software-Engineer_R1743?utm_source=Simplify,Senior Software Engineer - Tenant Lifecycle,OutSystems,"Bengaluru, Karnataka, India",,,,,,2026-09-10T13:49:02+00:00,2026-09-09T00:00:00+00:00,false,,onsite,full_time,senior,,2026-09-16T23:06:56.937165+00:00,ats,simplify,https://simplify.jobs/p/fef01658-e3fc-4204-b4fb-acf842aebf4e
https://petersontechnologies.applytojob.com/apply/F9YIMIOdhs/Senior-Software-Engineer?utm_source=Simplify,Senior Software Engineer,Peterson Technologies,"Annapolis Junction, MD, USA",180000.0,260000.0,USD,,,2026-09-03T21:39:22+00:00,2026-08-03T06:12:05+00:00,false,,onsite,full_time,,,2026-09-16T23:06:58.264531+00:00,ats,simplify,https://simplify.jobs/p/f9b43e9f-05d1-40ef-8931-8f3608a36a81
https://job-boards.greenhouse.io/anthropic/jobs/5389305008?gh_src=Simplify,Staff Software Engineer - Education,Anthropic,"San Francisco, CA, USA; New York, NY, USA",320000.0,405000.0,USD,,,2026-09-03T16:45:18+00:00,2026-08-13T22:40:55+00:00,false,,hybrid,full_time,senior,,2026-09-16T23:07:04.766304+00:00,ats,simplify,https://simplify.jobs/p/8e51f970-d858-4600-9aa6-cc70888a56a0
https://corningjobs.corning.com/job/Concord-Digital-Software-Engineer-ITOT-(Concord-NC)-NC-28026/1426722600/?ats=successfactors&utm_source=Simplify,Digital Software Engineer IT/OT,Corning,"Concord, NC, USA",75274.0,103503.0,USD,,,2026-09-04T06:15:01+00:00,2026-09-04T06:13:06+00:00,false,,onsite,full_time,senior,,2026-09-16T23:07:21.268046+00:00,employer,simplify,https://simplify.jobs/p/1c0df87f-f269-4a57-9e2d-244e5f768ed8 | https://simplify.jobs/p/ff2b366b-df16-4e24-8741-77279bc8bd0b
https://job-boards.greenhouse.io/ethernovia/jobs/4087366007?gh_src=Simplify,Software Engineer - Frameworks,Ethernovia,"Pune, Maharashtra, India",,,,,,2026-03-21T22:08:36+00:00,2025-07-14T20:33:11+00:00,false,,onsite,full_time,mid | senior,,2026-09-16T23:07:17.002900+00:00,ats,simplify,https://simplify.jobs/p/140ec675-2d21-4deb-b680-edc1f85ee254
https://paloaltonetworks.wd5.myworkdayjobs.com/panwexternalcareers/job/Office---USA---CA---Headquarters/Senior-Principal-Software-Engineer--Cloud-Management-_JR-019888?utm_source=Simplify,Senior Principal Software Engineer - Cloud Management,Palo Alto Networks,"California, USA",170000.0,277000.0,USD,,,2026-09-03T19:33:19+00:00,2026-07-13T00:00:00+00:00,false,,onsite,full_time,senior,,2026-09-16T23:07:21.751561+00:00,ats,simplify,https://simplify.jobs/p/7884f1fb-9fd7-4bcf-9856-ac77f996338b
https://jobs.ashbyhq.com/semgrep/92b21a3a-fba8-4d71-9f4d-217850689f5f/application?embed=true&utm_source=Simplify,Senior Backend Software Engineer,Semgrep,"Boston, MA, USA; San Francisco, CA, USA; New York, NY, USA; Denver, CO, USA",163000.0,246500.0,USD,,,2026-09-03T18:27:21+00:00,2026-05-19T01:09:06+00:00,false,,hybrid,full_time,mid | senior,,2026-09-16T23:07:25.040784+00:00,ats,simplify,https://simplify.jobs/p/f01d02ae-0b5f-4441-bb57-393d01637f6d
https://jobs.ashbyhq.com/docker/57ccbca7-6818-4e34-8f31-bf762e1f4e00/application?embed=true&utm_source=Simplify,Staff Software Engineer - Networking,Docker,"Remote; Seattle, WA, USA; San Francisco Bay Area, CA, USA; San Francisco, CA, USA",170350.0,275550.0,USD,,,2026-09-03T20:09:21+00:00,2026-07-27T22:22:01+00:00,false,,remote,full_time,senior,,2026-09-16T23:07:28.781714+00:00,ats,simplify,https://simplify.jobs/p/c00b1759-e513-447f-9be2-28cede969b8e
https://jobs.lever.co/emburse/235a76b5-7088-4365-8ef5-491ecbc8a542/apply?lever-source=Simplify,Staff Software Engineer,Emburse,"Barcelona, Spain",,,,,,2026-09-12T12:03:01+00:00,2026-08-03T22:08:40+00:00,false,,onsite,full_time,senior,,2026-09-16T23:07:44.759246+00:00,ats,simplify,https://simplify.jobs/p/ff11a302-a9fb-4d32-b937-4fecfb9faf2d
https://job-boards.greenhouse.io/anthropic/jobs/5400160008?gh_src=Simplify,Software Engineer - Business Technology,Anthropic,"London, UK",255000.0,325000.0,GBP,,,2026-09-03T09:33:09+00:00,2026-08-24T22:19:48+00:00,false,,hybrid,full_time,senior,,2026-09-16T23:07:32.187031+00:00,ats,simplify,https://simplify.jobs/p/fb8b5e08-2ee6-4cfe-843d-a72d25e69eab
https://eeho.fa.us2.oraclecloud.com/hcmUI/CandidateExperience/en/sites/CX_45001/job/345409?utm_source=Simplify,Senior Software Engineer - Core Infrastructure,Oracle,"Nashville, TN, USA",79200.0,209500.0,USD,,,2026-09-15T14:21:01+00:00,2026-09-15T14:20:27+00:00,false,,onsite,full_time,mid | senior,,2026-09-16T23:07:43.371489+00:00,ats,simplify,https://simplify.jobs/p/7d3bf903-d0ca-4def-8f18-31537d6a0adb
https://walmart.wd504.myworkdayjobs.com/WalmartExternal/job/Bellevue-WA/Staff-Software-Engineer_R-2530951-1?utm_source=Simplify,Staff Software Engineer - Java,Walmart,"Bellevue, WA, USA",132000.0,264000.0,USD,,,2026-09-16T10:51:10+00:00,2026-08-07T22:21:39+00:00,false,,onsite,full_time,mid | senior,,2026-09-16T23:07:47.917905+00:00,ats,simplify,https://simplify.jobs/p/b929c7b1-9cd9-4c3a-8004-30a65b18fbea
https://leidos.wd5.myworkdayjobs.com/External/job/Columbia-MD/Software-Engineer---25k-Sign-on-Bonus_R-00189576?utm_source=Simplify,Software Engineer - 25k Sign on Bonus,Leidos,"Columbia, MD, USA",107900.0,195050.0,USD,,,2026-09-16T13:27:22+00:00,2026-08-13T00:00:00+00:00,false,,onsite,full_time,senior,,2026-09-16T23:07:48.834093+00:00,ats,simplify,https://simplify.jobs/p/5eb03886-7b6b-4363-a647-3b98d9eaab28
https://job-boards.greenhouse.io/embed/job_app?for=toast&gh_src=Simplify&token=7888090,Senior/Staff Software Engineer,Toast,"Toronto, ON, Canada",125000.0,175000.0,CAD,,,2026-09-08T22:27:26+00:00,2026-05-05T22:16:34+00:00,false,,hybrid,full_time,mid | senior,,2026-09-16T23:07:46.200593+00:00,ats,simplify,https://simplify.jobs/p/98600124-2d04-45e4-9d88-5ccb3918eb84
https://www.careers.zurich.com/job/Schaumburg-Senior-Software-Engineer-IL-60159/1369454357/?ats=successfactors&utm_source=Simplify,Senior Software Engineer,Zurich Insurance,"Schaumburg, IL, USA",154817.0,154817.0,USD,,,2026-09-03T16:45:18+00:00,2026-08-14T03:41:48+00:00,false,,hybrid,full_time,senior,,2026-09-16T23:07:55.431120+00:00,employer,simplify,https://simplify.jobs/p/cf079d9b-1021-4681-8201-ec03e82aa909
https://generalmotors.wd5.myworkdayjobs.com/en-CA/Careers_GM/job/Warren-Michigan-United-States-of-America/Staff-Software-Engineer---Golang_JR-202619806?utm_source=Simplify,Staff Software Engineer - Golang,General Motors,"Austin, TX, USA; Mountain View, CA, USA; Warren, MI, USA",,,,,,2026-09-16T22:43:04+00:00,2026-09-15T00:00:00+00:00,false,,hybrid,full_time,senior,,2026-09-16T23:08:06.382729+00:00,ats,simplify,https://simplify.jobs/p/8a184895-0560-4daf-bf9d-e47a7d29e46e
https://job-boards.greenhouse.io/celonis/jobs/7791427003?gh_jid=7791427003&gh_src=Simplify,Staff Software Engineer - Java,Celonis,"Bengaluru, Karnataka, India",,,,,,2026-09-03T20:21:27+00:00,2026-07-22T09:34:26+00:00,false,,hybrid,full_time,senior,,2026-09-16T23:08:05.962841+00:00,ats,simplify,https://simplify.jobs/p/cc7667b3-69b5-4367-bb44-bcd5497d8770
https://alkami.wd12.myworkdayjobs.com/alkami/job/US-Remote/Sr-Software-Engineer_JR-000767?utm_source=Simplify,Senior Software Engineer,Alkami Technology,Remote; Remote in USA,,,,,,2026-09-16T13:27:22+00:00,2026-07-04T06:06:17+00:00,false,,remote,full_time,senior,Conflicting salary across sites,2026-09-16T23:08:37.677969+00:00,ats,simplify,https://simplify.jobs/p/bf4ffb99-4063-431f-ab8f-09181d13e3e6 | https://simplify.jobs/p/de227e37-28de-48cd-a341-d2f574ae29ae | https://simplify.jobs/p/a3a2b045-ba89-4ae1-974f-102e50bfda99 | https://simplify.jobs/p/212bac05-f354-494d-bcd0-dc2516860389
https://job-boards.greenhouse.io/gitlab/jobs/8785285002?gh_src=Simplify,Senior Software Engineer - NLP,GitLab,"Remote; Bengaluru, Karnataka, India",,,,,,2026-09-10T09:15:01+00:00,2026-09-09T06:29:52+00:00,false,,remote,full_time,senior,,2026-09-16T23:08:13.120203+00:00,ats,simplify,https://simplify.jobs/p/ca4725fb-33f9-424f-b029-f3d05e6eedde
https://www.riotgames.com/en/work-with-us/job/7906062?gh_jid=7906062&gh_src=Simplify,Staff Software Engineer,Riot Games,"Los Angeles, CA, USA; Mercer Island, WA, USA",,,,,,2026-09-05T09:51:01+00:00,2026-06-02T22:21:28+00:00,false,,onsite,full_time,mid | senior,,2026-09-16T23:08:18.702786+00:00,employer,simplify,https://simplify.jobs/p/66eac997-33b2-4bb7-abb3-10626c50a0da
https://job-boards.greenhouse.io/smithrx/jobs/8472599002?gh_src=Simplify,Staff Software Engineer - Platform,SmithRx,Remote; Remote in USA,156000.0,234000.0,USD,,,2026-09-04T07:36:01+00:00,2026-03-27T22:23:43+00:00,false,,remote,full_time,senior,,2026-09-16T23:08:15.807684+00:00,ats,simplify,https://simplify.jobs/p/e7edae2b-b67e-4b46-9a66-cd857781a5d3
https://job-boards.greenhouse.io/dialpad/jobs/8766154002?gh_src=Simplify,Senior Software Engineer - Integrations,Dialpad,"Bengaluru, Karnataka, India",,,,,,2026-09-16T14:23:39+00:00,2026-09-16T14:20:49+00:00,false,,hybrid,full_time,senior,,2026-09-16T23:08:21.961112+00:00,ats,simplify,https://simplify.jobs/p/ce44a45d-64bb-485d-9132-5ff051e4f2da
https://job-boards.greenhouse.io/alphasense/jobs/8394374002?gh_src=Simplify,Staff Software Engineer,AlphaSense,Remote; Remote in USA,176000.0,242000.0,USD,,,2026-09-04T07:24:02+00:00,2026-03-05T02:25:22+00:00,false,,remote,full_time,,,2026-09-16T23:08:29.185819+00:00,ats,simplify,https://simplify.jobs/p/38caa508-f28d-4f46-be55-23cb1fff989b
https://job-boards.greenhouse.io/kraftonamericas/jobs/8645900002?gh_src=Simplify,Game Security Software Engineer,KRAFTON,"El Segundo, CA, USA",146000.0,200000.0,USD,,,2026-09-03T20:03:20+00:00,2026-07-24T22:34:09+00:00,false,,onsite,full_time,senior,,2026-09-16T23:08:29.655513+00:00,ats,simplify,https://simplify.jobs/p/bfc80729-9a13-4490-af38-ede758bf317f
https://job-boards.greenhouse.io/heygen/jobs/4225179007?gh_src=Simplify,Frontend Software Engineer,HeyGen,"Palo Alto, CA, USA; Toronto, ON, Canada; San Francisco, CA, USA; Los Angeles, CA, USA",180000.0,240000.0,USD,,,2026-09-04T05:18:01+00:00,2024-06-05T07:06:56+00:00,false,,onsite,full_time,mid | senior,,2026-09-16T23:08:32.830571+00:00,ats,simplify,https://simplify.jobs/p/ddef8625-d294-446b-98e4-6ec749f86ea5
https://job-boards.greenhouse.io/peregrinetechnologies/jobs/4723356005?gh_src=Simplify,Senior Software Engineer,Peregrine,"Washington, DC, USA",200000.0,250000.0,USD,,,2026-09-09T06:39:21+00:00,2026-08-11T22:25:19+00:00,false,,hybrid,full_time,mid | senior,,2026-09-16T23:08:36.478752+00:00,ats,simplify,https://simplify.jobs/p/254fc0a4-86ba-4cb4-9d18-b0551bb1a0d1
https://jobs.ashbyhq.com/Suite-Studios/1d9a3cbc-f28a-41e0-bb18-4ba35725f3e3/application?embed=true&utm_source=Simplify,Senior Software Engineer,Suite Studios,Remote in USA,150000.0,200000.0,USD,,,2026-09-04T07:24:02+00:00,2026-03-05T15:25:43+00:00,false,,hybrid,full_time,senior,,2026-09-16T23:08:39.020235+00:00,ats,simplify,https://simplify.jobs/p/31dfde02-0e96-46c6-a147-7be89b6c9be7
https://jobs.ashbyhq.com/leona/1ad5b1c3-4baf-428d-83bc-bf08e68e0416/application?embed=true&utm_source=Simplify,Staff Software Engineer - Backend,Leona Health,"Remote; San Francisco, CA, USA",,,,,,2026-09-03T19:18:21+00:00,2026-07-04T14:08:11+00:00,false,,remote,full_time,senior,,2026-09-16T23:08:48.215437+00:00,ats,simplify,https://simplify.jobs/p/607e9125-95b8-4a13-a0d5-55dd7441761a
https://jobs.ashbyhq.com/partly.com/2adc6a31-27fa-4bc2-979e-46141ca1a600/application?embed=true&utm_source=Simplify,Staff/Senior Staff Software Engineer - Austin,Partly,"Austin, TX, USA",,,,,,2026-09-04T01:48:21+00:00,2026-08-11T09:37:45+00:00,false,,onsite,full_time,senior,,2026-09-16T23:08:50.902562+00:00,ats,simplify,https://simplify.jobs/p/d76640a4-488d-4cdd-9ef6-5207e9cefb57
https://intel.wd1.myworkdayjobs.com/en-us/external/job/US-Oregon-Hillsboro/Senior-GPU-Performance-Software-Engineer_JR0286580?utm_source=Simplify,Senior GPU Performance Software Engineer,Intel,"Santa Clara, CA, USA; Hillsboro, OR, USA",195200.0,275580.0,USD,,,2026-09-16T14:34:13+00:00,2026-08-26T00:00:00+00:00,false,,hybrid,full_time,mid | senior,,2026-09-16T23:08:57.375653+00:00,ats,simplify,https://simplify.jobs/p/bf525310-e15b-4c9f-9095-5af6fcbf8f95
https://bah.wd1.myworkdayjobs.com/bah_jobs/job/Springfield-VA/AWS-Geospatial-Software-Engineer_R0243679?utm_source=Simplify,AWS Geospatial Software Engineer,Booz Allen,"Springfield, VA, USA; Chantilly, VA, USA; McLean, VA, USA; Reston, VA, USA",86800.0,198000.0,USD,,,2026-09-03T19:12:22+00:00,2026-07-02T22:09:43+00:00,false,,onsite,full_time,senior,,2026-09-16T23:09:04.025642+00:00,ats,simplify,https://simplify.jobs/p/5aeb6e1d-29bb-4991-a63e-9f13804750ef
http://henryscheinone.applytojob.com/apply/xqq26754KR/Staff-Software-Engineer-Dentrix?utm_source=Simplify,Staff Software Engineer,Henry Schein One,Remote; Remote in USA,150000.0,165000.0,USD,,,2026-09-03T21:39:22+00:00,2026-08-03T06:16:32+00:00,false,,remote,full_time,senior,,2026-09-16T23:08:59.954952+00:00,ats,simplify,https://simplify.jobs/p/efc18ce8-97ec-45ea-935f-b7ffddd45f4b
https://intelliforceitsolutionsgroup.applytojob.com/apply/F3lUf6kN4G/Senior-Software-Engineer-Prime?utm_source=Simplify,Senior Software Engineer - Prime,Intelliforce-IT Solutions Group,"Annapolis Junction, MD, USA",196000.0,252000.0,USD,,,2026-09-15T22:36:01+00:00,2026-09-15T22:20:00+00:00,false,,onsite,full_time,senior,,2026-09-16T23:09:01.912154+00:00,ats,simplify,https://simplify.jobs/p/205f3b56-96da-4117-a360-a437ad7c4d3e
https://job-boards.greenhouse.io/hudl/jobs/8162463?gh_src=Simplify,Senior Software Engineer,Hudl,"Remote; Lexington, KY, USA; Lincoln, NE, USA; Omaha, NE, USA",112000.0,187000.0,USD,,,2026-09-09T22:45:10+00:00,2026-08-27T23:24:06+00:00,false,,remote,full_time,senior,,2026-09-16T23:09:11.538232+00:00,ats,simplify,https://simplify.jobs/p/8f207fa1-e5d8-481b-9b28-a2ae097f797c
https://jobs.ashbyhq.com/bjakcareer/eff3f437-4bfa-4970-91f8-58b21f80b18d/application?embed=true&utm_source=Simplify,Staff Software Engineer,BJAK,Remote; Remote in India,,,,,,2026-09-03T07:33:06+00:00,2026-08-27T06:57:44+00:00,false,,remote,full_time,senior,,2026-09-16T23:09:09.729622+00:00,ats,simplify,https://simplify.jobs/p/28426a32-a1d6-412e-b3c5-f4932493ef78
https://mastercard.wd1.myworkdayjobs.com/CorporateCareers/job/Dublin-Ireland/Senior-Software-Engineer_R-279224?utm_source=Simplify,Senior Software Engineer,Mastercard,"Dublin, Ireland",,,,,,2026-09-04T04:42:01+00:00,2026-07-02T01:40:33+00:00,false,,onsite,full_time,senior,,2026-09-16T23:09:14.558427+00:00,ats,simplify,https://simplify.jobs/p/7520ffb9-7990-42a3-9cab-bf856e76d953
https://jobs.ashbyhq.com/apexx/94505986-4654-4384-8a52-e2c9fed5b91c/application?embed=true&utm_source=Simplify,Senior Backend Software Engineer,APEXX Global,"Pune, Maharashtra, India; Bengaluru, Karnataka, India",,,,,,2026-09-14T21:09:01+00:00,2026-09-14T21:08:46+00:00,false,,hybrid,full_time,senior,,2026-09-16T23:09:15.122249+00:00,ats,simplify,https://simplify.jobs/p/c70ea9b3-9a2c-4873-8d26-3564c2503a9a
https://job-boards.greenhouse.io/2k/jobs/7653108003?gh_src=Simplify,Expert Gameplay AI Software Engineer,2K,"Burnaby, BC, Canada",114300.0,169140.0,CAD,,,2026-09-03T12:36:02+00:00,2026-08-25T18:27:25+00:00,false,,onsite,full_time,senior,,2026-09-16T23:09:21.998312+00:00,ats,simplify,https://simplify.jobs/p/1a9d4cc0-7ecb-436e-ae2c-46482383bf49
https://job-boards.greenhouse.io/andurilindustries/jobs/5092677007?gh_src=Simplify,Senior Software Engineer - Flight Software,Anduril,"Melbourne VIC, Australia",,,,,,2026-09-03T18:15:29+00:00,2026-03-30T06:23:33+00:00,false,,onsite,full_time,senior,,2026-09-16T23:09:31.673636+00:00,ats,simplify,https://simplify.jobs/p/172998b0-1f50-4864-af94-923f882ffb48
https://jobs.ashbyhq.com/Commure/ee0220cc-ecec-413f-a22a-4d4d229683de/application?embed=true&utm_source=Simplify,Senior Software Engineer - AI Integrations,Commure,"San Francisco, CA, USA; Los Angeles, CA, USA; New York, NY, USA; Mountain View, CA, USA",180000.0,230000.0,USD,,,2026-09-04T04:42:01+00:00,2026-06-20T01:09:53+00:00,false,,hybrid,full_time,senior,,2026-09-16T23:09:36.113898+00:00,ats,simplify,https://simplify.jobs/p/357932d3-dbe3-4475-ae1f-26ace0f24e98
https://job-boards.eu.greenhouse.io/proton/jobs/4881705101?gh_src=Simplify,Senior iOS Software Engineer - Barcelona,Proton,"Sant Cugat del Vallès, Barcelona, Spain",60000.0,110000.0,EUR,,,2026-09-04T08:42:09+00:00,2026-07-01T22:25:28+00:00,false,,onsite,full_time,senior,,2026-09-16T23:09:34.361878+00:00,ats,simplify,https://simplify.jobs/p/3b0266f1-2536-482e-a953-f5ab73dbc1dd
https://jobs.lever.co/moonpay/2ea0b7ba-75a0-43e1-a80a-c561d8c74c5e/apply?lever-source=Simplify,Senior/Staff Software Engineer - Moonpay Enterprise,MoonPay,"Berlin, Germany",180000.0,300000.0,USD,,,2026-09-15T22:12:02+00:00,2026-09-15T22:07:04+00:00,false,,hybrid,full_time,mid | senior,,2026-09-16T23:09:42.841418+00:00,ats,simplify,https://simplify.jobs/p/aa9f6021-d015-4107-a9ea-894c929b9615
https://walmart.wd504.myworkdayjobs.com/WalmartExternal/job/USA-Crossman-Excellence-Building-CA-SUNNYVALE-Home-Office/Staff--Software-Engineer---Android-IOS_R-2567425?utm_source=Simplify,Staff Software Engineer - Android/iOS,Walmart,"Sunnyvale, CA, USA",143000.0,286000.0,USD,,,2026-09-16T10:03:55+00:00,2026-07-29T00:00:00+00:00,false,,onsite,full_time,mid | senior,,2026-09-16T23:09:52.935956+00:00,ats,simplify,https://simplify.jobs/p/60dbf389-8871-4bed-8483-087a475bf11a
https://job-boards.greenhouse.io/oscar/jobs/7205654?gh_src=Simplify,Senior Software Engineer - Backend,Oscar Health,"Tempe, AZ, USA",158400.0,207900.0,USD,,,2026-09-15T14:12:01+00:00,2025-10-31T08:10:48+00:00,false,,hybrid,full_time,senior,,2026-09-16T23:09:52.415295+00:00,ats,simplify,https://simplify.jobs/p/9d9fc4cf-429f-4ba1-91c7-123e2fdcf817
https://jobs.jobvite.com/iboss/job/olrdAfwj?nl=1&nl=1&fr=false&utm_source=Simplify,C++ Software Engineer,iboss,"Washington, USA; Pennsylvania, USA; Washington, DC, USA; Austin, TX, USA; Florida, USA; Nevada, USA; Richmond, VA, USA; Arizona, USA; Concord, NH, USA; Tennessee, USA; Virginia, USA; Utah, USA; Kentucky, USA; Massachusetts, USA; North Carolina, USA; Atlanta, GA, USA; Ohio, USA; Michigan, USA; Illinois, USA; United States",,,,,,2026-09-03T18:48:22+00:00,2026-06-11T09:06:33+00:00,false,,onsite,full_time,senior,,2026-09-16T23:09:54.313393+00:00,ats,simplify,https://simplify.jobs/p/f6ded64c-25b6-4e71-a083-ba8747678afc
https://jobs.lever.co/redhorsecorp/03b22595-722e-4a0d-ab21-b471128e3bf6/apply?lever-source=Simplify,Senior Software Engineer,Redhorse,"Chantilly, VA, USA",180000.0,230000.0,USD,,,2026-09-03T18:48:22+00:00,2026-06-12T22:06:52+00:00,false,,onsite,full_time,senior,,2026-09-16T23:10:01.770677+00:00,ats,simplify,https://simplify.jobs/p/5156b80c-dfec-4f0b-8f40-eb5fdc1e71c7
https://gevernova.wd5.myworkdayjobs.com/only_confidential_executive_recruiting/job/Bellevue/Sr-Electricity-Market-Optimization-Software-Engineer_R5041955-1?utm_source=Simplify,Senior Electricity Market Optimization Software Engineer,GE Vernova,"Remote; Bellevue, WA, USA",127880.0,191820.0,USD,,,2026-09-08T14:57:42+00:00,2026-07-28T14:03:52+00:00,false,,remote,full_time,mid | senior,,2026-09-16T23:10:27.253012+00:00,ats,simplify,https://simplify.jobs/p/c5251e3f-2e55-4c04-9599-830c023ace0b | https://simplify.jobs/p/378813bb-d2e3-46a7-ac91-49f09e431117
https://job-boards.greenhouse.io/archer56/jobs/7977715003?gh_src=Simplify,Senior Embedded Software Engineer - CCU,Archer,"San Jose, CA, USA",189072.0,198525.6,USD,,,2026-09-16T22:36:01+00:00,2026-08-26T00:17:04+00:00,false,,onsite,full_time,mid,,2026-09-16T23:10:11.776606+00:00,ats,simplify,https://simplify.jobs/p/873129dc-485b-42e6-8066-d6ebc544b776
https://jobs.lever.co/life/fe872cf3-6c45-489e-b0e0-b823e87894d7/apply?lever-source=Simplify,Senior Mobile Software Engineer,Life.Church,"Edmond, OK, USA",,,,,,2026-09-03T20:39:22+00:00,2026-07-31T22:06:12+00:00,false,,onsite,full_time,mid,,2026-09-16T23:10:15.663146+00:00,ats,simplify,https://simplify.jobs/p/433ac7a5-282b-4cd2-bcb9-51b3c21f1e9b
https://job-boards.greenhouse.io/accenturefederalservices/jobs/4698916006?gh_src=Simplify,Full Stack Software Engineer,Accenture,"Arlington County, Arlington, VA, USA",107300.0,153100.0,USD,,,2026-09-04T09:54:01+00:00,2026-07-22T14:05:46+00:00,false,,onsite,full_time,senior,,2026-09-16T23:10:26.367646+00:00,ats,simplify,https://simplify.jobs/p/e8e0011c-fbf7-414f-bc64-4c4c246c1700
https://jobs.lever.co/wyetechllc/d0bc92d3-13dd-4254-a584-e033797a72b3/apply?lever-source=Simplify,Software Engineer 2,Wyetech,"Annapolis Junction, MD, USA",,,,,,2026-09-04T05:18:01+00:00,2026-05-18T14:02:54+00:00,false,,onsite,full_time,mid | senior,Conflicting salary across sites,2026-09-16T23:11:00.330360+00:00,ats,simplify,https://simplify.jobs/p/253c615e-b76f-477b-a262-62b71db2b49a | https://simplify.jobs/p/3c1e833c-4e90-40e8-854a-afe5025aa067 | https://simplify.jobs/p/ca3594b8-fd30-4125-9902-1c4efe605796 | https://simplify.jobs/p/8f5a69d7-c5d2-4846-a24a-bafd3ff1b920
https://jobs.lever.co/CesiumAstro/9f8fdd2b-296d-408e-8295-c7c1c9dfa83c/apply?lever-source=Simplify,Senior Embedded Software Engineer,CesiumAstro,"El Segundo, CA, USA",140000.0,168000.0,USD,,,2026-09-03T05:27:07+00:00,2026-08-31T05:00:03+00:00,false,,onsite,full_time,senior,,2026-09-16T23:10:36.073174+00:00,ats,simplify,https://simplify.jobs/p/25f171bb-4213-48e0-941c-505f71019b3f
https://jobs.ashbyhq.com/harvey/823658d8-21ae-46e5-ac93-1454e6527c63/application?embed=true&utm_source=Simplify,Senior Software Engineer,Harvey,"San Francisco, CA, USA",175000.0,250000.0,USD,,,2026-09-03T17:09:30+00:00,2026-01-16T02:14:25+00:00,false,,onsite,full_time,mid,,2026-09-16T23:10:40.436148+00:00,ats,simplify,https://simplify.jobs/p/76529fc1-9502-4796-bcba-3b2fe9f75ce9
https://jobs.ashbyhq.com/payabli/76bd6aa2-15b2-4409-bfbe-86116e3d21d9/application?embed=true&utm_source=Simplify,Senior Software Engineer - Backend,Payabli,"Remote; Miami, FL, USA",,,,,,2026-09-03T20:48:22+00:00,2026-07-14T22:12:32+00:00,false,,remote,full_time,senior,,2026-09-16T23:10:40.976700+00:00,ats,simplify,https://simplify.jobs/p/e0e4c967-90a3-46ab-a3e4-3d4c0e18e386
https://jobs.ashbyhq.com/numeric/ab300c31-df75-48a7-937a-d882774be688/application?embed=true&utm_source=Simplify,Software Engineer - Product,Numeric,"New York, NY, USA",175000.0,260000.0,USD,,,2026-09-16T09:00:04+00:00,2026-07-17T22:12:02+00:00,false,,onsite,full_time,senior,,2026-09-16T23:10:45.784573+00:00,ats,simplify,https://simplify.jobs/p/3ed098cf-e76d-45a9-8f29-0dcdb4c072cc
https://job-boards.greenhouse.io/clutch/jobs/6177539004?gh_src=Simplify,Senior Software Engineer,Clutch Technologies,"Toronto, ON, Canada",160000.0,200000.0,CAD,,,2026-09-03T03:24:06+00:00,2026-09-01T16:19:57+00:00,false,,hybrid,full_time,mid | senior,,2026-09-16T23:10:48.614189+00:00,ats,simplify,https://simplify.jobs/p/2859d692-d6c9-4b78-b5af-6f5f0c1be137
https://job-boards.greenhouse.io/affirm/jobs/7819451003?gh_src=Simplify,Staff CIAM Software Engineer,Affirm,Remote; Remote in Canada,181000.0,241000.0,CAD,,,2026-09-10T14:39:01+00:00,2026-08-12T11:29:25+00:00,false,,remote,full_time,mid | senior,,2026-09-16T23:10:49.498066+00:00,ats,simplify,https://simplify.jobs/p/28b27a65-9fae-421b-97c0-abbc07ff5a19
https://careers.capgemini.com/job/Hyderabad-Senior-Software-Engineer/1432652933/?ats=successfactors&utm_source=Simplify,Senior Software Engineer,Capgemini,"Hyderabad, Telangana, India",,,,,,2026-09-15T14:18:01+00:00,2026-08-03T06:09:52+00:00,false,,onsite,full_time,senior,,2026-09-16T23:11:18.872901+00:00,employer,simplify,https://simplify.jobs/p/8acb18a8-6a24-48ad-b1e2-0c6c0433ffd1 | https://simplify.jobs/p/b1cdb561-5688-46b2-a098-771b35c7fd53 | https://simplify.jobs/p/245c680c-7685-4b7a-b1a4-52a330d4626a | https://simplify.jobs/p/4c9108d1-3c5b-48fb-964d-fda97db7cd1c | https://simplify.jobs/p/a2382174-54da-4cba-9a61-17f388b00110
https://job-boards.greenhouse.io/andurilindustries/jobs/5215609007?gh_src=Simplify,Mission Software Engineer Senior,Anduril,"Reston, VA, USA",220000.0,292000.0,USD,,,2026-09-03T14:06:30+00:00,2026-08-19T01:31:03+00:00,false,,onsite,full_time,mid | senior,,2026-09-16T23:10:52.062396+00:00,ats,simplify,https://simplify.jobs/p/2b834453-b091-484e-8fec-4268be1b690c
https://job-boards.greenhouse.io/anthropic/jobs/5367585008?gh_src=Simplify,Software Engineer - Desktop,Anthropic,"San Francisco, CA, USA; New York, NY, USA",320000.0,485000.0,USD,,,2026-09-04T01:48:21+00:00,2026-08-11T22:16:24+00:00,false,,hybrid,full_time,senior,,2026-09-16T23:10:53.890701+00:00,ats,simplify,https://simplify.jobs/p/cd3b6424-731c-4373-8ce7-17b9bcdb76eb
https://job-boards.eu.greenhouse.io/saasgroup/jobs/4973041101?gh_src=Simplify,Senior Software Engineer - AI,saas.group,Remote; Europe,,,,,,2026-09-15T14:18:01+00:00,2026-09-10T14:11:05+00:00,false,,remote,full_time,senior,,2026-09-16T23:11:02.784742+00:00,ats,simplify,https://simplify.jobs/p/b366a27e-0a48-402b-8cc6-831291254392
https://job-boards.greenhouse.io/hyperfine53/jobs/5740105004?gh_src=Simplify,Senior Software Engineer - Cloud,Hyperfine,"Branford, CT, USA",143500.0,165000.0,USD,,,2025-12-19T23:35:46+00:00,2025-12-19T23:35:46+00:00,false,,onsite,full_time,senior,,2026-09-16T23:11:04.894638+00:00,ats,simplify,https://simplify.jobs/p/8956b383-59ae-4113-afe9-2a41812404d8
https://earlywarning.wd5.myworkdayjobs.com/earlywarningcareers/job/Scottsdale/Staff-Software-Engineer---AIOps_REQ2026836?utm_source=Simplify,Staff Software Engineer - AIOps,Early Warning,"San Francisco, CA, USA; Chicago, IL, USA; Scottsdale, AZ, USA",124000.0,198000.0,USD,,,2026-09-04T04:42:01+00:00,2026-08-27T00:00:00+00:00,false,,hybrid,full_time,senior,,2026-09-16T23:11:09.337988+00:00,ats,simplify,https://simplify.jobs/p/55a00062-6382-48af-85a7-af484ddac029
https://apply.workable.com/mercari-india/j/BF081E58B1/apply?utm_source=Simplify,Senior Software Engineer - Backend,Mercari,"Bengaluru, Karnataka, India",,,,,,2026-09-04T01:18:24+00:00,2026-08-08T06:19:13+00:00,false,,hybrid,full_time,senior,,2026-09-16T23:11:14.747116+00:00,ats,simplify,https://simplify.jobs/p/53fa1e26-8400-400d-b6c1-ea1be430d318
https://kla.wd1.myworkdayjobs.com/search/job/Ann-Arbor-MI/Full-Stack-Software-Engineer---Remote-Services_2639356?utm_source=Simplify,Full-Stack Software Engineer,KLA,"Ann Arbor, MI, USA",105900.0,155300.0,USD,,,2026-09-16T22:40:48+00:00,2026-08-11T00:00:00+00:00,false,,onsite,full_time,mid | senior,,2026-09-16T23:11:19.015193+00:00,ats,simplify,https://simplify.jobs/p/7ddb4ba8-024b-4108-9f68-fde005485462
https://job-boards.greenhouse.io/justworks/jobs/7913187?gh_src=Simplify,Senior Software Engineer - Onboarding,Justworks,"New York, NY, USA",188000.0,242000.0,USD,,,2026-09-04T08:03:01+00:00,2026-06-03T22:11:42+00:00,false,,hybrid,full_time,senior,,2026-09-16T23:11:16.063722+00:00,ats,simplify,https://simplify.jobs/p/e4ed67e4-7d13-4896-bdf2-d58065c68a16
https://jobs.lever.co/shieldai/ccddd964-0a35-4650-9690-28d54b690298/apply?lever-source=Simplify,Senior Software Engineer - Autonomy Behaviors,Shield AI,"Boston, MA, USA",163200.0,244800.0,USD,,,2026-09-04T07:51:01+00:00,2026-04-30T22:07:55+00:00,false,,onsite,full_time,senior,,2026-09-16T23:11:22.190033+00:00,ats,simplify,https://simplify.jobs/p/c9b89f1a-79e0-42f6-bb6d-399d5b95c669
https://jobs.ashbyhq.com/Commure/2174c4d3-5b7d-409b-83db-4f27824ec766/application?embed=true&utm_source=Simplify,Senior Software Engineer - Billing Agents,Commure,"San Francisco, CA, USA; Los Angeles, CA, USA; New York, NY, USA; Mountain View, CA, USA",180000.0,230000.0,USD,,,2026-09-09T22:45:10+00:00,2026-09-09T22:36:09+00:00,false,,onsite,full_time,senior,,2026-09-16T23:11:42.124958+00:00,ats,simplify,https://simplify.jobs/p/184cb9af-319b-4654-97a2-196a6475346b
https://cyclopsio.applytojob.com/apply/wdhrj3htaj/Senior-Software-Engineer-Remote?utm_source=Simplify,Senior Software Engineer,Cyclops,Remote; Remote in USA,,,,,,2026-09-03T21:45:21+00:00,2026-08-03T06:17:42+00:00,false,,remote,full_time,mid | senior,,2026-09-16T23:11:49.251736+00:00,ats,simplify,https://simplify.jobs/p/4ab6d5ba-afb7-43fd-825e-8c0aa1577c01
https://asana.com/jobs/apply/8174616?gh_jid=8174616&gh_src=Simplify,Senior Software Engineer - Product Frameworks,Asana,"New York, NY, USA",202000.0,230000.0,USD,,,2026-09-04T02:51:24+00:00,2026-09-03T22:22:05+00:00,false,,hybrid,full_time,senior,,2026-09-16T23:11:51.873276+00:00,employer,simplify,https://simplify.jobs/p/a28f00d5-d522-4a33-a9f2-e5c3e70a9376
https://jobs.ashbyhq.com/rula/425f4bad-b1ec-4e9b-8f0a-0e8fc83f1fe8/application?embed=true&utm_source=Simplify,Senior Staff Software Engineer,Rula,"Remote; Los Angeles, CA, USA; Remote in USA",240550.0,283000.0,USD,,,2026-09-03T19:06:23+00:00,2026-06-26T22:08:30+00:00,false,,remote,full_time,senior,,2026-09-16T23:11:53.553086+00:00,ats,simplify,https://simplify.jobs/p/cd205692-2a23-4462-b657-7bd09debd73d
https://job-boards.greenhouse.io/peregrinetechnologies/jobs/4580135005?gh_src=Simplify,Senior Software Engineer,Peregrine,"San Francisco, CA, USA",200000.0,250000.0,USD,,,2026-09-09T06:39:21+00:00,2025-06-26T04:34:11+00:00,false,,onsite,full_time,mid | senior,,2026-09-16T23:11:52.761099+00:00,ats,simplify,https://simplify.jobs/p/e5d43c1c-90cf-4891-9882-2f6896b64897
https://job-boards.greenhouse.io/pixability/jobs/7921611?gh_src=Simplify,Senior Software Engineer,Pixability,"Boston, MA, USA",,,,,,2026-09-03T18:36:19+00:00,2026-05-13T22:20:15+00:00,false,,hybrid,full_time,senior,,2026-09-16T23:11:57.417580+00:00,ats,simplify,https://simplify.jobs/p/9e0af3ad-0bdf-497b-9556-905ec1b6b54f
https://globalfoundries.wd1.myworkdayjobs.com/External/job/IND---Karnataka---Bengaluru---North/Software-Engineer--Java-Full-Stack-Developer-_JR-2503405?utm_source=Simplify,Software Engineer - Java Full Stack Developer,GlobalFoundries,"Bengaluru, Karnataka, India",,,,,,2026-09-04T06:57:01+00:00,2026-07-04T09:57:35+00:00,false,,onsite,full_time,mid | senior,,2026-09-16T23:12:04.621821+00:00,ats,simplify,https://simplify.jobs/p/c3e7c2ae-c7c6-4895-a030-68a66748a525
https://abbott.wd5.myworkdayjobs.com/abbottcareers/job/United-States---California---Alameda/Sr--Embedded-Software-Engineer--Device-Driver-and-CI-CD_31150763-1?utm_source=Simplify,Senior Embedded Software Engineer - Device Driver and CI/CD,Abbott,"Alameda, CA, USA",114000.0,228000.0,USD,,,2026-09-04T08:03:01+00:00,2026-08-27T22:26:23+00:00,false,,onsite,full_time,senior,,2026-09-16T23:12:05.206347+00:00,ats,simplify,https://simplify.jobs/p/d82b1539-229b-451a-a538-527724dc2a30
https://belaytechnologies.applytojob.com/apply/CR1okrxxwT/Cloud-Software-Engineer?utm_source=Simplify,Cloud Software Engineer,Belay Technologies,"Annapolis Junction, MD, USA",190000.0,240000.0,USD,,,2026-09-03T13:39:12+00:00,2026-08-19T22:24:26+00:00,false,,onsite,full_time,senior,,2026-09-16T23:12:05.664785+00:00,ats,simplify,https://simplify.jobs/p/6468511f-6369-4f65-a05d-7ff0ece3cb22
https://prismhr.applytojob.com/apply/C9moefmBBH/Senior-Principal-Software-Engineer?utm_source=Simplify,Senior/Principal Software Engineer,PrismHR,"Noida, Uttar Pradesh, India",,,,,,2026-09-03T21:45:21+00:00,2026-08-03T06:17:36+00:00,false,,onsite,full_time,senior,,2026-09-16T23:12:12.852715+00:00,ats,simplify,https://simplify.jobs/p/85760a3c-0f92-43b5-b168-be6279c78d20
https://job-boards.greenhouse.io/spacex/jobs/8458038002?gh_src=Simplify,Senior Software Engineer - Starlink Network,SpaceX,"Redmond, WA, USA",160000.0,225000.0,USD,,,2026-03-12T01:09:31+00:00,2026-03-12T01:09:31+00:00,false,,onsite,full_time,senior,,2026-09-16T23:12:14.018287+00:00,ats,simplify,https://simplify.jobs/p/ec3abe79-0309-4007-a3d8-79f92184df60
https://gevernova.wd5.myworkdayjobs.com/only_confidential_executive_recruiting/job/Hyderabad-TS-IN-26/Staff-Software-Engineer---User-Interface_R5048459-1?utm_source=Simplify,Staff Software Engineer - User Interface,GE Vernova,"Hyderabad, Telangana, India; Bengaluru, Karnataka, India",,,,,,2026-09-04T00:27:22+00:00,2026-08-06T00:00:00+00:00,false,,onsite,full_time,senior,,2026-09-16T23:12:25.229916+00:00,ats,simplify,https://simplify.jobs/p/d3442d16-b678-41d8-9b61-78ea8d73d48d
https://job-boards.greenhouse.io/robinhood/jobs/8044227?gh_src=Simplify,Staff Software Engineer - Storage Platform,Robinhood,"Bellevue, WA, USA",230000.0,270000.0,USD,,,2026-09-03T21:51:21+00:00,2026-07-02T22:18:34+00:00,false,,hybrid,full_time,senior,,2026-09-16T23:12:25.695378+00:00,ats,simplify,https://simplify.jobs/p/39f0c998-287e-498e-a861-abfde0a7bab5
https://jobs.ashbyhq.com/xoxo-ai/aec15000-601a-48f6-8dda-d55e37dc35d1/application?embed=true&utm_source=Simplify,Staff Software Engineer - iOS,XOXO AI,"San Francisco, CA, USA; South Park, Los Angeles, CA, USA",250000.0,500000.0,USD,,,2026-09-04T09:42:02+00:00,2026-07-21T01:13:54+00:00,false,,onsite,full_time,mid | senior,,2026-09-16T23:12:25.754833+00:00,ats,simplify,https://simplify.jobs/p/f01926db-c29a-4953-aeac-f3cc502af130
https://job-boards.greenhouse.io/defenseunicorns/jobs/5173862007?gh_src=Simplify,Senior Software Engineer - UDS Registry Team,Defense Unicorns,Remote; Remote in USA,148750.0,201250.0,USD,,,2026-09-16T22:39:07+00:00,2026-06-25T22:33:59+00:00,false,,remote,full_time,senior,,2026-09-16T23:12:26.559358+00:00,ats,simplify,https://simplify.jobs/p/ea434896-974f-485f-af4a-db5ee468dbe9
https://apply.workable.com/universalquantum/j/0E6A8C38FB/apply?utm_source=Simplify,Software Engineer - Compilers,Universal Quantum,"Hamburg, Germany",,,,,,2026-09-04T01:18:24+00:00,2026-08-08T01:17:42+00:00,false,,hybrid,full_time,senior,,2026-09-16T23:12:42.426799+00:00,ats,simplify,https://simplify.jobs/p/6aa1d07e-a3c1-4e57-bf89-583b76216cb8
https://job-boards.greenhouse.io/verkada/jobs/5210623007?gh_src=Simplify,Senior Software Engineer - Business Systems - GTM,Verkada,"San Mateo, CA, USA",180000.0,260000.0,USD,,,2026-09-04T02:06:24+00:00,2026-08-12T20:11:41+00:00,false,,onsite,full_time,senior,,2026-09-16T23:12:56.821812+00:00,ats,simplify,https://simplify.jobs/p/ee18f8b1-3cc7-4dc6-b6ad-fdf63f7b562f
https://bonterra.wd1.myworkdayjobs.com/bonterratech/job/Remote-United-States/Senior-Software-Engineer_R2026-0310?utm_source=Simplify,Senior Software Engineer,Bonterra,Remote; Remote in USA,100000.0,135000.0,USD,,,2026-09-11T22:30:01+00:00,2026-09-11T00:00:00+00:00,false,,remote,full_time,mid | senior,,2026-09-16T23:13:04.323277+00:00,ats,simplify,https://simplify.jobs/p/8566c056-2607-46a8-948a-92be279d59a7
https://www.fivetran.com/careers/job?gh_jid=7864598003&gh_src=Simplify,Staff Software Engineer - Metadata,Fivetran,"Remote; Denver, CO, USA",183711.0,229638.75,USD,,,2026-09-16T09:06:03+00:00,2026-08-13T22:41:50+00:00,false,,remote,full_time,senior,,2026-09-16T23:13:10.730861+00:00,employer,simplify,https://simplify.jobs/p/53e8e403-84e4-4042-b043-8f2e3485c62e
https://eeho.fa.us2.oraclecloud.com/hcmUI/CandidateExperience/en/sites/CX_45001/job/339847?utm_source=Simplify,Senior Application Software Engineer,Oracle,"Seattle, WA, USA; Austin, TX, USA; Reston, VA, USA",87000.0,187000.0,USD,,,2026-09-03T19:45:19+00:00,2026-07-16T22:06:57+00:00,false,,onsite,full_time,senior,,2026-09-16T23:13:16.667289+00:00,ats,simplify,https://simplify.jobs/p/c72485ea-f214-4af4-b5cf-50921997e350
https://stripe.com/careers/listing/software-engineer-product-security-data-platforms/7761694?gh_jid=7761694&gh_src=Simplify,Software Engineer - Product Security Data Platforms,Stripe,"Seattle, WA, USA",,,,,,2026-09-03T18:15:29+00:00,2026-04-01T01:06:27+00:00,false,,onsite,full_time,senior,,2026-09-16T23:13:25.795479+00:00,employer,simplify,https://simplify.jobs/p/b671cde3-4b40-456b-92f1-9ba14d96f392
https://job-boards.greenhouse.io/andurilindustries/jobs/5238276007?gh_src=Simplify,Senior Front End Software Engineer - React,Anduril,"Remote; Arlington County, Arlington, VA, USA",191000.0,253000.0,USD,,,2026-09-15T01:15:01+00:00,2026-09-15T01:06:02+00:00,false,,remote,full_time,mid | senior,,2026-09-16T23:13:27.575691+00:00,ats,simplify,https://simplify.jobs/p/ba2fc0ea-54d2-41c8-8af5-55f9b55a209c
https://eeho.fa.us2.oraclecloud.com/hcmUI/CandidateExperience/en/sites/CX_45001/job/342844?utm_source=Simplify,Senior Software Engineer - Core Infrastructure,Oracle,"Nashville, TN, USA; United States",79200.0,209500.0,USD,,,2026-09-04T02:42:21+00:00,2026-09-03T22:04:24+00:00,false,,onsite,full_time,senior,,2026-09-16T23:13:33.553094+00:00,ats,simplify,https://simplify.jobs/p/bae0b340-9977-4d43-918c-0b2e45b798f4
https://fa-ewmy-saasfaprod1.fa.ocs.oraclecloud.com/hcmUI/CandidateExperience/en/sites/CX_1/job/4288/easy-apply/email,Sr. Software Engineer,Verisk,India,,,,,,2026-09-10T09:42:01+00:00,2026-09-10T09:41:03+00:00,false,,onsite,full_time,senior,,2026-09-16T23:14:03.102927+00:00,ats,simplify,https://simplify.jobs/p/e3f6e952-0ee6-4fbf-b6a5-99889be553b0
https://job-boards.greenhouse.io/grafanalabs/jobs/6112829004?gh_src=Simplify,Staff Software Engineer - Databases - Tempo,Grafana Labs,Remote; Remote in Germany,109709.0,131651.0,EUR,,,2026-09-03T21:33:19+00:00,2026-07-10T14:35:04+00:00,false,,remote,contract,senior,,2026-09-16T23:13:56.364247+00:00,ats,simplify,https://simplify.jobs/p/840e67ea-bf4d-4625-8c96-a112b7656d7a
https://job-boards.greenhouse.io/iconcareers/jobs/5762600004?gh_src=Simplify,Senior Software Engineer - Computational Geometry & BIM,ICON,"Austin, TX, USA",,,,,,2026-09-16T22:45:02+00:00,2026-01-12T23:32:57+00:00,false,,onsite,full_time,senior,,2026-09-16T23:14:06.338468+00:00,ats,simplify,https://simplify.jobs/p/c5c0abe5-10e2-4298-85ec-92e2f650ddc8
https://job-boards.greenhouse.io/gusto/jobs/8008696?gh_src=Simplify,Staff Software Engineer - Core Products,Gusto,"San Francisco, CA, USA; New York, NY, USA",163000.0,247000.0,USD,,,2026-09-15T22:24:01+00:00,2026-06-25T01:24:34+00:00,false,,hybrid,full_time,senior,,2026-09-16T23:14:16.657532+00:00,ats,simplify,https://simplify.jobs/p/d7fb11c6-3ae5-43eb-91fc-5c798350c9ba
https://stripe.com/careers/listing/software-engineer-backend/8198280?gh_jid=8198280&gh_src=Simplify,Software Engineer - Backend,Stripe,"Seattle, WA, USA",206086.0,285600.0,USD,,,2026-09-14T22:33:01+00:00,2026-09-14T22:30:16+00:00,false,,hybrid,full_time,mid | senior,,2026-09-16T23:14:20.784539+00:00,employer,simplify,https://simplify.jobs/p/86f2e010-4dc3-4c7b-8456-a8ce7cd83c0b
https://navan.com/careers/openings/7874424?gh_jid=7874424&gh_src=Simplify,Senior Software Engineer - Flights,Navan,"New York, NY, USA",113400.0,252000.0,USD,,,2026-09-04T07:51:01+00:00,2026-05-12T06:23:52+00:00,false,,onsite,full_time,senior,,2026-09-16T23:14:28.554764+00:00,employer,simplify,https://simplify.jobs/p/f838ea71-3be9-46e7-bd30-791f27f2b020
https://leidos.wd5.myworkdayjobs.com/External/job/Chantilly-VA/Senior-Software-Engineer---Data-Scientist--Training-Systems-_R-00182992?utm_source=Simplify,Senior Software Engineer / Data Scientist - Training Systems,Leidos,"Chantilly, VA, USA",154050.0,278475.0,USD,,,2026-09-16T11:57:07+00:00,2026-07-02T01:42:53+00:00,false,,onsite,full_time,senior,,2026-09-16T23:14:32.803538+00:00,ats,simplify,https://simplify.jobs/p/84ab9372-c67a-48d4-927f-94fc518092fc
https://job-boards.greenhouse.io/celonis/jobs/7805677003?gh_jid=7805677003&gh_src=Simplify,Senior Software Engineer - Orchestration and Automation,Celonis,"Madrid, Spain",,,,,,2026-09-03T20:09:21+00:00,2026-07-27T22:33:47+00:00,false,,onsite,full_time,senior,,2026-09-16T23:14:29.507643+00:00,ats,simplify,https://simplify.jobs/p/f9f68c87-0378-442d-a984-cee24d7c70b0
https://apply.workable.com/kda-consulting/j/F4CA20B64A/apply?utm_source=Simplify,Senior Software Engineer - Big Data,KDA Consulting,"Chantilly, VA, USA",,,,,,2026-09-04T01:18:24+00:00,2026-08-08T01:17:29+00:00,false,,onsite,full_time,senior,,2026-09-16T23:14:32.596201+00:00,ats,simplify,https://simplify.jobs/p/93dd8b34-9d07-45c1-9606-333d0b694bf1
https://spectrumcontrol.wd1.myworkdayjobs.com/spectrumcontrol/job/Marlborough-MA/Software-Engineer-Test-Automation---Embedded-Software_JR101486?utm_source=Simplify,Embedded Software Engineer,Spectrum Control,"Delmar, DE, USA; Marlborough, MA, USA; Philadelphia, PA, USA; Fairview Township, PA, USA",135000.0,165000.0,USD,,,2026-09-03T04:45:04+00:00,2026-08-31T00:00:00+00:00,false,,hybrid,full_time,senior,,2026-09-16T23:14:39.859871+00:00,ats,simplify,https://simplify.jobs/p/18437af0-fa93-4d89-a43a-6e4154bfaf80
https://job-boards.greenhouse.io/wonderschool/jobs/7802186003?gh_src=Simplify,Senior Software Engineer - Payments,Wonderschool,"San Francisco, CA, USA",,,,,,2026-09-03T19:33:19+00:00,2026-07-12T22:33:25+00:00,false,,onsite,full_time,senior,,2026-09-16T23:14:37.111606+00:00,ats,simplify,https://simplify.jobs/p/41e1181c-c1bf-4ba4-abfc-2c32f91219b5
https://onto.wd1.myworkdayjobs.com/onto_careers/job/Wilmington-MA-Upton/Senior-Software-Engineer_R-4963?utm_source=Simplify,Senior Software Engineer,Onto Innovation,"Wilmington, MA, USA",,,,,,2026-09-03T17:15:21+00:00,2026-07-04T11:57:41+00:00,false,,onsite,full_time,,,2026-09-16T23:14:42.174885+00:00,ats,simplify,https://simplify.jobs/p/dde683df-ec22-4d14-9855-ddfa585da7ea
https://job-boards.greenhouse.io/paveakatroveinformationtechnologies/jobs/4730123005?gh_src=Simplify,Senior Software Engineer - Agent,Pave,"San Francisco, CA, USA; New York, NY, USA",195500.0,264500.0,USD,,,2026-09-04T04:42:01+00:00,2026-09-03T02:44:41+00:00,false,,hybrid,full_time,senior,,2026-09-16T23:14:39.577059+00:00,ats,simplify,https://simplify.jobs/p/d9c35b14-54c1-4c47-8f3a-c718fcec7382
https://job-boards.greenhouse.io/crunchyroll/jobs/8026531?gh_src=Simplify,Senior Software Engineer - Android - Partner Engineering,Crunchyroll,"Hyderabad, Telangana, India",,,,,,2026-09-04T08:57:01+00:00,2026-06-30T14:30:23+00:00,false,,hybrid,full_time,senior,,2026-09-16T23:14:56.477519+00:00,ats,simplify,https://simplify.jobs/p/34c84c30-3bd4-4c01-a6fb-37160afeb499
https://www.mongodb.com/careers/jobs/8081945?gh_src=Simplify,Senior Software Engineer - Search Deployments Infrastructure,MongoDB,"San Francisco, CA, USA",126000.0,248000.0,USD,,,2026-09-04T01:57:21+00:00,2026-08-12T01:14:23+00:00,false,,hybrid,full_time,senior,,2026-09-16T23:15:08.858317+00:00,employer,simplify,https://simplify.jobs/p/9ce69490-c2d2-43d9-9dab-d5e3a7b6d0ef
https://job-boards.greenhouse.io/muonspace/jobs/5023371007?gh_src=Simplify,Software Engineer - Flight Software,Muon Space,"San Jose, CA, USA",190000.0,212000.0,USD,,,2026-09-16T01:09:17+00:00,2026-01-13T23:37:58+00:00,false,,onsite,full_time,senior,,2026-09-16T23:15:06.795255+00:00,ats,simplify,https://simplify.jobs/p/baa7c480-fc38-495b-ba25-c6b5309172aa
https://jobs.jobvite.com/genpactexperience/job/olYzAfwc?nl=1&nl=1&fr=false&utm_source=Simplify,Copilot Software Engineer,Genpact,Remote; Remote in USA,,,,,,2026-09-08T22:39:27+00:00,2026-08-04T06:14:48+00:00,false,,remote,full_time,senior,,2026-09-16T23:15:22.491980+00:00,ats,simplify,https://simplify.jobs/p/9a4c9646-cf7e-430e-a3af-329ac2b20b8b
https://motorolasolutions.wd5.myworkdayjobs.com/Careers/job/Allen-TX-TX139/Sr-Software-Engineer---C----Net-Core_R64893-1?utm_source=Simplify,Senior Software Engineer - C# / .Net Core,Motorola,"Allen, TX, USA; Texas, USA; Illinois, USA",120000.0,150000.0,USD,,,2026-09-04T08:03:01+00:00,2026-06-27T14:08:46+00:00,false,,onsite,full_time,senior,,2026-09-16T23:15:27.099727+00:00,ats,simplify,https://simplify.jobs/p/968d66d6-4234-4825-a8d2-fa15fb3f2d03
https://www.kaseya.com/careers/jobs/id/6184807004/?gh_jid=6184807004&gh_src=Simplify,Senior Staff Software Engineer,Kaseya,"Pune, Maharashtra, India",,,,,,2026-09-10T10:51:04+00:00,2026-09-08T16:18:39+00:00,false,,onsite,full_time,senior,,2026-09-16T23:15:25.303608+00:00,employer,simplify,https://simplify.jobs/p/f3b0bd01-ce66-483a-912d-4a76a06a747e
https://job-boards.greenhouse.io/gusto/jobs/7673999?gh_src=Simplify,Staff Software Engineer - AI Voice and Content,Gusto,"San Francisco, CA, USA",163000.0,247000.0,USD,,,2026-09-04T04:42:01+00:00,2026-06-18T22:14:37+00:00,false,,hybrid,full_time,senior,,2026-09-16T23:15:29.036607+00:00,ats,simplify,https://simplify.jobs/p/daf495b7-5f3e-4936-a377-81c50fe6a512
https://jobs.ashbyhq.com/onecrew/a18a2aaa-882a-4011-adfe-91449fc75cf6/application?embed=true&utm_source=Simplify,Software Engineer - Fullstack,OneCrew,"San Francisco, CA, USA",150000.0,210000.0,USD,,,2026-09-04T07:24:02+00:00,2026-02-19T02:16:16+00:00,false,,hybrid,full_time,mid | senior,,2026-09-16T23:15:34.291771+00:00,ats,simplify,https://simplify.jobs/p/9be8320b-7121-44e3-9023-e9a3b3d96582
https://jobs.jobvite.com/kymetacorp/job/o2DRzfwP?nl=1&nl=1&fr=false&utm_source=Simplify,Senior Software Engineer,Kymeta,"Redmond, WA, USA",140000.0,190000.0,USD,,,2026-03-25T22:13:57+00:00,2026-03-25T22:13:57+00:00,false,,onsite,full_time,senior,,2026-09-16T23:15:33.887604+00:00,ats,simplify,https://simplify.jobs/p/770848ca-8124-4a9f-b472-4b39d8517f2a
https://job-boards.greenhouse.io/coderoad/jobs/4343239009?gh_src=Simplify,Senior Software Engineer - Backend/Fullstack - Reliability Focused,CodeRoad,Remote; North America,,,,,,2026-09-04T10:42:01+00:00,2026-08-03T22:08:05+00:00,false,,remote,full_time,senior,,2026-09-16T23:15:39.502297+00:00,ats,simplify,https://simplify.jobs/p/b3e2b984-15f6-40e7-9473-0cf400b68c04
https://jobs.lever.co/hive/bbf2d58d-d5cb-4ea4-b36e-e6b42f9da24f/apply?lever-source=Simplify,Senior Software Engineer - Backend,Hive,"Seattle, WA, USA",160000.0,250000.0,USD,,,2026-09-03T17:09:30+00:00,2025-10-31T07:42:49+00:00,false,,onsite,full_time,senior,,2026-09-16T23:15:53.708662+00:00,ats,simplify,https://simplify.jobs/p/59bd4813-c4b0-4365-a979-7199b9e83d8c
https://job-boards.greenhouse.io/gleanwork/jobs/4656281005?gh_src=Simplify,Software Engineer - Billing & Revenue Platform,Glean,"Mountain View, CA, USA",210000.0,300000.0,USD,,,2026-09-03T17:39:18+00:00,2026-07-07T22:06:56+00:00,false,,hybrid,full_time,senior,,2026-09-16T23:15:52.122960+00:00,ats,simplify,https://simplify.jobs/p/ff0a50d4-f468-42ca-b53d-323f4a77a5c3
https://www.kaseya.com/careers/jobs/id/6146555004/?gh_jid=6146555004&gh_src=Simplify,Staff Software Engineer,Kaseya,"Pune, Maharashtra, India",,,,,,2026-09-10T08:54:01+00:00,2026-06-06T09:05:44+00:00,false,,,full_time,senior,Conflicting workplace across sites,2026-09-16T23:16:02.793164+00:00,employer,simplify,https://simplify.jobs/p/446f46a7-8d3c-4e5a-99ab-80012e4d6985 | https://simplify.jobs/p/3a56c03c-2f1d-4988-9d0e-a31ca9d4c7c0
https://job-boards.greenhouse.io/twilio/jobs/8071710?gh_src=Simplify,Staff Software Engineer,Twilio,Remote; Remote in Ireland,,,,,,2026-09-14T22:33:01+00:00,2026-07-17T22:11:45+00:00,false,,remote,full_time,senior,,2026-09-16T23:16:03.324291+00:00,ats,simplify,https://simplify.jobs/p/fbbe064e-a379-42d8-a7c1-3be0706751fe
https://job-boards.greenhouse.io/systemstechnologyresearch/jobs/4616086006?gh_src=Simplify,Senior Software Engineer,STR,"Melbourne, FL, USA",134000.0,184000.0,USD,,,2026-09-10T22:24:01+00:00,2025-11-06T23:18:25+00:00,false,,onsite,full_time,senior,,2026-09-16T23:16:03.594281+00:00,ats,simplify,https://simplify.jobs/p/68949c2a-107f-443d-82d7-88367b36c10c
https://jobs.lever.co/freedompay/56d7ad99-a0a8-41ab-9bdf-4e60847e9570/apply?lever-source=Simplify,Senior Software Engineer,FreedomPay,"Philadelphia, PA, USA",,,,,,2026-09-03T18:27:21+00:00,2026-05-14T22:04:46+00:00,false,,hybrid,full_time,senior,,2026-09-16T23:16:04.997953+00:00,ats,simplify,https://simplify.jobs/p/18c0e9ac-a9b2-4837-8189-733c6474db44
https://cisco.wd5.myworkdayjobs.com/cisco_careers/job/Milpitas-California-US/Software-Engineer--Simulation-Models_2022348?utm_source=Simplify,Software Engineer - Simulation Models,Cisco,"Milpitas, CA, USA",155000.0,256000.0,USD,,,2026-09-16T12:27:21+00:00,2026-08-31T00:00:00+00:00,false,,hybrid,full_time,mid | senior,,2026-09-16T23:16:09.380419+00:00,ats,simplify,https://simplify.jobs/p/7de21811-3f76-43d6-be32-dced28176bb9
https://jobs.ashbyhq.com/rivet/1b78e4dd-f37c-4cdd-a719-11a8d0b1fbc8/application?embed=true&utm_source=Simplify,Software Engineer - Full-Stack,Rivet Industries,"San Jose, CA, USA; Bellevue, WA, USA",180000.0,240000.0,USD,,,2026-09-03T21:51:21+00:00,2026-07-04T14:08:17+00:00,false,,onsite,full_time,senior,,2026-09-16T23:16:09.526702+00:00,ats,simplify,https://simplify.jobs/p/623b35a5-762a-42b7-a034-50ede91da468
https://job-boards.greenhouse.io/relativity/jobs/8451321002?gh_src=Simplify,Staff Software Engineer - Storage Platform,Relativity Space,"Long Beach, CA, USA",181000.0,271000.0,USD,,,2026-09-04T08:15:01+00:00,2026-06-10T22:21:06+00:00,false,,onsite,full_time,senior,,2026-09-16T23:16:12.352433+00:00,ats,simplify,https://simplify.jobs/p/3a5d283e-fb62-41a6-b36f-294b9a181aa7
https://walmart.wd504.myworkdayjobs.com/WalmartExternal/job/Sunnyvale-CA/Staff--Software-Engineer---Java---Backend_R-2607376?utm_source=Simplify,Staff Software Engineer - Java / Backend,Walmart,"Sunnyvale, CA, USA",143000.0,286000.0,USD,,,2026-09-16T11:48:15+00:00,2026-08-12T00:00:00+00:00,false,,onsite,full_time,senior,,2026-09-16T23:16:17.461301+00:00,ats,simplify,https://simplify.jobs/p/d61ff6a2-603b-477a-9300-b6d755bddd01
https://c3.ai/job-description/7734925002?gh_jid=7734925002&gh_src=Simplify,Senior Software Engineer - Full Stack - Applications,C3.ai,"Redwood City, CA, USA",169000.0,196000.0,USD,,,2026-09-04T06:57:01+00:00,2025-10-03T16:17:34+00:00,false,,onsite,full_time,senior,,2026-09-16T23:16:16.486027+00:00,employer,simplify,https://simplify.jobs/p/343928f0-cb6a-400f-8530-15d2d0286d8c
https://jobs.lever.co/emburse/c5657add-754a-4d80-8014-41c7b0e57e8f/apply?lever-source=Simplify,Senior Software Engineer,Emburse,"Barcelona, Spain",,,,,,2026-09-16T14:20:16+00:00,2026-08-13T22:47:01+00:00,false,,,full_time,senior,Conflicting workplace across sites,2026-09-16T23:16:20.082401+00:00,ats,simplify,https://simplify.jobs/p/b0403e53-96d6-4cb6-83ee-30d2cd1c5ec5 | https://simplify.jobs/p/cea839a4-8418-4609-87b9-f1430fabf7cb
https://job-boards.greenhouse.io/project44/jobs/7179793?gh_src=Simplify,Software Engineer - Backend,Project44,"Bengaluru, Karnataka, India",,,,,,2026-09-03T17:15:21+00:00,2025-10-10T03:30:07+00:00,false,,hybrid,full_time,junior | mid | senior,,2026-09-16T23:16:17.069615+00:00,ats,simplify,https://simplify.jobs/p/e3d1c16c-85f4-4dcd-befa-73bf9b0fc43b
https://careers.capgemini.com/job/Noida-Senior-Software-Engineer/1431493333/?ats=successfactors&utm_source=Simplify,Senior Software Engineer,Capgemini,"Noida, Uttar Pradesh, India",,,,,,2026-09-03T06:30:06+00:00,2026-08-28T12:56:11+00:00,false,,onsite,full_time,senior,,2026-09-16T23:16:18.333787+00:00,employer,simplify,https://simplify.jobs/p/fc2cd5e6-ceee-4b46-ad3c-580e4f33c17e
https://job-boards.greenhouse.io/topsteptrader/jobs/7771922003?gh_src=Simplify,Staff Software Engineer - Trading Platform - Charts,Topstep,Remote; United States,200000.0,250000.0,USD,,,2026-09-04T08:27:01+00:00,2026-06-23T22:14:52+00:00,false,,remote,full_time,senior,,2026-09-16T23:16:19.956186+00:00,ats,simplify,https://simplify.jobs/p/1e0378d1-c5de-4b30-afaf-8f624be86a68
https://jobs.ashbyhq.com/pebl/1dc905fd-cfb1-48cc-b97f-c6dd08175c6e/application?embed=true&utm_source=Simplify,Senior Frontend Software Engineer - AI UX,Pebl,"Palo Alto, CA, USA",,,,,,2026-09-03T04:12:07+00:00,2026-09-02T06:25:46+00:00,false,,hybrid,full_time,senior,,2026-09-16T23:16:25.599940+00:00,ats,simplify,https://simplify.jobs/p/dfdfc3af-0a20-4c9a-8b73-936da4e25450
https://globalhr.wd5.myworkdayjobs.com/rec_rtx_ext_gateway/job/US-CA-GOLETA-H03--6380-Hollister-Ave--BLDG-H03/Senior-Software-Engineer--Real-time-Embedded_01848175?utm_source=Simplify,Senior Software Engineer - Real-time Embedded,RTX,"Goleta, CA, USA",95500.0,181700.0,USD,,,2026-09-16T10:09:27+00:00,2026-07-04T12:16:15+00:00,false,,onsite,full_time,senior,,2026-09-16T23:16:27.919066+00:00,ats,simplify,https://simplify.jobs/p/adb5d849-85cb-4952-b17d-638e047cbcef
https://job-boards.greenhouse.io/gusto/jobs/8110106?gh_src=Simplify,Staff Software Engineer - Business Insurance,Gusto,"New York, NY, USA",163000.0,247000.0,USD,,,2026-09-15T22:24:01+00:00,2026-08-18T22:33:10+00:00,false,,hybrid,full_time,senior,,2026-09-16T23:16:32.048649+00:00,ats,simplify,https://simplify.jobs/p/0b6becd1-61b7-4800-a44c-291850cc0251
https://www.compass.com/careers/?gh_jid=8042836&gh_src=Simplify&gh_board=urbancompass,Senior Software Engineer,Compass,"Seattle, WA, USA",149000.0,166100.0,USD,,,2026-09-03T19:18:21+00:00,2026-07-02T03:50:26+00:00,false,,onsite,full_time,senior,,2026-09-16T23:16:39.299807+00:00,employer,simplify,https://simplify.jobs/p/5ee69ab1-fd41-4847-a889-fb1d206667dd
https://job-boards.greenhouse.io/penninteractive/jobs/6144406004?gh_src=Simplify,Senior Software Engineer - Icasino,Penn Interactive,Remote; Remote in Canada,145000.0,193000.0,CAD,,,2026-09-03T15:48:17+00:00,2026-08-14T22:09:14+00:00,false,,remote,full_time,senior,,2026-09-16T23:16:39.690622+00:00,ats,simplify,https://simplify.jobs/p/2ae76fa6-5eb0-47b7-ab6c-713b6c8eb0dc
https://jobs.jobvite.com/visionist/job/oawzAfwz?nl=1&nl=1&fr=false&utm_source=Simplify,Senior Software Engineer - Tools and Applications,Visionist,"Laurel, MD, USA",170000.0,240000.0,USD,,,2026-09-03T21:45:21+00:00,2026-08-03T14:17:23+00:00,false,,onsite,full_time,,,2026-09-16T23:16:43.669509+00:00,ats,simplify,https://simplify.jobs/p/742eeecb-5027-4ad5-8751-3a176522a018
https://apply.workable.com/scitec/j/742223919A/apply?utm_source=Simplify,Staff / Senior Staff C++ Software Engineer,SciTec,"Boulder, CO, USA",102000.0,157000.0,USD,,,2026-09-03T18:42:29+00:00,2026-04-16T22:11:50+00:00,false,,onsite,full_time,senior,,2026-09-16T23:17:08.332372+00:00,ats,simplify,https://simplify.jobs/p/7b55ed41-d71e-4783-8ec1-173efc62d6e7 | https://simplify.jobs/p/dd9a6a8e-9739-4d49-afbc-cf36c17e3fb4
https://omnissa.wd501.myworkdayjobs.com/Omnissa_External_Career_Site/job/Vancouver-BC-Canada-Office/Staff-Software-Engineer_R-100012?utm_source=Simplify,Staff Software Engineer - C# .NET,Omnissa,"Vancouver, BC, Canada",,,,,,2026-09-04T05:18:01+00:00,2026-05-16T14:10:51+00:00,false,,hybrid,full_time,senior,Conflicting salary across sites,2026-09-16T23:17:18.200747+00:00,ats,simplify,https://simplify.jobs/p/02a62349-fdf2-41a8-a0f0-cc9b8de7f06b | https://simplify.jobs/p/3c9e8b15-be81-4379-93a0-ea20b9f5f0b2
https://jobs.ashbyhq.com/shortstory/469112a4-4c3a-4a09-80ca-852c9cd8fe0b/application?embed=true&utm_source=Simplify,Senior Software Engineer,Short Story,Remote; Remote in Canada,,,,,,2026-09-03T18:36:19+00:00,2026-05-21T01:08:39+00:00,false,,remote,full_time,senior,,2026-09-16T23:17:15.622864+00:00,ats,simplify,https://simplify.jobs/p/d6ad18df-e037-4a29-9986-d6d7f32c988e
https://accenture.wd103.myworkdayjobs.com/AccentureCareers/job/Chennai/Application-Support-Engineer_ATCI-5422266-S1971303-1?utm_source=Simplify,Custom Software Engineer,Accenture,"Chennai, Tamil Nadu, India",,,,,,2026-09-07T09:30:01+00:00,2026-06-15T06:08:18+00:00,false,,onsite,full_time,mid | senior,,2026-09-16T23:18:05.917279+00:00,ats,simplify,https://simplify.jobs/p/f0baddd3-1a9a-481b-aaed-685bdfe1c9f9 | https://simplify.jobs/p/f9055328-6d65-4555-9cfe-5b2e27889976 | https://simplify.jobs/p/158e36a1-2608-4623-bae1-f8f21d752b91 | https://simplify.jobs/p/aff00b47-b396-408b-835b-4d5ef03c35f9 | https://simplify.jobs/p/35d4ae04-1041-4b93-bc92-bbc882799628 | https://simplify.jobs/p/30f7561e-95a6-45ac-9bf5-a2b3c33183ab | https://simplify.jobs/p/71c8e4b1-9f6b-4b8f-b09a-7672afb37370
https://job-boards.greenhouse.io/kunai/jobs/5047053007?gh_src=Simplify,Senior Software Engineer - Java,Kunai,Remote; Remote in USA,,,,,,2026-09-04T08:27:01+00:00,2026-07-06T22:08:49+00:00,false,,remote,full_time,mid | senior,,2026-09-16T23:17:20.070907+00:00,ats,simplify,https://simplify.jobs/p/4ec0a3ba-9d05-41b5-aaf2-dbed0cc2eacb
https://jobs.lever.co/bhhc/bc3e6c4e-aa97-486e-95e4-3fc4371e3221/apply?lever-source=Simplify,Software Engineer 3,Berkshire Hathaway,"Walnut Creek, CA, USA",167540.0,206780.0,USD,,,2026-09-03T19:00:22+00:00,2026-06-24T22:07:01+00:00,false,,hybrid,full_time,mid | senior,,2026-09-16T23:17:21.387374+00:00,ats,simplify,https://simplify.jobs/p/7377cea8-6b15-4fac-a582-a40d5f00c5f3
https://ebay.wd5.myworkdayjobs.com/apply/job/Bengaluru-India/Senior-Storage-Software-Engineer_R0076792?utm_source=Simplify,Senior Storage Software Engineer,eBay,"Bengaluru, Karnataka, India",,,,,,2026-09-16T11:36:43+00:00,2026-09-16T00:00:00+00:00,false,,hybrid,full_time,senior,,2026-09-16T23:17:51.407445+00:00,ats,simplify,https://simplify.jobs/p/0b667b7c-0bf3-4432-8f04-a50df9a9ffab | https://simplify.jobs/p/f136a638-210b-440a-b3f5-18c88283e412
https://job-boards.greenhouse.io/vercel/jobs/5474915004?gh_src=Simplify,Software Engineer - AI SDK,Vercel,"San Francisco, CA, USA; New York, NY, USA",196000.0,294000.0,USD,,,2026-09-04T05:18:01+00:00,2025-03-12T23:30:20+00:00,false,,hybrid,full_time,senior,,2026-09-16T23:17:40.268280+00:00,ats,simplify,https://simplify.jobs/p/d91df8e3-088a-4abe-a02c-01ef65e123b5
https://job-boards.greenhouse.io/vsco39/jobs/7959658002?gh_src=Simplify,Staff Software Engineer - iOS,VSCO,"San Francisco, CA, USA",230000.0,260000.0,USD,,,2026-09-04T06:57:01+00:00,2025-04-23T05:11:59+00:00,false,,hybrid,full_time,senior,,2026-09-16T23:17:39.449352+00:00,ats,simplify,https://simplify.jobs/p/f5de60f7-1b67-454a-840d-5570d3302318
https://job-boards.greenhouse.io/typeface/jobs/5229736007?gh_src=Simplify,Staff Software Engineer,Typeface,"Bellevue, WA, USA",210000.0,240000.0,USD,,,2026-09-04T02:42:21+00:00,2026-09-03T16:20:43+00:00,false,,hybrid,full_time,,,2026-09-16T23:17:52.257321+00:00,ats,simplify,https://simplify.jobs/p/dadd176f-94e0-46b7-bfd7-120f0b9eda1e
https://job-boards.greenhouse.io/blenheimchalcotindia/jobs/8007068?gh_src=Simplify,Senior Software Engineer,Blenheim Chalcot,"Mumbai, Maharashtra, India",,,,,,2026-09-03T19:18:21+00:00,2026-07-06T22:33:47+00:00,false,,onsite,full_time,senior,,2026-09-16T23:18:02.480297+00:00,ats,simplify,https://simplify.jobs/p/9698100a-2f7f-4d3e-a247-f6d91b529fbd
https://jobs.lever.co/pattern/20498a77-c08b-4fdb-95a8-61a1437ad40a/apply?lever-source=Simplify,Senior Software Engineer - AI,Pattern,"Lehi, UT, USA",,,,,,2026-09-10T22:15:01+00:00,2026-09-10T22:14:53+00:00,false,,hybrid,full_time,senior,,2026-09-16T23:18:04.258586+00:00,ats,simplify,https://simplify.jobs/p/b7731c50-9a4b-450b-8e22-c085f365d8ee
https://jobs.ashbyhq.com/snowflake/52892674-342b-4519-9a57-7097e4ef4a8a/application?embed=true&utm_source=Simplify,Senior Software Engineer - Billing Platform,Snowflake,"Menlo Park, CA, USA",200000.0,287500.0,USD,,,2026-09-04T08:03:01+00:00,2026-08-18T23:00:17+00:00,false,,onsite,full_time,senior,,2026-09-16T23:18:09.666205+00:00,ats,simplify,https://simplify.jobs/p/2fbd1865-e20c-4618-8fbb-47298730536f
https://job-boards.greenhouse.io/cpisecurity/jobs/4703156006?gh_src=Simplify,Full Stack Software Engineer,CPI Security,"Charlotte, NC, USA",,,,,,2026-09-04T00:39:22+00:00,2026-08-06T22:20:48+00:00,false,,onsite,full_time,senior,,2026-09-16T23:18:09.514296+00:00,ats,simplify,https://simplify.jobs/p/acaa31e0-c09e-46de-a30c-eb31c0559d6d
https://jobs.ashbyhq.com/grow-therapy/d4732124-9e19-47dd-8fdd-c37cffbeaadc/application?embed=true&utm_source=Simplify,Senior Software Engineer - Full Stack,Grow Therapy,"New York, NY, USA",182000.0,250000.0,USD,,,2026-09-04T08:15:01+00:00,2026-06-11T09:06:44+00:00,false,,hybrid,full_time,senior,,2026-09-16T23:18:16.337150+00:00,ats,simplify,https://simplify.jobs/p/6fb40870-3063-483e-9ffd-b5ffa8c9ffda
https://setofx.applytojob.com/apply/AF0KvN5V8A/Software-Engineer-Backend-Focus?utm_source=Simplify,Software Engineer - Backend Focus,Set of X,"Annapolis Junction, MD, USA",120000.0,240000.0,USD,,,2026-09-10T22:36:01+00:00,2026-09-10T22:28:20+00:00,false,,onsite,full_time,senior,,2026-09-16T23:18:12.789859+00:00,ats,simplify,https://simplify.jobs/p/dca7d6af-e2e7-43ff-8584-b455e30ae4c2
https://job-boards.greenhouse.io/babylist/jobs/5987289004?gh_src=Simplify,Senior Software Engineer,Babylist,Remote; Remote in USA; Remote in Canada,,,,,,2026-09-03T17:03:18+00:00,2026-05-04T14:04:23+00:00,false,,remote,full_time,senior,,2026-09-16T23:18:15.970607+00:00,ats,simplify,https://simplify.jobs/p/06a1d5e6-17e9-4f71-b87b-c1e55532d2b2
https://jobs.ashbyhq.com/haus/ebd654c9-95b2-4232-a8a1-a3a8affcbbf1/application?embed=true&utm_source=Simplify,Senior Software Engineer - Data Onboarding,Haus,"Seattle, WA, USA",180000.0,220000.0,USD,,,2026-09-03T06:30:06+00:00,2026-08-27T23:28:03+00:00,false,,hybrid,full_time,senior,,2026-09-16T23:18:19.649729+00:00,ats,simplify,https://simplify.jobs/p/08f5503a-5fa4-42f0-9ef2-334b275b43b9
https://job-boards.greenhouse.io/metropolis/jobs/7778311003?gh_src=Simplify,Senior Software Engineer - Platform,Metropolis,"Los Angeles, CA, USA",170000.0,200000.0,USD,,,2026-09-15T22:36:01+00:00,2026-08-04T22:44:18+00:00,false,,onsite,full_time,senior,,2026-09-16T23:18:16.968161+00:00,ats,simplify,https://simplify.jobs/p/e3644737-ae07-4f4d-a2a2-02c695b98970
https://remitly.wd5.myworkdayjobs.com/en-US/Remitly_Careers/job/Burnaby-British-Columbia-Canada/Senior-Full-Stack-Software-Engineer--Remitly-Business_R_106615?utm_source=Simplify,Full Stack Software Engineer - Remitly Business,Remitly,"Burnaby, BC, Canada",124000.0,190000.0,CAD,,,2026-09-15T10:36:01+00:00,2026-07-31T00:00:00+00:00,false,,hybrid,full_time,mid | senior,,2026-09-16T23:18:22.747155+00:00,ats,simplify,https://simplify.jobs/p/b994b24b-ff01-4201-8f28-54e0bfc237b6
https://jobs.ashbyhq.com/Crusoe/f704d23c-e5c7-48bb-836a-affcd70df84a/application?embed=true&utm_source=Simplify,Senior Software Engineer - Crusoe Container Registry,Crusoe,"San Francisco, CA, USA",170000.0,205000.0,USD,,,2026-09-03T19:33:19+00:00,2026-07-13T22:11:12+00:00,false,,onsite,full_time,senior,,2026-09-16T23:18:31.275425+00:00,ats,simplify,https://simplify.jobs/p/d1d0b2b1-143c-4cdf-a197-70f7d107bc59
https://job-boards.greenhouse.io/systemstechnologyresearch/jobs/4710920006?gh_src=Simplify,Autonomy Algorithms Senior Software Engineer,STR,"Dayton, OH, USA; Arlington County, Arlington, VA, USA; Woburn, MA, USA",134000.0,184000.0,USD,,,2026-09-10T22:36:01+00:00,2026-09-03T16:32:42+00:00,false,,hybrid,full_time,senior,,2026-09-16T23:18:34.887438+00:00,ats,simplify,https://simplify.jobs/p/0ad261a5-03c1-4e8f-8214-ddb0060dcfd0 | https://simplify.jobs/p/92024afe-12bc-4dcf-8e5b-7a8a3fa3289f
https://apply.workable.com/runware/j/3AE376AFCA/apply?utm_source=Simplify,Senior Software Engineer - Serverless,Runware,Remote; Remote in UK,,,,,,2026-09-03T07:18:06+00:00,2026-08-27T10:26:03+00:00,false,,remote,full_time,senior,,2026-09-16T23:18:41.212181+00:00,ats,simplify,https://simplify.jobs/p/355c3980-ebc0-47f3-806a-29326c74b21b
https://jobs.ashbyhq.com/suno/f5826898-f3d2-4d11-aa03-17ecac31f28f/application?embed=true&utm_source=Simplify,Senior / Staff Software Engineer - Android,Suno,"Los Angeles, CA, USA",200000.0,300000.0,USD,,,2026-09-04T08:03:01+00:00,2026-06-03T06:08:49+00:00,false,,onsite,full_time,mid | senior,,2026-09-16T23:18:44.580596+00:00,ats,simplify,https://simplify.jobs/p/ba8ccac6-ade3-464a-886e-85f0cf916359
https://job-boards.greenhouse.io/newsbreak/jobs/4712873006?gh_src=Simplify,Senior Software Engineer - Lifecycle & Messaging Platform,NewsBreak,"Mountain View, CA, USA",150000.0,280000.0,USD,,,2026-09-11T22:30:01+00:00,2026-09-11T22:24:13+00:00,false,,onsite,full_time,senior,,2026-09-16T23:18:42.097728+00:00,ats,simplify,https://simplify.jobs/p/18640bf8-a54e-4588-b9df-e13bd182d582
https://job-boards.greenhouse.io/accordion/jobs/8192437?gh_src=Simplify,Senior Software Engineer,Accordion,"Boston, MA, USA; San Francisco, CA, USA; Dallas, TX, USA; Chicago, IL, USA; Charlotte, NC, USA; New York, NY, USA",110000.0,200000.0,USD,,,2026-09-10T22:24:01+00:00,2026-09-10T22:19:06+00:00,false,,hybrid,full_time,mid | senior,,2026-09-16T23:18:42.811331+00:00,ats,simplify,https://simplify.jobs/p/ccd471c8-b4ff-44c4-a3e7-d74e64d07371
https://job-boards.greenhouse.io/midihealth/jobs/4687972005?gh_src=Simplify,Senior Software Engineer - AI Engineer,Midi,"Palo Alto, CA, USA; San Francisco, CA, USA",170000.0,210000.0,USD,,,2026-09-04T05:18:01+00:00,2026-04-25T01:17:01+00:00,false,,hybrid,full_time,senior,,2026-09-16T23:18:44.840275+00:00,ats,simplify,https://simplify.jobs/p/d95898c4-73ca-4339-8b40-d1a8ae2bba40
https://apply.workable.com/seeq/j/802346B20E/apply?utm_source=Simplify,Full Stack Software Engineer - Staff or Principal,Seeq,Remote; Remote in Canada,230000.0,280000.0,CAD,,,2026-09-04T01:18:24+00:00,2026-08-08T01:19:50+00:00,false,,remote,full_time,senior,,2026-09-16T23:18:47.036013+00:00,ats,simplify,https://simplify.jobs/p/12db497d-0163-4034-83e2-422ec6207afc
https://lentechinc.applytojob.com/apply/7YJewQx3zg/Senior-Software-Engineer-3?utm_source=Simplify,Senior Software Engineer 3,Lentech,"Annapolis Junction, MD, USA",215731.0,225393.0,USD,,,2026-09-03T07:33:06+00:00,2026-08-27T00:26:30+00:00,false,,onsite,full_time,,,2026-09-16T23:18:53.429280+00:00,ats,simplify,https://simplify.jobs/p/164f8cd6-9656-44a9-9364-297283242c88
https://jobs.ashbyhq.com/harvey/af2f6c0b-f470-4f79-b2d7-3004a3dce472/application?embed=true&utm_source=Simplify,Senior Software Engineer - Agents,Harvey,"New York, NY, USA",193400.0,290000.0,USD,,,2026-09-03T19:57:26+00:00,2026-07-22T22:13:51+00:00,false,,hybrid,full_time,mid | senior,,2026-09-16T23:19:00.019338+00:00,ats,simplify,https://simplify.jobs/p/4897e364-ec0c-4963-884b-667677493a70
https://jobs.ashbyhq.com/asula/c3b43b8f-fd0f-44cc-b0ea-40b80e8e4a55/application?embed=true&utm_source=Simplify,Senior Software Engineer,Asula Labs,"Dubai - United Arab Emirates; Sydney NSW, Australia",,,,,,2026-09-03T19:51:22+00:00,2026-07-21T01:15:51+00:00,false,,onsite,full_time,mid | senior,,2026-09-16T23:19:00.126251+00:00,ats,simplify,https://simplify.jobs/p/dbccbf90-6b67-4127-bfea-3c3e3e716061
https://jobs.lever.co/BDG/292921a6-f450-41c4-8dfe-b9e6350051d5/apply?lever-source=Simplify,Senior Staff Software Engineer - Rails,BDG,"New York, NY, USA",170000.0,180000.0,USD,,,2026-09-04T07:24:02+00:00,2025-12-02T07:15:44+00:00,false,,hybrid,full_time,senior,,2026-09-16T23:19:02.563111+00:00,ats,simplify,https://simplify.jobs/p/8daca970-dbe1-4f6b-a3ef-8d85213daa52
https://careers.capgemini.com/job/San-Sebastian-Software-Engineer-TCMS/1436707333/?ats=successfactors&utm_source=Simplify,Software Engineer TCMS,Capgemini,"Donostia-San Sebastian, Gipuzkoa, Spain",,,,,,2026-09-16T10:05:26+00:00,2026-09-14T15:05:22+00:00,false,,hybrid,full_time,senior,,2026-09-16T23:19:05.243168+00:00,employer,simplify,https://simplify.jobs/p/b3289871-ad2e-4feb-a630-7da22b6c781b
https://job-boards.greenhouse.io/anthropic/jobs/5288742008?gh_src=Simplify,Staff Software Engineer - Enterprise,Anthropic,"San Francisco, CA, USA; New York, NY, USA",405000.0,485000.0,USD,,,2026-09-04T08:42:09+00:00,2026-07-01T22:05:55+00:00,false,,hybrid,full_time,,,2026-09-16T23:19:07.242997+00:00,ats,simplify,https://simplify.jobs/p/7965c8db-edd7-4be9-b35d-16206188abc9
https://jobs.ashbyhq.com/ambient.ai/4587b31d-7b3b-4943-8085-c712d53ce48f/application?embed=true&utm_source=Simplify,Senior Software Engineer - Backend,Ambient.ai,"Bengaluru, Karnataka, India",,,,,,2026-09-03T18:21:22+00:00,2026-04-16T07:06:17+00:00,false,,onsite,full_time,senior,,2026-09-16T23:19:16.466527+00:00,ats,simplify,https://simplify.jobs/p/b749514e-2178-4ac2-881c-266e5db2e4fb
https://job-boards.greenhouse.io/affirm/jobs/7820451003?gh_src=Simplify,Staff Software Engineer - Backend - Card,Affirm,Remote; Remote in Spain,103000.0,139000.0,EUR,,,2026-09-10T14:39:01+00:00,2026-08-05T22:39:57+00:00,false,,remote,full_time,senior,,2026-09-16T23:19:21.658427+00:00,ats,simplify,https://simplify.jobs/p/e0b2ec20-88a7-4d0a-901c-80e36de6cc30
https://job-boards.greenhouse.io/6sense/jobs/7669228?gh_src=Simplify,Senior Software Engineer,6sense,"Bengaluru, Karnataka, India",,,,,,2026-09-04T05:18:01+00:00,2026-05-14T22:20:17+00:00,false,,onsite,full_time,senior,,2026-09-16T23:19:28.532761+00:00,ats,simplify,https://simplify.jobs/p/5cd628d3-0906-4c0c-b29f-a2d9c93829bc
https://jobs.ashbyhq.com/teamworks/0127e5e5-5a05-423c-b79e-5a1188695a24/application?embed=true&utm_source=Simplify,Senior Software Engineer - Data Platform,Teamworks,"Remote; Research Triangle Park, Durham, NC, USA; Remote in USA",185000.0,185000.0,USD,,,2026-09-03T04:00:06+00:00,2026-09-01T04:53:31+00:00,false,,remote,full_time,mid | senior,,2026-09-16T23:19:32.663048+00:00,ats,simplify,https://simplify.jobs/p/9aece538-a3c4-49d8-a3d9-f5b67cc3feca
https://jobs.ashbyhq.com/payabli/dc71d02a-6ebd-4260-b23b-fea561df1c09/application?embed=true&utm_source=Simplify,Senior Software Engineer - Full Stack,Payabli,"Remote; Miami, FL, USA; Remote in USA",,,,,,2026-09-04T08:03:01+00:00,2026-05-19T01:08:32+00:00,false,,remote,full_time,senior,,2026-09-16T23:19:44.104108+00:00,ats,simplify,https://simplify.jobs/p/c56738a8-3116-4a26-9ee3-ce51cf517a72
https://jobs.lever.co/sonatype/7593fb98-a343-44b2-ab16-548ccc054917/apply?lever-source=Simplify,Staff Software Engineer,Sonatype,Remote; Remote in Canada,,,,,,2026-09-11T08:30:01+00:00,2026-08-21T06:22:54+00:00,false,,remote,full_time,senior,,2026-09-16T23:19:47.637360+00:00,ats,simplify,https://simplify.jobs/p/0bae2219-6718-4f75-b4ba-a61631d8e82e
https://job-boards.greenhouse.io/andurilindustries/jobs/5226466007?gh_src=Simplify,Senior Mission Software Engineer - Undersea Reconnaissance & Strike,Anduril,"Remote; Quincy, MA, USA",191000.0,253000.0,USD,,,2026-09-03T04:00:06+00:00,2026-09-01T04:58:21+00:00,false,,remote,full_time,senior,,2026-09-16T23:19:51.813626+00:00,ats,simplify,https://simplify.jobs/p/5f3545fd-befc-4335-8c6c-feb35e86dfa7
https://job-boards.greenhouse.io/anthropic/jobs/5123039008?gh_src=Simplify,Staff Software Engineer - Account Abuse,Anthropic,"Seattle, WA, USA; San Francisco, CA, USA; New York, NY, USA",320000.0,485000.0,USD,,,2026-09-04T07:36:01+00:00,2026-02-24T07:43:04+00:00,false,,hybrid,full_time,senior,,2026-09-16T23:20:14.273887+00:00,ats,simplify,https://simplify.jobs/p/a05ce13f-8eea-4804-b4f0-a6f565e5cdbd
https://www.okta.com/company/careers/staff-software-engineer-delegated-administration-auth0-7560775/?gh_src=Simplify,Staff Software Engineer - Delegated Administration,Okta,"Toronto, ON, Canada",160000.0,220000.0,CAD,,,2026-09-04T07:24:02+00:00,2026-05-05T14:18:34+00:00,false,,hybrid,full_time,senior,,2026-09-16T23:20:18.479469+00:00,employer,simplify,https://simplify.jobs/p/920535cb-7331-4054-b829-264211351386
https://job-boards.greenhouse.io/imaginepediatrics/jobs/4702136005?gh_src=Simplify,Staff Software Engineer,Imagine Pediatrics,Remote; Remote in USA,180000.0,200000.0,USD,,,2026-09-12T01:21:01+00:00,2026-06-03T01:10:09+00:00,false,,remote,full_time,senior,,2026-09-16T23:20:29.140222+00:00,ats,simplify,https://simplify.jobs/p/6d5541c4-3fe8-459f-ac80-ec8f2ed82534
https://job-boards.greenhouse.io/reddit/jobs/7976852?gh_src=Simplify,Senior Software Engineer - Full Stack Internal Tooling - Build and Deployment Platform,Reddit,Remote; Remote in USA,190800.0,267100.0,USD,,,2026-09-04T08:03:01+00:00,2026-06-03T01:15:15+00:00,false,,remote,full_time,senior,,2026-09-16T23:20:29.661142+00:00,ats,simplify,https://simplify.jobs/p/38ef321b-e263-4e78-9145-8857fcdf88d6
https://evertz.applytojob.com/apply/S3IO5DrQSS/Senior-Software-Engineer-Backend?utm_source=Simplify,Senior Software Engineer - Backend,Evertz,"Burlington, ON, Canada",70000.0,100000.0,CAD,,,2026-09-03T21:45:21+00:00,2026-08-03T06:22:53+00:00,false,,onsite,full_time,senior,,2026-09-16T23:20:29.994152+00:00,ats,simplify,https://simplify.jobs/p/ff5afd64-aca2-4bdb-9560-e13801dfaf18
https://trellix.wd1.myworkdayjobs.com/en-US/EnterpriseCareers/job/India-Bangalore/Senior-Software-Engineer_JR0036952?utm_source=Simplify,Senior Software Engineer,Trellix,"Bengaluru, Karnataka, India",,,,,,2026-09-04T14:51:04+00:00,2026-09-04T14:50:20+00:00,false,,hybrid,full_time,mid | senior,,2026-09-16T23:20:34.246787+00:00,ats,simplify,https://simplify.jobs/p/b286a41f-3bce-4b7f-ae41-41bbeddcf8f9
https://job-boards.greenhouse.io/perpay/jobs/5119559007?gh_src=Simplify,Senior Software Engineer - Backend,Perpay,"Philadelphia, PA, USA",160000.0,299999.0,USD,,,2026-09-04T07:51:01+00:00,2026-04-23T22:08:38+00:00,false,,onsite,full_time,senior,,2026-09-16T23:20:37.352447+00:00,ats,simplify,https://simplify.jobs/p/618b7a04-7e07-4792-856e-a1bf2a18431d
https://stripe.com/careers/listing/software-engineer-bridge/7277110?gh_jid=7277110&gh_src=Simplify,Software Engineer - Bridge,Stripe,"Seattle, WA, USA; San Francisco, CA, USA; New York, NY, USA",,,,,,2026-09-03T17:24:21+00:00,2026-01-08T02:31:51+00:00,false,,onsite,full_time,senior,,2026-09-16T23:20:42.046693+00:00,employer,simplify,https://simplify.jobs/p/774cea16-e808-4617-beca-9ef1922f6e1a
https://job-boards.greenhouse.io/spacex/jobs/8558871002?gh_src=Simplify,Senior Software Engineer - Platform Team,SpaceX,"Palo Alto, CA, USA",170000.0,235000.0,USD,,,2026-09-04T05:18:01+00:00,2026-05-20T22:11:38+00:00,false,,onsite,full_time,senior,,2026-09-16T23:20:48.755490+00:00,ats,simplify,https://simplify.jobs/p/8133d033-e756-4b77-b5b7-b3b4abe4a3a1
https://mimecast.wd5.myworkdayjobs.com/Mimecast-Careers/job/India---Bengaluru/Senior-Software-Engineer_R6568?utm_source=Simplify,Senior Software Engineer,Mimecast,"Bengaluru, Karnataka, India",,,,,,2026-09-03T08:21:09+00:00,2026-08-26T00:00:00+00:00,false,,hybrid,full_time,senior,,2026-09-16T23:20:53.961053+00:00,ats,simplify,https://simplify.jobs/p/e705f8f0-529c-46a5-85ee-f1a97e49e607
https://job-boards.greenhouse.io/spacex/jobs/8716175002?gh_src=Simplify,Senior Embedded Software Engineer - Starlink,SpaceX,"Bastrop, TX, USA",,,,,,2026-09-03T13:48:18+00:00,2026-08-19T20:50:30+00:00,false,,onsite,full_time,senior,,2026-09-16T23:20:52.769515+00:00,ats,simplify,https://simplify.jobs/p/20478688-72c1-43f4-9ab2-857f90249704
https://jobs.ashbyhq.com/Crusoe/7dd7d216-98cc-4b82-829b-c3376caadfb6/application?embed=true&utm_source=Simplify,Senior Software Engineer - Cloud Monitoring Service,Crusoe,"San Francisco, CA, USA",175000.0,210000.0,USD,,,2026-09-03T19:24:26+00:00,2026-07-08T22:10:12+00:00,false,,onsite,full_time,senior,,2026-09-16T23:20:56.888397+00:00,ats,simplify,https://simplify.jobs/p/397a57c9-20ad-4280-8eb7-1a7252e3bfee
https://www.emnify.com/careers/openings/job-detail?gh_jid=4928220101&gh_src=Simplify&jobtitle=+Staff++Software+Engineer+%E2%80%93+5G+Standalone+Core&hsDebug=true,Staff Software Engineer - 5G Standalone Core,Emnify,"Berlin, Germany",,,,,,2026-09-03T19:39:23+00:00,2026-07-15T09:22:39+00:00,false,,hybrid,full_time,,,2026-09-16T23:21:04.795759+00:00,employer,simplify,https://simplify.jobs/p/2bb91522-7963-46fb-b8f1-7e34e78ffb26
https://leidos.wd5.myworkdayjobs.com/External/job/Annapolis-Junction-MD/Senior-Signals-Software-Engineer_R-00187840?utm_source=Simplify,Senior Signals Software Engineer,Leidos,"Annapolis Junction, MD, USA",131300.0,237350.0,USD,,,2026-09-16T12:33:14+00:00,2026-07-22T00:00:00+00:00,false,,onsite,full_time,senior,,2026-09-16T23:21:01.827101+00:00,ats,simplify,https://simplify.jobs/p/c3d6271c-a9e1-48da-99ec-8a66bd34108c
https://jobs.lever.co/clearedge/cdcaebcf-8eee-4e66-9398-9abbfdfc02d3/apply?lever-source=Simplify,Senior Software Engineer,ClearEdge,"Annapolis Junction, MD, USA",,,,,,2026-09-03T18:48:22+00:00,2025-03-14T19:50:50+00:00,false,,,full_time,senior,Conflicting workplace across sites,2026-09-16T23:21:26.984376+00:00,ats,simplify,https://simplify.jobs/p/6d6d915c-b2ee-4449-8676-51cde03eda7d | https://simplify.jobs/p/d6d8930b-7bc4-45f6-8e51-fe81e65e1e2a | https://simplify.jobs/p/8532bba9-ee42-4886-9142-96fe440d3085
https://accenture.wd103.myworkdayjobs.com/AccentureCareers/job/Jaipur/Custom-Software-Engineer_ATCI-5285814-S1931299-1?utm_source=Simplify,Custom Software Engineer,Accenture,"Jaipur, Rajasthan, India",,,,,,2026-09-07T11:42:01+00:00,2026-06-15T06:08:13+00:00,false,,onsite,full_time,mid | senior,,2026-09-16T23:21:43.712910+00:00,ats,simplify,https://simplify.jobs/p/068c3d5a-f189-4244-a0fa-1e278f26dda0 | https://simplify.jobs/p/0b9c06ab-7c47-48a4-9232-7e989d35143e | https://simplify.jobs/p/c2f0e8e5-1cc4-4dc5-b9a0-caf0282b0113
https://jobs.ashbyhq.com/revel/58d34117-a264-44ad-8134-0f189e125597/application?embed=true&utm_source=Simplify,Full Stack Software Engineer - Mid-Senior,Revel,"San Francisco, CA, USA; Los Angeles, CA, USA",,,,,,2026-09-04T10:06:01+00:00,2026-07-21T01:17:55+00:00,false,,onsite,full_time,mid,,2026-09-16T23:21:10.875147+00:00,ats,simplify,https://simplify.jobs/p/de7fc3be-e46a-4071-b2ce-363bc67f9ccf
https://job-boards.greenhouse.io/monstro/jobs/4297596009?gh_src=Simplify,Staff Software Engineer,Monstro,"New York, NY, USA",224000.0,264000.0,USD,,,2026-09-03T02:39:07+00:00,2026-07-07T22:29:28+00:00,false,,hybrid,full_time,senior,,2026-09-16T23:21:12.715414+00:00,ats,simplify,https://simplify.jobs/p/d4e8629d-595c-45b6-953d-0f83320a7281
https://apply.workable.com/szns/j/57AE69E408/apply?utm_source=Simplify,Senior Software Engineer,SZNS Solutions,"Reston, VA, USA",,,,,,2026-09-04T10:54:01+00:00,2026-08-11T01:31:42+00:00,false,,hybrid,full_time,senior,,2026-09-16T23:21:24.050680+00:00,ats,simplify,https://simplify.jobs/p/f8e05b3b-4284-432c-967c-8a9ca203cb52
https://jobs.ashbyhq.com/suno/44860a61-5d54-4ba4-b48e-4378d3040da3/application?embed=true&utm_source=Simplify,Senior / Staff Software Engineer - AI Engineering,Suno,"Boston, MA, USA",228960.0,363510.0,USD,,,2026-09-04T04:42:01+00:00,2026-07-01T22:09:50+00:00,false,,onsite,full_time,senior,,2026-09-16T23:21:25.224114+00:00,ats,simplify,https://simplify.jobs/p/bc7cc8e9-46bd-4048-a450-f274185f7ad3
https://job-boards.greenhouse.io/sidecarhealth/jobs/6121520004?gh_src=Simplify,Senior Software Engineer - Full Stack,Sidecar Health,"Remote; California, USA",160000.0,175000.0,USD,,,2026-09-04T09:54:01+00:00,2026-07-23T22:36:10+00:00,false,,remote,full_time,senior,,2026-09-16T23:21:29.608857+00:00,ats,simplify,https://simplify.jobs/p/6ed166ee-f2a2-4e6e-ac8d-353619d70688
https://pae.wd1.myworkdayjobs.com/en-US/amentum_careers/job/US-TX-Houston/Senior-Software-Engineer_R0167886?utm_source=Simplify,Senior Software Engineer,Amentum,"Houston, TX, USA",140000.0,170000.0,USD,,,2026-09-04T01:03:21+00:00,2026-08-07T00:00:00+00:00,false,,hybrid,full_time,,,2026-09-16T23:21:41.869107+00:00,ats,simplify,https://simplify.jobs/p/fcefcba2-cff9-43c7-9f95-6640f845e00a
https://apply.workable.com/reversinglabs/j/8CB4B34C5A/apply?utm_source=Simplify,Senior Full Stack Software Engineer,ReversingLabs,Remote; Remote in Ireland,,,,,,2026-09-04T01:18:24+00:00,2026-08-08T01:19:39+00:00,false,,remote,full_time,senior,,2026-09-16T23:21:40.891083+00:00,ats,simplify,https://simplify.jobs/p/c5cc01ff-c671-43a8-8445-90a1031b3784
https://globalhr.wd5.myworkdayjobs.com/rec_rtx_ext_gateway/job/US-AZ-TUCSON-914--6880-S-Tucson-Blvd--BIKE-SHOP-914/Senior-Software-Engineer---The-Bike-Shop_01870718?utm_source=Simplify,Senior Software Engineer - The Bike Shop,RTX,"Tucson, AZ, USA",86800.0,165200.0,USD,,,2026-09-16T12:21:27+00:00,2026-08-28T00:00:00+00:00,false,,onsite,full_time,senior,,2026-09-16T23:21:46.330738+00:00,ats,simplify,https://simplify.jobs/p/7ea17026-03a3-4972-aaae-b9e1900809fa
https://mastercard.wd1.myworkdayjobs.com/CorporateCareers/job/Dublin-Ireland-One-South-County/Senior-Software-Engineer_R-290725?utm_source=Simplify,Senior Software Engineer,Mastercard,Unknown,,,,,,2026-09-15T14:06:02+00:00,2026-09-15T00:00:00+00:00,false,,onsite,full_time,senior,,2026-09-16T23:21:45.478064+00:00,ats,simplify,https://simplify.jobs/p/2c991d47-42ea-433c-a607-765f243ec4a1
https://job-boards.greenhouse.io/andurilindustries/jobs/4646426007?gh_src=Simplify,Senior Flight Software Engineer - Embedded C/C++ - Air Dominance & Strike,Anduril,"Costa Mesa, CA, USA",166000.0,253000.0,USD,,,2026-09-04T06:57:01+00:00,2025-06-02T20:57:04+00:00,false,,onsite,full_time,senior,,2026-09-16T23:21:56.054779+00:00,ats,simplify,https://simplify.jobs/p/26fc91b4-54db-43b2-a0de-81edcd3ec60d
https://proofpoint.wd5.myworkdayjobs.com/proofpointcareers/job/Belfast-Northern-Ireland/Sr-Software-Engineer--Java--Go-_R14740?utm_source=Simplify,Senior Software Engineer - Java - Go,Proofpoint,"Belfast, UK",,,,,,2026-09-14T20:33:48+00:00,2026-09-14T00:00:00+00:00,false,,onsite,full_time,senior,,2026-09-16T23:22:05.750877+00:00,ats,simplify,https://simplify.jobs/p/6f031bb4-b568-4b63-b9ec-871dd71aa8f8
https://jobs.ashbyhq.com/replit/43bd4e63-22c3-4b80-abd2-67eaf2c89790/application?embed=true&utm_source=Simplify,Staff Software Engineer - Agent Platform,Replit,"Foster City, CA, USA",250000.0,365000.0,USD,,,2026-09-04T04:42:01+00:00,2026-04-15T01:08:53+00:00,false,,hybrid,full_time,senior,,2026-09-16T23:22:09.130776+00:00,ats,simplify,https://simplify.jobs/p/56a823cd-5c0e-4821-b5d0-6d30883c7088
https://job-boards.greenhouse.io/affirm/jobs/7636416003?gh_src=Simplify,Senior Software Engineer - Backend - Merchant & Partner Lifecycle,Affirm,Remote; Remote in Canada,153000.0,213000.0,CAD,,,2026-09-10T14:39:01+00:00,2026-03-26T22:10:13+00:00,false,,remote,full_time,senior,,2026-09-16T23:22:08.156254+00:00,ats,simplify,https://simplify.jobs/p/b5eaae57-af5d-43c9-b28c-935966fee467
https://eeho.fa.us2.oraclecloud.com/hcmUI/CandidateExperience/en/sites/CX_45001/job/339590?utm_source=Simplify,Senior Software Engineer,Oracle,"Nashville, TN, USA; Austin, TX, USA",89200.0,209500.0,USD,,,2026-09-03T19:24:26+00:00,2026-07-10T06:07:32+00:00,false,,onsite,full_time,mid | senior,,2026-09-16T23:22:13.546824+00:00,ats,simplify,https://simplify.jobs/p/129f6bfe-0c30-4ed7-bf67-780d30450fc3
https://job-boards.greenhouse.io/alpaca/jobs/6161010004?gh_src=Simplify,Senior Software Engineer - New Markets,Alpaca,Remote; North America,,,,,,2026-09-03T12:36:02+00:00,2026-08-25T18:30:02+00:00,false,,remote,full_time,senior,,2026-09-16T23:22:13.729723+00:00,ats,simplify,https://simplify.jobs/p/77f582ba-ffeb-4fae-a6b5-e8cca2d3d8e5
https://jobs.ashbyhq.com/triumph-arcade/a96e8422-6b1a-4bd9-b5ea-8073e5c26880/application?embed=true&utm_source=Simplify,Senior Software Engineer - Mobile,Triumph,"San Francisco, CA, USA",200000.0,400000.0,USD,,,2026-09-04T11:39:02+00:00,2026-05-19T01:09:05+00:00,false,,onsite,full_time,mid | senior,,2026-09-16T23:22:18.078897+00:00,ats,simplify,https://simplify.jobs/p/80608a27-4d90-425e-925b-1b03aa5b2bf0
https://careers-peraton.icims.com/jobs/170589/job?mobile=true&needsRedirect=false&utm_source=Simplify,Senior Software Engineer - Decision Logic & Regulatory Workflow,Peraton,Remote; Remote in USA,80000.0,128000.0,USD,,,2026-09-16T22:45:07+00:00,2026-09-16T22:18:30+00:00,false,,remote,full_time,senior,,2026-09-16T23:22:33.644535+00:00,ats,simplify,https://simplify.jobs/p/ade53869-cf15-44e9-9525-e8823db34d2c
https://job-boards.greenhouse.io/cloudflare/jobs/6578726?gh_src=Simplify,Senior Software Engineer - Workers Runtime,Cloudflare,"Austin, TX, USA",,,,,,2026-09-04T06:57:01+00:00,2026-07-10T14:36:24+00:00,false,,onsite,full_time,mid | senior,,2026-09-16T23:22:31.712860+00:00,ats,simplify,https://simplify.jobs/p/6df01cd7-c670-4f58-a279-5b5bc3af5e20
https://jobs.lever.co/wyetechllc/d73e095c-70d8-4c43-897f-374684a33933/apply?lever-source=Simplify,Cloud Software Engineer 3,Wyetech,"Annapolis Junction, MD, USA",87.78,124.84,USD,,,2026-09-08T22:06:29+00:00,2026-09-08T22:03:37+00:00,false,,onsite,full_time,senior,,2026-09-16T23:22:37.916691+00:00,ats,simplify,https://simplify.jobs/p/de7bc628-24d6-4e62-95ce-ce926827bdae
https://jobs.lever.co/palantir/d2a87a1d-63f4-4dcd-b0d0-f6be91fed4d3/apply?lever-source=Simplify,Senior Front End Software Engineer - Application Development,Palantir,"New York, NY, USA",135000.0,200000.0,USD,,,2026-09-04T05:18:01+00:00,2025-10-31T08:53:20+00:00,false,,hybrid,full_time,senior,,2026-09-16T23:22:42.129088+00:00,ats,simplify,https://simplify.jobs/p/0043e1ac-4b51-4e44-abdb-6aac16a9766f
https://utilidata.applytojob.com/apply/zI1Wf7lWOF/Software-Engineer-On-Device?utm_source=Simplify,Software Engineer - On Device,Utilidata,"Ann Arbor, MI, USA",120000.0,150000.0,USD,,,2026-09-03T21:45:21+00:00,2026-08-03T06:17:13+00:00,false,,onsite,full_time,senior,,2026-09-16T23:22:47.389771+00:00,ats,simplify,https://simplify.jobs/p/45dbb9fb-921b-488b-a2f3-cc43dc0cdffa
https://job-boards.greenhouse.io/axon/jobs/6664111003?gh_src=Simplify,Staff/Principal Full Stack Software Engineer,Axon,"Boston, MA, USA",168750.0,270000.0,USD,,,2026-09-16T22:14:45+00:00,2026-03-14T22:16:47+00:00,false,,hybrid,full_time,senior,,2026-09-16T23:22:49.113339+00:00,ats,simplify,https://simplify.jobs/p/fa47013e-6441-475f-bfaf-318e432b8804
https://evergreenix.wd1.myworkdayjobs.com/external-careers2/job/USA_TX_Richardson/Senior-Software-Engineer_JR500771?utm_source=Simplify,Senior Tactical Data Link Software Engineer,Everfox,"Richardson, TX, USA",142600.0,197100.0,USD,,,2026-09-16T22:18:03+00:00,2026-08-27T00:00:00+00:00,false,,hybrid,full_time,,,2026-09-16T23:22:52.555990+00:00,ats,simplify,https://simplify.jobs/p/31f467e9-633c-4a7a-84d7-cc4b3d2d52bd
https://job-boards.greenhouse.io/zetaglobal/jobs/5869852004?gh_src=Simplify,Senior Software Engineer - Real-Time Ad Serving,Zeta Global,"Berlin, Germany",,,,,,2026-09-07T09:03:22+00:00,2026-05-13T22:15:59+00:00,false,,hybrid,full_time,senior,,2026-09-16T23:22:51.871949+00:00,ats,simplify,https://simplify.jobs/p/3bbd6ab9-ac0c-47ed-9e21-2dc22ba4bcd8
https://job-boards.greenhouse.io/peregrinetechnologies/jobs/4704814005?gh_src=Simplify,Senior Software Engineer - Foundations,Peregrine,"New York, NY, USA",200000.0,250000.0,USD,,,2026-09-09T06:39:21+00:00,2026-08-28T21:05:14+00:00,false,,onsite,full_time,mid | senior,,2026-09-16T23:23:15.274798+00:00,ats,simplify,https://simplify.jobs/p/4eb766f1-a4fd-4362-be3c-41d401bd3002
https://job-boards.greenhouse.io/reddit/jobs/8022448?gh_src=Simplify,Senior Software Engineer - Core Platform,Reddit,"Remote; Chicago, IL, USA",190800.0,267100.0,USD,,,2026-09-04T08:27:01+00:00,2026-06-23T22:14:24+00:00,false,,remote,full_time,mid | senior,,2026-09-16T23:23:18.426101+00:00,ats,simplify,https://simplify.jobs/p/5f264e7c-64e1-420b-a89c-b2975929afc3
https://fox.wd1.myworkdayjobs.com/Domestic/job/USA---CA---Los-Angeles---10201-W-Pico-Blvd/Senior-Software-Engineer_R50033550-1?utm_source=Simplify,Senior Software Engineer,FOX,"Los Angeles, CA, USA; New York, NY, USA",160000.0,224000.0,USD,,,2026-09-04T01:57:21+00:00,2026-08-11T00:00:00+00:00,false,,hybrid,full_time,mid | senior,,2026-09-16T23:23:22.655053+00:00,ats,simplify,https://simplify.jobs/p/c670e035-1305-4553-ab22-98d99873b590
https://accenture.wd103.myworkdayjobs.com/AccentureCareers/job/Mumbai/Custom-Software-Engineer_ATCI-5720296-S2066311-1?utm_source=Simplify,Custom Software Engineer,Accenture,"Mumbai, Maharashtra, India; Bengaluru, Karnataka, India",,,,,,2026-09-07T15:45:01+00:00,2026-08-26T00:00:00+00:00,false,,onsite,full_time,senior,,2026-09-16T23:24:03.554673+00:00,ats,simplify,https://simplify.jobs/p/79f099df-91c6-40c8-aa95-c21d6decdf7e | https://simplify.jobs/p/b8272a21-a761-48a9-a856-ca25be23f0bc | https://simplify.jobs/p/69fc6c34-0179-4af1-8921-25f7133251d9
https://jobs.ashbyhq.com/probook/05516a84-77e4-4e2b-9686-49913e019c04/application?embed=true&utm_source=Simplify,Senior Software Engineer,Probook,"Manhattan, New York, NY, USA; New York, NY, USA",200000.0,250000.0,USD,,,2026-09-03T17:45:23+00:00,2026-02-17T15:14:49+00:00,false,,onsite,full_time,mid | senior,,2026-09-16T23:23:40.699400+00:00,ats,simplify,https://simplify.jobs/p/5ee6220f-6b4d-4dfd-8649-4217cbb6311a
https://intelliforceitsolutionsgroup.applytojob.com/apply/eE9C2Qm1Xa/Senior-Backend-Software-Engineer-Prime?utm_source=Simplify,Senior Backend Software Engineer - Prime,Intelliforce-IT Solutions Group,"Annapolis Junction, MD, USA",176000.0,226000.0,USD,,,2026-09-15T22:36:01+00:00,2026-09-15T22:20:00+00:00,false,,onsite,full_time,senior,,2026-09-16T23:23:41.362239+00:00,ats,simplify,https://simplify.jobs/p/78e6f73f-5235-4c7d-9588-275681a189d2
https://equinix.wd1.myworkdayjobs.com/External/job/Toronto/Staff-Software-Development-Engineer_JR-162224?utm_source=Simplify,Staff Full-Stack Product Software Engineer,Equinix,"Toronto, ON, Canada",88000.0,132000.0,CAD,,,2026-09-16T11:15:11+00:00,2026-07-23T00:00:00+00:00,false,,hybrid,full_time,senior,,2026-09-16T23:24:05.697126+00:00,ats,simplify,https://simplify.jobs/p/e9615410-648d-408d-805a-af6a20cb1115
https://job-boards.greenhouse.io/andurilindustries/jobs/5209998007?gh_src=Simplify,Staff Software Engineer,Anduril,"Boston, MA, USA",22000.0,292000.0,USD,,,2026-09-04T02:06:24+00:00,2026-08-12T01:33:50+00:00,false,,onsite,full_time,,,2026-09-16T23:24:04.282182+00:00,ats,simplify,https://simplify.jobs/p/97705bca-2bcb-4b89-95a8-18a165db9432
https://job-boards.greenhouse.io/chainguard/jobs/4697556006?gh_src=Simplify,Staff Software Engineer - Repositories,Chainguard,Remote; Remote in UK,,,,,,2026-09-03T19:51:22+00:00,2026-07-17T22:29:29+00:00,false,,remote,full_time,senior,,2026-09-16T23:24:15.665156+00:00,ats,simplify,https://simplify.jobs/p/ebfef80d-8b61-4aab-a6b9-bf491ae827bc
https://job-boards.greenhouse.io/awetomaton/jobs/5385876008?gh_src=Simplify,Software Engineer - Python & Kubernetes Integration,Awetomaton,"Boulder, CO, USA",100000.0,165000.0,USD,,,2026-09-04T01:48:21+00:00,2026-08-11T14:10:29+00:00,false,,onsite,full_time,mid | senior,,2026-09-16T23:24:17.392228+00:00,ats,simplify,https://simplify.jobs/p/0f872c15-e806-4f41-8e73-689cde32cca6
https://job-boards.greenhouse.io/algolia/jobs/5601402004?gh_src=Simplify,Senior Software Engineer - Search Platform,Algolia,"Paris, France",67500.0,94000.0,EUR,,,2026-09-04T06:57:01+00:00,2025-07-30T13:36:25+00:00,false,,hybrid,full_time,senior,,2026-09-16T23:24:20.706226+00:00,ats,simplify,https://simplify.jobs/p/81c20dc6-c3c1-41d0-a964-28d4367bb43f
https://job-boards.greenhouse.io/dialpad/jobs/8661336002?gh_src=Simplify,Senior Software Engineer - Hardware,Dialpad,"Vancouver, BC, Canada",175500.0,218250.0,CAD,,,2026-09-04T00:27:22+00:00,2026-08-05T22:31:58+00:00,false,,hybrid,full_time,senior,,2026-09-16T23:24:25.753690+00:00,ats,simplify,https://simplify.jobs/p/172ee755-1d70-4e9d-ba75-38bbf602fc54
https://job-boards.greenhouse.io/sigmacomputing/jobs/7767918003?gh_src=Simplify,Software Engineer - Compiler,Sigma Computing,"New York, NY, USA",170000.0,235000.0,USD,,,2026-09-04T08:15:01+00:00,2026-06-10T06:13:06+00:00,false,,onsite,full_time,senior,,2026-09-16T23:24:28.056178+00:00,ats,simplify,https://simplify.jobs/p/6e31712b-9ab3-4efe-ac62-e23213f9a498
https://jobs.lever.co/cti-md/336befbf-7e74-45ba-bef7-df2f0b898b26/apply?lever-source=Simplify,Software Engineer - Analytic Developer,Constellation Technologies,"Fort Meade, MD, USA",150000.0,200000.0,USD,,,2026-09-03T15:39:14+00:00,2026-08-17T15:19:16+00:00,false,,onsite,full_time,senior,,2026-09-16T23:24:29.764279+00:00,ats,simplify,https://simplify.jobs/p/2a0d7b36-2923-466b-b5da-a2b97f3c4931
https://job-boards.greenhouse.io/scoutmotors/jobs/5181608007?gh_src=Simplify,Senior Software Engineer - Frontend,Scout Motors,"Fremont, CA, USA",154000.0,187000.0,USD,,,2026-09-16T06:39:16+00:00,2026-07-08T22:33:47+00:00,false,,hybrid,full_time,senior,,2026-09-16T23:24:29.316137+00:00,ats,simplify,https://simplify.jobs/p/f40aeed2-53f8-4491-a5ea-9d9c1f667710
https://intelliforceitsolutionsgroup.applytojob.com/apply/I96nOGCzG9/Senior-Software-Engineer?utm_source=Simplify,Senior Software Engineer,Intelliforce-IT Solutions Group,"Annapolis Junction, MD, USA",203000.0,260000.0,USD,,,2026-09-03T21:45:21+00:00,2026-08-03T06:19:57+00:00,false,,onsite,full_time,,,2026-09-16T23:24:37.470551+00:00,ats,simplify,https://simplify.jobs/p/a9d9cd4c-863a-4144-97bd-b3d0c6ff8652
https://careers.datadoghq.com/detail/7743369/?gh_jid=7743369&gh_src=Simplify,Staff Software Engineer - Logs Observability Pipelines,Datadog,"New York, NY, USA",244000.0,305000.0,USD,,,2026-09-04T07:24:02+00:00,2026-03-23T22:32:18+00:00,false,,hybrid,full_time,senior,,2026-09-16T23:24:52.397089+00:00,employer,simplify,https://simplify.jobs/p/48ee14a2-5694-4549-b20d-80222f073edf
https://apply.workable.com/writesonic/j/B996242D1F/apply?utm_source=Simplify,Senior Software Engineer - Frontend,Writesonic,Remote; Remote in India,,,,,,2026-09-04T01:18:24+00:00,2026-08-08T01:18:03+00:00,false,,remote,full_time,mid | senior,,2026-09-16T23:24:42.405007+00:00,ats,simplify,https://simplify.jobs/p/71001726-7378-4fcc-91bd-5c1f7319c052
https://jobs.lever.co/wyetechllc/811095ff-ce05-4acd-b0ad-76e9aa22b9d9/apply?lever-source=Simplify,Senior Software Engineer,Wyetech,"San Antonio, TX, USA",52.46,139.92,USD,,,2026-09-03T18:21:22+00:00,2026-04-20T22:11:47+00:00,false,,hybrid,full_time,mid | senior,,2026-09-16T23:24:41.802744+00:00,ats,simplify,https://simplify.jobs/p/88567cf0-3d7c-4950-ab4b-6514051aefc2
https://jobs.lever.co/firstup/5b54faed-24f9-478c-bdce-53b9c48d542f/apply?lever-source=Simplify,Sr. Software Engineer - Fullstack - UK,Firstup,Remote; Remote in UK,,,,,,2026-09-04T05:18:01+00:00,2026-05-20T22:05:44+00:00,false,,remote,full_time,senior,,2026-09-16T23:24:47.116803+00:00,ats,simplify,https://simplify.jobs/p/2e8ef5af-c862-4d7a-83a0-edc96c4b40ac
https://generalmotors.wd5.myworkdayjobs.com/Careers_GM/job/GM-Global-Technical-Center---Cole-Engineering-Center-Podium/Staff-Software-Engineer---AMR-Robot-Simulation_JR-202619592?utm_source=Simplify,Staff Software Engineer - AMR Robot Simulation,General Motors,"Sunnyvale, CA, USA; United States",,,,,,2026-09-16T22:43:00+00:00,2026-09-14T00:00:00+00:00,false,,hybrid,full_time,senior,,2026-09-16T23:24:54.071335+00:00,ats,simplify,https://simplify.jobs/p/53b2b79f-e0c2-48f4-867f-2b1567c3fcc9
https://eeho.fa.us2.oraclecloud.com/hcmUI/CandidateExperience/en/sites/CX_45001/job/338569?utm_source=Simplify,Senior Platform Software Engineer,Oracle,"Austin, TX, USA",92500.0,209500.0,USD,,,2026-09-03T19:12:22+00:00,2026-07-02T03:30:41+00:00,false,,onsite,full_time,mid | senior,,2026-09-16T23:24:55.847475+00:00,ats,simplify,https://simplify.jobs/p/eb514510-0061-481f-8d41-af2fc0c08246
https://jobs.lever.co/ro/0051c5e2-3ce3-48db-a6ca-3f06322d06c5/apply?lever-source=Simplify,Senior Software Engineer - Frontend - Care Platform Operations,Ro,"New York, NY, USA",182300.0,220000.0,USD,,,2026-09-03T18:48:22+00:00,2026-06-09T14:14:41+00:00,false,,hybrid,full_time,senior,,2026-09-16T23:24:53.402219+00:00,ats,simplify,https://simplify.jobs/p/ac3a646a-f99c-4e91-a734-331fdff46220
https://jobs.lever.co/belvederetrading/ca1afefa-8e3b-4981-9a42-91dc81daf1ca/apply?lever-source=Simplify,Senior Trading Software Engineer,Belvedere Trading,"New York, NY, USA",175000.0,200000.0,USD,,,2026-03-09T22:00:44+00:00,2026-03-09T22:00:44+00:00,false,,hybrid,full_time,senior,,2026-09-16T23:24:54.484230+00:00,ats,simplify,https://simplify.jobs/p/33f7acd2-5628-499f-9c05-569f063fee6f
https://job-boards.greenhouse.io/andurilindustries/jobs/5208795007?gh_src=Simplify,Software Engineer - Space,Anduril,"Chantilly, VA, USA; Herndon, VA, USA",166000.0,220000.0,USD,,,2026-09-04T01:48:21+00:00,2026-08-11T17:29:38+00:00,false,,onsite,full_time,junior | mid | senior,,2026-09-16T23:24:56.416830+00:00,ats,simplify,https://simplify.jobs/p/4bcda202-0d80-4839-9072-5867dcb748fe
https://jobs.lever.co/iru/e241ac91-a401-4047-a36e-89bdd40aab94/apply?lever-source=Simplify,Senior Software Engineer - Windows Agent,Iru,"Remote; Miami, FL, USA",,,,,,2026-09-03T20:21:27+00:00,2026-07-21T14:08:58+00:00,false,,remote,full_time,senior,,2026-09-16T23:25:04.258563+00:00,ats,simplify,https://simplify.jobs/p/787393b8-b6d7-4fcc-a27b-a682ea7d4016
https://jobs.lever.co/plus-2/4572f534-2f3c-4d4c-9fb0-55838bf7795f/apply?lever-source=Simplify,Senior Simulation Software Engineer,PlusAI,"Santa Clara, CA, USA",130000.0,200000.0,USD,,,2026-09-04T01:39:21+00:00,2026-08-11T06:12:30+00:00,false,,hybrid,full_time,junior | mid,,2026-09-16T23:25:07.687744+00:00,ats,simplify,https://simplify.jobs/p/1cc58798-4a64-45ce-a9b1-f7225d6d1a68
https://offworld.applytojob.com/apply/eeQnLrWGoV/Senior-Full-Stack-Software-Engineer?utm_source=Simplify,Senior Full Stack Software Engineer,OffWorld,"Pasadena, CA, USA",125000.0,185000.0,USD,,,2026-09-04T10:30:02+00:00,2026-08-03T06:19:40+00:00,false,,onsite,,mid | senior,Conflicting employment_type across sites,2026-09-16T23:25:23.903635+00:00,ats,simplify,https://simplify.jobs/p/38f3b8af-965a-4518-96e0-94c5fd49ec44 | https://simplify.jobs/p/eef5f290-678d-43f6-8c69-257c1839ce6c
https://jobs.intuit.com/job/bengaluru/staff-software-engineer/27595/100519571712?utm_source=Simplify,Staff Software Engineer,Intuit,"Bengaluru, Karnataka, India",,,,,,2026-09-12T14:27:44+00:00,2026-08-18T01:18:39+00:00,false,,onsite,full_time,senior,,2026-09-16T23:25:37.952478+00:00,employer,simplify,https://simplify.jobs/p/44519ad9-bfb2-4f4d-ac01-88406e57f6e0 | https://simplify.jobs/p/46b97571-5443-4acf-a99e-bb22d9f83990 | https://simplify.jobs/p/10bb9d8d-cdda-4715-8484-68af8db7eeba
https://gliacelltechnologies.applytojob.com/apply/0fkTF51MnH/Senior-Software-Engineer?utm_source=Simplify,Senior Software Engineer,GliaCell Technologies,"Aurora, CO, USA",170000.0,260000.0,USD,,,2026-09-03T21:39:22+00:00,2026-08-03T06:11:39+00:00,false,,onsite,full_time,,,2026-09-16T23:25:25.406308+00:00,ats,simplify,https://simplify.jobs/p/35a02da9-c3c4-4b5e-a039-f799d47a60a7
https://job-boards.greenhouse.io/freedomconsulting/jobs/4963795007?gh_src=Simplify,Senior Software Engineer,Freedom Technology Solutions Group,"Annapolis Junction, MD, USA",,,,,,2025-10-31T15:27:48+00:00,2025-10-31T02:03:01+00:00,false,,onsite,full_time,senior,,2026-09-16T23:25:25.887294+00:00,ats,simplify,https://simplify.jobs/p/db0e3c40-0bff-40e4-beaf-e68dbdd54354
https://jobs.lever.co/drivemode/73d8c870-7a3e-434a-bd63-89bb41c8b339/apply?lever-source=Simplify,Staff Mobile Software Engineer,Drivemode,"Mountain View, CA, USA",205000.0,233000.0,USD,,,2026-09-04T06:57:01+00:00,2025-10-14T07:32:56+00:00,false,,hybrid,full_time,senior,,2026-09-16T23:25:44.225859+00:00,ats,simplify,https://simplify.jobs/p/12ab85c7-2c6e-40d2-a67a-03fdb617077d
https://jobs.ashbyhq.com/siftstack/aee2ea84-a30a-44be-9e7f-c47fa1d425dc/application?embed=true&utm_source=Simplify,Senior Software Engineer - Full Stack - Agentic AI,SIFT,"San Francisco, CA, USA; Marina Del Rey, CA, USA",180000.0,230000.0,USD,,,2026-09-04T09:54:01+00:00,2026-07-22T22:14:52+00:00,false,,hybrid,full_time,senior,,2026-09-16T23:25:43.584536+00:00,ats,simplify,https://simplify.jobs/p/33e45e61-ae7a-4484-b13b-cce70b9ce1d6
https://jackhenry.avature.net/careers/ApplicationMethods?jobId=16944,Senior Software Engineer,Jack Henry,"Remote; Allen, TX, USA; Louisville, KY, USA; Birmingham, AL, USA; Cedar Falls, IA, USA; Charlotte, NC, USA; Monett, MO, USA; Lenexa, KS, USA; Springfield, MO, USA",,,,,,2026-09-04T02:24:21+00:00,2026-08-13T06:25:10+00:00,false,,remote,full_time,mid | senior,,2026-09-16T23:25:50.177390+00:00,ats,simplify,https://simplify.jobs/p/751334da-e1ca-49b8-b4e6-aa86832338c3
https://jobs.ashbyhq.com/causaly/99f31334-aef3-4e52-a969-1a2a08368016/application?embed=true&utm_source=Simplify,Staff Software Engineer - Agentic Workflows,Causaly,"London, UK",,,,,,2026-09-03T20:21:27+00:00,2026-07-21T01:15:12+00:00,false,,hybrid,full_time,senior,,2026-09-16T23:25:47.777138+00:00,ats,simplify,https://simplify.jobs/p/d09f52e3-5e86-4587-9607-08bdd98e9bce
https://autostore.wd3.myworkdayjobs.com/autostore/job/Atlanta-GA-USA/Senior-Software-Engineer_JR102506?utm_source=Simplify,Senior Software Engineer,Autostore,"Atlanta, GA, USA",,,,,,2026-09-04T08:03:01+00:00,2026-07-04T12:10:44+00:00,false,,onsite,full_time,senior,,2026-09-16T23:25:51.245479+00:00,ats,simplify,https://simplify.jobs/p/e9c147ab-5c05-4318-b124-e4139258f9d4
https://job-boards.greenhouse.io/alumniventures/jobs/4285969009?gh_src=Simplify,Senior Software Engineer,Alumni Ventures,"Andover, MA, USA",140000.0,140000.0,USD,,,2026-09-03T18:54:19+00:00,2026-06-16T19:56:57+00:00,false,,onsite,full_time,senior,,2026-09-16T23:25:47.401738+00:00,ats,simplify,https://simplify.jobs/p/80e5b793-3370-4bf0-9a10-647cd1922ab3
https://job-boards.greenhouse.io/affirm/jobs/7816193003?gh_src=Simplify,Staff Software Engineer - Frontend,Affirm,Remote; Remote in Canada,181000.0,241000.0,CAD,,,2026-09-10T14:39:01+00:00,2026-07-31T22:36:05+00:00,false,,remote,full_time,senior,,2026-09-16T23:25:50.057259+00:00,ats,simplify,https://simplify.jobs/p/aef02609-0931-47e8-9e7b-dc505c50769f
https://careers.capgemini.com/job/Bangalore-Senior-Software-Engineer/1411573133/?ats=successfactors&utm_source=Simplify,Senior Software Engineer,Capgemini,"Bengaluru, Karnataka, India",,,,,,2026-09-10T14:18:01+00:00,2026-08-03T06:10:11+00:00,false,,onsite,full_time,senior,,2026-09-16T23:26:08.761047+00:00,employer,simplify,https://simplify.jobs/p/c63ef378-1199-48c0-a0dd-54858b76e661 | https://simplify.jobs/p/8168ebca-142f-495f-be20-dcc94587f890 | https://simplify.jobs/p/8544a27f-0cbb-49bb-841a-ab56658197f0
https://marvell.wd1.myworkdayjobs.com/MarvellCareers/job/Madrid/Embedded-Software-Engineer_2600525?utm_source=Simplify,Embedded Software Engineer,Marvell,"Madrid, Spain",44900.0,59800.0,EUR,,,2026-09-16T11:15:07+00:00,2026-09-03T02:27:09+00:00,false,,onsite,full_time,mid | senior,,2026-09-16T23:25:57.491689+00:00,ats,simplify,https://simplify.jobs/p/32f47e16-818d-4748-9273-061539db8bee
https://job-boards.greenhouse.io/chanzuckerberginitiative/jobs/8073047?gh_src=Simplify,Senior Staff Software Engineer - Internal Tools,Chan Zuckerberg Initiative,"San Carlos, CA, USA",241000.0,331100.0,USD,,,2026-09-03T19:51:22+00:00,2026-07-21T22:03:47+00:00,false,,hybrid,full_time,,,2026-09-16T23:25:54.907716+00:00,ats,simplify,https://simplify.jobs/p/f3291752-e8fe-47f5-981e-68b2a3ee8218
https://jobs.ashbyhq.com/valid/5165a28f-ced5-43ad-bae6-54068b9e36a8/application?embed=true&utm_source=Simplify,Senior Software Engineer,Valid,Remote; Remote in USA,180000.0,220000.0,USD,,,2026-09-03T19:51:22+00:00,2026-07-21T01:14:19+00:00,false,,remote,full_time,mid | senior,,2026-09-16T23:26:06.448493+00:00,ats,simplify,https://simplify.jobs/p/4dbdeb34-4d48-4ba1-94b4-0ec39eb518d4
https://job-boards.greenhouse.io/air/jobs/4068826009?gh_src=Simplify,Senior Software Engineer,Air,"Pittsburgh, PA, USA",,,,,,2026-09-03T19:06:23+00:00,2026-07-01T22:25:24+00:00,false,,onsite,full_time,senior,,2026-09-16T23:26:09.103514+00:00,ats,simplify,https://simplify.jobs/p/63e99918-1089-4476-8140-cc0c856e5580
https://nvidia.wd5.myworkdayjobs.com/NVIDIAExternalCareerSite/job/US-CA-Remote/Senior-Software-Engineer---Accelerated-Quantum-Chemistry-and-cuEST_JR2019563?utm_source=Simplify,Senior Software Engineer - Accelerated Quantum Chemistry and Cuest,NVIDIA,Remote; Remote in USA; Remote in Canada,184000.0,356500.0,USD,,,2026-09-03T18:48:22+00:00,2026-06-20T10:26:18+00:00,false,,remote,full_time,mid | senior,,2026-09-16T23:26:21.037849+00:00,ats,simplify,https://simplify.jobs/p/9fbbbade-0175-4a63-a55e-e60721440364
https://statestreet.wd1.myworkdayjobs.com/Global/job/Hyderabad-India/Senior-Software-Engineer---Java--AVP_R-795726?utm_source=Simplify,Senior Software Engineer - Java - AVP,State Street,"Hyderabad, Telangana, India",,,,,,2026-09-04T01:18:24+00:00,2026-08-06T00:00:00+00:00,false,,onsite,full_time,,,2026-09-16T23:26:25.257469+00:00,ats,simplify,https://simplify.jobs/p/4ff6de27-6764-4c25-9899-f301a0035438
https://jobs.lever.co/braviantholdings/e5242220-e196-4fba-8fdc-03fca8eae522/apply?lever-source=Simplify,Senior Software Engineer,Braviant Holdings,"Dallas, TX, USA",,,,,,2026-09-09T22:36:19+00:00,2026-09-09T22:21:45+00:00,false,,onsite,full_time,mid | senior,,2026-09-16T23:26:24.356962+00:00,ats,simplify,https://simplify.jobs/p/4ecde5b8-b181-46d4-a910-067047e44036
https://jobs.ashbyhq.com/siftstack/e8771ea1-231b-4caf-893f-66cdbf0b6ab1/application?embed=true&utm_source=Simplify,Senior Software Engineer - Full Stack - Agentic AI,SIFT,"Marina Del Rey, CA, USA",180000.0,230000.0,USD,,,2026-09-04T09:54:01+00:00,2026-07-22T22:14:50+00:00,false,,hybrid,full_time,senior,,2026-09-16T23:26:29.021271+00:00,ats,simplify,https://simplify.jobs/p/92f7f70a-1568-4ae2-8f4b-bfbf558f5d04
https://job-boards.greenhouse.io/anthropic/jobs/5074908008?gh_src=Simplify,Staff Software Engineer - Safeguards Infrastructure,Anthropic,"London, UK",325000.0,395000.0,GBP,,,2026-09-04T07:12:12+00:00,2026-01-21T21:05:04+00:00,false,,hybrid,full_time,senior,,2026-09-16T23:26:28.316556+00:00,ats,simplify,https://simplify.jobs/p/0251f8f7-e6d8-49f5-878e-0e5e322db4c2
https://job-boards.greenhouse.io/reddit/jobs/8205702?gh_src=Simplify,Staff Software Engineer - Consumer Engineering,Reddit,Remote; Remote in USA,217000.0,303000.0,USD,,,2026-09-16T01:18:01+00:00,2026-09-16T01:14:35+00:00,false,,remote,full_time,senior,,2026-09-16T23:26:36.381709+00:00,ats,simplify,https://simplify.jobs/p/caa67249-2273-45d8-ad2d-8f6361af9b5d
https://job-boards.greenhouse.io/ezcaterinc/jobs/5218386007?gh_src=Simplify,Staff Software Engineer,ezCater,"Boston, MA, USA",184000.0,232000.0,USD,,,2026-09-03T10:51:18+00:00,2026-08-21T17:48:23+00:00,false,,hybrid,full_time,senior,,2026-09-16T23:26:38.038192+00:00,ats,simplify,https://simplify.jobs/p/77513a3c-95e1-4bfe-8009-4823b877af49
https://jobs.ashbyhq.com/evenup/cf71aee9-e1b2-4a6e-a8a5-a6e93d2f3c2a/application?embed=true&utm_source=Simplify,Senior Software Engineer - Builders,EvenUp,"Toronto, ON, Canada; San Francisco, CA, USA",,,,,,2026-09-03T18:42:29+00:00,2026-05-25T14:08:05+00:00,false,,hybrid,full_time,senior,,2026-09-16T23:26:48.840730+00:00,ats,simplify,https://simplify.jobs/p/2b3ff317-c188-4cd7-8291-1a8105f9206e
https://job-boards.greenhouse.io/idme/jobs/7984012003?gh_src=Simplify,Staff Software Engineer - Reporting & Billing,ID.me,"McLean, VA, USA",222011.0,258300.0,USD,,,2026-09-04T22:27:01+00:00,2026-09-04T22:20:27+00:00,false,,onsite,full_time,senior,,2026-09-16T23:26:47.524851+00:00,ats,simplify,https://simplify.jobs/p/55933bcc-cad8-4904-a3b9-2b1e6eee3936
https://ebay.wd5.myworkdayjobs.com/apply/job/Bengaluru-India/Sr-MTS-Software-Engineer--Data-Platforms_R0075926?utm_source=Simplify,Sr MTS Software Engineer - Data Platforms,eBay,"Bengaluru, Karnataka, India",,,,,,2026-09-03T23:39:21+00:00,2026-08-05T00:00:00+00:00,false,,hybrid,full_time,,,2026-09-16T23:26:51.786694+00:00,ats,simplify,https://simplify.jobs/p/59614de3-9382-4077-b30d-9b239d167db9
https://jobs.lever.co/xsolla/0dd11234-883c-44f5-9f88-4bc7790412e3/apply?lever-source=Simplify,Senior Mobile Software Engineer - Android,Xsolla,"Remote; Montreal, QC, Canada",100000.0,150000.0,CAD,,,2026-09-12T19:27:01+00:00,2026-09-12T19:25:59+00:00,false,,remote,full_time,senior,,2026-09-16T23:26:59.593953+00:00,ats,simplify,https://simplify.jobs/p/56a60c02-dca9-495e-9b7b-75e26bf3a1cf
https://jobs.ashbyhq.com/nooks/a9fe619c-7823-4d99-b961-c5393014bfcd/application?embed=true&utm_source=Simplify,Staff Software Engineer,Nooks,"San Francisco, CA, USA",290000.0,350000.0,USD,,,2026-09-03T18:36:19+00:00,2026-05-15T22:08:40+00:00,false,,hybrid,full_time,senior,,2026-09-16T23:27:03.040728+00:00,ats,simplify,https://simplify.jobs/p/13fa9946-6852-4def-9bf0-fd51993a745c
https://amgen.wd1.myworkdayjobs.com/careers/job/India---Hyderabad/Specialist-Software-Engineer---Full-Stack-AI-ML-GenAI_R-222706?utm_source=Simplify,Specialist Software Engineer - Full Stack AI/ML/GenAI,Amgen,"Hyderabad, Telangana, India",,,,,,2026-09-16T13:01:48+00:00,2026-06-13T14:17:57+00:00,false,,onsite,full_time,senior,,2026-09-16T23:27:18.928988+00:00,ats,simplify,https://simplify.jobs/p/2d0f83a9-a6e0-4c82-9531-ad33836d9824
https://jobs.ashbyhq.com/Cyberhaven/1b336a9f-1682-4db0-9e5f-f3dfd467732c/application?embed=true&utm_source=Simplify,Senior Software Engineer,Cyberhaven,"Remote; Europe; Bengaluru, Karnataka, India",,,,,,2026-09-15T09:54:01+00:00,2026-09-14T20:13:28+00:00,false,,remote,full_time,mid | senior,,2026-09-16T23:27:20.424347+00:00,ats,simplify,https://simplify.jobs/p/92643438-67e6-4ff0-90f7-37b618901162
https://jobs.ashbyhq.com/provenirinc/dba04af0-ab63-4478-8fe2-471bfddffa8f/application?embed=true&utm_source=Simplify,Senior Software Engineer,Provenir,Remote; Remote in UK,,,,,,2026-09-09T22:45:10+00:00,2026-09-09T22:34:45+00:00,false,,remote,full_time,senior,,2026-09-16T23:27:21.518804+00:00,ats,simplify,https://simplify.jobs/p/d843d1b8-e3b9-47cf-ab5e-96ef7f0f2355
https://amgen.wd1.myworkdayjobs.com/careers/job/India---Hyderabad/Specialist-Software-Engineer_R-250953?utm_source=Simplify,Specialist Software Engineer,Amgen,"Hyderabad, Telangana, India",,,,,,2026-09-16T14:00:15+00:00,2026-08-03T00:00:00+00:00,false,,onsite,full_time,senior,,2026-09-16T23:27:49.844868+00:00,ats,simplify,https://simplify.jobs/p/31ac931a-230a-476d-82c1-3b69885c083e | https://simplify.jobs/p/ef28e4e8-4504-4277-8853-41f49e848b35
https://northwesternmutual.wd5.myworkdayjobs.com/corporate-careers/job/Milwaukee-WI-Corporate/Actuarial-Senior-Software-Engineer--Mainframe_JR-45958-1?utm_source=Simplify,Actuarial Senior Software Engineer - Mainframe,Northwestern Mutual,"Milwaukee, WI, USA",,,,,,2026-09-16T08:42:15+00:00,2026-09-01T00:00:00+00:00,false,,hybrid,,mid | senior,Conflicting salary across sites; Conflicting employment_type across sites,2026-09-16T23:27:39.655445+00:00,ats,simplify,https://simplify.jobs/p/f56e29d1-2c9f-4ce6-845b-b5900afe26db | https://simplify.jobs/p/0a45b9a5-d2b2-46fc-91af-1f5f08d4301f
https://jobs.ashbyhq.com/openai/3b08148d-085e-4835-9934-1b7f60e0fdce/application?embed=true&utm_source=Simplify,Software Engineer - Manufacturing Infrastructure,OpenAI,"San Francisco, CA, USA",310000.0,460000.0,USD,,,2026-09-16T01:21:01+00:00,2026-09-16T01:20:38+00:00,false,,hybrid,full_time,mid | senior,,2026-09-16T23:27:31.353172+00:00,ats,simplify,https://simplify.jobs/p/72501168-2469-4075-af78-64de1bf37fae
https://jobs.lever.co/ro/d3d9a0f1-f01b-4d2b-94f5-2351e897da6d/apply?lever-source=Simplify,Staff Software Engineer - Backend - Commerce Platform,Ro,"New York, NY, USA",211700.0,292000.0,USD,,,2026-09-03T17:09:30+00:00,2025-06-14T01:47:46+00:00,false,,hybrid,full_time,senior,,2026-09-16T23:27:36.989361+00:00,ats,simplify,https://simplify.jobs/p/aa0e65ba-5db8-4acc-aaa8-5dc92baad555
https://job-boards.greenhouse.io/catapultsports/jobs/8044990?gh_src=Simplify,Senior Software Engineer,Catapult,"Wenden, Germany",,,,,,2026-09-03T19:45:19+00:00,2026-07-16T22:04:52+00:00,false,,onsite,full_time,senior,,2026-09-16T23:27:39.907217+00:00,ats,simplify,https://simplify.jobs/p/aefdeea2-53f8-4f00-8379-1327468a2a03
https://jobs.lever.co/aeratechnology/b727d2a4-9035-4f8e-b31d-9e57494c34bb/apply?lever-source=Simplify,Senior Software Engineer - Backend,Aera Technology,"Mountain View, CA, USA",180000.0,190626.0,USD,,,2026-09-15T01:21:01+00:00,2026-09-15T01:19:38+00:00,false,,hybrid,full_time,senior,,2026-09-16T23:27:50.271680+00:00,ats,simplify,https://simplify.jobs/p/161f1bf8-b720-4f5f-9a6d-31f70634c7b9
https://jobs.lever.co/KingfishGroup/486cc686-dece-4163-b2e3-81a626252778/apply?lever-source=Simplify,Software Engineer - Enterprise Systems,Kingfish Group,"Pune, Maharashtra, India",,,,,,2026-09-03T19:18:21+00:00,2026-07-04T14:05:46+00:00,false,,onsite,full_time,mid | senior,,2026-09-16T23:27:56.931255+00:00,ats,simplify,https://simplify.jobs/p/05973d2f-2456-42dc-85a5-711d2686f154
https://gevernova.wd5.myworkdayjobs.com/only_confidential_executive_recruiting/job/Bengaluru/Staff-AI-Software-Engineer_R5046711-1?utm_source=Simplify,Staff AI Software Engineer,GE Vernova,"Bengaluru, Karnataka, India",,,,,,2026-09-04T04:42:01+00:00,2026-07-09T00:00:00+00:00,false,,onsite,full_time,senior,,2026-09-16T23:28:11.146610+00:00,ats,simplify,https://simplify.jobs/p/3964a8dd-dfef-4f01-8891-312d78acfcb1 | https://simplify.jobs/p/0b9ff601-46a5-4484-978c-1c108f89c46c
https://jobs.ashbyhq.com/deepgram/4a873ede-8555-42ae-9ddc-ac89afdd7278/application?embed=true&utm_source=Simplify,Software Engineer - Voice Agents & AI,Deepgram,"San Francisco, CA, USA; New York, NY, USA",197000.0,307000.0,USD,,,2026-09-04T07:24:02+00:00,2026-02-26T23:19:10+00:00,false,,onsite,full_time,mid | senior,,2026-09-16T23:28:11.849461+00:00,ats,simplify,https://simplify.jobs/p/842d4794-4798-4080-a437-26f616f5de4c
https://www.riotgames.com/en/work-with-us/job/8174908?gh_jid=8174908&gh_src=Simplify,Staff Software Engineer - Enterprise AI,Riot Games,"Remote; Los Angeles, CA, USA",,,,,,2026-09-11T09:45:01+00:00,2026-09-04T22:38:46+00:00,false,,remote,full_time,senior,,2026-09-16T23:28:13.640277+00:00,employer,simplify,https://simplify.jobs/p/651cfe0e-79d7-4f37-8743-b2953f5a6db0
https://job-boards.greenhouse.io/embed/job_app?for=toast&gh_src=Simplify&token=8147153,Senior Software Engineer - Data Integration,Toast,"Dublin, Ireland",,,,,,2026-09-08T22:39:27+00:00,2026-08-21T17:14:37+00:00,false,,hybrid,full_time,senior,,2026-09-16T23:28:12.804520+00:00,ats,simplify,https://simplify.jobs/p/10dfdab4-7501-428b-ac7d-4f14c6c3315d
https://careers.formlabs.com/job/7527177/apply/?gh_jid=7527177&gh_src=Simplify,Senior Embedded Software Engineer,Formlabs,"Somerville, MA, USA",145000.0,175000.0,USD,,,2026-09-04T07:12:12+00:00,2026-06-26T22:20:09+00:00,false,,onsite,full_time,senior,,2026-09-16T23:28:17.711984+00:00,employer,simplify,https://simplify.jobs/p/19c54e78-38e7-4831-8d48-ec414c0e8d82
https://job-boards.greenhouse.io/scaleai/jobs/4676610005?gh_src=Simplify,Staff Full-Stack Software Engineer - Forward Deployed - GPS,Scale AI,"London, UK",,,,,,2026-09-04T07:36:01+00:00,2026-03-24T22:15:41+00:00,false,,onsite,full_time,senior,,2026-09-16T23:28:14.306610+00:00,ats,simplify,https://simplify.jobs/p/f23c1305-5390-4031-bc3f-3f348207c62d
https://belaytechnologies.applytojob.com/apply/Cvj31uTGzl/Senior-Software-Engineer?utm_source=Simplify,Senior Software Engineer,Belay Technologies,"Laurel, MD, USA",190000.0,240000.0,USD,,,2026-09-03T21:39:22+00:00,2026-08-03T06:16:03+00:00,false,,onsite,full_time,,,2026-09-16T23:28:19.735417+00:00,ats,simplify,https://simplify.jobs/p/36c7f8c6-7a09-4d74-a813-60feb98cca91
https://walmart.wd504.myworkdayjobs.com/WalmartExternal/job/Bellevue-WA/Senior--Software-Engineer---Front-End--React_R-2624145?utm_source=Simplify,Senior Software Engineer - Front End / React,Walmart,"Bellevue, WA, USA",108000.0,216000.0,USD,,,2026-09-16T11:30:33+00:00,2026-09-07T00:00:00+00:00,false,,onsite,full_time,mid | senior,,2026-09-16T23:28:32.633742+00:00,ats,simplify,https://simplify.jobs/p/59a5d1ad-df1c-4738-bbcc-bde153c65f62
https://mastercard.wd1.myworkdayjobs.com/CorporateCareers/job/Pune-India/Senior-Software-Engineer_R-287050-1?utm_source=Simplify,Senior Software Engineer - React js Developer,Mastercard,"Pune, Maharashtra, India",,,,,,2026-09-04T12:00:01+00:00,2026-08-17T00:00:00+00:00,false,,onsite,full_time,senior,,2026-09-16T23:28:36.453231+00:00,ats,simplify,https://simplify.jobs/p/aca240de-f9ca-42ef-b1be-e1dd3b6cf699
https://job-boards.greenhouse.io/yurtsai/jobs/5171066007?gh_src=Simplify,Senior Rust Developer / Senior Software Engineer - Platform,Legion Intelligence,Remote; Remote in USA,170000.0,200000.0,USD,,,2026-09-08T22:40:42+00:00,2026-06-23T01:15:51+00:00,false,,remote,full_time,senior,,2026-09-16T23:28:32.356560+00:00,ats,simplify,https://simplify.jobs/p/3028b023-19b2-4377-920c-74a5a2a4acab
https://job-boards.greenhouse.io/singlestore/jobs/7573638?gh_src=Simplify,Software Engineer - AI Platforms,SingleStore,India,,,,,,2026-09-04T04:42:01+00:00,2026-01-29T10:58:44+00:00,false,,onsite,full_time,mid | senior,,2026-09-16T23:28:40.732322+00:00,ats,simplify,https://simplify.jobs/p/f3059a04-ade9-4aef-9013-e807b882fb50
https://wgu.wd5.myworkdayjobs.com/External/job/Salt-Lake-City-UT/Staff-Software-Engineer_JR-025936?utm_source=Simplify,Staff Software Engineer,WGU,"Remote; Salt Lake City, UT, USA",,,,,,2026-09-04T04:42:01+00:00,2026-08-17T00:00:00+00:00,false,,remote,full_time,,,2026-09-16T23:28:52.271225+00:00,ats,simplify,https://simplify.jobs/p/2c78fe26-e183-420d-a6f9-fee16fc0738d
https://careers-idirectgov.icims.com/jobs/1490/job?mobile=true&needsRedirect=false&utm_source=Simplify,Senior Software Engineer,iDirect Government,"Herndon, VA, USA",125156.0,159370.0,USD,,,2026-09-03T14:54:13+00:00,2026-08-18T07:56:28+00:00,false,,hybrid,full_time,senior,,2026-09-16T23:28:46.881600+00:00,ats,simplify,https://simplify.jobs/p/51817f23-046e-4ea5-881f-55f0d31925b4
https://job-boards.greenhouse.io/crunchyroll/jobs/7985640?gh_src=Simplify,Staff Software Engineer - AI/ML,Crunchyroll,"Hyderabad, Telangana, India",,,,,,2026-09-03T18:48:22+00:00,2026-06-29T14:32:24+00:00,false,,onsite,full_time,,,2026-09-16T23:28:50.504050+00:00,ats,simplify,https://simplify.jobs/p/869c001a-c1b3-44d7-be3e-f81e492091c3
https://jobs.ashbyhq.com/withwisdom/50d71047-bf6e-45e6-8a2e-740b6dedb768/application?embed=true&utm_source=Simplify,Senior Software Engineer,Wisdom,"Remote; Remote in USA; New York, NY, USA",150000.0,180000.0,USD,,,2026-09-03T18:15:29+00:00,2026-04-10T01:08:57+00:00,false,,remote,full_time,senior,,2026-09-16T23:29:03.124922+00:00,ats,simplify,https://simplify.jobs/p/a72b4bab-c197-4266-a525-add5d6615f0f
https://greymattersdefensesolutions.applytojob.com/apply/QcUB1ZMxOz/Senior-Principal-Algorithms-Software-Engineer?utm_source=Simplify,Senior Principal Algorithms Software Engineer,Grey Matters Defense Solutions,"Boulder, CO, USA",132000.0,198000.0,USD,,,2026-09-03T20:15:22+00:00,2026-07-23T22:15:05+00:00,false,,onsite,full_time,senior,,2026-09-16T23:29:02.956929+00:00,ats,simplify,https://simplify.jobs/p/ac8041dc-d537-4c37-b4be-00af247d5329
https://job-boards.greenhouse.io/vercel/jobs/5798416004?gh_src=Simplify,Software Engineer - Workflows,Vercel,"San Francisco, CA, USA; New York, NY, USA",196000.0,294000.0,USD,,,2026-09-15T14:39:01+00:00,2026-02-12T23:38:39+00:00,false,,hybrid,full_time,senior,,2026-09-16T23:29:03.803121+00:00,ats,simplify,https://simplify.jobs/p/5a9608e3-486f-49a1-9512-ae447998259a
https://jobs.ashbyhq.com/block-labs/287770d2-dbc7-4372-adf8-c3e2685d85af/application?embed=true&utm_source=Simplify,Staff Software Engineer - Golang,Block Labs,Remote; Remote in Ireland; Remote in Spain; Remote in Italy,,,,,,2026-09-04T09:42:02+00:00,2026-07-21T01:15:07+00:00,false,,remote,full_time,senior,,2026-09-16T23:29:07.647134+00:00,ats,simplify,https://simplify.jobs/p/75a95e83-ec01-4a9f-8e61-e52c1dfba0db
https://apply.workable.com/our-future-health/j/5C667015E6/apply?utm_source=Simplify,Staff Software Engineer - Data Platforms,Our Future Health,"London, UK",105000.0,105000.0,GBP,,,2026-09-03T09:15:09+00:00,2026-08-25T06:41:34+00:00,false,,hybrid,full_time,senior,,2026-09-16T23:29:07.482479+00:00,ats,simplify,https://simplify.jobs/p/00ce7345-7d9d-48ed-a8e4-e1f9f31b55ec
https://boeing.wd1.myworkdayjobs.com/external_subsidiary/job/USA---Albuquerque-NM/Senior-Software-Engineer---Rocky-Program_JR2026521933?utm_source=Simplify,Senior Software Engineer - Rocky Program,Boeing,"Albuquerque, NM, USA; El Segundo, CA, USA",198050.0,286350.0,USD,,,2026-09-03T02:39:07+00:00,2026-08-13T00:00:00+00:00,false,,,full_time,,Conflicting workplace across sites,2026-09-16T23:29:18.899003+00:00,ats,simplify,https://simplify.jobs/p/6818d682-2826-4fe8-95d7-7e0ac03caba3 | https://simplify.jobs/p/65344de9-a03b-4f92-9bd7-1de83c671eee
https://job-boards.greenhouse.io/peregrinetechnologies/jobs/4656229005?gh_src=Simplify,Staff Software Engineer - Applied AI,Peregrine,"San Francisco, CA, USA",200000.0,275000.0,USD,,,2026-09-09T06:39:21+00:00,2026-02-02T23:44:29+00:00,false,,onsite,full_time,senior,,2026-09-16T23:29:13.322230+00:00,ats,simplify,https://simplify.jobs/p/1385624a-4170-4563-a4cf-948754d0073e
https://job-boards.greenhouse.io/relativity/jobs/8560534002?gh_src=Simplify,Staff Embedded Software Engineer,Relativity Space,"Long Beach, CA, USA",181000.0,271000.0,USD,,,2026-09-04T08:03:01+00:00,2026-05-21T22:16:44+00:00,false,,onsite,full_time,senior,,2026-09-16T23:29:15.980111+00:00,ats,simplify,https://simplify.jobs/p/ee658d45-b6ed-470d-a56d-ce6a371be235
https://job-boards.eu.greenhouse.io/ebury/jobs/4947822101?gh_src=Simplify,Senior Software Engineer - Payments,Ebury,"London, UK",,,,,,2026-09-04T00:27:22+00:00,2026-08-06T14:32:33+00:00,false,,hybrid,full_time,senior,,2026-09-16T23:29:25.970315+00:00,ats,simplify,https://simplify.jobs/p/37e0d8c8-b537-4184-bb80-7c916034b572
https://jobs.ashbyhq.com/triumph-arcade/dde438a2-6448-49c5-ae38-642a60a48f1a/application?embed=true&utm_source=Simplify,Senior Software Engineer - Backend,Triumph,"San Francisco, CA, USA",200000.0,400000.0,USD,,,2026-09-05T10:33:01+00:00,2026-05-19T01:09:00+00:00,false,,onsite,full_time,mid | senior,,2026-09-16T23:29:39.598917+00:00,ats,simplify,https://simplify.jobs/p/398de167-3163-4831-91b4-5dfc4c701530
https://nvidia.wd5.myworkdayjobs.com/NVIDIAExternalCareerSite/job/US-CA-Santa-Clara/Senior-Software-Engineer--AIOps-and-Observability_JR2022104?utm_source=Simplify,Senior Software Engineer - Aiops and Observability,NVIDIA,"Santa Clara, CA, USA",200000.0,322000.0,USD,,,2026-09-04T03:12:21+00:00,2026-07-31T00:00:00+00:00,false,,onsite,full_time,,,2026-09-16T23:29:42.697494+00:00,ats,simplify,https://simplify.jobs/p/2a10b6ea-4999-4d87-96a9-d90a1476b23d
https://job-boards.greenhouse.io/onetrust/jobs/8171197?gh_src=Simplify,Staff Software Engineer,OneTrust,"Bengaluru, Karnataka, India",,,,,,2026-09-08T06:27:01+00:00,2026-09-08T06:24:55+00:00,false,,hybrid,full_time,senior,,2026-09-16T23:29:43.887217+00:00,ats,simplify,https://simplify.jobs/p/e2f3f2d0-300b-4467-915c-334c8b820bca
https://jobs.ashbyhq.com/openai/23b158fe-709e-4bf5-856c-d10953d32f60/application?embed=true&utm_source=Simplify,Software Engineer - Privacy & Compliance,OpenAI,"Seattle, WA, USA; San Francisco, CA, USA",230000.0,385000.0,USD,,,2026-09-03T17:24:21+00:00,2025-10-31T02:00:51+00:00,false,,onsite,full_time,senior,,2026-09-16T23:29:49.832230+00:00,ats,simplify,https://simplify.jobs/p/47e173f4-d763-4808-85c0-0f4485db067a
https://job-boards.greenhouse.io/affirm/jobs/7821440003?gh_src=Simplify,Staff Software Engineer - Backend - Cost Engineering,Affirm,Remote; Remote in Canada,181000.0,241000.0,CAD,,,2026-09-10T14:39:01+00:00,2026-07-30T22:36:52+00:00,false,,remote,full_time,senior,,2026-09-16T23:29:49.387312+00:00,ats,simplify,https://simplify.jobs/p/7d2f72ec-2765-4e5a-9a83-708dbdd489d9
https://job-boards.greenhouse.io/ionq/jobs/6139928004?gh_src=Simplify,Senior Full Stack Software Engineer - Application Engineering,IonQ,"College Park, MD, USA; Bothell, WA, USA; Boulder, CO, USA",145920.0,209241.0,USD,,,2026-09-04T12:00:01+00:00,2026-08-14T17:28:00+00:00,false,,hybrid,full_time,senior,,2026-09-16T23:30:06.360622+00:00,ats,simplify,https://simplify.jobs/p/c856688e-972d-49f0-9b9b-abf57e5549ba
https://finra.wd1.myworkdayjobs.com/FINRA/job/Rockville-MD-Job-Posting/Senior-Software-Engineer_R-010085?utm_source=Simplify,Senior Software Engineer,Finra,"Tysons, VA, USA; Rockville, MD, USA",97700.0,211400.0,USD,,,2026-09-03T21:51:21+00:00,2026-07-06T14:04:33+00:00,false,,hybrid,full_time,senior,,2026-09-16T23:30:12.621335+00:00,ats,simplify,https://simplify.jobs/p/dd3e9fde-2e11-4af8-af0b-e5cdc3d5802d
https://remitly.wd5.myworkdayjobs.com/en-US/Remitly_Careers/job/Seattle-Washington-United-States/Knowledge-Development-Engineer_R_105955-1?utm_source=Simplify,Senior AI Native Software Engineer,Remitly,"Seattle, WA, USA; Arlington, VA, USA",180000.0,225000.0,USD,,,2026-09-03T19:39:23+00:00,2026-06-13T09:45:00+00:00,false,,hybrid,full_time,senior,,2026-09-16T23:30:22.138480+00:00,ats,simplify,https://simplify.jobs/p/11c8fa85-8836-476a-9f1e-32bce4358932 | https://simplify.jobs/p/57906895-bdcf-4970-bb9e-bfe97075c507
https://job-boards.greenhouse.io/natera/jobs/6146411004?gh_src=Simplify,Senior Software Engineer - Commercial Services,Natera,Remote; Remote in USA,125600.0,157000.0,USD,,,2026-09-10T22:45:01+00:00,2026-09-10T22:36:35+00:00,false,,remote,full_time,senior,,2026-09-16T23:30:14.991162+00:00,ats,simplify,https://simplify.jobs/p/4c8c44e8-687d-4e4f-ae52-c98574823362
https://jobs.lever.co/achievers/8a27486d-aa52-4a24-9222-bca5c6e9824c/apply?lever-source=Simplify,Senior Software Engineer - Shared Services,Achievers,"Toronto, ON, Canada",117000.0,160000.0,CAD,,,2026-09-16T10:15:04+00:00,2025-11-06T15:21:47+00:00,false,,hybrid,full_time,senior,,2026-09-16T23:30:19.048316+00:00,ats,simplify,https://simplify.jobs/p/c36788e0-49ec-4ab7-83fb-654670386f39
https://motorolasolutions.wd5.myworkdayjobs.com/Careers/job/Bangalore-India/Sr-Software-Engineer_R68149?utm_source=Simplify,Senior Software Engineer,Motorola,"Bengaluru, Karnataka, India",,,,,,2026-09-03T07:18:06+00:00,2026-08-27T00:00:00+00:00,false,,onsite,full_time,mid | senior,,2026-09-16T23:30:22.674238+00:00,ats,simplify,https://simplify.jobs/p/9506d72a-df18-441f-8a85-991ee9d3b00d
https://jobs.lever.co/atomcomputing/34f2f0d8-c8ea-4795-bd0b-143abd13b747/apply?lever-source=Simplify,Senior Software Engineer - Control Systems,Atom Computing,"Austin, TX, USA; Boulder, CO, USA",150000.0,175000.0,USD,,,2026-09-03T17:03:18+00:00,2026-07-02T22:03:52+00:00,false,,hybrid,full_time,senior,,2026-09-16T23:30:20.507819+00:00,ats,simplify,https://simplify.jobs/p/2f3e1408-d998-4adb-8957-fee9f17e0921
https://apply.workable.com/credence/j/F667FE89C7/apply?utm_source=Simplify,Senior Software Engineer,Credence,"Dayton, OH, USA",140000.0,170000.0,USD,,,2026-09-03T11:09:08+00:00,2026-08-21T06:38:10+00:00,false,,onsite,full_time,,,2026-09-16T23:30:36.372026+00:00,ats,simplify,https://simplify.jobs/p/49e74bf7-197a-450b-b4f7-1b1d1829b3ba
https://apply.workable.com/leading-path-consulting/j/DF32A6A448/apply?utm_source=Simplify,Front End Software Engineer - Angular,Leading Path Consulting,"Chantilly, VA, USA",,,,,,2026-09-04T01:18:24+00:00,2026-08-08T01:17:53+00:00,false,,onsite,full_time,senior,,2026-09-16T23:30:37.115596+00:00,ats,simplify,https://simplify.jobs/p/9ffe4827-2e9f-4b54-ab74-5ee6ea7afcd8
https://jobs.ashbyhq.com/withwisdom/64b543d4-5d50-440c-9cda-ce5f2a08f092/application?embed=true&utm_source=Simplify,Staff Software Engineer - Infrastructure,Wisdom,"Remote; Remote in USA; New York, NY, USA",,,,,,2026-09-03T19:00:22+00:00,2026-06-24T22:09:21+00:00,false,,remote,full_time,senior,,2026-09-16T23:30:38.083051+00:00,ats,simplify,https://simplify.jobs/p/1ddc6d44-f4c2-4d77-b6b2-d12f13414a44
https://medtronic.wd1.myworkdayjobs.com/redeploymentmedtroniccareers/job/Nanakramguda-Hyderabad-India/Senior-Principal--Systems-Engineer_R65295?utm_source=Simplify,Senior Principal Enterprise Software Engineer,Medtronic,"Remote; Hyderabad, Telangana, India",,,,,,2026-09-04T08:03:01+00:00,2026-06-13T14:40:52+00:00,false,,remote,full_time,,,2026-09-16T23:30:42.853319+00:00,ats,simplify,https://simplify.jobs/p/32e04c78-cbe0-47d2-b693-a40624954d7c
https://job-boards.greenhouse.io/redwoodmaterials/jobs/5823270004?gh_src=Simplify,Senior Software Engineer - Energy Storage,Redwood Materials,"San Francisco, CA, USA",150000.0,237500.0,USD,,,2026-09-04T07:24:02+00:00,2026-03-10T22:24:37+00:00,false,,onsite,full_time,mid | senior,,2026-09-16T23:30:38.798305+00:00,ats,simplify,https://simplify.jobs/p/468150cb-140a-48f5-828a-e98a815a8056
https://jobs.ashbyhq.com/openai/e44bfa94-0b82-4d0c-b224-02155b76eea9/application?embed=true&utm_source=Simplify,Software Engineer - Infrastructure - Analytics Platform,OpenAI,"San Francisco, CA, USA",230000.0,385000.0,USD,,,2026-09-04T07:36:01+00:00,2026-04-11T01:09:22+00:00,false,,hybrid,full_time,senior,,2026-09-16T23:30:43.211710+00:00,ats,simplify,https://simplify.jobs/p/624f2e94-1f3d-4388-a42d-e5f6bb9c1b05
https://job-boards.greenhouse.io/nearform/jobs/7631240003?gh_src=Simplify,Senior Software Engineer - Python & AI,Nearform,Remote; Remote in UK,75000.0,75000.0,GBP,,,2026-09-04T04:42:01+00:00,2026-02-13T15:26:00+00:00,false,,remote,full_time,senior,,2026-09-16T23:30:52.529733+00:00,ats,simplify,https://simplify.jobs/p/0b1b5532-dc8a-4b7b-9ce3-057ede4eb1e6
https://generalmotors.wd5.myworkdayjobs.com/Careers_GM/job/Warren-Michigan-United-States-of-America/Staff-Software-Engineer_JR-202616368?utm_source=Simplify,Staff Software Engineer,General Motors,"Austin, TX, USA; Mountain View, CA, USA; Warren, MI, USA",189000.0,240000.0,USD,,,2026-09-16T22:40:18+00:00,2026-08-03T00:00:00+00:00,false,,hybrid,full_time,senior,,2026-09-16T23:30:58.161891+00:00,ats,simplify,https://simplify.jobs/p/d6f8baeb-ebee-4fe7-88b3-e56edd5d85ad
https://careers-peraton.icims.com/jobs/165903/job?mobile=true&needsRedirect=false&utm_source=Simplify,Cloud Software Engineer,Peraton,"Annapolis Junction, MD, USA",146000.0,234000.0,USD,,,2026-09-03T17:03:18+00:00,2026-05-29T22:08:38+00:00,false,,hybrid,full_time,senior,,2026-09-16T23:31:00.152547+00:00,ats,simplify,https://simplify.jobs/p/d04c9bba-8882-4275-be14-753d5df28a76
https://jobs.lever.co/crosslaketech/37368d94-0b13-442c-8b15-e24d50b189c3/apply?lever-source=Simplify,Senior Software Engineer - Product,Crosslake Technologies,Remote; Remote in USA,,,,,,2026-09-03T18:54:19+00:00,2026-06-19T22:09:39+00:00,false,,remote,full_time,senior,,2026-09-16T23:31:00.915880+00:00,ats,simplify,https://simplify.jobs/p/c3ccc6f0-7e2e-4320-9d2c-7a522d898392
https://jobs.ashbyhq.com/owner/baeafc3e-ad41-4ae7-b9bb-1c793e27418b/application?embed=true&utm_source=Simplify,Senior Software Engineer - Mobile Platform - Guest App,Owner.com,Remote; Remote in USA; Remote in Canada,190000.0,220000.0,USD,,,2026-09-03T21:51:21+00:00,2026-07-08T22:10:23+00:00,false,,remote,full_time,mid | senior,,2026-09-16T23:31:06.818646+00:00,ats,simplify,https://simplify.jobs/p/ddd7b6bb-0f61-445f-8c6b-9445fd76080d
https://job-boards.greenhouse.io/embed/job_app?for=toast&gh_src=Simplify&token=7846611,Staff Software Engineer - Team Agent,Toast,"Dublin, Ireland",,,,,,2026-09-10T14:12:04+00:00,2026-04-23T14:10:59+00:00,false,,hybrid,full_time,senior,,2026-09-16T23:31:02.994256+00:00,ats,simplify,https://simplify.jobs/p/14ee3e13-ce4d-4219-a072-2434b8209161
https://job-boards.greenhouse.io/gusto/jobs/7942791?gh_src=Simplify,Senior Staff Software Engineer - Pricing and Packaging,Gusto,"San Francisco, CA, USA",,,,,,2026-09-04T05:18:01+00:00,2026-05-27T22:12:08+00:00,false,,hybrid,full_time,senior,,2026-09-16T23:31:13.399157+00:00,ats,simplify,https://simplify.jobs/p/aded6700-9113-4f21-a039-a8a59cb542dd
https://jobs.ashbyhq.com/benchling/6beeaebc-fd49-47d7-a179-dd674bab58b7/application?embed=true&utm_source=Simplify,Software Engineer - Applications - App Foundations,Benchling,"San Francisco, CA, USA",225378.0,304924.0,USD,,,2026-09-16T08:39:21+00:00,2026-07-22T22:14:01+00:00,false,,hybrid,full_time,senior,,2026-09-16T23:31:46.715848+00:00,ats,simplify,https://simplify.jobs/p/172544aa-e499-4196-9775-443b2920d6b5
https://eeho.fa.us2.oraclecloud.com/hcmUI/CandidateExperience/en/sites/CX_45001/job/337907?utm_source=Simplify,Senior Application Software Engineer,Oracle,"Bengaluru, Karnataka, India",,,,,,2026-09-03T19:12:22+00:00,2026-07-02T03:30:25+00:00,false,,onsite,full_time,senior,,2026-09-16T23:31:57.883290+00:00,ats,simplify,https://simplify.jobs/p/968c4345-6ffc-41c6-9e00-8aea7fb2be32
https://jobs.ashbyhq.com/humanoid/0d29a583-4d96-4210-85ac-96da998c67d3/application?embed=true&utm_source=Simplify,Staff Controls Software Engineer,Humanoid,"London, UK",,,,,,2026-09-03T19:51:22+00:00,2026-07-21T01:13:14+00:00,false,,onsite,full_time,senior,,2026-09-16T23:31:51.905378+00:00,ats,simplify,https://simplify.jobs/p/746bf452-6deb-44fc-be74-ed0f4d44cba1
https://kla.wd1.myworkdayjobs.com/search/job/DEU-Saxony-Dresden-City-Center/Senior-Software-Engineer--m-f-d-_2636617?utm_source=Simplify,Senior Software Engineer - m/f/d,KLA Corporation,"Dresden, Germany",,,,,,2026-09-03T17:03:18+00:00,2026-06-27T10:21:19+00:00,false,,hybrid,full_time,senior,,2026-09-16T23:32:00.079584+00:00,ats,simplify,https://simplify.jobs/p/ac97f4eb-0714-4a1d-bc5c-4825665d8336
https://nvidia.wd5.myworkdayjobs.com/NVIDIAExternalCareerSite/job/US-CA-Santa-Clara/Senior-GPU-System-Software-Engineer_JR2022837?utm_source=Simplify,Senior GPU System Software Engineer,NVIDIA,"Santa Clara, CA, USA",152000.0,287500.0,USD,,,2026-09-04T06:18:01+00:00,2026-08-07T00:00:00+00:00,false,,onsite,full_time,senior,,2026-09-16T23:32:08.093830+00:00,ats,simplify,https://simplify.jobs/p/ceb32ec0-f59a-4e1a-b93c-44a257804100
https://jobs.ashbyhq.com/maybern/d1b17451-1ff6-4ce1-abca-5d15ae606e1d/application?embed=true&utm_source=Simplify,Senior Software Engineer - AI,Maybern,"New York, NY, USA",180000.0,230000.0,USD,,,2026-09-04T04:42:01+00:00,2026-09-01T00:50:37+00:00,false,,hybrid,full_time,senior,,2026-09-16T23:32:19.580898+00:00,ats,simplify,https://simplify.jobs/p/42cd9143-f4f7-4bf5-b94b-8dbd5be6e19c
https://job-boards.greenhouse.io/scoutmotors/jobs/5233340007?gh_src=Simplify,Staff Software Engineer - Backend - Digital Products,Scout Motors,"Fremont, CA, USA",181500.0,220000.0,USD,,,2026-09-16T06:39:01+00:00,2026-09-09T14:46:57+00:00,false,,hybrid,full_time,senior,,2026-09-16T23:32:18.661146+00:00,ats,simplify,https://simplify.jobs/p/d511a652-1afe-489d-a850-3c04193b9bf1
https://apply.workable.com/serko-ltd/j/201871E01D/apply?utm_source=Simplify,Senior Software Engineer - Agentic AI Applications,Serko,"Remote; Seattle, WA, USA; Remote in USA",152000.0,230000.0,USD,,,2026-09-14T06:21:01+00:00,2026-09-14T06:20:33+00:00,false,,remote,full_time,senior,,2026-09-16T23:32:28.035944+00:00,ats,simplify,https://simplify.jobs/p/a4139ad9-46b3-452c-8d89-dc7ad16b6f36
https://jobs.ashbyhq.com/vocca/e8d46a40-5e73-4111-908f-71fb35981408/application?embed=true&utm_source=Simplify,Senior Software Engineer - TypeScript - Integrations,Vocca,"Paris, France",70000.0,90000.0,EUR,,,2026-09-04T10:42:01+00:00,2026-09-03T23:09:49+00:00,false,,hybrid,full_time,mid,,2026-09-16T23:32:29.538494+00:00,ats,simplify,https://simplify.jobs/p/3c5f8ac3-562b-4f5f-884a-359a59f40b2a
https://jobs.ashbyhq.com/nebulock/47e65a18-cf06-425d-b6e9-0099fd9f331c/application?embed=true&utm_source=Simplify,Senior Software Engineer - Agents,Nebulock,Remote; Remote in USA,160000.0,200000.0,USD,,,2026-09-04T04:42:01+00:00,2026-08-21T06:38:52+00:00,false,,remote,full_time,mid | senior,,2026-09-16T23:32:31.683143+00:00,ats,simplify,https://simplify.jobs/p/7c633dce-1ea3-4ce9-b5a6-79dc5a338d54
https://job-boards.greenhouse.io/spacex/jobs/8490889002?gh_src=Simplify,Senior Software Engineer - Additive Manufacturing - Raptor,SpaceX,"Hawthorne, CA, USA",160000.0,225000.0,USD,,,2026-09-03T18:15:29+00:00,2026-04-02T22:11:43+00:00,false,,onsite,full_time,senior,,2026-09-16T23:32:31.372257+00:00,ats,simplify,https://simplify.jobs/p/e8a42ada-1461-4092-b04a-b62bea3c1522
https://job-boards.greenhouse.io/neo4j/jobs/4683815006?gh_src=Simplify,Senior Software Engineer - Graph Analytics for Snowflake,Neo4j,"London, UK",,,,,,2026-09-04T05:18:01+00:00,2026-05-22T22:19:50+00:00,false,,hybrid,full_time,mid | senior,,2026-09-16T23:32:33.414951+00:00,ats,simplify,https://simplify.jobs/p/1061e19b-4c69-430a-a49e-4dcc1a62cece
https://job-boards.greenhouse.io/ziprecruiter/jobs/6556954?gh_src=Simplify,Senior Software Engineer - Full Stack,ZipRecruiter,Remote; Remote in USA,140000.0,200000.0,USD,,,2026-09-04T06:57:01+00:00,2025-01-18T00:16:52+00:00,false,,remote,full_time,senior,,2026-09-16T23:32:35.439629+00:00,ats,simplify,https://simplify.jobs/p/6ce2f80d-94c2-4f89-aa2a-c465b10c053a
https://jobs.ashbyhq.com/render/06377f8a-a255-412a-8032-18ace1d005a5/application?embed=true&utm_source=Simplify,Software Engineer - Expansion - All levels,Render,Remote; Remote in USA; Remote in Canada,170000.0,290000.0,USD,,,2026-09-04T01:30:21+00:00,2026-08-10T19:10:12+00:00,false,,remote,full_time,senior,,2026-09-16T23:32:42.437725+00:00,ats,simplify,https://simplify.jobs/p/74e11f77-dfd9-4084-acae-4b0efdab9c1d
https://richmondnationalservices.applytojob.com/apply/WQzgn2ybVa/Sr-Software-Engineer?utm_source=Simplify,Senior Software Engineer,Richmond National,"Glen Allen, VA, USA",125000.0,135000.0,USD,,,2026-09-04T01:48:21+00:00,2026-08-11T22:17:21+00:00,false,,onsite,full_time,mid | senior,,2026-09-16T23:32:49.027749+00:00,ats,simplify,https://simplify.jobs/p/b951c10a-5120-475f-b2f4-9ef9e02fbc25
https://generalmotors.wd5.myworkdayjobs.com/Careers_GM/job/Warren-Michigan-United-States-of-America/Senior-Software-Engineer---VEEComm_JR-202615466?utm_source=Simplify,Senior Software Engineer - Veecomm,General Motors,"Warren, MI, USA",,,,,,2026-09-16T22:42:23+00:00,2026-09-07T00:00:00+00:00,false,,hybrid,full_time,mid | senior,,2026-09-16T23:32:50.375000+00:00,ats,simplify,https://simplify.jobs/p/5edf31fe-28c2-4632-8724-3a4e25673fb0
https://jobs.lever.co/hive/4df537a1-1c31-4c05-9390-9ce635f03f1d/apply?lever-source=Simplify,Staff Software Engineer - Backend,Hive,"San Francisco, CA, USA",200000.0,300000.0,USD,,,2025-10-31T07:42:53+00:00,2025-10-31T07:42:53+00:00,false,,onsite,full_time,,,2026-09-16T23:32:58.357942+00:00,ats,simplify,https://simplify.jobs/p/3338a4e1-7d25-4ca8-a8fe-7e13b590e751
https://job-boards.greenhouse.io/mitratech/jobs/8180269?gh_src=Simplify,Senior Software Engineer,Mitratech,Remote; Remote in USA,,,,,,2026-09-10T22:47:58+00:00,2026-09-10T22:40:30+00:00,false,,remote,full_time,senior,,2026-09-16T23:32:59.406034+00:00,ats,simplify,https://simplify.jobs/p/a2dd3155-da81-4e2e-9cb5-13ff1c94363c
https://cdk.wd1.myworkdayjobs.com/en-US/CDK/job/Austin-TX-USA/Sr-Software-Engineer_JR8719?utm_source=Simplify,Senior Software Engineer,CDK Global,"Remote; Austin, TX, USA",,,,,,2026-09-16T13:39:04+00:00,2026-06-27T12:23:54+00:00,false,,remote,full_time,mid | senior,,2026-09-16T23:33:16.748555+00:00,ats,simplify,https://simplify.jobs/p/a2fa23f7-d4d4-4229-a94b-3722c2870e3d | https://simplify.jobs/p/b219880c-79c2-4214-a999-8a4c0814ef35
https://jobs.lever.co/palantir/8a95dba1-b814-4243-be14-eba1df340ceb/apply?lever-source=Simplify,Senior Software Engineer - Observability,Palantir,"New York, NY, USA",135000.0,200000.0,USD,,,2026-09-04T05:18:01+00:00,2026-01-28T23:04:51+00:00,false,,hybrid,full_time,senior,,2026-09-16T23:33:07.978839+00:00,ats,simplify,https://simplify.jobs/p/4695a3b0-c0b7-4558-8268-be3a93e2178e
https://job-boards.greenhouse.io/robinhood/jobs/7264931?gh_src=Simplify,Senior Software Engineer - Backend,Robinhood,"Menlo Park, CA, USA; New York, NY, USA",153000.0,230000.0,USD,,,2026-09-04T06:57:01+00:00,2026-05-21T22:15:57+00:00,false,,hybrid,full_time,mid | senior,,2026-09-16T23:33:10.732033+00:00,ats,simplify,https://simplify.jobs/p/4f7b9de6-5898-4b13-998c-4366adc50898
https://reagroup.wd3.myworkdayjobs.com/reacareers/job/Richmond-Melbourne-VIC/Staff-Software-Engineer_R0015617-1?utm_source=Simplify,Staff Software Engineer,REA Group,"Melbourne VIC, Australia; Sydney NSW, Australia",,,,,,2026-09-04T13:18:01+00:00,2026-09-02T00:00:00+00:00,false,,hybrid,full_time,,,2026-09-16T23:33:24.696340+00:00,ats,simplify,https://simplify.jobs/p/6b7c323c-dadc-475b-a9a6-c32456a00a91
https://jobs.ashbyhq.com/rivianvw.tech/298ff023-bb9f-485e-87ea-9e4bcf38f01b/application?embed=true&utm_source=Simplify,Senior Software Engineer - Cloud Gateway,Rivian and Volkswagen Group Technologies,"Vancouver, BC, Canada",96800.0,121000.0,USD,,,2026-09-03T18:48:22+00:00,2026-07-21T22:14:09+00:00,false,,hybrid,full_time,junior | mid | senior,,2026-09-16T23:33:18.532275+00:00,ats,simplify,https://simplify.jobs/p/12d20bed-53fc-4ff8-bd6f-6e9e0e0de56a
https://jobs.lever.co/lyrahealth/92833b1f-fd88-4db9-a12e-3733764f3e78/apply?lever-source=Simplify,Senior Software Engineer - Internal Efficiency,Lyra Health,Remote; Remote in USA,143000.0,219000.0,USD,,,2026-09-03T15:45:16+00:00,2026-08-15T01:26:17+00:00,false,,remote,full_time,senior,,2026-09-16T23:33:13.985696+00:00,ats,simplify,https://simplify.jobs/p/14995076-9382-4106-a175-64405b20e89f
https://jobs.ashbyhq.com/metriport/eb7665bc-b453-414f-89d7-3c02123d4150/application?embed=true&utm_source=Simplify,Staff Software Engineer,Metriport,"San Francisco, CA, USA",200000.0,260000.0,USD,,,2026-09-03T10:33:09+00:00,2026-07-30T22:23:24+00:00,false,,hybrid,full_time,senior,,2026-09-16T23:33:25.396792+00:00,ats,simplify,https://simplify.jobs/p/6553f693-76d5-465d-a2a4-a1cae086e692
https://job-boards.greenhouse.io/affirm/jobs/7978722003?gh_src=Simplify,Senior Staff Software Engineer - Fullstack,Affirm,Remote; Remote in USA,236000.0,325000.0,USD,,,2026-09-10T14:39:01+00:00,2026-09-03T22:06:06+00:00,false,,remote,full_time,senior,,2026-09-16T23:33:23.633193+00:00,ats,simplify,https://simplify.jobs/p/11554540-3db8-4ccc-99b0-3992ec358662
https://careers.airbnb.com/positions/8130817/?gh_jid=8130817&gh_src=Simplify,Staff Software Engineer - Passport & Commerce - Backend,Airbnb,Remote; Remote in USA,212000.0,265000.0,USD,,,2026-09-11T09:39:01+00:00,2026-08-15T00:42:49+00:00,false,,remote,full_time,senior,,2026-09-16T23:33:48.530646+00:00,employer,simplify,https://simplify.jobs/p/5bf12d32-bbc5-4c52-96e9-86e56ff6920c
https://apply.workable.com/halo-industries/j/CBCDD450B1/apply?utm_source=Simplify,Senior Machine Control Software Engineer,Halo Industries,"Santa Clara, CA, USA",125000.0,140000.0,USD,,,2026-09-03T13:39:12+00:00,2026-08-20T00:54:44+00:00,false,,onsite,full_time,mid,,2026-09-16T23:34:00.186965+00:00,ats,simplify,https://simplify.jobs/p/8cc4c685-9d71-452e-b391-22bacfd597dc
https://paloaltonetworks.wd5.myworkdayjobs.com/panwexternalcareers/job/Office---USA---CA---Headquarters/Senior-Principal-Software-Engineer--Cortex-Platform-_JR-021885-1?utm_source=Simplify,Senior Principal Software Engineer - Cortex Platform,Palo Alto Networks,"California, USA",183600.0,297000.0,USD,,,2026-09-03T03:24:06+00:00,2026-09-01T00:00:00+00:00,false,,onsite,full_time,,,2026-09-16T23:34:03.318617+00:00,ats,simplify,https://simplify.jobs/p/39eb2cc7-37ab-40bc-913a-3d004efcd30c
https://careers.capgemini.com/job/Barcelona-Senior-Software-Engineer-(Go-Cloud-Platforms)/1425192633/?ats=successfactors&utm_source=Simplify,Senior Software Engineer - Go - Cloud Platforms,Capgemini,"Barcelona, Spain",,,,,,2026-09-16T08:57:56+00:00,2026-08-11T14:16:17+00:00,false,,hybrid,full_time,senior,,2026-09-16T23:33:57.929090+00:00,employer,simplify,https://simplify.jobs/p/44c647b2-043f-4480-b918-3b9e11b43450
https://apply.workable.com/universalquantum/j/CD21078172/apply?utm_source=Simplify,Software Engineer - Compilers,Universal Quantum,"Haywards Heath, UK",,,,,,2026-09-04T01:18:24+00:00,2026-08-08T01:17:45+00:00,false,,hybrid,full_time,senior,,2026-09-16T23:34:02.444227+00:00,ats,simplify,https://simplify.jobs/p/ac1ef5c6-598f-4236-b95e-e804895aa251
https://job-boards.greenhouse.io/affirm/jobs/7980264003?gh_src=Simplify,Senior Software Engineer - Backend - Card Ledger & Money Movement,Affirm,Remote; Remote in USA,173000.0,255000.0,USD,,,2026-09-10T14:39:01+00:00,2026-09-01T22:44:47+00:00,false,,remote,full_time,mid | senior,,2026-09-16T23:34:06.554436+00:00,ats,simplify,https://simplify.jobs/p/bfa2254a-c887-4998-9b88-a563bad857d3
https://jobs.lever.co/safran-ai/3477c9ec-b8f7-488f-926e-3655076da362/apply?lever-source=Simplify,Senior Backend Software Engineer,Safran,"Paris, France",,,,,,2026-09-10T08:57:01+00:00,2026-09-09T09:40:54+00:00,false,,hybrid,full_time,senior,,2026-09-16T23:34:14.149892+00:00,ats,simplify,https://simplify.jobs/p/3cf0dedb-d24d-4b93-8977-82503c1a7fd4
https://jobs.ashbyhq.com/harvey/01da8934-d3e3-4ebb-beb9-681b3c24fb9c/application?embed=true&utm_source=Simplify,Staff Software Engineer - AI Platform,Harvey,"San Francisco, CA, USA",231000.0,340000.0,USD,,,2026-09-04T04:42:01+00:00,2026-04-24T22:08:42+00:00,false,,hybrid,full_time,senior,,2026-09-16T23:34:22.547296+00:00,ats,simplify,https://simplify.jobs/p/f059f07f-29cd-4c6e-9e52-1f85529a357f
https://www.druva.com/why-druva/explore/careers/jobs/8750704002?gh_jid=8750704002&gh_src=Simplify,Senior Staff Software Engineer,Druva,"Pune, Maharashtra, India",,,,,,2026-09-09T14:28:29+00:00,2026-09-09T14:24:42+00:00,false,,onsite,full_time,senior,,2026-09-16T23:34:30.443270+00:00,employer,simplify,https://simplify.jobs/p/2893f753-dfcb-420c-a4a5-364482f801ca
https://jobs.ashbyhq.com/rula/10e60c67-c0c4-4dc5-9b68-d13b07422668/application?embed=true&utm_source=Simplify,Staff Software Engineer,Rula,"Remote; Los Angeles, CA, USA; Remote in USA",192000.0,240000.0,USD,,,2026-09-15T22:36:01+00:00,2026-09-15T22:22:50+00:00,false,,remote,full_time,senior,,2026-09-16T23:34:29.118082+00:00,ats,simplify,https://simplify.jobs/p/1cb4cbf6-fc97-4beb-8f88-d6d989d2872e
https://job-boards.greenhouse.io/scopely/jobs/5398786008?gh_jid=5398786008&gh_src=Simplify,Senior Software Engineer - Gaming Full Stack - WWE Champions,Scopely,Remote in Canada,,,,,,2026-09-04T12:33:01+00:00,2026-08-21T23:41:03+00:00,false,,hybrid,full_time,senior,,2026-09-16T23:34:24.721711+00:00,ats,simplify,https://simplify.jobs/p/bcd5179e-f128-4a42-95f6-afb707570b7c
https://careers.airbnb.com/positions/8197816/?gh_jid=8197816&gh_src=Simplify,Senior Software Engineer - Tech Foundations,Airbnb,Remote; Remote in USA,196000.0,230000.0,USD,,,2026-09-15T22:51:01+00:00,2026-09-15T22:41:40+00:00,false,,remote,full_time,senior,,2026-09-16T23:34:40.268374+00:00,employer,simplify,https://simplify.jobs/p/07fb7c7b-75ae-486f-8e69-b36478a60fbc
https://jobs.lever.co/cxnpl/8b786829-1d91-44de-96dd-038bc257eb72/apply?lever-source=Simplify,Senior Software Engineer,Constantinople,"Sydney NSW, Australia",,,,,,2026-09-04T05:18:01+00:00,2026-04-23T01:03:23+00:00,false,,hybrid,full_time,senior,,2026-09-16T23:34:35.055187+00:00,ats,simplify,https://simplify.jobs/p/a90c45f0-c92a-4cea-8f7b-88051fd67387
https://jobs.ashbyhq.com/posh/69fb94ed-f8ee-446d-b757-4f6abda500cb/application?embed=true&utm_source=Simplify,Staff Software Engineer - Backend,Posh,"New York, NY, USA",250000.0,300000.0,USD,,,2026-09-12T17:18:01+00:00,2026-05-15T22:09:24+00:00,false,,onsite,full_time,senior,,2026-09-16T23:34:41.603827+00:00,ats,simplify,https://simplify.jobs/p/9f044845-4b7b-47ba-aae6-8f4af3158606
https://jobs.ashbyhq.com/tigerdata/d07c7cb2-c304-455c-9941-55e14f8a92c5/application?embed=true&utm_source=Simplify,Senior Software Engineer - Enterprise,Tiger Data,Remote; Remote in USA,,,,,,2026-09-03T19:45:19+00:00,2026-07-16T22:11:59+00:00,false,,remote,full_time,junior | mid,,2026-09-16T23:34:41.839662+00:00,ats,simplify,https://simplify.jobs/p/d47d69d2-5ec3-44b6-afc2-aeba27ab5136
https://target.wd5.myworkdayjobs.com/targetcareers/job/7000-Target-Pkwy-NNCD-0375-Brooklyn-ParkMN-55445/Senior-Software-Engineer---Developer-Platform_R0000447430-1?utm_source=Simplify,Senior Software Engineer - Developer Platform,Target,"Brooklyn Park, MN, USA",98000.0,176000.0,USD,,,2026-09-03T20:48:22+00:00,2026-07-31T00:00:00+00:00,false,,hybrid,full_time,mid | senior,,2026-09-16T23:34:43.074585+00:00,ats,simplify,https://simplify.jobs/p/914168e6-77f7-4b3c-a80c-10ec4ee6effb
https://jobs.ashbyhq.com/observable-space/e639e397-d61b-41e7-bf1e-9c36cecc4fbd/application?embed=true&utm_source=Simplify,Staff Embedded Software Engineer,Observable Space,"Los Angeles, CA, USA",180000.0,230000.0,USD,,,2026-09-16T08:54:25+00:00,2026-03-10T06:17:02+00:00,false,,hybrid,full_time,senior,,2026-09-16T23:34:47.270791+00:00,ats,simplify,https://simplify.jobs/p/32385172-0316-4ff2-9e28-1e5ffb2cfd9b
https://jobs.ashbyhq.com/pano-ai/13123fa6-66bb-4395-9708-0da7699823a1/application?embed=true&utm_source=Simplify,Senior Software Engineer - Full Stack,Pano AI,"San Francisco, CA, USA; Remote in USA",140000.0,188000.0,USD,,,2026-09-16T10:15:04+00:00,2026-07-22T22:14:42+00:00,false,,hybrid,full_time,senior,,2026-09-16T23:34:48.015382+00:00,ats,simplify,https://simplify.jobs/p/95c7782c-c815-4f54-9fc6-bb5de36f3650
https://cisco.wd5.myworkdayjobs.com/cisco_careers/job/Richardson-Texas-US/Software-Engineer_2021849?utm_source=Simplify,Software Engineer - Backend,Cisco,"Research Triangle Park, Durham, NC, USA; Richardson, TX, USA",,,,,,2026-09-16T09:39:15+00:00,2026-08-26T00:00:00+00:00,false,,,full_time,mid | senior,Conflicting salary across sites; Conflicting workplace across sites,2026-09-16T23:34:58.679294+00:00,ats,simplify,https://simplify.jobs/p/a2025b99-81d0-4ae1-9d1a-0ec1b0aabdc5 | https://simplify.jobs/p/628400b8-301f-4daa-9649-fbd7ff6a20a1
https://jobs.ashbyhq.com/snowflake/bcd7eea8-1f1e-437b-b7d1-52361493d55e/application?embed=true&utm_source=Simplify,Senior Software Engineer - Capacity,Snowflake,"Bellevue, WA, USA",200000.0,287500.0,USD,,,2026-09-04T07:36:01+00:00,2026-08-21T20:19:32+00:00,false,,hybrid,full_time,senior,,2026-09-16T23:34:48.789997+00:00,ats,simplify,https://simplify.jobs/p/cf5e0930-8e18-4007-b256-a9ef41bec9aa
https://kla.wd1.myworkdayjobs.com/AnnArbor/job/Ann-Arbor-MI/Full-Stack-Software-Engineer---Remote-Services_2639356-2?utm_source=Simplify,Full-Stack Software Engineer,KLA,"Ann Arbor, MI, USA",105900.0,155300.0,USD,,,2026-09-16T22:40:54+00:00,2026-08-11T00:00:00+00:00,false,,onsite,full_time,senior,,2026-09-16T23:34:57.023718+00:00,ats,simplify,https://simplify.jobs/p/71a1aeed-31bd-4f28-8f74-51bfec00b485
https://paloaltonetworks.wd5.myworkdayjobs.com/panwexternalcareers/job/Office---India---Bangalore/Sr-Staff-IT-Software-Engineer_JR-013152?utm_source=Simplify,Senior Staff IT Software Engineer,Palo Alto Networks,"Bengaluru, Karnataka, India",,,,,,2026-09-03T19:06:23+00:00,2026-07-01T22:10:18+00:00,false,,onsite,full_time,senior,,2026-09-16T23:35:07.226639+00:00,ats,simplify,https://simplify.jobs/p/1150ae28-afbd-4343-803b-2f5f7004e02d | https://simplify.jobs/p/64ca6abd-fb63-41cd-a244-939e20ce4bbc
https://jobs.ashbyhq.com/baseten/902a7ddb-c21f-4272-aaab-879680697986/application?embed=true&utm_source=Simplify,Software Engineer - Capacity,Baseten,"San Francisco, CA, USA",220000.0,285000.0,USD,,,2026-09-14T20:24:01+00:00,2026-06-12T22:08:35+00:00,false,,hybrid,full_time,senior,,2026-09-16T23:34:57.503730+00:00,ats,simplify,https://simplify.jobs/p/ce4786dd-c299-473d-9276-30dca1083cad
https://jobs.ashbyhq.com/airwallex/1c25c15f-8c14-4818-9a49-69087087323b/application?embed=true&utm_source=Simplify,Senior Software Engineer - Frontend - Business Accounts,Airwallex,"Sydney NSW, Australia",,,,,,2026-09-04T07:51:01+00:00,2026-05-06T14:08:59+00:00,false,,onsite,full_time,senior,,2026-09-16T23:34:57.882413+00:00,ats,simplify,https://simplify.jobs/p/9bd5fc04-576a-4bd5-b05d-a1939e3718ec
https://job-boards.greenhouse.io/zscaler/jobs/5181723007?gh_src=Simplify,Senior Staff Software Engineer - Full-Stack,Zscaler,"San Jose, CA, USA",157500.0,225000.0,USD,,,2026-09-03T02:52:58+00:00,2026-07-22T22:09:52+00:00,false,,hybrid,full_time,senior,,2026-09-16T23:35:26.510140+00:00,ats,simplify,https://simplify.jobs/p/0215cd1c-3d62-463a-aa79-35dff07274ea
https://globalhr.wd5.myworkdayjobs.com/rec_rtx_ext_gateway/job/US-MN-ST-LOUIS-PARK-5775--5775-Wayzata-Blvd--WAYZATA-Ste-630/Senior-Principal-Software-Engineer_01868103?utm_source=Simplify,Senior Principal Software Engineer,RTX,"St Louis Park, MN, USA",132400.0,251600.0,USD,,,2026-09-16T11:33:24+00:00,2026-08-19T00:00:00+00:00,false,,hybrid,full_time,,,2026-09-16T23:35:29.369798+00:00,ats,simplify,https://simplify.jobs/p/765338f2-0c3e-4d0a-9308-29afec47b3e5
https://cryoport.wd12.myworkdayjobs.com/external/job/Remote---USA/Staff-Software-Engineer--Contingent-_JR101648?utm_source=Simplify,Staff Software Engineer - Contingent,Cryoport Systems,Remote; Remote in USA,,,,,,2026-09-04T03:12:21+00:00,2026-07-22T00:00:00+00:00,false,,remote,full_time,senior,,2026-09-16T23:35:30.259586+00:00,ats,simplify,https://simplify.jobs/p/ca7c9f7b-176a-4a1e-a6ba-b0a82ffcff88
https://job-boards.greenhouse.io/appian/jobs/7941854?gh_src=Simplify,Senior Software Engineer,Appian,"Chennai, Tamil Nadu, India",,,,,,2026-09-08T22:39:27+00:00,2026-06-18T14:17:39+00:00,false,,onsite,full_time,senior,,2026-09-16T23:35:30.490928+00:00,ats,simplify,https://simplify.jobs/p/ee488c00-dad9-4fdb-a43b-7f1d8fd8ce9c
https://current.com/careers/open-positions/?id=8052027&gh_jid=8052027&gh_src=Simplify,Senior Software Engineer,Current,"New York, NY, USA",170000.0,250000.0,USD,,,2026-09-03T19:24:26+00:00,2026-07-08T22:17:03+00:00,false,,onsite,full_time,senior,,2026-09-16T23:35:33.964170+00:00,employer,simplify,https://simplify.jobs/p/38a778f6-9669-49a7-8912-4f22b4bfb4f1
https://jobs.ashbyhq.com/hinge-health/d7bba1dc-1f6d-4ad0-9ad0-e65aa0aae628/application?embed=true&utm_source=Simplify,Staff Software Engineer - GI,Hinge Health,"San Francisco, CA, USA",197000.0,296000.0,USD,,,2026-09-04T00:39:22+00:00,2026-08-06T22:17:11+00:00,false,,hybrid,full_time,mid | senior,,2026-09-16T23:35:37.072700+00:00,ats,simplify,https://simplify.jobs/p/5c236eb6-7377-4629-b088-109a5b1147e4
https://job-boards.greenhouse.io/legion/jobs/7824842003?gh_src=Simplify,Senior Software Engineer - Labor Planning & Forecasting,Legion,"Pune, Maharashtra, India; Bengaluru, Karnataka, India",,,,,,2026-09-14T14:51:01+00:00,2026-09-07T15:18:15+00:00,false,,hybrid,full_time,senior,,2026-09-16T23:35:35.352493+00:00,ats,simplify,https://simplify.jobs/p/8208062b-6066-4421-b6da-374ec9a3fa5f
https://job-boards.greenhouse.io/engine/jobs/7725236003?gh_src=Simplify,Senior Software Engineer - Backend,Engine,Remote; Remote in USA,135200.0,187000.0,USD,,,2026-09-09T01:45:21+00:00,2026-05-05T22:11:59+00:00,false,,remote,full_time,senior,,2026-09-16T23:35:36.006178+00:00,ats,simplify,https://simplify.jobs/p/4f5972e8-bccb-4767-8d85-74d4d67aa687
https://jobs.ashbyhq.com/snowflake/768bc008-b6a6-4b1d-a8ac-3d44d052d6ba/application?embed=true&utm_source=Simplify,Staff Software Engineer - Unistore,Snowflake,"Menlo Park, CA, USA",236000.0,339250.0,USD,,,2026-09-03T19:00:22+00:00,2026-06-25T22:08:14+00:00,false,,hybrid,full_time,senior,,2026-09-16T23:35:43.198148+00:00,ats,simplify,https://simplify.jobs/p/692cc926-cddd-455b-a8ec-1c6039375476
https://job-boards.greenhouse.io/affirm/jobs/7719647003?gh_src=Simplify,Staff Software Engineer - Backend - Capacity Modeling,Affirm,Remote; Remote in USA,204000.0,290000.0,USD,,,2026-09-10T14:39:01+00:00,2026-05-07T22:20:36+00:00,false,,remote,full_time,senior,,2026-09-16T23:35:43.777354+00:00,ats,simplify,https://simplify.jobs/p/cf9404c0-33dc-4646-9d48-2c2255a5dbd2
https://job-boards.greenhouse.io/podium81/jobs/8077450?gh_src=Simplify,Senior Software Engineer - Voip,Podium,"Remote; Lehi, UT, USA",,,,,,2026-09-03T19:57:26+00:00,2026-07-21T22:10:41+00:00,false,,remote,full_time,senior,,2026-09-16T23:35:50.535501+00:00,ats,simplify,https://simplify.jobs/p/4bfbaeae-6528-46bd-89e6-abb34604069d
https://apply.workable.com/sophia-genetics/j/F52E4089C5/apply?utm_source=Simplify,AI Software Engineer,SOPHiA GENETICS,"Boston, MA, USA; Bidart, France",88000.0,168000.0,USD,,,2026-09-08T13:07:51+00:00,2026-08-07T06:18:11+00:00,false,,hybrid,full_time,senior,,2026-09-16T23:35:55.993352+00:00,ats,simplify,https://simplify.jobs/p/fe94f6fc-dbb9-47f4-b234-6ddc98fe10c5
https://jobs.lever.co/captivateiq/f96fe2e9-547f-491c-a01e-8e236e6bee1a/apply?lever-source=Simplify,Senior Software Engineer - Full Stack - Sales Planning,CaptivateIQ,Remote; Remote in USA,,,,,,2026-09-14T22:12:02+00:00,2026-09-14T22:11:41+00:00,false,,remote,full_time,senior,,2026-09-16T23:35:53.469016+00:00,ats,simplify,https://simplify.jobs/p/b5743158-569a-4255-951f-3346033db659
https://job-boards.greenhouse.io/impact/jobs/8459601002?gh_src=Simplify,Senior Software Engineer,impact.com,"Columbus, OH, USA",140000.0,200000.0,USD,,,2026-09-10T22:15:01+00:00,2026-06-22T22:10:50+00:00,false,,hybrid,full_time,senior,,2026-09-16T23:35:58.637748+00:00,ats,simplify,https://simplify.jobs/p/150ee4fd-b945-46b1-a587-c509581564e2
https://jobs.ashbyhq.com/endra/96b8c861-e4bb-43f8-95c2-c199de66e308/application?embed=true&utm_source=Simplify,Software Engineer - Product,Endra,"San Francisco, CA, USA",175000.0,250000.0,USD,,,2026-09-03T19:51:22+00:00,2026-07-21T01:13:37+00:00,false,,onsite,full_time,senior,,2026-09-16T23:36:11.506747+00:00,ats,simplify,https://simplify.jobs/p/007f5ea0-fe03-4533-a00a-9fde09dfb9ad
https://accenture.wd103.myworkdayjobs.com/AccentureCareers/job/Gurugram/Custom-Software-Engineer_ATCI-5419895-S1973050-1?utm_source=Simplify,Custom Software Engineer,Accenture,"Gurugram, Haryana, India; Bengaluru, Karnataka, India",,,,,,2026-09-04T06:57:01+00:00,2026-07-22T22:07:36+00:00,false,,onsite,full_time,senior,,2026-09-16T23:36:32.652811+00:00,ats,simplify,https://simplify.jobs/p/fa66c0cb-1be5-47d1-8059-6a4fdc14445e | https://simplify.jobs/p/0d92c371-8668-4f17-a6dc-59df8e85e754
https://jobs.lever.co/waabi/d8a47942-30fd-4e7e-815c-150d2ddd0cc7/apply?lever-source=Simplify,Senior Software Engineer - Auto Labelling,Waabi,Remote in USA; Remote in Canada,170000.0,220000.0,USD,,,2026-09-04T04:42:01+00:00,2026-03-30T22:05:33+00:00,false,,hybrid,full_time,mid,,2026-09-16T23:36:14.480731+00:00,ats,simplify,https://simplify.jobs/p/df632acf-8752-4a4b-9ff1-c02e6908337d
https://job-boards.greenhouse.io/justworks/jobs/7797380?gh_src=Simplify,Senior Software Engineer - Applied AI - United Kingdom,Justworks,Remote; Remote in USA,132000.0,170000.0,GBP,,,2026-09-04T05:18:01+00:00,2026-08-05T14:28:03+00:00,false,,remote,full_time,senior,,2026-09-16T23:36:14.329525+00:00,ats,simplify,https://simplify.jobs/p/584b3fa9-ef65-420b-8d7c-4d904d884899
https://jobs.lever.co/furientis/35becc9f-0026-447f-8608-ba88c797ca0d/apply?lever-source=Simplify,Software Engineer - Avionics,Furientis,"Los Angeles, CA, USA",,,,,,2026-09-03T21:21:21+00:00,2026-08-01T01:09:10+00:00,false,,onsite,full_time,senior,,2026-09-16T23:36:15.392467+00:00,ats,simplify,https://simplify.jobs/p/df375fbb-ba20-44c6-842f-f8b898ab3c39
https://gliacelltechnologies.applytojob.com/apply/bR3z0Ymcuy/Full-Stack-Software-Engineer-Partial-Telework?utm_source=Simplify,Full Stack Software Engineer,GliaCell Technologies,"Columbia, MD, USA",170000.0,230000.0,USD,,,2026-09-04T10:30:02+00:00,2026-08-03T06:11:36+00:00,false,,hybrid,full_time,senior,,2026-09-16T23:36:18.976953+00:00,ats,simplify,https://simplify.jobs/p/3601bd97-e3fc-4f28-b114-6755d2cf5beb
https://jobs.lever.co/dodmg/dd3fcd8f-9afe-441b-92a6-9ff225f31190/apply?lever-source=Simplify,Senior Software Engineer,HRL Laboratories,"Calabasas, CA, USA",140700.0,175900.0,USD,,,2026-09-05T08:48:01+00:00,2026-09-01T01:01:22+00:00,false,,onsite,full_time,senior,,2026-09-16T23:36:25.964435+00:00,ats,simplify,https://simplify.jobs/p/241fdaa6-b516-4f9e-8a2b-237c39f8e554
https://jobs.ashbyhq.com/found/20795864-e7c3-4836-b5bc-26190f79bed3/application?embed=true&utm_source=Simplify,Staff Software Engineer - Full-Stack,Found,"Remote; Toronto, ON, Canada; San Francisco, CA, USA; Remote in USA; New York, NY, USA; Remote in Canada; Vancouver, BC, Canada",246000.0,284000.0,USD,,,2026-09-04T08:15:01+00:00,2026-06-16T19:42:39+00:00,false,,remote,full_time,senior,,2026-09-16T23:36:30.893249+00:00,ats,simplify,https://simplify.jobs/p/fdcef778-daab-48f4-8cab-6c08ef0037ad
https://nvidia.wd5.myworkdayjobs.com/NVIDIAExternalCareerSite/job/US-CA-Santa-Clara/Senior-Software-Engineer--CUDA-Core-Libraries_JR2021172?utm_source=Simplify,Senior Software Engineer - CUDA Python Core Libraries,NVIDIA,"Remote; Remote in USA; Santa Clara, CA, USA",184000.0,356500.0,USD,,,2026-09-03T20:48:22+00:00,2026-07-14T00:00:00+00:00,false,,remote,full_time,senior,,2026-09-16T23:36:37.248185+00:00,ats,simplify,https://simplify.jobs/p/40b23eb7-75c2-4920-9bd4-2b136e642958
https://job-boards.greenhouse.io/altentechnologyusa/jobs/5192294007?gh_src=Simplify,Sr. Software Engineer,ALTEN Technology,"Carson, CA, USA",120000.0,140000.0,USD,,,2026-09-03T19:57:26+00:00,2026-09-02T01:58:58+00:00,false,,onsite,full_time,senior,,2026-09-16T23:36:32.123325+00:00,ats,simplify,https://simplify.jobs/p/22c761f4-da7d-49c8-8b3a-018fd272c842
https://job-boards.greenhouse.io/axon/jobs/7832030003?gh_src=Simplify,Staff UC Software Engineer,Axon,"Boston, MA, USA",168750.0,225000.0,USD,,,2026-09-04T00:27:22+00:00,2026-08-06T14:30:32+00:00,false,,hybrid,full_time,senior,,2026-09-16T23:36:35.648446+00:00,ats,simplify,https://simplify.jobs/p/80cfd1fb-464b-409f-991e-0ea012d292ac
https://jobs.ashbyhq.com/delinea/15e29247-e9c3-44ef-b8fa-e0e7c55c0944/application?embed=true&utm_source=Simplify,Staff Software Engineer - AI - Platform Integrations,Delinea,"Remote; Redwood City, CA, USA; Remote in USA",150000.0,180000.0,USD,,,2026-09-03T14:06:30+00:00,2026-08-18T23:00:54+00:00,false,,remote,full_time,senior,,2026-09-16T23:36:40.670866+00:00,ats,simplify,https://simplify.jobs/p/be825645-a948-4404-8298-14e9fe2233a6
https://jobs.ashbyhq.com/lambda/20599b39-8482-4852-a955-f279bbb5463f/application?embed=true&utm_source=Simplify,Senior Software Engineer - Infrastructure Storage,Lambda,"San Francisco, CA, USA; San Jose, CA, USA; Bellevue, WA, USA",266000.0,395000.0,USD,,,2026-09-03T19:00:22+00:00,2026-06-25T01:09:50+00:00,false,,hybrid,full_time,senior,,2026-09-16T23:36:49.120543+00:00,ats,simplify,https://simplify.jobs/p/89e4efbd-bbbb-493f-8d19-40b7ac83cfc8
https://accelya.wd103.myworkdayjobs.com/Careers/job/India-Pune-COE/Senior-Engineer---Software-Development_JR102522-1?utm_source=Simplify,Senior Engineer - Software Development,Accelya,"Pune, Maharashtra, India",,,,,,2026-09-03T15:24:12+00:00,2026-09-03T00:00:00+00:00,false,,hybrid,full_time,mid | senior,,2026-09-16T23:36:56.444143+00:00,ats,simplify,https://simplify.jobs/p/51fc7ae9-5847-44e9-8883-7116dd99fd0d
https://job-boards.greenhouse.io/peregrinetechnologies/jobs/4704812005?gh_src=Simplify,Senior Software Engineer - Foundations,Peregrine,"Remote; San Francisco, CA, USA",200000.0,250000.0,USD,,,2026-09-09T06:39:21+00:00,2026-08-19T20:54:28+00:00,false,,remote,full_time,senior,,2026-09-16T23:37:13.976826+00:00,ats,simplify,https://simplify.jobs/p/fd999383-f9a2-429b-9ddf-0c8c50a3f816
https://apply.workable.com/fortanix/j/6EFD1E6148/apply?utm_source=Simplify,Senior Software Engineer - Backend - Rust,Fortanix,"Bengaluru, Karnataka, India",,,,,,2026-09-03T09:15:09+00:00,2026-08-25T00:13:56+00:00,false,,hybrid,full_time,senior,,2026-09-16T23:37:23.923603+00:00,ats,simplify,https://simplify.jobs/p/d508e2a5-2308-49c3-813c-0dcf87339f14
https://jobs.lever.co/jumpcloud/7bc2d24c-a892-4032-9b86-ac01bf8c085f/apply?lever-source=Simplify,Staff Software Engineer - Device Management,JumpCloud,"Remote; Bengaluru, Karnataka, India",,,,,,2026-09-09T22:18:08+00:00,2026-09-09T22:12:20+00:00,false,,remote,full_time,,,2026-09-16T23:37:14.998038+00:00,ats,simplify,https://simplify.jobs/p/95912665-43c9-4657-b047-0e25b97e23ab
https://apply.workable.com/coldquanta/j/DA0D4B3975/apply?utm_source=Simplify,Quantum Software Engineer - Compiler & Control Systems,Infleqtion,"Chicago, IL, USA",145000.0,170000.0,USD,,,2026-09-03T09:15:09+00:00,2026-08-25T00:14:01+00:00,false,,hybrid,full_time,junior | mid | senior,,2026-09-16T23:37:34.189422+00:00,ats,simplify,https://simplify.jobs/p/4e9fe751-4379-45cd-97bd-7083fd5e58d1
https://jobs.lever.co/bluelightconsulting/d676792c-a9b5-40ba-be1f-5e145274f5dc/apply?lever-source=Simplify,Senior Software Engineer - Python/Flask+React - Remote - Latin America,Bluelight Consulting,Remote; South America,,,,,,2026-09-04T00:39:22+00:00,2026-08-07T01:09:05+00:00,false,,remote,full_time,senior,,2026-09-16T23:37:40.812650+00:00,ats,simplify,https://simplify.jobs/p/c9fc4fdb-e461-4e2b-b13c-9bb7361be663
https://jobs.ashbyhq.com/harvey/ebf00b72-4693-4894-b540-5f82a60fdbdc/application?embed=true&utm_source=Simplify,Staff Software Engineer - AI Platform,Harvey,"New York, NY, USA",231000.0,340000.0,USD,,,2026-09-04T04:42:01+00:00,2026-07-16T22:10:02+00:00,false,,hybrid,full_time,senior,,2026-09-16T23:38:03.167716+00:00,ats,simplify,https://simplify.jobs/p/ca8ac64f-878e-4398-a7cc-9ca200cc82d7
https://job-boards.greenhouse.io/nimblerobotics/jobs/4163470009?gh_src=Simplify,Senior Software Engineer - Robotics Platform,Nimble Robotics,"San Francisco, CA, USA",180000.0,250000.0,USD,,,2026-09-03T21:15:20+00:00,2026-07-31T22:30:05+00:00,false,,onsite,full_time,mid | senior,,2026-09-16T23:37:59.582426+00:00,ats,simplify,https://simplify.jobs/p/0e2ed2d4-2650-401f-89d1-ab96c73f7788
https://job-boards.greenhouse.io/drweng/jobs/8172852?gh_src=Simplify,Senior Software Engineer - Research Technology,DRW,"London, UK",,,,,,2026-09-07T09:12:02+00:00,2026-09-03T14:39:25+00:00,false,,onsite,full_time,senior,,2026-09-16T23:38:02.845224+00:00,ats,simplify,https://simplify.jobs/p/6f11b4cd-8b9e-4a80-af21-0736801ba53c
https://job-boards.greenhouse.io/garnerhealth/jobs/6181651004?gh_src=Simplify,Senior Software Engineer,Garner Health,Remote; Remote in USA,200000.0,255000.0,USD,,,2026-09-04T14:06:01+00:00,2026-09-04T14:05:03+00:00,false,,remote,full_time,mid | senior,,2026-09-16T23:38:04.011730+00:00,ats,simplify,https://simplify.jobs/p/f75dc692-bf32-457b-8a45-1809de9cbeba
https://jobs.ashbyhq.com/aleph/a61b0752-2c82-4f3d-ba78-d47c330f4323/application?embed=true&utm_source=Simplify,Staff Software Engineer - Product,Aleph,Remote; Remote in USA; Remote in Canada; North America,130000.0,320000.0,USD,,,2026-09-03T07:51:07+00:00,2026-08-26T22:34:22+00:00,false,,remote,full_time,senior,,2026-09-16T23:38:09.615422+00:00,ats,simplify,https://simplify.jobs/p/5e196af0-c665-4ac3-8b61-73611240782b
https://job-boards.greenhouse.io/hpiq/jobs/5613861004?gh_src=Simplify,Senior Software Engineer - Tooling and Development Infrastructure,HP IQ,"San Francisco, CA, USA",140000.0,225000.0,USD,,,2025-10-09T16:58:03+00:00,2025-08-12T11:59:49+00:00,false,,onsite,full_time,senior,,2026-09-16T23:38:08.215968+00:00,ats,simplify,https://simplify.jobs/p/8b274d72-20ff-4ced-ac71-972bef768055
https://job-boards.greenhouse.io/alpaca/jobs/5985818004?gh_src=Simplify,Senior Software Engineer - Clearing,Alpaca,Remote; Europe,,,,,,2026-09-03T17:03:18+00:00,2026-06-04T22:06:21+00:00,false,,remote,full_time,senior,,2026-09-16T23:38:17.639467+00:00,ats,simplify,https://simplify.jobs/p/197921fd-b0a8-40b1-9e8d-8b3b6935a07b
https://jobs.ashbyhq.com/zip%20security/1c6c1776-8a4a-4b2b-a0ee-79de2df01eab/application?embed=true&utm_source=Simplify,Senior Software Engineer,Zip Security,"Washington, DC, USA; New York, NY, USA",,,,,,2026-09-03T17:09:30+00:00,2025-10-31T08:50:01+00:00,false,,hybrid,full_time,senior,,2026-09-16T23:38:23.748354+00:00,ats,simplify,https://simplify.jobs/p/307d4eac-036f-4eff-925a-348ab31ebdb8
https://jobs.ashbyhq.com/second-nature/2b92ffd7-dd45-45db-8def-8b13d0281c36/application?embed=true&utm_source=Simplify,Staff Software Engineer - Integrations Team,Second Nature,Remote; Remote in USA,150000.0,190000.0,USD,,,2026-09-03T21:27:24+00:00,2026-08-02T22:24:20+00:00,false,,remote,full_time,senior,,2026-09-16T23:38:33.504987+00:00,ats,simplify,https://simplify.jobs/p/4ce6d265-ca39-451c-b778-73dcde3f3aaf
https://job-boards.eu.greenhouse.io/proton/jobs/4881689101?gh_src=Simplify,Senior iOS Software Engineer,Proton,"London, UK",,,,,,2026-09-04T08:42:09+00:00,2026-07-01T22:25:27+00:00,false,,onsite,full_time,senior,,2026-09-16T23:38:26.697281+00:00,ats,simplify,https://simplify.jobs/p/1710b012-5cef-49d1-81a3-0cbc12b62144
https://job-boards.greenhouse.io/nearform/jobs/7541902003?gh_src=Simplify,Senior Software Engineer - Golang,Nearform,Remote; Remote in Ireland,75000.0,75000.0,EUR,,,2026-09-04T07:12:12+00:00,2026-08-25T21:13:40+00:00,false,,remote,full_time,senior,,2026-09-16T23:38:27.368953+00:00,ats,simplify,https://simplify.jobs/p/79f2a69a-13ae-49a1-ba97-5cf2342f28fa
https://jobs.lever.co/agiloft/718f44ca-433b-4a1d-ac72-01336d9dd259/apply?lever-source=Simplify,Staff Software Engineer - Platform and Cloud Services,Agiloft,Remote; Remote in USA,,,,,,2026-09-11T23:57:01+00:00,2026-09-11T23:55:32+00:00,false,,remote,full_time,senior,,2026-09-16T23:38:42.535881+00:00,ats,simplify,https://simplify.jobs/p/7d74633b-2ebf-414e-8c15-7800f5fb0eb8
https://job-boards.greenhouse.io/anthropic/jobs/5383610008?gh_src=Simplify,Staff Software Engineer - Claude Code,Anthropic,"Seattle, WA, USA; San Francisco, CA, USA; New York, NY, USA",320000.0,625000.0,USD,,,2026-09-04T01:03:21+00:00,2026-08-07T22:09:52+00:00,false,,hybrid,full_time,senior,,2026-09-16T23:39:07.656064+00:00,ats,simplify,https://simplify.jobs/p/2f3655dd-df42-44bd-b19f-28cc0a01b031
https://jobs.lever.co/deputy/74a2c646-2eb9-4f05-9241-5b09bd20f6d5/apply?lever-source=Simplify,Staff Software Engineer - AI Scheduling,Deputy,"Remote; Sydney NSW, Australia",,,,,,2026-09-03T13:33:16+00:00,2026-08-20T06:14:28+00:00,false,,remote,full_time,senior,,2026-09-16T23:39:14.788168+00:00,ats,simplify,https://simplify.jobs/p/b357dc56-fe3a-4b13-821d-f55c45fd2263
https://job-boards.greenhouse.io/workatbackbase/jobs/8070940?gh_src=Simplify,Senior AI Applied Software Engineer,Backbase,"Madrid, Spain",,,,,,2026-09-03T20:39:22+00:00,2026-07-31T14:23:25+00:00,false,,onsite,full_time,senior,,2026-09-16T23:39:15.944712+00:00,ats,simplify,https://simplify.jobs/p/9ebf0a54-0d7e-4745-9034-cae546e1db15
https://job-boards.greenhouse.io/flowtraders/jobs/8120460?gh_src=Simplify,Software Engineer - Trading Automation,Flow Traders,"New York, NY, USA",185000.0,240000.0,USD,,,2026-09-04T02:15:20+00:00,2026-08-12T22:30:12+00:00,false,,onsite,full_time,senior,,2026-09-16T23:39:16.081131+00:00,ats,simplify,https://simplify.jobs/p/0dc3e1a1-a5bf-4826-8081-b810885a9297
https://job-boards.greenhouse.io/anthropic/jobs/5325909008?gh_src=Simplify,Staff Software Engineer - Financial Fraud,Anthropic,"Seattle, WA, USA; San Francisco, CA, USA; New York, NY, USA",320000.0,485000.0,USD,,,2026-09-03T21:33:19+00:00,2026-07-10T22:05:46+00:00,false,,hybrid,full_time,senior,,2026-09-16T23:39:16.292095+00:00,ats,simplify,https://simplify.jobs/p/8241e7ab-c4ad-4498-8599-8cd2145fa182
https://eeho.fa.us2.oraclecloud.com/hcmUI/CandidateExperience/en/sites/CX_45001/job/338763?utm_source=Simplify,Senior Software Engineer - Core Infrastructure,Oracle,"Nashville, TN, USA; Austin, TX, USA",79200.0,209500.0,USD,,,2026-09-03T21:51:21+00:00,2026-07-07T06:07:58+00:00,false,,onsite,full_time,senior,,2026-09-16T23:39:22.153743+00:00,ats,simplify,https://simplify.jobs/p/fb3be9bc-4689-4849-8994-f9d5aee62508
https://jobs.lever.co/inkitt/25950a5c-1b12-4309-ba09-7c7895765d34/apply?lever-source=Simplify,Senior Software Engineer - Mobile Full-Stack,Inkitt,"San Francisco, CA, USA",175000.0,215000.0,USD,,,2026-09-03T17:09:30+00:00,2025-10-31T11:05:44+00:00,false,,hybrid,full_time,senior,,2026-09-16T23:39:17.371267+00:00,ats,simplify,https://simplify.jobs/p/55ea1aad-aa76-4d02-b5b7-ec89b5a8633f
https://apply.workable.com/seeq/j/763AE68666/apply?utm_source=Simplify,Senior Full Stack Software Engineer,Seeq,Remote; Remote in USA,145000.0,145000.0,USD,,,2026-09-15T08:27:02+00:00,2026-08-08T01:19:51+00:00,false,,remote,full_time,senior,,2026-09-16T23:39:19.688848+00:00,ats,simplify,https://simplify.jobs/p/17577b5f-f35f-4cdc-a793-b0d2aba32ae9
https://job-boards.greenhouse.io/schonfeld/jobs/7538303?gh_src=Simplify,Senior Software Engineer,Schonfeld,"New York, NY, USA",180000.0,250000.0,USD,,,2026-01-19T15:30:44+00:00,2026-01-19T15:30:44+00:00,false,,onsite,full_time,senior,,2026-09-16T23:39:18.369773+00:00,ats,simplify,https://simplify.jobs/p/78d3eb14-7b6d-4a90-910d-fda23fcd034b
https://copeland.wd5.myworkdayjobs.com/copeland_external_careers_page/job/Kennesaw-GA-USA/Senior-Software-Engineer--Cloud-Native--React-Nodejs-_JR113610?utm_source=Simplify,Senior Software Engineer - Cloud Native - React/Node.js,Copeland,"Dayton, OH, USA; Kansas, USA; Connecticut, USA; Bentonville, AR, USA; St. Louis, MO, USA; Tennessee, USA; Pittsburgh, PA, USA; Kentucky, USA; Cudahy, WI, USA; Kennesaw, GA, USA; Michigan, USA; Palm Beach Gardens, FL, USA; Chanhassen, MN, USA",120000.0,160000.0,USD,,,2026-09-09T22:09:08+00:00,2026-09-09T22:07:20+00:00,false,,hybrid,full_time,senior,,2026-09-16T23:39:26.892137+00:00,ats,simplify,https://simplify.jobs/p/fa45a63d-a76c-44bb-bb60-356dc44b3d41
https://job-boards.greenhouse.io/babylist/jobs/6103791004?gh_src=Simplify,Staff Software Engineer,Babylist,Remote; Remote in USA,233500.0,290700.0,USD,,,2026-09-03T19:06:23+00:00,2026-06-29T22:16:33+00:00,false,,remote,full_time,,,2026-09-16T23:39:21.046891+00:00,ats,simplify,https://simplify.jobs/p/969b7832-8c9a-4304-9a34-d11e8f3332ca
https://jobs.lever.co/captivateiq/28da18cc-f325-4d62-a6d9-8d080960def5/apply?lever-source=Simplify,Staff Software Engineer - AI Platform,CaptivateIQ,Remote; Remote in USA,181289.0,285272.0,USD,,,2026-09-03T18:09:19+00:00,2026-03-25T22:16:37+00:00,false,,remote,full_time,senior,,2026-09-16T23:39:29.855674+00:00,ats,simplify,https://simplify.jobs/p/6eb6ba56-e253-4a7c-a5a7-4d6008eb2203
https://jobs.lever.co/tutorintelligence/6589d15e-6927-4548-9bd6-2af1ec1eb7c8/apply?lever-source=Simplify,Senior Full Stack Software Engineer,Tutor Intelligence,"Watertown, MA, USA",100000.0,300000.0,USD,,,2026-09-04T06:57:01+00:00,2025-10-31T11:33:49+00:00,false,,onsite,full_time,senior,,2026-09-16T23:39:32.207715+00:00,ats,simplify,https://simplify.jobs/p/50ad63d1-fc6e-48a4-810f-c52e6ad5db53
https://jobs.ashbyhq.com/regulus-industries/10616920-57ff-417f-8674-271e7571d4c8/application?embed=true&utm_source=Simplify,Staff Software Engineer - Factory Systems,Regulus Industries,"Dallas, TX, USA",,,,,,2026-09-03T19:39:23+00:00,2026-07-15T14:12:30+00:00,false,,onsite,full_time,senior,,2026-09-16T23:39:35.081708+00:00,ats,simplify,https://simplify.jobs/p/39d492e7-2b3e-4242-b394-7eb9ecec979c
https://stord.wd503.myworkdayjobs.com/Stord_External_Career/job/HQ---Atlanta-GA/Senior-Software-Engineer--AI_JR102012?utm_source=Simplify,Senior Software Engineer - AI,STORD,"Atlanta, GA, USA",,,,,,2026-09-16T22:36:01+00:00,2026-08-17T00:00:00+00:00,false,,onsite,full_time,mid | senior,,2026-09-16T23:39:39.305958+00:00,ats,simplify,https://simplify.jobs/p/fcdf098d-2800-42db-8282-8ce3df63a545
https://jobs.ashbyhq.com/tapcart/1248a19b-83f1-4644-89cb-d1bb54af6192/application?embed=true&utm_source=Simplify,Senior Software Engineer,Tapcart,"Remote; Santa Monica, CA, USA",175000.0,350000.0,USD,,,2026-09-03T19:00:22+00:00,2026-06-25T01:10:01+00:00,false,,remote,full_time,senior,,2026-09-16T23:39:38.862603+00:00,ats,simplify,https://simplify.jobs/p/ee036f18-bb52-451b-8c54-88ced31624f6
https://job-boards.greenhouse.io/chime/jobs/8788272002?gh_src=Simplify,Senior Software Engineer - AI Enablement,Chime,"San Francisco, CA, USA",164000.0,227000.0,USD,,,2026-09-15T22:12:02+00:00,2026-09-15T22:10:03+00:00,false,,hybrid,full_time,senior,,2026-09-16T23:39:37.558071+00:00,ats,simplify,https://simplify.jobs/p/80bd310b-39e9-49e1-a92c-8c254392fcc4
https://moog.wd5.myworkdayjobs.com/moog_external_career_site/job/Tewkesbury-GBR/Sr-Staff-Software-Engineer_R-26-17307?utm_source=Simplify,Senior Principal Software Engineer,Moog,"Wolverhampton, UK; Tewkesbury, UK",,,,,,2026-09-03T18:21:22+00:00,2026-06-27T11:27:23+00:00,false,,hybrid,full_time,,,2026-09-16T23:39:43.451697+00:00,ats,simplify,https://simplify.jobs/p/902909b0-da40-4165-9c94-35d5378f0566
https://ambarella.wd108.myworkdayjobs.com/ambarella/job/US-Headquarters/Staff-Software-Engineer_JR100234?utm_source=Simplify,Staff Software Engineer,Ambarella,United States,166000.0,212000.0,USD,,,2026-09-03T18:03:18+00:00,2026-05-23T06:06:57+00:00,false,,onsite,full_time,senior,,2026-09-16T23:39:44.858182+00:00,ats,simplify,https://simplify.jobs/p/de532bd9-a04b-4021-b683-086442f8e662
https://jobs.lever.co/valarian/872aec4d-d770-4962-a374-b278dcd513e2/apply?lever-source=Simplify,Senior Software Engineer,Valarian Technologies,"London, UK",,,,,,2026-09-04T07:51:01+00:00,2026-06-16T19:39:23+00:00,false,,hybrid,full_time,senior,,2026-09-16T23:39:41.148368+00:00,ats,simplify,https://simplify.jobs/p/f8247347-7c3f-428e-8aa8-cb563926fe3e
https://workday.wd5.myworkdayjobs.com/Workday/job/Canada-BC-Vancouver/Senior-Software-Engineer---Evisort-AI--Python-Typescript-_JR-0107091?utm_source=Simplify,Senior Software Engineer - Evisort AI - Python/Typescript,Workday,"Vancouver, BC, Canada",140000.0,210000.0,CAD,,,2026-09-08T22:09:31+00:00,2026-06-20T10:07:07+00:00,false,,hybrid,full_time,senior,,2026-09-16T23:39:45.429808+00:00,ats,simplify,https://simplify.jobs/p/8fd2f0fd-58da-4e75-ae03-f95d89d9af0e
https://jobs.ashbyhq.com/tavus/ff6e71cf-9ac2-4239-a547-69eedd66b56f/application?embed=true&utm_source=Simplify,Senior Software Engineer,Tavus,"San Francisco, CA, USA",,,,,,2026-09-03T19:24:26+00:00,2026-07-10T01:10:28+00:00,false,,onsite,full_time,senior,,2026-09-16T23:39:51.390739+00:00,ats,simplify,https://simplify.jobs/p/a7b85014-56b1-4885-bef2-726cbd19c0a4
https://cisco.wd5.myworkdayjobs.com/cisco_careers/job/Galway-Ireland/Software-Engineer---Application-Development_2023947-1?utm_source=Simplify,Software Engineer - Application Development,Cisco,"Galway, Ireland",,,,,,2026-09-16T08:40:24+00:00,2026-09-15T14:06:33+00:00,false,,,full_time,senior,Conflicting workplace across sites,2026-09-16T23:39:57.991637+00:00,ats,simplify,https://simplify.jobs/p/9c867f4c-a097-4766-98ac-2adc457f7989 | https://simplify.jobs/p/19a4c045-198c-45b6-8846-2622dd5dd95b
https://job-boards.greenhouse.io/6sense/jobs/7100430?gh_src=Simplify,Staff Software Engineer,6sense,"Bengaluru, Karnataka, India",,,,,,2026-09-04T05:18:01+00:00,2026-02-23T23:28:28+00:00,false,,onsite,full_time,,,2026-09-16T23:39:49.563491+00:00,ats,simplify,https://simplify.jobs/p/c041b00c-2281-4312-815e-ea642de4ccd1
https://nvidia.wd5.myworkdayjobs.com/NVIDIAExternalCareerSite/job/India-Bengaluru/Systems-Software-Engineer--CPU-Manageability-Stack_JR2023337?utm_source=Simplify,Systems Software Engineer - CPU Manageability Stack,NVIDIA,"Bengaluru, Karnataka, India",,,,,,2026-09-03T15:48:17+00:00,2026-08-14T00:00:00+00:00,false,,onsite,full_time,senior,,2026-09-16T23:39:55.050240+00:00,ats,simplify,https://simplify.jobs/p/c018e619-a1fc-4c62-94cb-52e800dc9abd
https://starfish.wd501.myworkdayjobs.com/Careers/job/Huntsville-AL/C---Software-Engineer_R1156?utm_source=Simplify,C++ Software Engineer,Torch Technologies,"Huntsville, AL, USA",,,,,,2026-09-03T18:54:19+00:00,2026-06-16T19:49:07+00:00,false,,onsite,full_time,senior,,2026-09-16T23:39:55.903352+00:00,ats,simplify,https://simplify.jobs/p/f3326433-be29-4970-a520-b2f89ce3bf69
https://job-boards.greenhouse.io/caseguard/jobs/5192298008?gh_src=Simplify,Senior Software Engineer - Frontend,CaseGuard,"Arlington, VA, USA",120000.0,200000.0,USD,,,2026-09-03T18:21:22+00:00,2026-04-17T22:14:05+00:00,false,,hybrid,full_time,senior,,2026-09-16T23:39:54.651561+00:00,ats,simplify,https://simplify.jobs/p/52844da5-f48f-4ed1-a81d-20682010ae74
https://job-boards.greenhouse.io/mozilla/jobs/8188887?gh_src=Simplify,Senior Software Engineer - Add-Ons,Mozilla,Remote; Remote in Spain,58000.0,77000.0,EUR,,,2026-09-15T22:12:02+00:00,2026-09-15T22:06:50+00:00,false,,remote,full_time,senior,,2026-09-16T23:39:55.765435+00:00,ats,simplify,https://simplify.jobs/p/95d4764d-d841-4e4e-b3ff-dec2405a8a22
https://www.okta.com/company/careers/senior-software-engineer-ai-authentication-auth0-7872569/?gh_src=Simplify,Senior Software Engineer - AI Authentication,Okta,"Toronto, ON, Canada",136000.0,187000.0,CAD,,,2026-09-04T07:51:01+00:00,2026-05-15T14:14:08+00:00,false,,hybrid,full_time,senior,,2026-09-16T23:39:57.897082+00:00,employer,simplify,https://simplify.jobs/p/89d3de1e-cee1-4975-b442-0ea1c6645571
https://troweprice.wd5.myworkdayjobs.com/en-US/TRowePrice/job/Owings-Mills-MD/Senior-Software-Engineer_79928?utm_source=Simplify,Senior Software Engineer,T. Rowe Price,"Colorado Springs, CO, USA; Owings Mills, MD, USA",121000.0,258000.0,USD,,,2026-09-04T04:42:01+00:00,2026-07-04T12:13:48+00:00,false,,hybrid,full_time,senior,,2026-09-16T23:40:05.503361+00:00,ats,simplify,https://simplify.jobs/p/e9a0daaa-9499-47fa-a841-fffb11ab4f6c
https://careers.datadoghq.com/detail/8202699/?gh_jid=8202699&gh_src=Simplify,Staff Software Engineer - Frontend,Datadog,"New York, NY, USA",138000.0,305000.0,USD,,,2026-09-15T14:15:01+00:00,2026-09-15T14:13:44+00:00,false,,hybrid,full_time,,,2026-09-16T23:40:03.682998+00:00,employer,simplify,https://simplify.jobs/p/07203b9e-54a2-4e04-8782-4070777ed361
https://synechron.wd1.myworkdayjobs.com/en-US/SynechronCareers/job/Bengaluru---Thanissandra-BCIT/Senior-Software-Engineer---PowerCurve-Collections--PCC-_JR1043849-1?utm_source=Simplify,Senior Software Engineer - Powercurve Collections - Pcc,Synechron,"Pune, Maharashtra, India; Bengaluru, Karnataka, India",,,,,,2026-09-08T09:27:01+00:00,2026-09-08T00:00:00+00:00,false,,onsite,full_time,mid | senior,,2026-09-16T23:40:05.954181+00:00,ats,simplify,https://simplify.jobs/p/ffc6078e-6593-47ee-a156-15895b5f1f8a
https://job-boards.eu.greenhouse.io/xdesign/jobs/4959230101?gh_src=Simplify,Senior Software Engineer - Java - Vue/TypeScript,CreateFuture,"London, UK; Edinburgh, UK; Leeds, UK; Manchester, UK",,,,,,2026-09-04T12:45:01+00:00,2026-08-24T20:32:48+00:00,false,,hybrid,full_time,senior,,2026-09-16T23:40:03.863532+00:00,ats,simplify,https://simplify.jobs/p/e7a63430-e4a5-46d2-8c53-f183c36999a2
https://jobs.lever.co/doranjones/2d890147-58a9-4e33-9bf5-5a03c918b3cb/apply?lever-source=Simplify,Senior Microsoft Dynamics CRM Developer & Software Engineer,Doran Jones,"New York, NY, USA",70000.0,200000.0,USD,,,2026-03-04T23:11:57+00:00,2026-03-04T23:11:57+00:00,false,,hybrid,full_time,senior,,2026-09-16T23:40:05.809740+00:00,ats,simplify,https://simplify.jobs/p/f239ce1f-b822-4505-9864-426f6100869a
https://job-boards.greenhouse.io/onetrust/jobs/7958152?gh_src=Simplify,Senior Staff Software Engineer - Full Stack,OneTrust,"Bengaluru, Karnataka, India",,,,,,2026-09-04T08:03:01+00:00,2026-06-02T06:10:49+00:00,false,,hybrid,full_time,,,2026-09-16T23:40:06.174690+00:00,ats,simplify,https://simplify.jobs/p/666cad46-416f-4079-b4b6-7acf6e813078
https://jobs.ashbyhq.com/runa/703df287-0a6c-48b9-976f-9d90b8c50727/application?embed=true&utm_source=Simplify,Senior Software Engineer - Java / Kotlin,Runa,"London, UK",,,,,,2026-09-03T20:09:21+00:00,2026-07-27T22:17:21+00:00,false,,hybrid,full_time,senior,,2026-09-16T23:40:07.952427+00:00,ats,simplify,https://simplify.jobs/p/ca49d839-09de-4ed6-96ff-4ab733c1d063
https://job-boards.eu.greenhouse.io/teads1/jobs/4947384101?gh_src=Simplify,Senior Software Engineer - Agency Enablement Team,Teads,"Montpellier, France",,,,,,2026-09-14T09:48:01+00:00,2026-08-06T09:08:36+00:00,false,,hybrid,full_time,senior,,2026-09-16T23:40:09.772221+00:00,ats,simplify,https://simplify.jobs/p/719acab8-dc00-4b76-b458-5e3f9e4d7f2e
https://jobs.lever.co/filevine/6eaa2f55-5678-4e6c-be86-27e5d5ceef62/apply?lever-source=Simplify,Senior Software Engineer - Backend,Filevine,"Remote; Salt Lake City, UT, USA; San Francisco, CA, USA; Chicago, IL, USA; New York, NY, USA",150000.0,250000.0,USD,,,2026-09-09T09:51:31+00:00,2026-01-21T00:43:51+00:00,false,,remote,full_time,senior,,2026-09-16T23:40:07.806518+00:00,ats,simplify,https://simplify.jobs/p/7bf2b498-17fe-4138-b804-e1861247307f
https://jobs.intuit.com/job/mountain-view/staff-software-engineer-full-stack/27595/99505129760?utm_source=Simplify,Staff Software Engineer - Full Stack,Intuit,"Mountain View, CA, USA",202500.0,274000.0,USD,,,2026-09-12T19:39:42+00:00,2026-08-21T06:37:20+00:00,false,,onsite,full_time,senior,,2026-09-16T23:40:09.547770+00:00,employer,simplify,https://simplify.jobs/p/052705ff-f720-44aa-b080-3120639e4b8a
https://jobs.ashbyhq.com/openai/3c67f712-697d-48d8-b05c-01be896e61da/application?embed=true&utm_source=Simplify,Software Engineer - Scaled Abuse,OpenAI,"San Francisco, CA, USA",230000.0,385000.0,USD,,,2026-09-03T17:09:30+00:00,2026-06-08T22:09:01+00:00,false,,onsite,full_time,senior,,2026-09-16T23:40:13.474524+00:00,ats,simplify,https://simplify.jobs/p/566a1549-b1a0-49a6-8a08-55ba4211f700
https://jobs.ashbyhq.com/nightfall-ai/084baf9b-70ad-498d-8474-c656efdf4cad/application?embed=true&utm_source=Simplify,Backend Software Engineer,Nightfall,"Bengaluru, Karnataka, India",,,,,,2026-09-04T03:00:35+00:00,2026-07-21T01:18:46+00:00,false,,hybrid,full_time,senior,,2026-09-16T23:40:16.702436+00:00,ats,simplify,https://simplify.jobs/p/c61c0bcf-b7e2-491a-a6ab-c3c29f6663fc
https://brightvisiontechnologies.applytojob.com/apply/gFXCcYW7Kn/Semiconductor-Software-Engineer?utm_source=Simplify,Semiconductor Software Engineer,Bright Vision Technologies,Remote; Remote in USA,100000.0,160000.0,USD,,,2026-09-10T14:51:01+00:00,2026-09-10T14:48:23+00:00,false,,remote,full_time,senior,,2026-09-16T23:40:16.917921+00:00,ats,simplify,https://simplify.jobs/p/97192d3b-c2ca-458a-ab7f-a6e1458c2cd6
https://job-boards.greenhouse.io/robinhood/jobs/8088453?gh_src=Simplify,Senior Software Engineer - Wallet,Robinhood,"Menlo Park, CA, USA; New York, NY, USA",153000.0,230000.0,USD,,,2026-09-04T10:54:01+00:00,2026-08-06T22:39:44+00:00,false,,hybrid,full_time,mid | senior,,2026-09-16T23:40:48.368546+00:00,ats,simplify,https://simplify.jobs/p/a8d24764-d176-41d6-8a30-db1b6fe1e8c2
https://job-boards.greenhouse.io/versaterm/jobs/5375907008?gh_src=Simplify,Staff Software Engineer,Versaterm,Remote; Remote in USA,,,,,,2026-09-03T06:45:06+00:00,2026-08-27T22:24:29+00:00,false,,remote,full_time,senior,,2026-09-16T23:40:18.763489+00:00,ats,simplify,https://simplify.jobs/p/14e2c358-8841-4f07-87f8-a83b21ed08d5
https://job-boards.greenhouse.io/yipitdata/jobs/8131030?gh_src=Simplify,Senior Software Engineer,YipitData,Remote; Remote in USA,,,,,,2026-09-16T22:45:02+00:00,2026-08-15T00:46:22+00:00,false,,remote,full_time,mid | senior,,2026-09-16T23:40:21.442642+00:00,ats,simplify,https://simplify.jobs/p/54e42401-341f-449b-a41b-f7e9c0ed72e9
https://jobs.ashbyhq.com/livekit/ca47c69a-36eb-48cb-b61b-4134eff78030/application?embed=true&utm_source=Simplify,Senior Software Engineer - Distributed Systems,LiveKit,Remote; Europe; North America,135000.0,300000.0,USD,,,2026-09-04T08:03:01+00:00,2026-06-03T22:10:25+00:00,false,,remote,full_time,senior,,2026-09-16T23:40:25.544318+00:00,ats,simplify,https://simplify.jobs/p/8cad3519-3a1f-41df-bd53-86a03dd75162
https://capitalone.wd12.myworkdayjobs.com/Capital_One/job/McLean-VA/Senior-Lead-Software-Engineer--Back-End---Card-Tech_R247035-1?utm_source=Simplify,Senior Lead Software Engineer - Back End - Card Tech,Capital One,"McLean, VA, USA",229900.0,262400.0,USD,,,2026-09-03T20:09:21+00:00,2026-07-29T00:00:00+00:00,false,,onsite,full_time,senior,,2026-09-16T23:40:28.275918+00:00,ats,simplify,https://simplify.jobs/p/ed47d00e-d667-4353-8b76-79bfa5b5c0a0
https://mastercard.wd1.myworkdayjobs.com/CorporateCareers/job/OFallon-Missouri/Senior-Software-Engineer_R-281539?utm_source=Simplify,Senior Software Engineer,Mastercard,"O'Fallon, MO, USA",115000.0,184000.0,USD,,,2026-09-03T21:57:21+00:00,2026-06-13T14:14:58+00:00,false,,onsite,full_time,senior,,2026-09-16T23:40:58.331362+00:00,ats,simplify,https://simplify.jobs/p/430da5e3-78b3-4062-8c61-3d715a9c7bb1 | https://simplify.jobs/p/bd71ed4d-8735-427d-86c0-fdb8b9ea4853 | https://simplify.jobs/p/9908d870-cbdd-48cc-9b26-b071227b8b69 | https://simplify.jobs/p/25341857-37ff-44ac-8d1b-e3058d9863df
https://job-boards.greenhouse.io/twosixtechnologies/jobs/6141651004?gh_src=Simplify,Senior Embedded Security Software Engineer,Two Six Technologies,"Linthicum Heights, MD, USA",172766.0,221801.0,USD,,,2026-09-03T16:45:18+00:00,2026-08-13T22:40:10+00:00,false,,onsite,full_time,senior,,2026-09-16T23:40:31.289870+00:00,ats,simplify,https://simplify.jobs/p/0e07800c-eb51-4542-b982-be0763b939d5
https://jobs.ashbyhq.com/Coder/b2779e7d-e280-420c-9fc1-eeb27900134a/application?embed=true&utm_source=Simplify,Staff Software Engineer - AI Governance,Coder,Remote; Remote in USA,193000.0,294000.0,USD,,,2026-09-03T20:48:22+00:00,2026-08-11T22:21:43+00:00,false,,remote,full_time,senior,,2026-09-16T23:40:34.387247+00:00,ats,simplify,https://simplify.jobs/p/dbcb27fe-3089-48b4-b434-80f274a2ba62
https://stripe.com/careers/listing/staff-software-engineer-link/8082847?gh_jid=8082847&gh_src=Simplify,Staff Software Engineer - Link,Stripe,Canada,208000.0,312000.0,CAD,,,2026-09-03T15:45:16+00:00,2026-08-15T04:30:35+00:00,false,,onsite,full_time,senior,,2026-09-16T23:40:39.262248+00:00,employer,simplify,https://simplify.jobs/p/3bfcf917-5c49-48de-9199-a3c8bb718499
https://jobs.ashbyhq.com/Coworker/aac801d7-249f-418b-b7a6-2e6ba3862b91/application?embed=true&utm_source=Simplify,Senior Software Engineer,Coworker,"San Francisco, CA, USA; Atlanta, GA, USA",160000.0,200000.0,USD,,,2026-09-16T09:00:04+00:00,2026-03-05T02:32:37+00:00,false,,hybrid,full_time,mid | senior,,2026-09-16T23:40:51.255081+00:00,ats,simplify,https://simplify.jobs/p/3cb05957-11cf-435a-ba9c-4d96b4952960
https://navan.com/careers/openings/8174886?gh_jid=8174886&gh_src=Simplify,Senior iOS Software Engineer,Navan,"London, UK",,,,,,2026-09-04T14:03:59+00:00,2026-09-04T14:02:49+00:00,false,,onsite,full_time,senior,,2026-09-16T23:40:52.661278+00:00,employer,simplify,https://simplify.jobs/p/1c663b65-ab5f-45b5-84d1-a559b7b182f9
https://job-boards.greenhouse.io/muonspace/jobs/5132032007?gh_src=Simplify,Staff Software Engineer - Information Systems,Muon Space,"San Jose, CA, USA",218000.0,243000.0,USD,,,2026-09-14T22:09:01+00:00,2026-05-07T22:16:11+00:00,false,,onsite,full_time,senior,,2026-09-16T23:40:59.141127+00:00,ats,simplify,https://simplify.jobs/p/2b60587f-a68d-4a45-8554-a9a5d5e2a8fd
https://jobs.ashbyhq.com/rivianvw.tech/25fba3df-55a3-4fae-a403-83be6a7fbc1d/application?embed=true&utm_source=Simplify,Senior Software Engineer - Android Display & Graphics,Rivian and Volkswagen Group Technologies,"Palo Alto, CA, USA",146900.0,202000.0,USD,,,2026-09-04T10:06:01+00:00,2026-07-29T22:24:54+00:00,false,,hybrid,full_time,mid,,2026-09-16T23:41:05.528062+00:00,ats,simplify,https://simplify.jobs/p/c77fe448-9157-4261-9b54-921eb4bc4b8e
https://asana.com/jobs/apply/7964388?gh_jid=7964388&gh_src=Simplify,Staff Software Engineer,Asana,"New York, NY, USA",248000.0,282000.0,USD,,,2026-09-04T04:42:01+00:00,2026-06-08T22:23:10+00:00,false,,hybrid,full_time,senior,,2026-09-16T23:41:06.085927+00:00,employer,simplify,https://simplify.jobs/p/57ae1331-32fc-49a0-8a84-b8d6f5ec5752
https://apply.workable.com/responsiveads-inc/j/5561CEB6F8/apply?utm_source=Simplify,Software Engineer - Ad Formats,ResponsiveAds,"Vancouver, BC, Canada",,,,,,2026-09-04T01:39:21+00:00,2026-08-11T01:31:42+00:00,false,,hybrid,full_time,senior,,2026-09-16T23:41:07.911874+00:00,ats,simplify,https://simplify.jobs/p/f11bed37-7ed7-4eb9-b3f2-2bf5e2345b4d
https://axiomspace.wd5.myworkdayjobs.com/External_Career_Site/job/Houston/Senior-Embedded-Flight-Software-Engineer_JR100372?utm_source=Simplify,Senior Embedded Flight Software Engineer,Axiom Space,"Houston, TX, USA",,,,,,2026-09-03T17:24:21+00:00,2026-06-27T11:09:31+00:00,false,,onsite,full_time,mid | senior,,2026-09-16T23:41:13.218331+00:00,ats,simplify,https://simplify.jobs/p/9e44cdc6-f2f1-4940-9cbb-5baa138cd49c
https://jobs.ashbyhq.com/statista/b30b76ba-e5a1-4491-bcef-f9d58fa366e5/application?embed=true&utm_source=Simplify,Senior Software Engineer,Statista,"Hamburg, Germany; Berlin, Germany",,,,,,2026-09-03T19:45:19+00:00,2026-07-16T09:11:42+00:00,false,,hybrid,full_time,senior,,2026-09-16T23:41:14.532776+00:00,ats,simplify,https://simplify.jobs/p/47a49449-aef8-49ee-9d36-a20850283074
https://geaerospace.wd5.myworkdayjobs.com/ge_externalsite/job/Grand-Rapids/Senior-Embedded-Software-Engineer---Secret-Clearance_R5039327-1?utm_source=Simplify,Senior Embedded Software Engineer - Secret Clearance,GE Aerospace,"Grand Rapids, MI, USA",130000.0,173000.0,USD,,,2026-09-15T09:39:03+00:00,2026-08-27T00:00:00+00:00,false,,onsite,full_time,senior,,2026-09-16T23:41:18.040410+00:00,ats,simplify,https://simplify.jobs/p/4dddd3da-ff01-4385-ab53-d9481c0db2df
https://jobs.ashbyhq.com/assorthealth/fd49c83d-c0e8-4247-87f8-633d636e1472/application?embed=true&utm_source=Simplify,Staff Software Engineer,Assort Health,"San Francisco, CA, USA",240000.0,295000.0,USD,,,2026-09-16T08:51:02+00:00,2026-02-10T23:15:09+00:00,false,,hybrid,full_time,senior,,2026-09-16T23:41:15.682505+00:00,ats,simplify,https://simplify.jobs/p/3016128e-55c5-44cf-8cf4-3970455d7f2d
https://careers-gtsx.icims.com/jobs/1600/job?mobile=true&needsRedirect=false&utm_source=Simplify,Senior Software Engineer C++,GTS,"New York, NY, USA",150000.0,225000.0,USD,,,2026-09-03T18:42:29+00:00,2026-06-18T14:06:26+00:00,false,,hybrid,full_time,senior,,2026-09-16T23:41:17.723632+00:00,ats,simplify,https://simplify.jobs/p/f7935a08-93cf-4698-be2b-44affcc37d9e
https://definity.applytojob.com/apply/hhkaFuLdbC/Staff-Software-Engineer-USA-Relocation?utm_source=Simplify,Staff Software Engineer,Definity,"Austin, TX, USA",,,,,,2026-09-03T21:45:21+00:00,2026-08-03T06:22:27+00:00,false,,onsite,full_time,mid | senior,,2026-09-16T23:41:48.813894+00:00,ats,simplify,https://simplify.jobs/p/0c2e580b-5135-411c-8762-d12d567a2fff
https://jobs.ashbyhq.com/dakota/f4901f42-16ff-402f-8120-7e994cc68c02/application?embed=true&utm_source=Simplify,Senior Software Engineer - Payments,Dakota,Remote; Remote in USA,,,,,,2026-09-03T17:15:21+00:00,2025-09-10T02:21:26+00:00,false,,remote,full_time,senior,,2026-09-16T23:42:04.544408+00:00,ats,simplify,https://simplify.jobs/p/a0492740-fd78-4225-bb7d-8a6ecf93d9fb
https://job-boards.greenhouse.io/planetscale/jobs/4009746009?gh_src=Simplify,Software Engineer - Planetscale Vitess,PlanetScale,Remote; Europe,120000.0,290000.0,USD,,,2026-09-04T05:18:01+00:00,2026-05-20T22:20:38+00:00,false,,remote,full_time,senior,,2026-09-16T23:41:49.593768+00:00,ats,simplify,https://simplify.jobs/p/b873a81c-172d-4ef9-b939-9764267cf78e
https://job-boards.greenhouse.io/chaosindustries/jobs/5133309007?gh_src=Simplify,Senior Software Engineer,CHAOS Industries,"West Athens, CA, USA",140000.0,240000.0,USD,,,2026-09-03T17:03:18+00:00,2026-05-08T22:07:19+00:00,false,,onsite,full_time,senior,,2026-09-16T23:41:51.013548+00:00,ats,simplify,https://simplify.jobs/p/fde9a9b6-2a1b-4e12-921e-21236cf1f2d4
https://job-boards.greenhouse.io/flex/jobs/4733795005?gh_src=Simplify,Staff Software Engineer - Martech,Flex,United States,170000.0,250000.0,USD,,,2026-09-14T22:36:01+00:00,2026-09-14T22:34:02+00:00,false,,hybrid,full_time,senior,,2026-09-16T23:41:57.169842+00:00,ats,simplify,https://simplify.jobs/p/588e9017-67b1-49f4-b516-1920012a271b
https://job-boards.greenhouse.io/reddit/jobs/8060775?gh_src=Simplify,Senior Staff Software Engineer - Client Architecture,Reddit,Remote; Remote in USA,279000.0,390000.0,USD,,,2026-09-09T22:09:08+00:00,2026-07-13T22:16:12+00:00,false,,remote,full_time,senior,,2026-09-16T23:42:20.845096+00:00,ats,simplify,https://simplify.jobs/p/6f254bc2-82c8-4066-ac13-1bc0cae2f529
https://jobs.ashbyhq.com/satispay/7487e169-446f-4ca6-9f52-05b4280e5a47/application?embed=true&utm_source=Simplify,Staff Software Engineer,Satispay,"Milan, Metropolitan City of Milan, Italy",64000.0,88000.0,EUR,,,2026-09-04T08:27:01+00:00,2026-06-26T14:08:45+00:00,false,,hybrid,full_time,senior,,2026-09-16T23:42:17.456021+00:00,ats,simplify,https://simplify.jobs/p/194c3d81-618a-47b9-a50a-ef98ada40d6e
https://gliacelltechnologies.applytojob.com/apply/at4c8Brup0/Senior-Full-Stack-Software-Engineer?utm_source=Simplify,Senior Full Stack Software Engineer,GliaCell Technologies,"Laurel, MD, USA",170000.0,230000.0,USD,,,2026-09-04T10:30:02+00:00,2026-08-03T06:11:36+00:00,false,,onsite,full_time,senior,,2026-09-16T23:42:25.179217+00:00,ats,simplify,https://simplify.jobs/p/f948061c-6ecf-4bf6-9eab-0b6a60c8f7ee
https://jobs.ashbyhq.com/akasa/09c7bee7-6f13-4d4b-9726-3b0e198610f6/application?embed=true&utm_source=Simplify,Senior Software Engineer - Backend,AKASA,"San Francisco, CA, USA; South San Francisco, CA, USA; New York, NY, USA",180000.0,230000.0,USD,,,2026-09-04T07:12:12+00:00,2025-11-23T08:25:41+00:00,false,,hybrid,full_time,senior,,2026-09-17T00:05:19.371133+00:00,ats,simplify,https://simplify.jobs/p/b92267d3-f7b5-486b-9416-b11b7484756e
https://stripe.com/careers/listing/senior-software-engineer/8175099?gh_jid=8175099&gh_src=Simplify,Senior Software Engineer,Stripe,"Remote; South San Francisco, CA, USA",221187.0,285600.0,USD,,,2026-09-03T05:57:34+00:00,2026-09-03T02:13:56+00:00,false,,remote,full_time,mid | senior,,2026-09-16T23:42:28.995929+00:00,employer,simplify,https://simplify.jobs/p/b025ac39-0a7e-4e69-ad85-4cbaeb7ca30e
https://job-boards.greenhouse.io/reddit/jobs/8022441?gh_src=Simplify,Senior Software Engineer - Core Platform,Reddit,Remote; Remote in USA,190800.0,267100.0,USD,,,2026-09-04T08:42:09+00:00,2026-06-23T22:14:24+00:00,false,,remote,full_time,senior,,2026-09-16T23:42:42.882505+00:00,ats,simplify,https://simplify.jobs/p/128484a2-8c8e-452a-80f4-894536b821e7
https://jobs.lever.co/acceldata/9c037a7b-4d1a-4c97-a05c-7948072e13e1/apply?lever-source=Simplify,Senior Software Engineer - Backend,Acceldata,"Bengaluru, Karnataka, India",,,,,,2026-09-03T17:24:21+00:00,2025-12-02T02:15:30+00:00,false,,onsite,full_time,mid | senior,,2026-09-16T23:42:54.383702+00:00,ats,simplify,https://simplify.jobs/p/f344ae4b-e2fe-478f-abb6-39681edb7a60
https://job-boards.greenhouse.io/appian/jobs/7938243?gh_src=Simplify,Senior Software Engineer - Data Fabric,Appian,"McLean, VA, USA",125000.0,250000.0,USD,,,2026-09-16T22:36:01+00:00,2026-05-18T22:11:10+00:00,false,,onsite,full_time,mid | senior,,2026-09-16T23:42:55.660187+00:00,ats,simplify,https://simplify.jobs/p/713576aa-b22f-465b-bf88-8b475ec3864b
https://jobs.lever.co/kabam/8f698c31-2b81-4bbc-9c6c-d5442a6f9e10/apply?lever-source=Simplify,Senior Software Engineer - Contract,Kabam,"Vancouver, BC, Canada",58.0,73.0,CAD,,,2026-09-03T06:30:06+00:00,2026-08-28T02:19:49+00:00,false,,hybrid,contract,senior,,2026-09-16T23:42:56.929146+00:00,ats,simplify,https://simplify.jobs/p/4f97b263-811f-4588-b5b6-fbd7d4fc4610
https://careers-entarian.icims.com/jobs/9878/job?mobile=true&needsRedirect=false&utm_source=Simplify,Senior Software Engineer,Entarian,"Remote; New Orleans, LA, USA; United States",,,,,,2026-09-08T22:27:26+00:00,2026-09-08T22:20:14+00:00,false,,remote,full_time,senior,,2026-09-16T23:42:58.772237+00:00,ats,simplify,https://simplify.jobs/p/dca37b8e-0b36-4f0c-84a2-6f361a3f51ca
https://job-boards.greenhouse.io/trivelta/jobs/4118388009?gh_src=Simplify,Senior Backend Software Engineer - Python,Trivelta,"Ujjain, Madhya Pradesh, India",,,,,,2026-09-03T19:18:21+00:00,2026-07-07T09:22:06+00:00,false,,onsite,full_time,senior,,2026-09-16T23:42:58.077168+00:00,ats,simplify,https://simplify.jobs/p/d0fd94cb-7bd9-409f-827f-e0e76dd4d990
https://jobs.ashbyhq.com/plaid/c5b20de5-48c4-47c6-bd53-4798178e078f/application?embed=true&utm_source=Simplify,Senior Software Engineer - Backend,Plaid,"Seattle, WA, USA",190800.0,262800.0,USD,,,2026-09-04T07:51:01+00:00,2026-05-05T01:07:46+00:00,false,,onsite,full_time,senior,,2026-09-16T23:43:15.141095+00:00,ats,simplify,https://simplify.jobs/p/5510d54c-b7f2-4545-945d-545aa9a0057d
https://jobs.lever.co/saviynt/425dd0d1-567e-4bab-80a0-f0a0ab9e98a9/apply?lever-source=Simplify,Senior Principal Software Engineer - AI Onboarding,Saviynt,"Milpitas, CA, USA",260000.0,275000.0,USD,,,2026-09-03T17:03:18+00:00,2026-05-08T01:07:37+00:00,false,,hybrid,full_time,,,2026-09-16T23:43:03.071218+00:00,ats,simplify,https://simplify.jobs/p/8879fc2b-0ded-4a5c-9b07-ad1deecf3bb0
https://job-boards.greenhouse.io/ninjatrader/jobs/4658366006?gh_src=Simplify,Staff Software Engineer - FCM,NinjaTrader,"Remote in USA; Chicago, IL, USA",160000.0,210000.0,USD,,,2026-09-04T07:24:02+00:00,2026-04-21T09:07:52+00:00,false,,hybrid,full_time,senior,,2026-09-16T23:43:03.730365+00:00,ats,simplify,https://simplify.jobs/p/1e3b586d-0d09-4c2a-873a-7c7adb674518
https://jobs.ashbyhq.com/FleetWorks/ef6c8f6c-61e2-4d2f-94cb-3570b2355b27/application?embed=true&utm_source=Simplify,Senior Software Engineer - Customer Platform,FleetWorks,"San Francisco, CA, USA; Chicago, IL, USA",,,,,,2026-09-03T17:24:21+00:00,2026-05-28T01:08:25+00:00,false,,onsite,full_time,mid | senior,,2026-09-16T23:43:20.664724+00:00,ats,simplify,https://simplify.jobs/p/c41b93b5-3321-4ac9-8a21-d4cb64fe7ee8
https://www.compass.com/careers/?gh_jid=8004050&gh_src=Simplify&gh_board=urbancompass,Senior Software Engineer I,Compass,"Seattle, WA, USA",149580.0,166200.0,USD,,,2026-09-03T18:48:22+00:00,2026-06-12T22:17:56+00:00,false,,onsite,full_time,senior,,2026-09-16T23:43:17.731199+00:00,employer,simplify,https://simplify.jobs/p/347d9eef-c9b7-4404-94bc-92d8abe5f48d
https://accenture.wd103.myworkdayjobs.com/AccentureCareers/job/Jaipur/Custom-Software-Engineer_ATCI-5285719-S1931331-1?utm_source=Simplify,Custom Software Engineer,Accenture,"Jaipur, Rajasthan, India",,,,,,2026-09-04T07:12:12+00:00,2026-06-15T06:08:13+00:00,false,,onsite,full_time,senior,,2026-09-17T00:51:08.994419+00:00,ats,simplify,https://simplify.jobs/p/51c25097-0251-45f8-a369-6797da1566b5 | https://simplify.jobs/p/671426c5-e9c1-4810-b920-ca8835a597ce
https://www.mongodb.com/careers/jobs/7590735?gh_src=Simplify,Senior Software Engineer - Forward Deployed AI Engineer,MongoDB,"Dublin, Ireland",,,,,,2026-09-04T04:42:01+00:00,2026-02-05T10:59:54+00:00,false,,hybrid,full_time,mid | senior,,2026-09-17T00:16:38.023869+00:00,employer,simplify,https://simplify.jobs/p/5a5f65d5-9f5f-4ba5-8111-6484bfa9e038
https://jobs.lever.co/sonatype/637ee3a2-5f52-4417-8bec-9204d7a00777/apply?lever-source=Simplify,Staff Software Engineer - Agentic First,Sonatype,"Hyderabad, Telangana, India",,,,,,2026-09-15T06:12:01+00:00,2026-09-07T15:41:47+00:00,false,,onsite,full_time,senior,,2026-09-16T23:53:56.602281+00:00,ats,simplify,https://simplify.jobs/p/064b56a3-085e-49f4-a16c-1e9406447b23
https://job-boards.greenhouse.io/grvty/jobs/4403625009?gh_src=Simplify,Senior Software Engineer,GRVTY,"Chantilly, VA, USA",200000.0,270000.0,USD,,,2026-09-11T22:15:05+00:00,2026-09-11T22:13:03+00:00,false,,onsite,full_time,senior,,2026-09-16T23:53:59.003158+00:00,ats,simplify,https://simplify.jobs/p/db0077ce-488e-4c86-8002-8c1738b18163
https://job-boards.greenhouse.io/intrinsicrobotics/jobs/5989807004?gh_src=Simplify,Fullstack Software Engineer - Robotic Solutions Development,Intrinsic,"Munich, Germany",128000.0,131200.0,EUR,,,2026-09-04T07:51:01+00:00,2026-05-07T14:14:04+00:00,false,,onsite,full_time,senior,,2026-09-16T23:53:58.872246+00:00,ats,simplify,https://simplify.jobs/p/48a4363c-94d4-4598-b26b-33bc4173c029
https://job-boards.greenhouse.io/awin/jobs/7683551003?gh_src=Simplify,Senior Software Engineer,Awin,"Remote; London, UK; Madrid, Spain; Milan, Metropolitan City of Milan, Italy",,,,,,2026-09-03T18:15:29+00:00,2026-05-13T09:06:04+00:00,false,,remote,full_time,senior,,2026-09-16T23:54:00.719404+00:00,ats,simplify,https://simplify.jobs/p/22df8f92-643c-4e52-930b-3320a490d24a
https://jobs.lever.co/wyetechllc/ce18f861-2b70-4022-805c-047909c2b1c3/apply?lever-source=Simplify,Software Engineer 3,Wyetech,"Fort Meade, MD, USA",86.2,136.27,USD,,,2026-09-16T10:15:13+00:00,2026-02-03T23:05:40+00:00,false,,onsite,full_time,senior,,2026-09-16T23:54:16.442551+00:00,ats,simplify,https://simplify.jobs/p/e9510159-f521-44f2-85e6-72d68d0d6a64 | https://simplify.jobs/p/ca2b73e4-da37-47d0-af16-f8fbfecb1b44
https://jobs.lever.co/collate/bc4a840c-71f1-4190-8826-6b42d236e375/apply?lever-source=Simplify,Full-Stack Software Engineer - Backend-Leaning,Collate,"San Francisco, CA, USA",158000.0,325000.0,USD,,,2026-09-04T06:57:01+00:00,2025-09-16T01:16:20+00:00,false,,onsite,full_time,mid | senior,,2026-09-16T23:54:02.738022+00:00,ats,simplify,https://simplify.jobs/p/f881d623-df37-4c62-9645-afaa1b12f45a
https://job-boards.greenhouse.io/noonlight/jobs/8614759002?gh_src=Simplify,Senior Software Engineer,Noonlight,"Austin, TX, USA",,,,,,2026-09-03T19:24:26+00:00,2026-07-09T22:38:41+00:00,false,,onsite,full_time,senior,,2026-09-16T23:54:03.379578+00:00,ats,simplify,https://simplify.jobs/p/dfe6a27c-4144-4d47-968c-542cdd4b913f
https://walmart.wd504.myworkdayjobs.com/WalmartExternal/job/USA-J-STREET-OFFICE-SPACE-AR-BENTONVILLE-Home-Office/Senior--Software-Engineer_R-2565186?utm_source=Simplify,Senior Software Engineer - Full Stack,Walmart,"Bentonville, AR, USA",90000.0,180000.0,USD,,,2026-09-16T09:19:43+00:00,2026-07-16T00:00:00+00:00,false,,onsite,full_time,mid | senior,,2026-09-17T00:17:16.774175+00:00,ats,simplify,https://simplify.jobs/p/1efce769-e02b-4b8c-94b0-7137cd632d82
https://jobs.lever.co/waabi/81ed817e-cb56-45f8-aac6-e645610798da/apply?lever-source=Simplify,Senior / Staff Software Engineer - ML Datasets & Data Pipelines,Waabi,"Toronto, ON, Canada",148000.0,260000.0,USD,,,2026-09-04T04:42:01+00:00,2026-03-26T22:09:35+00:00,false,,hybrid,full_time,mid | senior,,2026-09-16T23:54:22.294863+00:00,ats,simplify,https://simplify.jobs/p/9effaf60-74ff-4b6a-a6e9-fe22d8602a87
https://jobs.ashbyhq.com/writer/4481d8e1-4d86-4173-9cd0-9203c81365db/application?embed=true&utm_source=Simplify,Software Engineer - Connectors & MCP,Writer,"Seattle, WA, USA; San Francisco, CA, USA; New York, NY, USA",155400.0,304100.0,USD,,,2026-09-08T22:54:34+00:00,2026-09-08T22:34:09+00:00,false,,hybrid,full_time,mid | senior,,2026-09-17T00:05:19.604018+00:00,ats,simplify,https://simplify.jobs/p/42945862-a33a-4fcf-940a-272ed7702375
"https://careers.capgemini.com/job/Nashville,-TN-Software-Engineer-Java-fullstack-TN-37201/1428068333/?ats=successfactors&utm_source=Simplify",Software Engineer - Java Fullstack,Capgemini,"Nashville, TN, USA; Chicago, IL, USA; Bridgewater, NJ, USA; Irving, TX, USA; Atlanta, GA, USA",68911.0,161544.0,USD,,,2026-09-16T09:33:03+00:00,2026-08-19T22:14:41+00:00,false,,hybrid,full_time,senior,,2026-09-16T23:54:27.528411+00:00,employer,simplify,https://simplify.jobs/p/811dda4d-e5f5-4653-bd93-532a758fa3a0
https://jobs.ashbyhq.com/DeepL/4fe3ffe8-da25-4b84-addc-8dd06aba9e2e/application?embed=true&utm_source=Simplify,Senior Software Engineer - API,DeepL,"New York, NY, USA",140000.0,220000.0,USD,,,2026-09-03T17:54:20+00:00,2026-06-05T09:09:15+00:00,false,,hybrid,full_time,mid | senior,,2026-09-17T00:05:19.859668+00:00,ats,simplify,https://simplify.jobs/p/9681cea4-c5ea-4170-be51-e6295258d29f
https://eeho.fa.us2.oraclecloud.com/hcmUI/CandidateExperience/en/sites/CX_45001/job/342718?utm_source=Simplify,Senior Platform Software Engineer - AI,Oracle,"Nashville, TN, USA",92500.0,209500.0,USD,,,2026-09-05T11:12:02+00:00,2026-09-03T22:04:45+00:00,false,,onsite,full_time,mid | senior,,2026-09-17T00:17:31.593134+00:00,ats,simplify,https://simplify.jobs/p/b1a86bbc-c6d7-4349-b929-6ded9f650bce
https://job-boards.greenhouse.io/andurilindustries/jobs/5202000007?gh_src=Simplify,Senior Software Engineer - Distributed Networks,Anduril,"Costa Mesa, CA, USA",191000.0,253000.0,USD,,,2026-09-03T21:57:21+00:00,2026-08-03T22:46:12+00:00,false,,onsite,full_time,senior,,2026-09-16T23:54:28.704240+00:00,ats,simplify,https://simplify.jobs/p/97afa7a4-ae83-4900-a081-f4e84158084c
https://eeho.fa.us2.oraclecloud.com/hcmUI/CandidateExperience/en/sites/CX_45001/job/344566?utm_source=Simplify,Senior Software Engineer - Platform,Oracle,"Nashville, TN, USA",92500.0,209500.0,USD,,,2026-09-15T14:21:01+00:00,2026-09-11T22:35:26+00:00,false,,onsite,full_time,mid | senior,,2026-09-17T00:17:41.292785+00:00,ats,simplify,https://simplify.jobs/p/3346fb6a-086a-4fbe-ace6-c154f5ef69d1 | https://simplify.jobs/p/7af76427-54e8-4bdf-98ad-8d13443d16df | https://simplify.jobs/p/7c7d6f68-186d-44d6-8e98-ef96a7b27d62
https://jobs.lever.co/bluecatnetworks/35e099e7-d47c-4dae-aeca-4e9c2cbe824a/apply?lever-source=Simplify,Staff Software Engineer - Networking & DNS Infrastructure,BlueCat,"Toronto, ON, Canada",160000.0,180000.0,CAD,,,2026-09-15T09:21:02+00:00,2026-09-15T09:20:32+00:00,false,,hybrid,full_time,senior,,2026-09-16T23:54:33.265763+00:00,ats,simplify,https://simplify.jobs/p/69421ad8-6bf4-455f-a172-9158d8931bd4
https://jobs.ashbyhq.com/anvil-robotics/ce1313a5-e7b8-4a93-ae12-df4e2beeb40d/application?embed=true&utm_source=Simplify,Senior Software Engineer - Data Collection,Anvil Robotics,"San Francisco, CA, USA",,,,,,2026-09-03T19:51:22+00:00,2026-07-21T01:14:10+00:00,false,,onsite,full_time,mid | senior,,2026-09-17T00:17:42.214290+00:00,ats,simplify,https://simplify.jobs/p/8de20f50-73b0-4450-ba6c-da7593c55775
https://job-boards.greenhouse.io/andurilindustries/jobs/5042838007?gh_src=Simplify,Senior Software Engineer - C++,Anduril,"Remote; Boston, MA, USA",191000.0,253000.0,USD,,,2026-09-04T07:12:12+00:00,2026-04-15T14:12:04+00:00,false,,remote,full_time,senior,,2026-09-16T23:54:35.344326+00:00,ats,simplify,https://simplify.jobs/p/d895473e-0347-4e8a-a530-f0dc5f469b92
https://job-boards.greenhouse.io/drweng/jobs/7176348?gh_src=Simplify,Senior Software Engineer - C/Ficco Data,DRW,"New York, NY, USA",175000.0,225000.0,USD,,,2025-08-27T15:34:57+00:00,2025-08-19T02:53:04+00:00,false,,onsite,full_time,mid | senior,,2026-09-16T23:54:38.069676+00:00,ats,simplify,https://simplify.jobs/p/1c22b87e-af19-4686-a444-9669213cf3a3
https://nvidia.wd5.myworkdayjobs.com/NVIDIAExternalCareerSite/job/US-CA-Santa-Clara/Senior-System-Software-Engineer----Halos-Core-and-Robotics-Platform_JR2021237?utm_source=Simplify,Senior System Software Engineer - Halos Core and Robotics Platform,NVIDIA,"Santa Clara, CA, USA",184000.0,356500.0,USD,,,2026-09-04T03:00:35+00:00,2026-07-20T00:00:00+00:00,false,,onsite,full_time,senior,,2026-09-17T00:51:26.363812+00:00,ats,simplify,https://simplify.jobs/p/446d2115-2436-4d95-a181-47cf7e370fec | https://simplify.jobs/p/56b6a853-4b7b-4049-9592-ec8934596c35
https://ntrs.wd1.myworkdayjobs.com/northerntrust/job/Chicago-IL/Senior-Software-Engineer---C---Python_R161351?utm_source=Simplify,Senior Software Engineer - C++/Python,Northern Trust,"Chicago, IL, USA",164600.0,288000.0,USD,,,2026-09-11T22:24:01+00:00,2026-09-11T00:00:00+00:00,false,,hybrid,full_time,,,2026-09-17T00:51:22.868405+00:00,ats,simplify,https://simplify.jobs/p/ef0c7582-c3f1-4808-93f1-5dff16d640e9
https://jobs.ashbyhq.com/clickup/3dddfea4-7c61-4a98-85a7-c9ea230791ca/application?embed=true&utm_source=Simplify,Senior Software Engineer - Internally Deployed Products,ClickUp,Remote; Remote in USA,160000.0,210000.0,USD,,,2026-09-03T19:06:23+00:00,2026-06-29T22:08:49+00:00,false,,remote,full_time,senior,,2026-09-17T00:18:06.677457+00:00,ats,simplify,https://simplify.jobs/p/c39a5ea4-a482-4b97-a877-f39c6b3c2b6b
https://job-boards.greenhouse.io/spacex/jobs/8487481002?gh_src=Simplify,Senior Software Engineer - Simulations - Application Software,SpaceX,"Hawthorne, CA, USA",160000.0,225000.0,USD,,,2026-09-03T18:15:29+00:00,2026-03-31T22:12:01+00:00,false,,onsite,full_time,senior,,2026-09-16T23:55:19.652330+00:00,ats,simplify,https://simplify.jobs/p/f5348448-e9d1-444c-8ab1-b339fdd7ee15
https://jobs.lever.co/wyetechllc/2415fc6b-a3d2-4738-bbe2-cdababbc59f2/apply?lever-source=Simplify,Software Engineer 3,Wyetech,"Odenton, MD, USA",86.2,136.27,USD,,,2026-09-04T04:42:01+00:00,2026-06-16T19:36:30+00:00,false,,onsite,full_time,mid | senior,,2026-09-16T23:55:16.646715+00:00,ats,simplify,https://simplify.jobs/p/a136f03d-c63b-4578-b995-3d1d73fffaca
https://jobs.ashbyhq.com/allen-control-systems/ea9cfc80-583c-48a9-a719-a17f572c6486/application?embed=true&utm_source=Simplify,Software Engineer - All Levels,Allen Control Systems,"Austin, TX, USA; Mountain View, CA, USA",94000.0,332000.0,USD,,,2026-09-04T08:03:01+00:00,2026-05-19T01:09:31+00:00,false,,onsite,full_time,junior | mid | senior,,2026-09-17T00:18:13.497364+00:00,ats,simplify,https://simplify.jobs/p/c2eb777c-07d3-435c-84fa-0952b2f9993a
https://jobs.ashbyhq.com/eye-security/83c990d6-cdc6-4406-9f77-bfa9193d494e/application?embed=true&utm_source=Simplify,Senior Software Engineer - m/f/x,Eye Security,"Berlin, Germany",,,,,,2026-09-03T19:39:23+00:00,2026-07-15T14:11:25+00:00,false,,hybrid,full_time,senior,,2026-09-17T00:05:20.929289+00:00,ats,simplify,https://simplify.jobs/p/c3145807-fb40-4646-8413-d487cbe622ca
https://jobs.ashbyhq.com/sagecare/ff72deb8-047d-4f94-b09f-d5ada84d5701/application?embed=true&utm_source=Simplify,Software Engineer - Agent Intelligence,Sage Care,"Palo Alto, CA, USA",200000.0,250000.0,USD,,,2026-09-16T10:45:07+00:00,2026-03-27T01:13:45+00:00,false,,hybrid,full_time,senior,,2026-09-17T00:05:21.226615+00:00,ats,simplify,https://simplify.jobs/p/d2ad8882-94e2-47c0-9938-f56fe6028e41
https://jobs.ashbyhq.com/applied/1c08cc1e-646a-425b-bc2a-874ebade37be/application?embed=true&utm_source=Simplify,Software Engineer - Embedded Systems,Applied Intuition,"Stuttgart, Germany",,,,,,2026-09-04T08:27:01+00:00,2026-06-27T09:06:35+00:00,false,,onsite,full_time,senior,,2026-09-17T00:18:16.478230+00:00,ats,simplify,https://simplify.jobs/p/80d169f9-80da-4545-b00b-b9ded4a827ad
https://jobs.lever.co/waabi/98adc020-0aa7-4972-a3be-bd713be72fcc/apply?lever-source=Simplify,Senior / Staff Software Engineer - Simulation Platform,Waabi,"Toronto, ON, Canada",159000.0,268000.0,USD,,,2026-09-09T10:51:22+00:00,2025-11-08T16:25:19+00:00,false,,hybrid,full_time,senior,,2026-09-16T23:55:18.229579+00:00,ats,simplify,https://simplify.jobs/p/d8058a51-bfac-44f7-ada1-0679211bcf69
https://job-boards.greenhouse.io/getwellnetwork/jobs/5278240008?gh_src=Simplify,Staff Software Engineer,Get Well Network,"Bengaluru, Karnataka, India",,,,,,2026-09-03T19:24:26+00:00,2026-07-09T14:27:22+00:00,false,,onsite,full_time,,,2026-09-16T23:55:41.434307+00:00,ats,simplify,https://simplify.jobs/p/18d3a78e-071f-471f-821f-0441bd392d67
https://jobs.ashbyhq.com/pebl/02335e73-ec73-4162-b724-cbbebfcfd2b0/application?embed=true&utm_source=Simplify,Staff Software Engineer,Pebl,"Palo Alto, CA, USA",175000.0,220000.0,USD,,,2026-09-11T23:54:01+00:00,2026-09-11T23:53:39+00:00,false,,hybrid,full_time,senior,,2026-09-17T00:18:23.075548+00:00,ats,simplify,https://simplify.jobs/p/af556b82-a17a-40a2-a128-47246d0dc01f
https://careers.datadoghq.com/detail/8095166/?gh_jid=8095166&gh_src=Simplify,Senior Software Engineer - Bazel Tools,Datadog,"Boston, MA, USA; New York, NY, USA; Atlanta, GA, USA",244000.0,305000.0,USD,,,2026-09-03T20:15:22+00:00,2026-07-29T22:15:19+00:00,false,,hybrid,full_time,senior,,2026-09-17T00:18:33.106676+00:00,employer,simplify,https://simplify.jobs/p/5468abee-2d2f-497b-a73a-38a41a649172
https://jobs.ashbyhq.com/sentry/bbd40ef1-c1d5-4e0e-99dd-30fde87cc804/application?embed=true&utm_source=Simplify,Senior Software Engineer - Frameworks - JavaScript SDK,Sentry,"Toronto, ON, Canada",162000.0,420000.0,CAD,,,2026-09-04T07:51:01+00:00,2026-04-24T22:08:51+00:00,false,,hybrid,full_time,senior,,2026-09-17T00:05:21.739372+00:00,ats,simplify,https://simplify.jobs/p/ad40b026-0cc6-4d18-a170-3cc5fe51d9c7
https://parsons.wd5.myworkdayjobs.com/en-US/search/job/US---MD-Field-Location/Senior-Cloud-Engineer---Software-Developer---TS-SCI-w--Poly_R185500?utm_source=Simplify,Senior Cloud Engineer / Software Developer - TS/SCI w/ Poly,Parsons,"Maryland, USA",148300.0,266900.0,USD,,,2026-09-04T13:18:01+00:00,2026-09-02T00:00:00+00:00,false,,onsite,full_time,,,2026-09-17T00:18:36.089454+00:00,ats,simplify,https://simplify.jobs/p/ca568cda-27ff-4f66-8daf-30c37c929288
https://job-boards.greenhouse.io/sigmacomputing/jobs/7767902003?gh_src=Simplify,Senior Software Engineer - Backend,Sigma Computing,"Remote; New York, NY, USA",170000.0,240000.0,USD,,,2026-09-04T08:15:01+00:00,2026-06-10T06:13:05+00:00,false,,remote,full_time,mid | senior,,2026-09-16T23:55:57.357259+00:00,ats,simplify,https://simplify.jobs/p/c2b4161f-da7f-437e-bcfd-306bd5a2e01e
https://generalmotors.wd5.myworkdayjobs.com/en-CA/Careers_GM/job/Sunnyvale-California-United-States-of-America/Senior-Software-Engineer---Simulation---SimCore_JR-202605795?utm_source=Simplify,Senior Software Engineer - Simulation - Simcore,General Motors,"Sunnyvale, CA, USA",148000.0,226200.0,USD,,,2026-09-05T09:33:17+00:00,2026-07-02T01:45:06+00:00,false,,hybrid,full_time,senior,,2026-09-17T00:18:40.407891+00:00,ats,simplify,https://simplify.jobs/p/376bae99-fa42-4114-944e-04cd0a236d1b
https://jobs.ashbyhq.com/openloophealth/82564861-73f0-4ba3-820f-f1c5d76aebe8/application?embed=true&utm_source=Simplify,Staff Software Engineer – Tech Lead,OpenLoop,Remote; Remote in USA,,,,,,2026-09-04T10:18:01+00:00,2026-07-31T01:24:04+00:00,false,,remote,full_time,senior,,2026-09-17T00:18:39.879323+00:00,ats,simplify,https://simplify.jobs/p/fa61d946-5df3-429a-86fb-11e48581ac8c
https://job-boards.greenhouse.io/cresta/jobs/4675293008?gh_src=Simplify,Senior Software Engineer - Backend - AI Agent Runtime,Cresta,Remote; Remote in Canada,,,,,,2026-09-14T20:54:01+00:00,2026-01-12T07:18:30+00:00,false,,remote,full_time,senior,,2026-09-16T23:55:47.617371+00:00,ats,simplify,https://simplify.jobs/p/0ed300d7-1191-4311-9762-0f5db0efa9f6
https://apply.workable.com/anza-xyz/j/D7974B0A15/apply?utm_source=Simplify,Senior Software Engineer - Consensus,Anza,"Remote; Remote in USA; New York, NY, USA",180000.0,300000.0,USD,,,2026-09-04T01:18:24+00:00,2026-08-08T01:18:12+00:00,false,,remote,full_time,mid | senior,,2026-09-17T00:18:44.863352+00:00,ats,simplify,https://simplify.jobs/p/f2adb97b-32c6-4fdc-bf03-91dabe1c5ca0
https://jobs.ashbyhq.com/Crusoe/a6043dea-1b46-456c-8d2c-5b44e1660975/application?embed=true&utm_source=Simplify,Senior Software Engineer - Network Tooling,Crusoe,"Seattle, WA, USA; San Francisco, CA, USA; Bellevue, WA, USA; Sunnyvale, CA, USA",170000.0,205000.0,USD,,,2026-09-03T13:39:12+00:00,2026-08-20T00:54:01+00:00,false,,onsite,full_time,senior,,2026-09-17T00:05:22.859925+00:00,ats,simplify,https://simplify.jobs/p/f2c4c07c-2f45-4056-ad1e-ed9b625d40f5
https://accenture.wd103.myworkdayjobs.com/AccentureCareers/job/Hyderabad/Application-Support-Engineer_ATCI-5421770-S1971505-1?utm_source=Simplify,AI Native Software Engineer,Accenture,"Hyderabad, Telangana, India",,,,,,2026-09-04T10:06:01+00:00,2026-07-17T14:13:40+00:00,false,,onsite,full_time,senior,,2026-09-17T00:19:03.964588+00:00,ats,simplify,https://simplify.jobs/p/2fc3622a-fb7c-4f5d-bd9a-76e675e97a0f | https://simplify.jobs/p/fc6de02c-664d-4a3a-b92a-5b1a3047f8e2 | https://simplify.jobs/p/51202a13-81a8-4446-b6e8-928958d70274
https://jobs.ashbyhq.com/logos-space/ad0e3275-9643-4471-9136-4e531c92f02f/application?embed=true&utm_source=Simplify,Senior Control Plane Software Engineer,Logos Space,"Mountain View, CA, USA; San Diego, CA, USA",190000.0,250000.0,USD,,,2026-09-08T22:39:27+00:00,2026-09-08T22:27:10+00:00,false,,onsite,full_time,senior,,2026-09-17T00:19:09.234219+00:00,ats,simplify,https://simplify.jobs/p/471648e7-e19a-4ff2-8c87-7763e7acff1f
https://job-boards.greenhouse.io/smarterdx/jobs/4607952007?gh_src=Simplify,Senior Software Engineer - Full Stack,SmarterDx,Remote; Remote in USA,190000.0,230000.0,USD,,,2026-09-08T22:39:27+00:00,2026-09-08T22:37:04+00:00,false,,remote,full_time,senior,,2026-09-16T23:56:01.754030+00:00,ats,simplify,https://simplify.jobs/p/8cb3f435-ffa2-4557-afb6-703f158c59f8
https://jobs.lever.co/ltaresearch/02587380-9df3-4f63-9356-2436c48fe2d1/apply?lever-source=Simplify,Senior Software Engineer,LTA Research,"Akron, OH, USA",125000.0,150000.0,USD,,,2026-09-03T18:42:29+00:00,2026-06-03T01:03:20+00:00,false,,onsite,full_time,mid | senior,,2026-09-16T23:56:01.108334+00:00,ats,simplify,https://simplify.jobs/p/ea7b0bbc-7ab7-4f2a-a08d-06a86ba0dbf2
https://careers-mercuryinsurance.icims.com/jobs/6760/job?mobile=true&needsRedirect=false&utm_source=Simplify,Staff Software Engineer,Mercury Insurance,Remote; Remote in USA,101167.0,204439.0,USD,,,2026-09-04T01:48:21+00:00,2026-08-11T22:10:39+00:00,false,,remote,full_time,mid | senior,,2026-09-17T00:19:09.963135+00:00,ats,simplify,https://simplify.jobs/p/8978bebf-387d-4bbf-a7a3-fb1cbcb58992 | https://simplify.jobs/p/812a66d1-3878-4ae7-8395-4ca5a0e223cc
https://apertera.applytojob.com/apply/RVvTREo007/Senior-Software-Engineer?utm_source=Simplify,Senior Software Engineer,Apertera,"Montreal, QC, Canada",,,,,,2026-09-03T08:36:08+00:00,2026-08-25T23:37:15+00:00,false,,hybrid,full_time,senior,,2026-09-16T23:56:09.722426+00:00,ats,simplify,https://simplify.jobs/p/e6802e3f-5a25-41d9-b409-a47fd9e71c83
https://jobs.ashbyhq.com/Coder/cd346ef3-24dd-4e1f-b863-4af569def480/application?embed=true&utm_source=Simplify,Senior Software Engineer,Coder,Remote; Remote in USA; Remote in Canada,,,,,,2026-09-10T08:42:16+00:00,2026-08-27T00:32:21+00:00,false,,remote,full_time,senior,,2026-09-17T00:19:17.400630+00:00,ats,simplify,https://simplify.jobs/p/301dd598-f0f3-4625-94a1-e29aa2a920d5
https://job-boards.greenhouse.io/adyen/jobs/7582298?gh_src=Simplify,Software Engineer II - Frontend,Adyen,"San Francisco, CA, USA",169000.0,232000.0,USD,,,2026-09-09T22:06:06+00:00,2026-09-09T22:03:41+00:00,false,,hybrid,full_time,mid | senior,,2026-09-16T23:56:13.020637+00:00,ats,simplify,https://simplify.jobs/p/afb29c39-4ff9-4ff1-8b54-1bc71959bb27
https://job-boards.greenhouse.io/torcrobotics/jobs/8703221002?gh_src=Simplify,Senior Software Engineer - Autonomy Core Frameworks,Torc Robotics,"Remote; Ann Arbor, MI, USA",160800.0,193000.0,USD,,,2026-09-16T22:42:50+00:00,2026-09-08T22:06:40+00:00,false,,remote,full_time,senior,,2026-09-16T23:56:13.888845+00:00,ats,simplify,https://simplify.jobs/p/12af2a07-e1f2-4739-b478-a9ff56b6e35f
https://maxar.wd1.myworkdayjobs.com/Vantor/job/Melbourne-FL/Software-Engineer_R23894?utm_source=Simplify,Software Engineer - TS/SCI,Vantor,"Melbourne, FL, USA",95000.0,201000.0,USD,,,2026-09-16T14:21:15+00:00,2026-07-04T09:57:50+00:00,false,,onsite,full_time,senior,,2026-09-17T00:19:22.645634+00:00,ats,simplify,https://simplify.jobs/p/fe8f771d-b904-4ed0-b4d8-254967ad923d
https://jobs.ashbyhq.com/cylake-inc/a2e542ef-c317-47ca-8723-9cdf5cc75c71/application?embed=true&utm_source=Simplify,Windows System Software Engineer,Cylake,"Sunnyvale, CA, USA",150000.0,250000.0,USD,,,2026-09-03T19:51:22+00:00,2026-07-20T22:11:31+00:00,false,,onsite,full_time,senior,,2026-09-17T00:19:38.191523+00:00,ats,simplify,https://simplify.jobs/p/8342022a-cdf6-49c2-ad09-d50623d1b453
https://job-boards.greenhouse.io/affirm/jobs/7801373003?gh_src=Simplify,Senior Software Engineer - Backend - Identity International,Affirm,Remote; Remote in Spain,86000.0,122000.0,EUR,,,2026-09-10T14:39:01+00:00,2026-07-15T09:28:48+00:00,false,,remote,full_time,mid,,2026-09-16T23:56:16.004641+00:00,ats,simplify,https://simplify.jobs/p/bee39af7-8597-49db-8262-612f0164593f
https://benshawinc.applytojob.com/apply/mGFqDYiN3m/Embedded-Software-Engineer?utm_source=Simplify,Embedded Software Engineer,Benshaw,"Pittsburgh, PA, USA",,,,,,2026-09-03T21:57:21+00:00,2026-08-03T22:16:36+00:00,false,,onsite,full_time,senior,,2026-09-16T23:56:18.287413+00:00,ats,simplify,https://simplify.jobs/p/624d8f97-5c85-43ec-ab98-fd506bdc11c1
https://apply.workable.com/triglocon/j/BA6F85B614/apply?utm_source=Simplify,Senior Software Engineer,Trinity Global Consulting,"St. Louis, MO, USA",,,,,,2026-09-04T00:51:21+00:00,2026-08-07T06:16:50+00:00,false,,onsite,full_time,senior,,2026-09-17T00:19:48.154025+00:00,ats,simplify,https://simplify.jobs/p/90778a41-8815-4ee5-b5fe-0a26a1d13c9d
https://jobs.elastic.co/jobs/engineering/ireland/senior-software-engineer-vector-search-elasticsearch/8161569?gh_src=Simplify&gh_jid=8161569,Senior Software Engineer - Vector Search - Elasticsearch,Elastic,Remote; Remote in Ireland,85600.0,135500.0,EUR,,,2026-09-03T07:18:06+00:00,2026-08-27T15:42:12+00:00,false,,remote,full_time,senior,,2026-09-17T00:19:46.791812+00:00,employer,simplify,https://simplify.jobs/p/a9619cbf-b5aa-4544-ae0e-526d8da02839
https://jobs.ashbyhq.com/vorticity/ffda1df7-c0a3-483b-8961-4fd8e8e97a28/application?embed=true&utm_source=Simplify,Software Engineer - Parallel Scientific Computing,Vorticity,"Redwood City, CA, USA",130000.0,190000.0,USD,,,2026-09-04T01:39:21+00:00,2026-08-11T01:31:13+00:00,false,,onsite,full_time,senior,,2026-09-17T00:20:01.433647+00:00,ats,simplify,https://simplify.jobs/p/20e7b734-183e-47c9-993e-33ae22813f35
https://jobs.lever.co/parallelwireless/56af52d1-74de-4510-b2ff-26f57d32c65c/apply?lever-source=Simplify,Senior Software Engineer - Stack,Parallel Wireless,"Nashua, NH, USA",,,,,,2026-02-18T15:07:40+00:00,2026-02-18T15:07:40+00:00,false,,hybrid,full_time,senior,,2026-09-16T23:56:40.132736+00:00,ats,simplify,https://simplify.jobs/p/bc4525d7-67ea-4487-bf53-d8480bd88dcd
https://jobs.ashbyhq.com/DeepL/daa0a1f1-3bf2-45f1-9915-d2761c23e79c/application?embed=true&utm_source=Simplify,Senior Software Engineer - API Enterprise - Full-Stack,DeepL,"London, UK",,,,,,2026-09-11T10:21:01+00:00,2026-08-03T14:17:27+00:00,false,,hybrid,full_time,senior,,2026-09-17T00:05:24.167337+00:00,ats,simplify,https://simplify.jobs/p/5eaf138e-626b-4c7b-8a44-9f1f325c0831
https://jobs.ashbyhq.com/reframesystems/c651981d-017b-4041-9e01-dbce5633b54d/application?embed=true&utm_source=Simplify,Full Stack Software Engineer - Platform Software,Reframe Systems,"Andover, MA, USA",140000.0,180000.0,USD,,,2026-09-04T11:06:01+00:00,2026-08-04T06:13:57+00:00,false,,onsite,full_time,senior,,2026-09-17T00:05:23.889120+00:00,ats,simplify,https://simplify.jobs/p/35620584-2184-4403-83a7-ee063d07d9dc
https://apply.workable.com/interimage/j/3DDB29DC55/apply?utm_source=Simplify,Software Engineer 2,InterImage,"Annapolis Junction, MD, USA",,,,,,2026-09-04T00:51:21+00:00,2026-08-07T06:16:46+00:00,false,,onsite,full_time,senior,,2026-09-17T00:20:21.999441+00:00,ats,simplify,https://simplify.jobs/p/368c733a-8b00-49cf-8b68-8195a30803da
https://jobs.intuit.com/job/new-york/staff-software-engineer-front-end/27595/99410258992?utm_source=Simplify,Staff Software Engineer - Front End,Intuit,"New York, NY, USA",202500.0,274000.0,USD,,,2026-09-04T09:06:02+00:00,2026-08-18T23:00:14+00:00,false,,onsite,full_time,senior,,2026-09-16T23:56:53.617778+00:00,employer,simplify,https://simplify.jobs/p/230aebe1-d55a-401f-a66f-eeccb5917667
https://jobs.ashbyhq.com/tenex/7e64f1c2-46ad-483e-8565-a4e93a81fd0d/application?embed=true&utm_source=Simplify,Staff Software Engineer,TENEX.AI,"San Jose, CA, USA; Kansas City, MO, USA; United States; Sarasota, FL, USA",,,,,,2026-09-16T10:01:18+00:00,2025-12-02T16:16:56+00:00,false,,hybrid,full_time,senior,,2026-09-17T00:05:24.715178+00:00,ats,simplify,https://simplify.jobs/p/88c922f4-e2b1-4f2a-804d-601c3a27c9ed
https://www.fivetran.com/careers/job?gh_jid=7818374003&gh_src=Simplify,Senior Software Engineer - Metadata,Fivetran,"Ontario, Canada",139869.0,167849.5,CAD,,,2026-09-03T16:45:18+00:00,2026-08-13T22:41:50+00:00,false,,onsite,full_time,senior,,2026-09-17T00:20:25.489748+00:00,employer,simplify,https://simplify.jobs/p/5a0058c7-13cc-421e-a8dd-a4acad06742a
https://job-boards.greenhouse.io/connectwise/jobs/4716532005?gh_src=Simplify,Senior Software Engineer - C++ - macOS,ConnectWise,Remote; Remote in India,,,,,,2026-09-10T15:00:01+00:00,2026-07-21T14:30:08+00:00,false,,remote,full_time,senior,,2026-09-16T23:56:58.430194+00:00,ats,simplify,https://simplify.jobs/p/5790c868-f395-4962-ae03-bebac1fe4945
https://jobs.ashbyhq.com/blitzy/8dc5c386-09f2-497c-ae76-e650f60330a2/application?embed=true&utm_source=Simplify,Staff or Principal Software Engineer,Blitzy,"Pune, Maharashtra, India",,,,,,2026-09-16T10:24:03+00:00,2026-06-26T14:07:40+00:00,false,,onsite,full_time,senior,,2026-09-17T00:20:31.680433+00:00,ats,simplify,https://simplify.jobs/p/b1517a4b-e27f-49a1-a62e-69e753553465
https://jobs.ashbyhq.com/cantina/01b8f45c-cb9b-4255-ad2d-c9ac1e5c4b2f/application?embed=true&utm_source=Simplify,Media Software Engineer - Speech - Senior-Staff Levels,Cantina,"San Francisco, CA, USA; Sunnyvale, CA, USA",180000.0,270000.0,USD,,,2026-09-03T14:06:30+00:00,2026-08-18T23:00:06+00:00,false,,hybrid,full_time,mid,,2026-09-17T00:05:27.098786+00:00,ats,simplify,https://simplify.jobs/p/483dde94-da56-4f33-a95c-3d511cf52478
https://job-boards.greenhouse.io/reddit/jobs/7961154?gh_src=Simplify,Staff Software Engineer - Onboarding,Reddit,Remote; Remote in USA,217000.0,303000.0,USD,,,2026-09-04T08:03:01+00:00,2026-06-03T22:17:05+00:00,false,,remote,full_time,senior,,2026-09-16T23:57:04.850602+00:00,ats,simplify,https://simplify.jobs/p/70b21e03-03ff-4a9f-ad7f-0f80e27d5c1d
https://job-boards.greenhouse.io/spacex/jobs/8763488002?gh_src=Simplify,Senior Software Engineer,SpaceX,"Bastrop, TX, USA",,,,,,2026-09-03T05:27:07+00:00,2026-08-30T06:37:42+00:00,false,,onsite,full_time,senior,,2026-09-16T23:57:06.256716+00:00,ats,simplify,https://simplify.jobs/p/fc100d96-2437-4ddb-b3b9-59da2f50ff77
https://jobs.ashbyhq.com/quartermaster/5d430c41-72b2-42c3-8a2b-74e0eb2e1cdd/application?embed=true&utm_source=Simplify,Senior Full Stack Software Engineer,Quartermaster,"Arlington County, Arlington, VA, USA; New York, NY, USA",210000.0,260000.0,USD,,,2026-09-04T09:30:01+00:00,2026-07-13T22:12:47+00:00,false,,hybrid,full_time,senior,,2026-09-17T00:20:41.308745+00:00,ats,simplify,https://simplify.jobs/p/d966789e-3877-497c-bdf8-3c274c26ef7f
https://nvidia.wd5.myworkdayjobs.com/NVIDIAExternalCareerSite/job/US-CA-Santa-Clara/Senior-Software-Engineer--CUDA-Core-Libraries_JR2021170?utm_source=Simplify,Senior Software Engineer - CUDA - Rust Core Libraries,NVIDIA,"Remote in USA; Santa Clara, CA, USA",184000.0,356500.0,USD,,,2026-09-03T20:15:22+00:00,2026-07-23T00:00:00+00:00,false,,onsite,full_time,senior,,2026-09-17T00:20:48.040488+00:00,ats,simplify,https://simplify.jobs/p/10f5a70d-e5af-4ad7-9ecf-5e1b580dc203
https://job-boards.greenhouse.io/alpaca/jobs/6131167004?gh_src=Simplify,Senior Software Engineer - Market Data,Alpaca,Remote; Europe,,,,,,2026-09-03T23:39:21+00:00,2026-08-05T14:21:21+00:00,false,,remote,full_time,mid | senior,,2026-09-16T23:57:06.767963+00:00,ats,simplify,https://simplify.jobs/p/390f70a8-7a24-4f0a-a1f6-3b68201e6f28
https://stripe.com/careers/listing/staff-software-engineer-dashboard-product/8076151?gh_jid=8076151&gh_src=Simplify,Staff Software Engineer - Dashboard,Stripe,"San Francisco, CA, USA",203600.0,305400.0,USD,,,2026-09-04T02:15:20+00:00,2026-08-13T01:38:47+00:00,false,,onsite,full_time,,,2026-09-16T23:57:08.772768+00:00,employer,simplify,https://simplify.jobs/p/30fa17df-17bd-40b0-bb71-7db8afbdbea2
https://jobs.ashbyhq.com/stellar/9baee824-e306-49af-a0f6-4e6b7e880c28/application?embed=true&utm_source=Simplify,Senior Software Engineer - C++,Stellar Development Foundation,"New York, NY, USA",180000.0,280000.0,USD,,,2026-09-03T17:15:21+00:00,2025-10-31T01:26:23+00:00,false,,hybrid,full_time,mid | senior,,2026-09-17T00:20:51.095256+00:00,ats,simplify,https://simplify.jobs/p/c3bdfffa-b6f4-43c4-b195-2b6d3d23018c
https://gehc.wd5.myworkdayjobs.com/GEHC_ExternalSite/job/Waukesha/Staff-Embedded-Software-Engineer---Connected-Medical-Devices_R4046221?utm_source=Simplify,Staff Embedded Software Engineer - Connected Medical Devices,GE Healthcare,"Waukesha, WI, USA",,,,,,2026-09-16T14:00:39+00:00,2026-09-09T00:00:00+00:00,false,,hybrid,full_time,senior,,2026-09-17T00:20:54.382864+00:00,ats,simplify,https://simplify.jobs/p/9209cf63-c0ba-4a36-ae5b-6a9c24471f85
https://jobs.lever.co/zoox/94b5b4a5-257a-43d8-96bb-8dccd6d690f0/apply?lever-source=Simplify,Software Engineer - Road Network Tools,Zoox,"Foster City, CA, USA",161000.0,242000.0,USD,,,2026-09-04T06:57:01+00:00,2026-06-30T22:04:36+00:00,false,,hybrid,full_time,senior,,2026-09-16T23:57:23.638876+00:00,ats,simplify,https://simplify.jobs/p/6a37ee8c-f6a3-4501-b4f1-01bbaeb6c2f9
https://jobs.lever.co/doxel/c5c40cf3-b7ff-40c2-ab5d-eb764d12afbf/apply?lever-source=Simplify,Full Stack Software Engineer,Doxel,"San Francisco, CA, USA",150000.0,165000.0,USD,,,2026-09-04T07:12:12+00:00,2026-01-15T00:05:14+00:00,false,,hybrid,full_time,mid | senior,,2026-09-16T23:57:29.678700+00:00,ats,simplify,https://simplify.jobs/p/c7d4dbe9-627e-4d24-9e4b-420f1b9f9aac
https://job-boards.greenhouse.io/andurilindustries/jobs/5152747007?gh_src=Simplify,Senior Software Engineer - Forge Factory Automation,Anduril,"Seattle, WA, USA",191000.0,253000.0,USD,,,2026-09-04T08:03:01+00:00,2026-06-02T22:17:42+00:00,false,,hybrid,full_time,senior,,2026-09-16T23:57:32.055735+00:00,ats,simplify,https://simplify.jobs/p/97d234a9-a521-4f26-b813-3fababaa1e5e
https://job-boards.greenhouse.io/algolia/jobs/6149054004?gh_src=Simplify,Senior Software Engineer - Enterprise Commerce - Data - Sfcc,Algolia,Remote; Remote in USA,163000.0,214000.0,USD,,,2026-09-16T09:57:01+00:00,2026-09-10T14:45:32+00:00,false,,remote,full_time,senior,,2026-09-16T23:57:33.217801+00:00,ats,simplify,https://simplify.jobs/p/5b7c924d-829c-4b69-bf6e-a758ab0a0f91
https://workday.wd5.myworkdayjobs.com/Workday/job/USA-CO-Boulder/Full--Stack-Software-Engineer---Agent-Platform_JR-0109721?utm_source=Simplify,Full Stack Software Engineer - Agent Platform,Workday,"Boulder, CO, USA; Atlanta, GA, USA",123900.0,222000.0,USD,,,2026-09-11T22:24:01+00:00,2026-09-11T00:00:00+00:00,false,,hybrid,full_time,senior,,2026-09-17T00:21:04.987310+00:00,ats,simplify,https://simplify.jobs/p/ea098f91-e55d-45b6-aac6-f2eb16783f75
https://apply.workable.com/coldquanta/j/380A603D33/apply?utm_source=Simplify,Senior Embedded Software Engineer - High-Performance Computing Orchestration,Infleqtion,"Louisville, CO, USA",165000.0,225000.0,USD,,,2026-09-04T01:39:21+00:00,2026-08-11T01:29:53+00:00,false,,hybrid,full_time,senior,,2026-09-17T00:21:06.560388+00:00,ats,simplify,https://simplify.jobs/p/077e2640-5767-4aab-8357-4171b43ce75f
https://job-boards.greenhouse.io/cloudflare/jobs/5390243?gh_src=Simplify,Senior Software Engineer - Durable Objects - DO,Cloudflare,"Austin, TX, USA",,,,,,2026-09-04T22:06:02+00:00,2026-07-10T14:36:24+00:00,false,,onsite,full_time,mid | senior,,2026-09-16T23:57:37.365564+00:00,ats,simplify,https://simplify.jobs/p/add9fc79-d75f-4c09-8528-cf6f7cd7397e
https://job-boards.greenhouse.io/humaninterest/jobs/7927646?gh_src=Simplify,Senior Software Engineer,Human Interest,Remote; Remote in USA,190000.0,230000.0,USD,,,2026-09-03T16:21:17+00:00,2026-08-14T05:51:15+00:00,false,,remote,full_time,senior,,2026-09-16T23:57:37.493322+00:00,ats,simplify,https://simplify.jobs/p/1b0e314b-8e62-4f15-b618-60df83f51567
https://jobs.ashbyhq.com/qualitate/e147d797-86ee-4454-8d1d-6e77ca3b4189/application?embed=true&utm_source=Simplify,Staff Software Engineer,Qualitate,"New York, NY, USA",220000.0,280000.0,USD,,,2026-09-03T20:21:27+00:00,2026-07-21T01:14:36+00:00,false,,hybrid,full_time,senior,,2026-09-17T00:21:11.058092+00:00,ats,simplify,https://simplify.jobs/p/04d896f8-8610-4dc7-af61-5316ab5b4e1d
https://jobs.ashbyhq.com/Tools%20for%20Humanity/9a2229dc-3027-4334-a7e4-cda30da08cc3/application?embed=true&utm_source=Simplify,Senior Software Engineer - Android,Tools for Humanity,"San Francisco, CA, USA",221000.0,260000.0,USD,,,2026-09-04T06:57:01+00:00,2025-10-31T08:36:53+00:00,false,,onsite,full_time,senior,,2026-09-17T00:05:30.048961+00:00,ats,simplify,https://simplify.jobs/p/cdfbe086-4030-4aca-94be-1b0c288dfe71
https://jobs.ashbyhq.com/opencall/b783683b-1d0c-4ffa-928f-91d196dcf43e/application?embed=true&utm_source=Simplify,Staff Software Engineer,Opencall,"New York, NY, USA",,,,,,2026-09-04T00:39:22+00:00,2026-08-06T22:17:50+00:00,false,,onsite,full_time,,,2026-09-17T00:21:13.745495+00:00,ats,simplify,https://simplify.jobs/p/04cd6a3a-eb69-47a8-8339-94197ce53aab
https://generalmotors.wd5.myworkdayjobs.com/en-CA/Careers_GM/job/Concord-North-Carolina-United-States-of-America/Sr-Software-Engineer---GM-Motorsports_JR-202614723?utm_source=Simplify,Senior Software Engineer - GM Motorsports,General Motors,"Concord, NC, USA",,,,,,2026-09-16T22:39:39+00:00,2026-07-15T00:00:00+00:00,false,,hybrid,full_time,mid | senior,,2026-09-17T00:21:17.653527+00:00,ats,simplify,https://simplify.jobs/p/4e238ffc-fafb-4089-8b97-789977557017
https://jobs.lever.co/zoox/2aa94106-52ac-4f67-871b-1140f8644ea4/apply?lever-source=Simplify,Senior/Staff Software Engineer - ML/AI Applications,Zoox,"Foster City, CA, USA",215000.0,294000.0,USD,,,2026-09-04T04:42:01+00:00,2026-05-05T22:06:34+00:00,false,,hybrid,full_time,mid | senior,,2026-09-16T23:57:42.115989+00:00,ats,simplify,https://simplify.jobs/p/07d44316-d71e-4f6f-a3a9-be3b7e71e8d9
https://jobs.ashbyhq.com/kong/f26582d6-89d2-47f8-bb52-9cb1a3aac325/application?embed=true&utm_source=Simplify,Staff Software Engineer - Identity and Access Management,Kong,"Remote; Toronto, ON, Canada",163685.0,245800.0,CAD,,,2026-09-11T15:24:01+00:00,2026-04-15T14:10:10+00:00,false,,remote,full_time,senior,,2026-09-17T00:05:32.630213+00:00,ats,simplify,https://simplify.jobs/p/f335de42-ad21-4288-bf9a-959e2d3bd5e1
https://cloudera.wd5.myworkdayjobs.com/external_career/job/Hungary--Budapest/Staff-Software-Engineer---Flink_261296-1?utm_source=Simplify,Staff Software Engineer - Flink,Cloudera,"Barcelona, Spain; Madrid, Spain",,,,,,2026-09-07T14:15:01+00:00,2026-09-07T00:00:00+00:00,false,,hybrid,full_time,senior,,2026-09-17T00:21:24.445278+00:00,ats,simplify,https://simplify.jobs/p/e5b085da-0345-4faf-8800-c0594bf289e6
https://jobs.lever.co/toku/302763fa-de93-4796-b887-0f6491c7499c/apply?lever-source=Simplify,Senior Software Engineer,Toku,"New York, NY, USA",,,,,,2026-09-04T05:18:01+00:00,2026-04-14T14:06:52+00:00,false,,hybrid,full_time,senior,,2026-09-16T23:57:54.050104+00:00,ats,simplify,https://simplify.jobs/p/fbbc89a8-0a82-4b95-bb22-2dba0e624439
https://jobs.ashbyhq.com/clarasight/ae16c7df-b180-4ca1-b6ad-9a7f22a5f9ff/application?embed=true&utm_source=Simplify,Senior Software Engineer,Clarasight,"Remote; New York, NY, USA",,,,,,2026-09-04T08:42:09+00:00,2026-07-01T22:10:21+00:00,false,,remote,full_time,mid | senior,,2026-09-17T00:21:30.154116+00:00,ats,simplify,https://simplify.jobs/p/d63cf683-891a-46b2-bfcc-bac2db993072
https://jobs.ashbyhq.com/patreon/c277b009-0c9c-4ae7-a72b-56aaad0d985c/application?embed=true&utm_source=Simplify,Staff Software Engineer - Backend Platform,Patreon,"San Francisco, CA, USA; New York, NY, USA",257500.0,386000.0,USD,,,2026-09-04T07:51:01+00:00,2026-05-15T22:08:44+00:00,false,,hybrid,full_time,senior,,2026-09-17T00:05:32.967471+00:00,ats,simplify,https://simplify.jobs/p/e556b310-575a-4815-9525-519f87e185a3
https://job-boards.greenhouse.io/andurilindustries/jobs/5161503007?gh_src=Simplify,Senior Software Engineer - Manufacturing Test,Anduril,"Bellevue, WA, USA",191000.0,253000.0,USD,,,2026-09-04T08:15:01+00:00,2026-06-10T22:18:03+00:00,false,,hybrid,full_time,senior,,2026-09-16T23:57:59.756870+00:00,ats,simplify,https://simplify.jobs/p/4f6800d2-a36b-4af8-a07b-caa899a146b1
https://job-boards.greenhouse.io/netdocuments/jobs/5398761008?gh_src=Simplify,Staff Software Engineer - OCR / Text Extraction,NetDocuments,Remote; Remote in USA,170000.0,190000.0,USD,,,2026-09-03T10:15:19+00:00,2026-08-22T01:19:36+00:00,false,,remote,full_time,senior,,2026-09-16T23:58:00.511187+00:00,ats,simplify,https://simplify.jobs/p/583797e7-d598-4526-a3b1-9240395f7675
https://job-boards.greenhouse.io/day1academies/jobs/8365326002?gh_src=Simplify,Senior Software Engineer - AI Applications,Bezos Academy,"Remote; Seattle, WA, USA; Texas, USA; Florida, USA; Arizona, USA; Kentucky, USA",183000.0,346000.0,USD,,,2026-09-04T04:42:01+00:00,2026-05-02T01:11:00+00:00,false,,remote,full_time,senior,,2026-09-16T23:58:01.511862+00:00,ats,simplify,https://simplify.jobs/p/d7b88403-3718-422c-a90c-a766aad55efa
https://jobs.ashbyhq.com/hims-and-hers/cb2005a0-d77c-44ad-8721-bff67d45fe0d/application?embed=true&utm_source=Simplify,Staff Software Engineer - AI & Recommendations Platform,hims & hers,Remote; Remote in USA,230000.0,250000.0,USD,,,2026-09-03T18:54:19+00:00,2026-06-18T22:09:28+00:00,false,,remote,full_time,senior,,2026-09-17T00:05:33.037793+00:00,ats,simplify,https://simplify.jobs/p/63c4a70b-c4bc-41ff-884a-cf33029ce30d
https://job-boards.greenhouse.io/cloudbeds/jobs/4717008005?gh_src=Simplify,Senior Software Engineer,Cloudbeds,Remote; Europe,,,,,,2026-09-03T19:51:22+00:00,2026-07-21T14:27:26+00:00,false,,remote,full_time,senior,,2026-09-16T23:58:06.593347+00:00,ats,simplify,https://simplify.jobs/p/b524362e-99cc-4fa5-9f1f-25d80b84c8f4
https://jobs.ashbyhq.com/snowflake/3b88b373-39b0-472c-99ec-410efdf37a15/application?embed=true&utm_source=Simplify,Staff Software Engineer - FDB Platform,Snowflake,"Menlo Park, CA, USA",236000.0,339250.0,USD,,,2026-09-03T19:06:23+00:00,2026-07-01T01:08:52+00:00,false,,onsite,full_time,senior,,2026-09-17T00:05:33.396847+00:00,ats,simplify,https://simplify.jobs/p/3d88b38b-4c02-4fd8-a9f9-0e981f22574c
https://jobs.ashbyhq.com/reliable-robotics/9c7b0fe5-e356-4900-975c-9f8783f7cbc9/application?embed=true&utm_source=Simplify,Senior Embedded Software Engineer,Reliable Robotics,"Mountain View, CA, USA",210000.0,280000.0,USD,,,2026-09-03T08:10:37+00:00,2026-09-03T04:01:01+00:00,false,,onsite,full_time,senior,,2026-09-17T00:21:39.219491+00:00,ats,simplify,https://simplify.jobs/p/386266e6-ccde-4389-92bd-da0c4941eda4
https://jobs.ashbyhq.com/broccoli/04b1fe86-0158-4730-92a0-17edc0a4a21a/application?embed=true&utm_source=Simplify,Senior Software Engineer,Broccoli AI,"San Francisco, CA, USA",180000.0,300000.0,USD,,,2026-09-03T17:45:23+00:00,2026-02-06T07:07:58+00:00,false,,onsite,full_time,senior,,2026-09-17T00:21:48.375453+00:00,ats,simplify,https://simplify.jobs/p/b26c3844-980e-4be0-8daa-0f97c2b1a2a7
https://job-boards.greenhouse.io/embed/job_app?for=coinbase&gh_src=Simplify&token=8056068,Senior Staff Software Engineer - Payments,Coinbase,Remote in USA,260100.0,260100.0,USD,,,2026-09-03T21:33:19+00:00,2026-07-13T22:16:41+00:00,false,,hybrid,full_time,senior,,2026-09-16T23:58:13.444824+00:00,ats,simplify,https://simplify.jobs/p/c0b793ec-8133-4ceb-b6bd-a7e75a3fdbf2
https://job-boards.greenhouse.io/verisign/jobs/7675923003?gh_src=Simplify,Software Engineer - Network and Automation,Verisign,"Reston, VA, USA",135800.0,183800.0,USD,,,2026-09-16T14:39:01+00:00,2026-09-01T19:15:29+00:00,false,,hybrid,full_time,senior,,2026-09-16T23:58:14.425692+00:00,ats,simplify,https://simplify.jobs/p/e179b1a6-a68f-474d-9346-afff95220fa1
https://jobs.ashbyhq.com/8returns/28eac5a8-54d8-440c-a174-4ee1f6c3fcd0/application?embed=true&utm_source=Simplify,Senior Software Engineer - Rails,8returns,"Berlin, Germany",,,,,,2026-09-03T19:39:23+00:00,2026-07-15T09:09:28+00:00,false,,hybrid,full_time,mid,,2026-09-17T00:21:50.519828+00:00,ats,simplify,https://simplify.jobs/p/a5be4424-9de2-4b2b-a607-a76ff584c26a
https://jobs.ashbyhq.com/lambda/71485f80-dc31-431b-a843-ab98323eeb6d/application?embed=true&utm_source=Simplify,Senior Software Engineer - Storage Control Plane,Lambda,"San Francisco, CA, USA; Bellevue, WA, USA",266000.0,395000.0,USD,,,2026-09-04T02:15:20+00:00,2026-08-13T01:36:56+00:00,false,,hybrid,full_time,senior,,2026-09-17T00:05:34.108526+00:00,ats,simplify,https://simplify.jobs/p/45036963-8ffb-4714-b915-4e3f450bbea2
https://apply.workable.com/marcura/j/FB56DFBC74/apply?utm_source=Simplify,Senior Back-End Software Engineer,Marcura,Dubai - United Arab Emirates,,,,,,2026-09-04T01:18:24+00:00,2026-08-08T01:18:56+00:00,false,,hybrid,full_time,senior,,2026-09-17T00:21:56.804118+00:00,ats,simplify,https://simplify.jobs/p/d9af184a-dc72-4f93-ad9a-6c259addcec0
https://accenture.wd103.myworkdayjobs.com/AccentureCareers/job/Pune/Packaged-SaaS-Application-Engineer_ATCI-5423113-S1971117-1?utm_source=Simplify,Custom Software Engineer,Accenture,"Pune, Maharashtra, India",,,,,,2026-09-11T14:30:01+00:00,2026-06-15T06:08:18+00:00,false,,onsite,full_time,mid | senior,,2026-09-17T00:51:55.317471+00:00,ats,simplify,https://simplify.jobs/p/5b12bc1b-724a-49b2-80be-df6c335f6a8b | https://simplify.jobs/p/48f62853-40cb-4c27-9826-a07198aab286 | https://simplify.jobs/p/24cadcad-5af9-4b95-9d59-b36ed7a4cacd | https://simplify.jobs/p/5b72fb8d-5446-4235-94f0-4ae776230963 | https://simplify.jobs/p/ddf16ad5-8f7f-44f2-a634-1cb6c79bd675 | https://simplify.jobs/p/cf1d007a-71fc-4d12-8f58-a1a63200362e | https://simplify.jobs/p/cb14dcaf-76cf-4f7b-8760-d51db6502b52
https://job-boards.greenhouse.io/spacex/jobs/8579127002?gh_src=Simplify,Senior Software Engineer - Low Latency Computing - Starlink,SpaceX,"Palo Alto, CA, USA",175000.0,240000.0,USD,,,2026-09-03T18:48:22+00:00,2026-06-09T22:07:50+00:00,false,,onsite,full_time,senior,,2026-09-16T23:58:28.644780+00:00,ats,simplify,https://simplify.jobs/p/1f44cd9a-fee2-4bed-a161-2161e026c824
https://job-boards.greenhouse.io/drweng/jobs/7175503?gh_src=Simplify,Senior Software Engineer - C/Ficco Data,DRW,"London, UK",,,,,,2025-08-27T15:14:31+00:00,2025-08-18T21:04:55+00:00,false,,onsite,full_time,junior | mid | senior,,2026-09-16T23:58:29.413084+00:00,ats,simplify,https://simplify.jobs/p/0304b74f-fb82-44a6-8958-7fd7467cb471
https://jobs.ashbyhq.com/pinecone/8beaa81a-20be-4b3c-a38c-b85d13bf1df9/application?embed=true&utm_source=Simplify,Senior/Staff Software Engineer - Search & Retrieval Infrastructure,Pinecone,"New York, NY, USA",190000.0,270000.0,USD,,,2026-09-04T00:27:22+00:00,2026-08-05T22:21:25+00:00,false,,hybrid,full_time,senior,,2026-09-17T00:05:35.655129+00:00,ats,simplify,https://simplify.jobs/p/29e9fa50-fb64-42cc-8ced-aaa71ca9fdbd
https://greymattersdefensesolutions.applytojob.com/apply/X3kmjeAYbS/Senior-Software-Engineer?utm_source=Simplify,Senior Software Engineer,Grey Matters Defense Solutions,"Centennial, CO, USA",130000.0,172000.0,USD,,,2026-09-03T20:21:27+00:00,2026-07-23T06:15:48+00:00,false,,onsite,full_time,,,2026-09-16T23:58:33.491785+00:00,ats,simplify,https://simplify.jobs/p/63226b19-1a3c-471c-ae6e-8a78a509cafd
https://job-boards.greenhouse.io/spacex/jobs/8632177002?gh_src=Simplify,Senior Software Engineer - CDN - Starlink,SpaceX,"Redmond, WA, USA",165000.0,265000.0,USD,,,2026-09-03T21:57:21+00:00,2026-08-03T22:31:00+00:00,false,,onsite,full_time,senior,,2026-09-16T23:58:33.135123+00:00,ats,simplify,https://simplify.jobs/p/363298c1-e716-430d-aa8e-0ec01ceea142
https://jobs.ashbyhq.com/stytch/fe841bd0-8f8a-48f2-872e-c7e909d39265/application?embed=true&utm_source=Simplify,Experienced Software Engineer,Stytch,"San Francisco, CA, USA",185000.0,225000.0,USD,,,2026-09-03T17:09:30+00:00,2025-10-31T13:00:19+00:00,false,,hybrid,full_time,senior,,2026-09-17T00:05:34.869066+00:00,ats,simplify,https://simplify.jobs/p/bed569a4-3a23-47b5-a1c6-f5a9f577efd4
https://job-boards.greenhouse.io/andurilindustries/jobs/5129670007?gh_src=Simplify,Embedded Systems Software Engineer,Anduril,"Costa Mesa, CA, USA",166000.0,220000.0,USD,,,2026-09-04T07:51:01+00:00,2026-05-05T22:13:48+00:00,false,,onsite,full_time,senior,,2026-09-16T23:58:34.908339+00:00,ats,simplify,https://simplify.jobs/p/46bc1e55-e2c0-400e-bd0c-f9133db7d840
https://job-boards.greenhouse.io/fulfil/jobs/7680955003?gh_src=Simplify,Staff Robotics Software Engineer,Fulfil,"Mountain View, CA, USA",180000.0,215000.0,USD,,,2026-03-26T22:34:51+00:00,2026-03-26T22:34:51+00:00,false,,onsite,full_time,senior,,2026-09-16T23:58:35.464590+00:00,ats,simplify,https://simplify.jobs/p/7633612f-249e-43e4-8ee8-c0db244b5af6
https://jobs.ashbyhq.com/lunar/8dc5f0e9-c1e0-473d-8a99-4fb2521dad38/application?embed=true&utm_source=Simplify,Staff Software Engineer - Product,Lunar,"San Francisco, CA, USA",190000.0,250000.0,USD,,,2026-09-03T19:12:22+00:00,2026-07-03T01:10:17+00:00,false,,onsite,full_time,senior,,2026-09-17T00:05:35.185631+00:00,ats,simplify,https://simplify.jobs/p/7cba456b-af56-4628-b21e-47614128ff02
https://jobs.ashbyhq.com/illumio/b51631c4-f419-4887-a1a6-eb5472a1dd58/application?embed=true&utm_source=Simplify,Senior Software Engineer - Cloud Security,Illumio,"Sunnyvale, CA, USA",170000.0,196000.0,USD,,,2026-09-03T19:33:19+00:00,2026-07-13T22:12:28+00:00,false,,onsite,full_time,mid,,2026-09-17T00:05:35.690486+00:00,ats,simplify,https://simplify.jobs/p/54b21cf3-a66f-4824-aafb-219acc9e35a4
https://careers-jointcommission.icims.com/jobs/7283/job?mobile=true&needsRedirect=false&utm_source=Simplify,Senior Software Engineer,The Joint Commission,"Oakbrook Terrace, IL, USA",96000.0,128000.0,USD,,,2026-09-03T18:42:29+00:00,2026-06-01T22:06:25+00:00,false,,onsite,full_time,senior,,2026-09-16T23:58:39.224383+00:00,ats,simplify,https://simplify.jobs/p/3ea94bdf-af35-41c1-8759-600c05a57b5d
https://jobs.ashbyhq.com/3y-health/b0ec0197-9b37-4837-8f54-ce79d10495c6/application?embed=true&utm_source=Simplify,Staff Software Engineer - Frontend,3Y Health,"San Francisco, CA, USA",200000.0,250000.0,USD,,,2026-09-03T19:18:21+00:00,2026-07-04T09:08:50+00:00,false,,onsite,full_time,senior,,2026-09-17T00:22:27.725900+00:00,ats,simplify,https://simplify.jobs/p/c621f7cb-187b-4029-8541-36a4537df42f
https://nvidia.wd5.myworkdayjobs.com/NVIDIAExternalCareerSite/job/US-CA-Santa-Clara/Senior-System-Software-Engineer---Video_JR2017036?utm_source=Simplify,Senior System Software Engineer - Video,NVIDIA,"Santa Clara, CA, USA",184000.0,356500.0,USD,,,2026-09-03T18:21:22+00:00,2026-06-20T10:46:50+00:00,false,,onsite,full_time,senior,,2026-09-17T00:22:38.171327+00:00,ats,simplify,https://simplify.jobs/p/82d5fcdd-eae4-451b-88fd-4cff491a3f77
https://jobs.ashbyhq.com/NextPatient/fdee7acd-be25-4dda-bbf3-21e1bed92efb/application?embed=true&utm_source=Simplify,Staff Software Engineer,NextPatient,Remote; Remote in USA,250000.0,300000.0,USD,,,2026-09-03T17:03:18+00:00,2026-05-07T22:08:39+00:00,false,,remote,full_time,senior,,2026-09-17T00:05:36.379025+00:00,ats,simplify,https://simplify.jobs/p/c5a1ddba-8bf3-47d1-bcd2-2b1d5a348ff0
https://jobs.lever.co/Flex/b3478115-e255-4fce-a364-828965568ed5/apply?lever-source=Simplify,Senior Software Engineer - Backend,Flex ,"Remote; San Francisco, CA, USA; Miami, FL, USA; New York, NY, USA",55000.0,100000.0,USD,,,2026-02-02T09:19:32+00:00,2026-01-12T23:14:09+00:00,false,,remote,full_time,mid | senior,,2026-09-16T23:59:12.944881+00:00,ats,simplify,https://simplify.jobs/p/2309f942-0244-4c65-8c86-ed508292f28e
https://apply.workable.com/raveaerospace/j/FB9F3E4B30/apply?utm_source=Simplify,Staff Embedded Software Engineer - Networking,RAVE Aerospace,"Brea, CA, USA",145000.0,165000.0,USD,,,2026-09-03T11:09:08+00:00,2026-08-21T01:16:01+00:00,false,,hybrid,full_time,,,2026-09-17T00:22:43.491722+00:00,ats,simplify,https://simplify.jobs/p/f7676bf9-6199-4c7b-95fb-c138370aa699
https://jobs.lever.co/evidentid/ac020654-2aa7-44d9-b85a-56387ea1c2b7/apply?lever-source=Simplify,Senior Full Stack Software Engineer,Evident ID,"Atlanta, GA, USA",,,,,,2026-09-04T08:27:01+00:00,2026-06-18T14:04:01+00:00,false,,hybrid,full_time,mid | senior,,2026-09-16T23:59:14.011078+00:00,ats,simplify,https://simplify.jobs/p/51a3f70d-e522-4d64-8cf9-6be1c56c03a3
https://jobs.ashbyhq.com/cohere/1b909aeb-1221-476f-88fe-8300a2065975/application?embed=true&utm_source=Simplify,Software Engineer - Security Agents,Cohere,"Remote; San Francisco, CA, USA; Remote in USA; Remote in Canada",180000.0,385000.0,USD,,,2026-09-14T20:06:01+00:00,2026-09-14T20:05:15+00:00,false,,remote,full_time,senior,,2026-09-17T00:05:36.430986+00:00,ats,simplify,https://simplify.jobs/p/6f729af4-be06-4ed2-b783-92bbfd306335
https://careers.cisco.com/global/en/job/2017437/Software-Engineer-Network-programming-SDK-C-C-P4?utm_source=Simplify,Software Engineer - Network Programming - SDK - C/C++,Cisco,"Bengaluru, Karnataka, India",,,,,,2026-09-16T10:39:01+00:00,2026-08-27T16:41:31+00:00,false,,onsite,full_time,mid | senior,,2026-09-17T00:23:01.121353+00:00,employer,simplify,https://simplify.jobs/p/c2ba3058-d8f4-4f94-a808-add0d340c884
https://jobs.lever.co/nextgenfed/0a7439cf-6cd7-4fa7-8cc9-34315d826619/apply?lever-source=Simplify,Senior Software Engineer,NextGen Federal Systems,"Colorado Springs, CO, USA",,,,,,2026-09-03T18:27:21+00:00,2026-05-14T22:04:09+00:00,false,,hybrid,full_time,senior,,2026-09-16T23:59:39.783689+00:00,ats,simplify,https://simplify.jobs/p/c3f31a9d-074e-42ca-a819-204dbeef51f2
https://jobs.intuit.com/job/mountain-view/staff-software-engineer-fintech-api/27595/98769216096?utm_source=Simplify,Staff Software Engineer - Fintech API,Intuit,"Mountain View, CA, USA",202500.0,274000.0,USD,,,2026-09-04T12:25:16+00:00,2026-08-05T01:18:18+00:00,false,,onsite,full_time,,,2026-09-16T23:59:41.890913+00:00,employer,simplify,https://simplify.jobs/p/e1f25531-019b-422b-9c90-26fd50668b50
https://jobs.lever.co/Flex/151e09c6-398f-4fe0-8da7-8fd7814d1bae/apply?lever-source=Simplify,Senior Software Engineer - Backend,Flex ,"San Francisco, CA, USA; Miami, FL, USA; Remote in USA; New York, NY, USA",150000.0,220000.0,USD,,,2026-02-02T09:19:17+00:00,2026-01-12T23:14:11+00:00,false,,hybrid,full_time,mid | senior,,2026-09-16T23:59:44.599876+00:00,ats,simplify,https://simplify.jobs/p/ecf591ae-d81a-41e1-9e61-615c9a57845e
https://job-boards.greenhouse.io/platformscience/jobs/7493142003?gh_src=Simplify,Senior Fullstack Software Engineer - React and Node.js,Platform Science,"Chennai, Tamil Nadu, India",,,,,,2025-10-10T16:36:37+00:00,2025-10-10T16:36:37+00:00,false,,onsite,full_time,mid | senior,,2026-09-16T23:59:46.576057+00:00,ats,simplify,https://simplify.jobs/p/e0896b92-ba30-4e7f-ba1e-a58b55541442
https://jobs.lever.co/okendo/8466117f-ebfb-45e7-9ef3-c98947a0ff23/apply?lever-source=Simplify,Senior Frontend Software Engineer,Okendo,"Remote; Sydney NSW, Australia",,,,,,2026-09-04T01:30:21+00:00,2026-08-10T06:05:46+00:00,false,,remote,full_time,senior,,2026-09-16T23:59:47.292636+00:00,ats,simplify,https://simplify.jobs/p/00a5fe7e-f648-4e02-a2cd-5275a73470ea
https://job-boards.greenhouse.io/flexport/jobs/7819181?gh_src=Simplify,Staff Software Engineer - Autonomous Freight Systems,Flexport,"San Francisco, CA, USA",196875.0,270703.0,USD,,,2026-09-04T04:42:01+00:00,2026-04-24T22:10:03+00:00,false,,onsite,full_time,senior,,2026-09-16T23:59:48.622271+00:00,ats,simplify,https://simplify.jobs/p/fcf48574-0ee6-441d-af2d-2c5d9660303f
https://medtronic.wd1.myworkdayjobs.com/redeploymentmedtroniccareers/job/Newton-Massachusetts-United-States-of-America/Sr-Software-Engineer---UI-UX--Qt-QML-_R64163?utm_source=Simplify,Senior Software Engineer - UI/UX - Qt/QML,Medtronic,"Mounds View, MN, USA; Newton, MA, USA",124800.0,187200.0,USD,,,2026-09-16T09:13:16+00:00,2026-07-06T22:16:22+00:00,false,,hybrid,full_time,mid | senior,,2026-09-17T00:23:18.261672+00:00,ats,simplify,https://simplify.jobs/p/1c49b5f0-06e5-471d-ae01-7db43f5c08b8
https://job-boards.greenhouse.io/newsbreak/jobs/4700550006?gh_src=Simplify,Senior Software Engineer - Android - AI-Native Client Platform,NewsBreak,"Mountain View, CA, USA",118000.0,212000.0,USD,,,2026-09-04T10:06:01+00:00,2026-07-28T22:22:12+00:00,false,,onsite,full_time,senior,,2026-09-16T23:59:53.456087+00:00,ats,simplify,https://simplify.jobs/p/fb33285b-0acb-45a0-9382-eeb6c4e2ddbb
https://jobs.ashbyhq.com/code-metal/e6ead28d-6828-45a4-8b44-09beba103183/application?embed=true&utm_source=Simplify,Senior Software Engineer - Code Transpilation,Code Metal,"Remote; Boston, MA, USA; San Francisco, CA, USA; Remote in USA",,,,,,2026-09-16T01:21:01+00:00,2026-09-16T01:19:48+00:00,false,,remote,full_time,mid | senior,,2026-09-17T00:23:18.894567+00:00,ats,simplify,https://simplify.jobs/p/0b59b882-79f0-457d-9b8b-4506beed108f
https://jobs.ashbyhq.com/corvus-robotics/8a74fe87-4945-4116-b7e7-755b7b7035f2/application?embed=true&utm_source=Simplify,Senior Software Engineer,Corvus Robotics,"Remote in USA; Mountain View, CA, USA",170000.0,230000.0,USD,,,2026-09-03T19:39:23+00:00,2026-07-15T09:11:31+00:00,false,,hybrid,full_time,senior,,2026-09-17T00:23:21.907422+00:00,ats,simplify,https://simplify.jobs/p/2acdbcac-21c6-44c2-adc4-fc2c9b6203b0
https://job-boards.greenhouse.io/transmarketgroup/jobs/5151565007?gh_jid=5151565007&gh_src=Simplify,Senior Software Engineer,TransMarket Group,"Chicago, IL, USA",,,,,,2026-09-03T18:42:29+00:00,2026-06-02T22:09:57+00:00,false,,onsite,full_time,senior,,2026-09-17T00:00:14.673527+00:00,ats,simplify,https://simplify.jobs/p/7fa1efe8-a323-470e-8fc0-224295cc5897
https://jobs.ashbyhq.com/handshake/60057740-e884-4025-9d02-e332f8feb867/application?embed=true&utm_source=Simplify,Senior Software Engineer - Pay & Safety,Handshake,"Remote; San Francisco, CA, USA; New York, NY, USA",225000.0,250000.0,USD,,,2026-09-16T09:53:18+00:00,2026-05-06T01:08:14+00:00,false,,remote,full_time,senior,,2026-09-17T00:05:37.302780+00:00,ats,simplify,https://simplify.jobs/p/779eceed-59aa-42c6-8347-3a5eac0c5b43
https://jobs.ashbyhq.com/pragmatike/b58321b8-7294-4aec-902c-55d7a57808fa/application?embed=true&utm_source=Simplify,Staff Software Engineer,Pragmatike,"San Francisco, CA, USA",180000.0,300000.0,USD,,,2026-09-03T15:48:17+00:00,2026-08-14T17:17:00+00:00,false,,onsite,full_time,senior,,2026-09-17T00:23:33.533658+00:00,ats,simplify,https://simplify.jobs/p/898e2c1c-7023-43f9-a353-ae788ce4933d
https://jobs.ashbyhq.com/vClusterLabs/64142e45-1ffc-4113-a515-05246328a2d5/application?embed=true&utm_source=Simplify,Staff Software Engineer,vCluster Labs,Remote; Remote in Germany; Europe,75000.0,145000.0,EUR,,,2026-09-16T09:03:17+00:00,2026-06-24T09:08:46+00:00,false,,remote,full_time,mid | senior,,2026-09-17T00:05:37.557437+00:00,ats,simplify,https://simplify.jobs/p/46150b3b-e1b6-4552-8efa-62476f5fe34d
https://medtronic.wd1.myworkdayjobs.com/redeploymentmedtroniccareers/job/London-London-United-Kingdom/Senior-Software-Engineer_R71023?utm_source=Simplify,Senior Software Engineer,Medtronic,"London, UK",76800.0,115200.0,GBP,,,2026-09-03T19:51:22+00:00,2026-07-03T14:10:38+00:00,false,,hybrid,full_time,mid | senior,,2026-09-17T00:23:36.303434+00:00,ats,simplify,https://simplify.jobs/p/96083d2f-b266-4267-89de-7f3f73e3c771 | https://simplify.jobs/p/86af749e-8aa5-40b3-befa-8e187db10645
https://trellix.wd1.myworkdayjobs.com/en-US/EnterpriseCareers/job/England-Aylesbury/Senior-UI-Software-Engineer_JR0036926?utm_source=Simplify,Senior UI Software Engineer,Trellix,"Aylesbury, UK",,,,,,2026-09-08T06:15:01+00:00,2026-07-01T22:06:50+00:00,false,,hybrid,full_time,senior,,2026-09-17T00:23:38.212883+00:00,ats,simplify,https://simplify.jobs/p/5689df99-ee0e-40cb-a124-15cbd055d628
https://job-boards.greenhouse.io/embed/job_app?for=coinbase&gh_src=Simplify&token=8060842,Senior Staff Software Engineer - Payments,Coinbase,Remote in Canada,260100.0,260100.0,CAD,,,2026-09-03T21:33:19+00:00,2026-07-13T22:16:41+00:00,false,,hybrid,full_time,senior,,2026-09-17T00:00:30.530856+00:00,ats,simplify,https://simplify.jobs/p/b2452e19-460c-4a60-b9ba-0afbf288a0d9
https://www.brex.com/careers/8430197002?gh_jid=8430197002&gh_src=Simplify,Staff Software Engineer - Product Data Platform,Brex,"Seattle, WA, USA",240000.0,300000.0,USD,,,2026-09-04T07:24:02+00:00,2026-02-19T23:10:58+00:00,false,,hybrid,full_time,senior,,2026-09-17T00:23:37.655731+00:00,employer,simplify,https://simplify.jobs/p/989bffc4-406f-4817-8ec5-2ab11bd7ba76
https://jobs.ashbyhq.com/trm-labs/eb560943-3adb-4839-bf64-4cbdeee9ae57/application?embed=true&utm_source=Simplify,Staff Software Engineer - Agent Engineering,TRM Labs,Remote; Remote in USA,200000.0,275000.0,USD,,,2026-09-04T04:42:01+00:00,2026-05-19T01:08:37+00:00,false,,remote,full_time,senior,,2026-09-17T00:23:42.506444+00:00,ats,simplify,https://simplify.jobs/p/f1bbf56e-9a55-4a8c-acd7-ef53ddf30bd2
https://job-boards.greenhouse.io/nozominetworks/jobs/4630292005?gh_src=Simplify,Staff Software Engineer,Nozomi Networks,Italy,,,,,,2026-09-03T18:09:19+00:00,2026-03-27T01:18:01+00:00,false,,onsite,full_time,,,2026-09-17T00:05:34.416774+00:00,ats,simplify,https://simplify.jobs/p/1322cf56-b932-4ab6-aeb6-854a57dde507
https://apply.workable.com/connexity/j/67DB292439/apply?utm_source=Simplify,Senior Software Engineer - Backend,Connexity,"Santa Monica, CA, USA",160000.0,185000.0,USD,,,2026-09-11T23:58:04+00:00,2026-09-11T23:52:33+00:00,false,,hybrid,full_time,senior,,2026-09-17T00:23:41.293223+00:00,ats,simplify,https://simplify.jobs/p/1adfb1c2-2a53-444d-9b39-275baf39c8b3
https://job-boards.greenhouse.io/pipetechnologies/jobs/4265275009?gh_src=Simplify,Senior Software Engineer,Pipe,"Remote; La Ronge, SK, Canada",150000.0,220000.0,USD,,,2026-09-03T18:36:19+00:00,2026-05-29T22:20:58+00:00,false,,remote,full_time,senior,,2026-09-17T00:00:43.226885+00:00,ats,simplify,https://simplify.jobs/p/e7fa9a16-58cc-4bfc-a1c0-d59212402fe0
https://jobs.lever.co/shieldai/c223a9c5-e3b3-4da1-b523-1b1045bdf296/apply?lever-source=Simplify,Senior Software Engineer - Autonomy Applications Engineering,Shield AI,"Noida, Uttar Pradesh, India",,,,,,2026-09-03T17:15:21+00:00,2026-04-21T09:08:24+00:00,false,,onsite,full_time,mid | senior,,2026-09-17T00:00:37.602471+00:00,ats,simplify,https://simplify.jobs/p/6b6f605f-6ace-4d43-844e-3da01d387e44
https://jobs.ashbyhq.com/arq/433d8cb9-5a19-4ca2-9218-940d4e008ed9/application?embed=true&utm_source=Simplify,Senior Software Engineer,ARQ,"New York, NY, USA",,,,,,2026-09-03T19:57:26+00:00,2026-07-21T01:12:50+00:00,false,,hybrid,full_time,mid | senior,,2026-09-17T00:23:45.711962+00:00,ats,simplify,https://simplify.jobs/p/67bac38b-d204-449d-95d1-8e626e89295f
https://job-boards.greenhouse.io/zipcolimited/jobs/4711139006?gh_src=Simplify,Senior Software Engineer - Backend,Zip,Remote; Remote in USA,150000.0,175000.0,USD,,,2026-09-15T23:02:38+00:00,2026-09-15T22:33:00+00:00,false,,remote,full_time,senior,,2026-09-17T00:23:49.886436+00:00,ats,simplify,https://simplify.jobs/p/31b11c6c-0e50-41c6-a4d0-8672f1764a61
https://jobs.ashbyhq.com/headway/edea3700-6c69-4e63-bd9f-b05147734e80/application?embed=true&utm_source=Simplify,Senior Fullstack Software Engineer,Headway,"Remote; Seattle, WA, USA; San Francisco, CA, USA; Remote in USA; New York, NY, USA",182750.0,278500.0,USD,,,2026-09-04T08:57:01+00:00,2026-07-04T09:10:11+00:00,false,,remote,full_time,senior,,2026-09-17T00:23:53.372402+00:00,ats,simplify,https://simplify.jobs/p/6c7b3fb2-2cdb-4f18-8af8-d285fdc1ccc4
https://jobs.ashbyhq.com/cowboyspace/64bca77f-c225-463c-99c6-cabdaf5b2aba/application?embed=true&utm_source=Simplify,Senior Test Software Engineer - AI Workloads,Cowboy Space,"San Carlos, CA, USA",100000.0,200000.0,USD,,,2026-09-15T10:09:08+00:00,2026-07-15T14:12:57+00:00,false,,onsite,full_time,mid | senior,,2026-09-17T00:23:55.164113+00:00,ats,simplify,https://simplify.jobs/p/b005360d-2716-4b59-8af0-e9a434daa792
https://jobs.lever.co/wyetechllc/c7c2e2e7-0a2b-4a68-b384-693984d6c8c5/apply?lever-source=Simplify,Software Engineer 2,Wyetech,"Hanover, MD, USA",64.04,120.27,USD,,,2026-09-10T22:06:04+00:00,2026-09-10T22:03:58+00:00,false,,onsite,full_time,mid | senior,,2026-09-17T00:00:52.744398+00:00,ats,simplify,https://simplify.jobs/p/d4131d73-b272-443d-9dcd-f3d54991ca57
https://jobs.ashbyhq.com/nelly/8625294a-ed69-4d6b-99a2-d917bee97ef4/application?embed=true&utm_source=Simplify,Senior Software Engineer - Node.js,Nelly Solutions,"Berlin, Germany",,,,,,2026-09-04T07:36:01+00:00,2026-03-30T09:06:37+00:00,false,,hybrid,full_time,senior,,2026-09-17T00:23:56.130935+00:00,ats,simplify,https://simplify.jobs/p/bbb7e6ad-d905-482c-a83d-356066efdc8e
https://jobs.ashbyhq.com/blockstream/e91bb200-dcfe-4fbc-99c2-971d9bebf06a/application?embed=true&utm_source=Simplify,Full-Stack Software Engineer,Blockstream,"Menlo Park, CA, USA",,,,,,2026-09-03T19:51:22+00:00,2026-07-21T01:16:18+00:00,false,,onsite,full_time,senior,,2026-09-17T00:23:56.969563+00:00,ats,simplify,https://simplify.jobs/p/a2ebf964-c4f6-4b69-889b-9cec9d48524c
https://job-boards.greenhouse.io/andurilindustries/jobs/5165989007?gh_src=Simplify,Senior Front-End Software Engineer - React,Anduril,"Seattle, WA, USA",191000.0,253000.0,USD,,,2026-09-04T08:15:01+00:00,2026-06-16T19:49:22+00:00,false,,onsite,full_time,senior,,2026-09-17T00:01:19.566833+00:00,ats,simplify,https://simplify.jobs/p/e5fd3e99-1a54-43f7-afea-1324078c6484
https://jobs.elastic.co/jobs/engineering/ireland/senior-software-engineer-prism-security/8204969?gh_src=Simplify&gh_jid=8204969,Senior Software Engineer - Prism - Security,Elastic,Ireland,87300.0,138100.0,EUR,,,2026-09-15T22:51:01+00:00,2026-09-15T22:32:59+00:00,false,,onsite,full_time,senior,,2026-09-17T00:24:05.761954+00:00,employer,simplify,https://simplify.jobs/p/1ac661f9-1618-4516-a493-b725814ecfd8
https://jobs.ashbyhq.com/Replicant/2808a97f-582c-408a-becd-c4c3825f451e/application?embed=true&utm_source=Simplify,Senior Software Engineer,Replicant,Remote; Remote in USA; Remote in Canada,130000.0,190000.0,USD,,,2026-09-04T00:27:22+00:00,2026-08-05T22:21:49+00:00,false,,remote,full_time,senior,,2026-09-17T00:05:38.598862+00:00,ats,simplify,https://simplify.jobs/p/03a23377-77b5-4b7f-8a56-c870ae2faf4f
https://job-boards.greenhouse.io/affirm/jobs/7671390003?gh_src=Simplify,Senior CIAM Software Engineer,Affirm,Remote; Remote in Canada,153000.0,213000.0,USD,,,2026-09-10T14:39:01+00:00,2026-04-09T22:07:04+00:00,false,,remote,full_time,senior,,2026-09-17T00:01:33.593624+00:00,ats,simplify,https://simplify.jobs/p/e0471162-0114-4162-a8c3-8e141b3d6de3
https://stripe.com/careers/listing/software-engineer-internal-systems/7543868?gh_jid=7543868&gh_src=Simplify,Software Engineer - Internal Systems,Stripe,"Bengaluru, Karnataka, India",,,,,,2026-09-03T17:39:18+00:00,2026-01-28T07:34:02+00:00,false,,onsite,full_time,senior,,2026-09-17T00:01:23.126940+00:00,employer,simplify,https://simplify.jobs/p/ee5ff29d-04f5-4e94-a2cb-d395dd4d0764
https://generalmotors.wd5.myworkdayjobs.com/Careers_GM/job/Sunnyvale-California-United-States-of-America/Senior-Software-Engineer--AI-Accelerated-Digital-Commerce_JR-202614247?utm_source=Simplify,Senior Software Engineer - AI-Accelerated Digital Commerce,General Motors,"Sunnyvale, CA, USA",129400.0,198400.0,USD,,,2026-09-16T22:39:45+00:00,2026-07-20T00:00:00+00:00,false,,hybrid,full_time,senior,,2026-09-17T00:24:21.542083+00:00,ats,simplify,https://simplify.jobs/p/1ad20743-ebe8-442f-bbfc-15e3104f6dc3
https://taranawireless.applytojob.com/apply/mH3m7r5sU7/Senior-Embedded-Software-Engineer?utm_source=Simplify,Senior Embedded Software Engineer,Tarana Wireless,"Milpitas, CA, USA",130000.0,175000.0,USD,,,2026-09-03T21:45:21+00:00,2026-08-03T06:23:47+00:00,false,,onsite,full_time,senior,,2026-09-17T00:01:24.299275+00:00,ats,simplify,https://simplify.jobs/p/6b60ee50-49f5-4eeb-a145-6385af72887c
https://jobs.ashbyhq.com/nubank/bbdf8e6b-d4f1-4876-ad07-cc683a48fd32/application?embed=true&utm_source=Simplify,Staff Software Engineer - Credit Cards,Nubank,"Palo Alto, CA, USA; Toronto, ON, Canada; Miami, FL, USA",192000.0,288000.0,CAD,,,2026-09-11T12:18:01+00:00,2026-07-21T01:13:55+00:00,false,,hybrid,full_time,senior,,2026-09-17T00:24:21.997017+00:00,ats,simplify,https://simplify.jobs/p/0ef2bc34-ed99-4686-bf27-17af3969864f
https://directsupply.wd501.myworkdayjobs.com/direct-supply-careers/job/Milwaukee-WI/Staff-Software-Engineer_REQ-2025-2141-1?utm_source=Simplify,Staff Software Engineer,Direct Supply,"Milwaukee, WI, USA",,,,,,2026-09-04T04:42:01+00:00,2026-05-16T15:08:59+00:00,false,,onsite,full_time,senior,,2026-09-17T00:24:28.597220+00:00,ats,simplify,https://simplify.jobs/p/46f1c1a0-7968-47e8-bee9-fa123d4bb042
https://jobs.lever.co/plus-2/70e8a0b4-197e-43cc-8094-c728bf884dd9/apply?lever-source=Simplify,Senior Software Engineer - Mapping & Localization,PlusAI,"Santa Clara, CA, USA",150000.0,200000.0,USD,,,2025-10-31T08:32:59+00:00,2025-10-31T08:32:59+00:00,false,,hybrid,full_time,mid | senior,,2026-09-17T00:01:26.250774+00:00,ats,simplify,https://simplify.jobs/p/7c244a4e-972e-4f15-9a78-491f81521e8f
https://jobs.lever.co/turvo/fd8f6db4-ba54-4cba-bd6b-b3389a30a2b8/apply?lever-source=Simplify,Senior Software Engineer,Turvo,"Hyderabad, Telangana, India",,,,,,2026-09-04T01:48:21+00:00,2026-08-11T14:13:59+00:00,false,,onsite,full_time,senior,,2026-09-17T00:01:27.772698+00:00,ats,simplify,https://simplify.jobs/p/46ea03e5-cdd0-4e60-998e-2d4f2b24811a
https://uchicago.wd5.myworkdayjobs.com/External/job/Illinois-Chicago/Senior-Software-Engineer_JR34063?utm_source=Simplify,Senior Software Engineer,University of Chicago,"Chicago, IL, USA",80000.0,120000.0,USD,,,2026-09-03T19:24:26+00:00,2026-07-10T00:00:00+00:00,false,,onsite,full_time,mid | senior,,2026-09-17T00:24:28.754514+00:00,ats,simplify,https://simplify.jobs/p/daefb737-da43-44d1-a94a-c6f1f4e69145
https://leidos.wd5.myworkdayjobs.com/External/job/Annapolis-Junction-MD/Senior-Software-Engineer_R-00189621?utm_source=Simplify,Senior Software Engineer,Leidos,"Annapolis Junction, MD, USA",154050.0,278475.0,USD,,,2026-09-16T14:27:58+00:00,2026-08-14T00:00:00+00:00,false,,onsite,full_time,senior,,2026-09-17T00:24:28.963374+00:00,ats,simplify,https://simplify.jobs/p/d241efec-8ae6-4628-aa84-cbddc9149eb9
https://jobs.ashbyhq.com/harmattan-ai/e5cb09fb-a003-4084-8939-e2c0581584e3/application?embed=true&utm_source=Simplify,Embedded Software Engineer - Launcher,Harmattan AI,"Île-de-France, France",,,,,,2026-09-03T19:06:23+00:00,2026-06-30T14:08:22+00:00,false,,onsite,full_time,junior | mid | senior,,2026-09-17T00:05:39.190752+00:00,ats,simplify,https://simplify.jobs/p/2be65b64-e1aa-4a57-be04-81b587cdd3cb
https://job-boards.greenhouse.io/spacex/jobs/8487924002?gh_src=Simplify,Senior Simulation Software Engineer - Application Software,SpaceX,"Hawthorne, CA, USA",160000.0,225000.0,USD,,,2026-09-03T18:15:29+00:00,2026-03-31T22:11:59+00:00,false,,onsite,full_time,senior,,2026-09-17T00:01:41.848089+00:00,ats,simplify,https://simplify.jobs/p/b9d7377d-f24a-4cf8-bd1c-404238cd095d
https://jobs.ashbyhq.com/voltai.careers/006863a7-ba4c-4766-8c1d-5ca58e7a8497/application?embed=true&utm_source=Simplify,Senior Software Engineer: Integrations,Voltai,"Palo Alto, CA, USA; New York, NY, USA",,,,,,2026-09-04T08:42:09+00:00,2026-07-09T01:09:29+00:00,false,,hybrid,full_time,senior,,2026-09-17T00:24:33.137939+00:00,ats,simplify,https://simplify.jobs/p/90906f07-45fc-4bcd-8d05-cbf255ac5108
https://jobs.ashbyhq.com/astronomer/89a60cf7-cdde-45b4-b09c-c0e527217cb0/application?embed=true&utm_source=Simplify,Senior Software Engineer - Core Platform,Astronomer,"New York, NY, USA",210000.0,250000.0,USD,,,2026-09-03T15:45:16+00:00,2026-08-15T00:42:16+00:00,false,,hybrid,full_time,senior,,2026-09-17T00:05:39.565457+00:00,ats,simplify,https://simplify.jobs/p/cd981bad-7448-4ee4-ae82-c6ba28036e2a
https://job-boards.greenhouse.io/sparksoftcorporation/jobs/5235494007?gh_src=Simplify,Senior Software Engineer,Sparksoft,"Maryland, USA",,,,,,2026-09-11T22:30:01+00:00,2026-09-11T14:28:39+00:00,false,,hybrid,full_time,senior,,2026-09-17T00:01:52.356586+00:00,ats,simplify,https://simplify.jobs/p/f129880b-3a89-456c-b15c-6a73921b5424
https://job-boards.greenhouse.io/digible/jobs/6128276004?gh_src=Simplify,Staff Software Engineer,Digible,Remote; Remote in USA,170000.0,195000.0,USD,,,2026-09-16T22:39:55+00:00,2026-07-28T01:02:57+00:00,false,,remote,full_time,senior,,2026-09-17T00:02:01.890093+00:00,ats,simplify,https://simplify.jobs/p/40516b47-c2d1-4014-afe4-da5e8b006886
https://job-boards.greenhouse.io/embed/job_app?for=toast&gh_src=Simplify&token=8190711,Senior Software Engineer,Toast,"Dublin, Ireland",,,,,,2026-09-10T22:15:01+00:00,2026-09-10T22:11:26+00:00,false,,hybrid,full_time,senior,,2026-09-17T00:01:55.848881+00:00,ats,simplify,https://simplify.jobs/p/8d6b5e66-a161-4ce4-8a2f-70af502aced1
https://mastercard.wd1.myworkdayjobs.com/CorporateCareers/job/Arlington-Virginia/Senior-Software-Engineer_R-288715?utm_source=Simplify,Senior Software Engineer,Mastercard,"Arlington County, Arlington, VA, USA",132000.0,212000.0,USD,,,2026-09-08T22:27:26+00:00,2026-09-08T00:00:00+00:00,false,,hybrid,full_time,senior,,2026-09-17T00:24:59.725412+00:00,ats,simplify,https://simplify.jobs/p/c64c5652-1279-4340-ab49-80ee9f1ccaea
https://omnissa.wd501.myworkdayjobs.com/Omnissa_External_Career_Site/job/Vancouver-BC-Canada-Office/Sr-Software-Engineer_R-100010?utm_source=Simplify,Senior Software Engineer - Virtual Desktop,Omnissa,"Vancouver, BC, Canada",185000.0,211400.0,CAD,,,2026-09-03T17:09:30+00:00,2026-05-16T14:10:50+00:00,false,,hybrid,full_time,senior,,2026-09-17T00:25:01.227712+00:00,ats,simplify,https://simplify.jobs/p/8eb5d8a4-736e-47ee-9ff5-936ff1c21b85
https://jobs.ashbyhq.com/amo/08a0cb1c-dafe-4c97-86c0-f0ece6e1f2e3/application?embed=true&utm_source=Simplify,Software Engineer - AI,amo,"Île-de-France, France",,,,,,2026-09-16T08:51:46+00:00,2026-06-26T14:07:52+00:00,false,,onsite,full_time,senior,,2026-09-17T00:05:39.762002+00:00,ats,simplify,https://simplify.jobs/p/2ea2cbde-e370-4655-ac6d-2ba4f90e4d39
https://careers.datadoghq.com/detail/3851935/?gh_jid=3851935&gh_src=Simplify,Senior Software Engineer,Datadog,"Boston, MA, USA; New York, NY, USA",192000.0,240000.0,USD,,,2026-09-04T06:57:01+00:00,2026-06-04T22:11:34+00:00,false,,hybrid,full_time,mid | senior,,2026-09-17T00:25:18.432036+00:00,employer,simplify,https://simplify.jobs/p/43fc6214-e6d3-46cb-8696-908ec659625c
https://job-boards.greenhouse.io/truveta/jobs/5979085004?gh_src=Simplify,Senior Software Engineer - Full Stack,Truveta,"Hyderabad, Telangana, India",,,,,,2026-09-04T05:18:01+00:00,2026-04-22T22:21:08+00:00,false,,onsite,full_time,senior,,2026-09-17T00:02:05.581912+00:00,ats,simplify,https://simplify.jobs/p/c85e1869-481e-46b5-ae92-58e744e3a89f
https://brightvisiontechnologies.applytojob.com/apply/CLepaZSQDZ/Senior-Full-Stack-Software-Engineer-Java?utm_source=Simplify,Senior Full Stack Software Engineer - Java,Bright Vision Technologies,Remote; Remote in USA,100000.0,150000.0,USD,,,2026-09-16T14:24:01+00:00,2026-09-16T14:21:17+00:00,false,,remote,full_time,senior,,2026-09-17T00:02:06.300054+00:00,ats,simplify,https://simplify.jobs/p/df4e8635-01eb-4574-a368-aefd35ab97c6
https://earlywarning.wd5.myworkdayjobs.com/earlywarningcareers/job/San-Francisco/Staff-Software-Engineer---Java-AWS_REQ2026742?utm_source=Simplify,Staff Software Engineer - Java - AWS,Early Warning,"San Francisco, CA, USA",174000.0,223000.0,USD,,,2026-09-03T16:57:18+00:00,2026-07-28T00:00:00+00:00,false,,hybrid,full_time,senior,,2026-09-17T00:25:27.470107+00:00,ats,simplify,https://simplify.jobs/p/e68b8749-036a-40e7-9c34-d7bace632b5f
https://jobs.ashbyhq.com/daydream/72c2913a-559b-4c2f-a9a4-8eacd4f2c93c/application?embed=true&utm_source=Simplify,Senior Software Engineer - Product,DayDream,"San Francisco, CA, USA",,,,,,2026-09-16T08:39:19+00:00,2026-07-21T01:14:39+00:00,false,,onsite,full_time,senior,,2026-09-17T00:05:40.985861+00:00,ats,simplify,https://simplify.jobs/p/17986d74-542d-4e74-8850-669c3d7daecf
https://jobs.jobvite.com/visionist/job/ocO5zfwo?nl=1&nl=1&fr=false&utm_source=Simplify,Software Engineer - Distributed Systems & Cloud,Visionist,"Odenton, MD, USA",150000.0,190000.0,USD,,,2026-09-04T05:18:01+00:00,2026-05-07T14:07:45+00:00,false,,onsite,full_time,senior,,2026-09-17T00:02:25.382073+00:00,ats,simplify,https://simplify.jobs/p/37f2b47f-3137-4391-951a-896ea6da9b73
https://jobs.lever.co/jumpcloud/5ed8c665-387a-481d-bb4a-95e04aa29eb6/apply?lever-source=Simplify,Senior Software Engineer - Devices,JumpCloud,"Remote; Delhi, India",,,,,,2026-09-09T22:18:08+00:00,2026-09-09T22:12:25+00:00,false,,remote,full_time,senior,,2026-09-17T00:02:28.343195+00:00,ats,simplify,https://simplify.jobs/p/939c9975-b25e-4084-9aff-4d375781d2e9
https://jobs.ashbyhq.com/applied/72925d40-f970-4c3e-8317-9daf6fc6be21/application?embed=true&utm_source=Simplify,Senior Android Software Engineer - Platform,Applied Intuition,"Sunnyvale, CA, USA",125000.0,265000.0,USD,,,2026-09-04T08:27:01+00:00,2026-06-27T09:06:35+00:00,false,,onsite,full_time,junior,,2026-09-17T00:25:36.678180+00:00,ats,simplify,https://simplify.jobs/p/14e700ce-ae87-4ca5-8008-53acd6364e37
https://jobs.ashbyhq.com/airwallex/6a05f3f0-7302-49a2-8d17-d6f652a36f1a/application?embed=true&utm_source=Simplify,Staff Software Engineer - New Products,Airwallex,"London, UK",95796.0,177907.0,GBP,,,2026-09-04T08:15:01+00:00,2026-06-08T22:08:51+00:00,false,,hybrid,full_time,,,2026-09-17T00:05:41.673431+00:00,ats,simplify,https://simplify.jobs/p/2606125c-8aa9-4cc1-a1e8-f94ee0d0dc78
https://jobs.lever.co/gynger/10ad8416-19e2-4a54-9b77-1e977aeb84b5/apply?lever-source=Simplify,Senior Software Engineer,Gynger,"Remote; New York, NY, USA",175000.0,215000.0,USD,,,2026-09-04T22:18:02+00:00,2026-09-04T22:15:00+00:00,false,,remote,full_time,senior,,2026-09-17T00:02:33.943934+00:00,ats,simplify,https://simplify.jobs/p/8ccc64d2-4796-448d-a8b5-2de122e00b0b
https://jobs.ashbyhq.com/suno/adb5c5ef-5897-4acb-8014-0a7f162742d8/application?embed=true&utm_source=Simplify,Staff / Senior Software Engineer - Product Teams,Suno,"New York, NY, USA",228000.0,363000.0,USD,,,2026-09-04T06:57:01+00:00,2024-09-10T04:10:32+00:00,false,,onsite,full_time,senior,,2026-09-17T00:05:43.556177+00:00,ats,simplify,https://simplify.jobs/p/99e95b4d-560e-44dc-b2c1-e5d62200bd6d
https://jobs.ashbyhq.com/reach/e5a03be6-7bf1-429c-b335-b00e07b2a72d/application?embed=true&utm_source=Simplify,Software Engineer - Integrations,Reach,"San Francisco, CA, USA; Sunnyvale, CA, USA",,,,,,2026-09-03T19:45:19+00:00,2026-07-15T22:11:42+00:00,false,,hybrid,full_time,senior,,2026-09-17T00:25:46.521345+00:00,ats,simplify,https://simplify.jobs/p/0330445f-afda-4be1-b2aa-d6ee30baa9d3
https://job-boards.greenhouse.io/2k/jobs/7803231003?gh_src=Simplify,Senior Gameplay Animation Software Engineer,2K,"Burnaby, BC, Canada",96400.0,142660.0,CAD,,,2026-09-03T20:48:22+00:00,2026-07-15T22:23:30+00:00,false,,onsite,full_time,mid,,2026-09-17T00:02:48.081578+00:00,ats,simplify,https://simplify.jobs/p/8ac9d8a6-7150-4fe9-a84f-ff70f01f971b
https://jobs.ashbyhq.com/sentry/92f30f40-9596-4b66-9fd0-7ca5203f629d/application?embed=true&utm_source=Simplify,Senior Software Engineer - Issue Detection,Sentry,"San Francisco, CA, USA",155000.0,400000.0,USD,,,2026-09-14T22:42:01+00:00,2026-09-14T22:40:27+00:00,false,,hybrid,full_time,senior,,2026-09-17T00:05:45.018289+00:00,ats,simplify,https://simplify.jobs/p/3ff91539-f7ed-41fe-86bd-37d2389f7064
https://camgiancorporation.applytojob.com/apply/s37bQaxD1Q/Senior-Software-Engineer?utm_source=Simplify,Senior Software Engineer,Camgian,"Huntsville, AL, USA",,,,,,2026-09-03T21:45:21+00:00,2026-08-03T06:17:16+00:00,false,,onsite,full_time,senior,,2026-09-17T00:02:57.440077+00:00,ats,simplify,https://simplify.jobs/p/324d8264-b4a6-4b67-a907-0a802ce401fe
https://job-boards.greenhouse.io/addepar1/jobs/8540248002?gh_src=Simplify,Staff Software Engineer - Reference Data - AI/ML,Addepar,"Edinburgh, UK",,,,,,2026-09-04T04:42:01+00:00,2026-05-12T09:08:17+00:00,false,,onsite,full_time,,,2026-09-17T00:02:57.677212+00:00,ats,simplify,https://simplify.jobs/p/c9b140aa-1e21-45b0-97b7-8c3245285a9f
https://snapsheet.applytojob.com/apply/QOJ3GuJuX4/Senior-Software-Engineer-Comms-Docs?utm_source=Simplify,Senior Software Engineer - Comms & Docs,Snapsheet,Remote; Remote in USA,135000.0,165000.0,USD,,,2026-09-10T22:36:01+00:00,2026-08-05T06:14:00+00:00,false,,remote,full_time,senior,,2026-09-17T00:03:05.568144+00:00,ats,simplify,https://simplify.jobs/p/5f39eff0-b6fe-4948-afff-dda458f0e96c
https://jobs.ashbyhq.com/orb/38eddf8e-8e9d-4b82-a0b5-d08d186f1671/application?embed=true&utm_source=Simplify,Software Engineer - Pricing Lifecycle,Orb,"San Francisco, CA, USA",170000.0,220000.0,USD,,,2026-09-03T17:24:21+00:00,2025-11-18T23:20:00+00:00,false,,hybrid,full_time,senior,,2026-09-17T00:26:05.950264+00:00,ats,simplify,https://simplify.jobs/p/60b3da54-efdf-4f48-a272-f78d68a173d5
https://jobs.lever.co/hive/ce779ec6-746c-4d4a-b9af-e4c851d5b064/apply?lever-source=Simplify,Senior Software Engineer - Frontend,Hive,"Seattle, WA, USA",160000.0,250000.0,USD,,,2025-03-14T01:18:55+00:00,2024-04-07T08:24:52+00:00,false,,onsite,full_time,mid | senior,,2026-09-17T00:03:01.035087+00:00,ats,simplify,https://simplify.jobs/p/2f49042b-a3f1-478e-8ff3-fab60cd639f3
https://jobs.ashbyhq.com/forgepoint/61251f88-aa0c-441c-8b15-9a347da21317/application?embed=true&utm_source=Simplify,Senior Software Engineer,Forgepoint,"New York, NY, USA",,,,,,2026-09-09T22:45:10+00:00,2026-09-09T22:34:28+00:00,false,,onsite,full_time,senior,,2026-09-17T00:26:33.181389+00:00,ats,simplify,https://simplify.jobs/p/9968ad57-e526-4cd0-94f6-ff5bc659f493
https://careers-hireright1.icims.com/jobs/7126/job?mobile=true&needsRedirect=false&utm_source=Simplify,Senior Software Engineer - Microsoft Power Platform,HireRight,"Nashville, TN, USA",,,,,,2026-09-09T06:18:23+00:00,2026-09-09T06:16:21+00:00,false,,hybrid,full_time,senior,,2026-09-17T00:03:13.047812+00:00,ats,simplify,https://simplify.jobs/p/afcaec78-8227-49bb-8d10-2f3be51e7a51
https://careers.capgemini.com/job/Pune-Senior-Software-Engineer/1411571833/?ats=successfactors&utm_source=Simplify,Senior Software Engineer,Capgemini,"Pune, Maharashtra, India",,,,,,2026-09-03T21:39:22+00:00,2026-08-03T06:07:05+00:00,false,,onsite,full_time,senior,,2026-09-17T00:26:44.055147+00:00,employer,simplify,https://simplify.jobs/p/94c0a1e3-004a-440c-bc90-e5d4d290ac25 | https://simplify.jobs/p/2ce6e9d3-3ab7-4e9c-afd5-13be8295fd85 | https://simplify.jobs/p/1f6c58da-8165-4356-9535-0e24e7488325 | https://simplify.jobs/p/fa41ce76-05ae-452c-a727-a9d660ddd49e | https://simplify.jobs/p/76e06dde-cc65-4bc7-9be0-c9f69c448ce7
https://proofpoint.wd5.myworkdayjobs.com/proofpointcareers/job/India/Sr-Software-Engineer_R14235?utm_source=Simplify,Senior Software Engineer,Proofpoint,Remote; India,,,,,,2026-09-03T13:10:42+00:00,2026-09-03T00:00:00+00:00,false,,remote,full_time,mid | senior,,2026-09-17T00:26:44.315319+00:00,ats,simplify,https://simplify.jobs/p/6eac28de-b3c2-468c-a83f-3f9b3c349ac0
https://careers.capgemini.com/job/Chicago-Senior-Java-Developer-Senior-Software-Engineer-ND/1424063233/?ats=successfactors&utm_source=Simplify,Senior Java Developer - Senior Software Engineer,Capgemini,"Chicago, IL, USA",73150.0,174000.0,USD,,,2026-09-04T00:39:22+00:00,2026-08-06T22:11:16+00:00,false,,hybrid,full_time,senior,,2026-09-17T00:03:21.907515+00:00,employer,simplify,https://simplify.jobs/p/cdc36a51-1860-45e3-b5e3-915a1c1c5e73
https://apply.workable.com/tp-link-usa-corp/j/A5321B341B/apply?utm_source=Simplify,Senior Embedded Software Engineer - Home Networking,TP-Link Systems,"Irvine, CA, USA",150000.0,240000.0,USD,,,2026-09-04T00:51:21+00:00,2026-08-07T06:15:01+00:00,false,,onsite,full_time,senior,,2026-09-17T00:26:45.588322+00:00,ats,simplify,https://simplify.jobs/p/d372ab34-970a-47ba-bbc1-22ed2ab2d995
https://jobs.ashbyhq.com/opendr/e1c47ffa-35c9-4544-be5b-ad8d49eb4da5/application?embed=true&utm_source=Simplify,Software Engineer - Integrations & Interfaces,openDoctor,"Remote; Mumbai, Maharashtra, India",,,,,,2026-09-03T19:51:22+00:00,2026-07-21T01:16:06+00:00,false,,remote,full_time,mid | senior,,2026-09-17T00:05:45.313896+00:00,ats,simplify,https://simplify.jobs/p/45c7ea8c-6f16-4ea0-bdf9-1c0c92acd9bb
https://job-boards.greenhouse.io/affirm/jobs/7812982003?gh_src=Simplify,Senior Software Engineer - Affirm Bank,Affirm,Remote; Remote in USA,173000.0,255000.0,USD,,,2026-09-10T14:39:01+00:00,2026-07-27T22:37:22+00:00,false,,remote,full_time,senior,,2026-09-17T00:03:35.240501+00:00,ats,simplify,https://simplify.jobs/p/7252582a-8849-4266-82ad-2b49c12dcf76
https://wd5.myworkdaysite.com/en-US/recruiting/guidewire/external/job/United-States---San-Mateo-CA/Staff-Software-Engineer---Data-Platform_JR_14201?utm_source=Simplify,Staff Software Engineer - Data Platform,Guidewire,"San Mateo, CA, USA",184000.0,312000.0,USD,,,2026-09-16T22:14:45+00:00,2026-07-09T06:10:58+00:00,false,,onsite,full_time,senior,,2026-09-17T00:26:52.639750+00:00,ats,simplify,https://simplify.jobs/p/3103ea13-9cbe-4e6e-9291-aa9f2113a892
https://job-boards.greenhouse.io/charterup/jobs/5187348008?gh_src=Simplify,Senior Software Engineer - Pricing,CharterUP,"Austin, TX, USA",170000.0,180000.0,USD,,,2026-09-04T07:36:01+00:00,2026-04-13T22:19:18+00:00,false,,hybrid,full_time,senior,,2026-09-17T00:03:35.613669+00:00,ats,simplify,https://simplify.jobs/p/595a572d-b606-4a0e-a13f-baf910d70062
https://apply.workable.com/commify/j/AF85E36463/apply?utm_source=Simplify,Senior Software Engineer,Commify,"Nottingham, UK",65000.0,75000.0,GBP,,,2026-09-04T01:18:24+00:00,2026-08-08T01:17:54+00:00,false,,hybrid,full_time,senior,,2026-09-17T00:26:51.714888+00:00,ats,simplify,https://simplify.jobs/p/996123be-a2e4-4b7a-93c3-f93665a86cc0
https://jobs.ashbyhq.com/ema/7629c8e6-3d25-4913-a480-b3da544c7bbe/application?embed=true&utm_source=Simplify,Software Engineer - Frontend,Ema,"San Francisco, CA, USA",135000.0,200000.0,USD,,,2026-09-04T07:12:12+00:00,2026-02-13T02:08:58+00:00,false,,onsite,full_time,senior,,2026-09-17T00:05:45.583650+00:00,ats,simplify,https://simplify.jobs/p/c33a3476-83cc-43a5-8d22-020a22cfeb94
https://jobs.ashbyhq.com/openart/b5e04802-f810-4da8-867d-37edfdef0001/application?embed=true&utm_source=Simplify,Senior/Staff Software Engineer - Agent,OpenArt AI,"San Carlos, CA, USA",500000.0,600000.0,USD,,,2026-09-10T09:57:01+00:00,2026-09-10T09:56:21+00:00,false,,hybrid,full_time,mid | senior,,2026-09-17T00:27:02.856956+00:00,ats,simplify,https://simplify.jobs/p/29af644e-e680-4c70-b3c4-2057d6cc2ecd
https://paloaltonetworks.wd5.myworkdayjobs.com/panwexternalcareers/job/San-Francisco-United-States-of-America/Senior-Staff-Engineer-Software--Cortex-Platform-_JR-021883?utm_source=Simplify,Senior Staff Engineer Software - Cortex Platform,Palo Alto Networks,"San Francisco, CA, USA",134600.0,217800.0,USD,,,2026-09-03T16:39:14+00:00,2026-09-03T00:00:00+00:00,false,,hybrid,full_time,senior,,2026-09-17T00:27:09.382615+00:00,ats,simplify,https://simplify.jobs/p/e4144b8d-4531-4ec1-b533-f8b726fc8a96
https://jobs.ashbyhq.com/stora/bbdd9888-3f82-40a2-83f6-1785e44dcfd2/application?embed=true&utm_source=Simplify,Senior Software Engineer - Product,Stora,"Belfast, UK; Remote in UK; Remote in Ireland",75000.0,75000.0,GBP,,,2026-09-03T19:57:26+00:00,2026-07-21T01:15:10+00:00,false,,hybrid,full_time,senior,,2026-09-17T00:05:46.154700+00:00,ats,simplify,https://simplify.jobs/p/aaab8def-ea55-41a6-8c05-ca4b2b4965bc
https://job-boards.greenhouse.io/addepar1/jobs/8573701002?gh_src=Simplify,Staff Software Engineer - Integrations,Addepar,"Edinburgh, UK",,,,,,2026-09-04T08:15:01+00:00,2026-06-05T22:07:14+00:00,false,,onsite,full_time,senior,,2026-09-17T00:03:47.868077+00:00,ats,simplify,https://simplify.jobs/p/ecf006ff-2f95-48f5-bbd2-10d04244466c
https://paloaltonetworks.wd5.myworkdayjobs.com/panwexternalcareers/job/Office---USA---CA---Headquarters/Sr-Staff-Engineer-Software_JR-018507?utm_source=Simplify,Senior Staff Engineer Software,Palo Alto Networks,"California, USA",126000.0,204500.0,USD,,,2026-09-03T19:06:23+00:00,2026-07-01T22:09:53+00:00,false,,onsite,full_time,senior,,2026-09-17T00:27:10.166739+00:00,ats,simplify,https://simplify.jobs/p/5148ed22-7706-4880-9984-a88e45db34f6
https://jobs.ashbyhq.com/outmarket/6f90773b-8993-4387-8481-99cd959e3f06/application?embed=true&utm_source=Simplify,Staff Software Engineer,Outmarket AI,Remote; Remote in India; Remote in USA,,,,,,2026-09-03T19:06:23+00:00,2026-06-26T22:08:00+00:00,false,,remote,full_time,senior,,2026-09-17T00:27:12.425374+00:00,ats,simplify,https://simplify.jobs/p/30b13f46-a106-4652-a6f2-981e0bd45cda
https://job-boards.greenhouse.io/canonical/jobs/7432750?gh_src=Simplify,Linux Software Engineer,Canonical,"Remote; Remote in USA; La Ronge, SK, Canada",,,,,,2026-03-19T06:23:49+00:00,2026-03-19T06:23:49+00:00,false,,remote,full_time,mid | senior,,2026-09-17T00:03:57.246603+00:00,ats,simplify,https://simplify.jobs/p/2bbe036b-fe61-44f4-a92e-57b43fbf8a43
https://job-boards.greenhouse.io/oscar/jobs/7205681?gh_src=Simplify,Staff Software Engineer - Fullstack,Oscar Health,"Los Angeles, CA, USA",192000.0,252000.0,USD,,,2026-09-15T14:12:01+00:00,2025-10-31T08:11:04+00:00,false,,hybrid,full_time,mid | senior,,2026-09-17T00:03:57.513694+00:00,ats,simplify,https://simplify.jobs/p/aab0af94-849d-4039-be3d-7b39c8a79772
https://job-boards.greenhouse.io/embed/job_app?for=toast&gh_src=Simplify&token=7982262,Senior Software Engineer - AI Pod,Toast,"Dublin, Ireland",,,,,,2026-09-08T22:27:26+00:00,2026-06-04T14:16:32+00:00,false,,hybrid,full_time,senior,,2026-09-17T00:03:59.038834+00:00,ats,simplify,https://simplify.jobs/p/91292dbb-d87e-49fb-97a2-46aa0ad77da8
https://jobs.ashbyhq.com/helius/2548cac4-348b-4103-8f8c-79c510fbd009/application?embed=true&utm_source=Simplify,Staff Software Engineer - Backend,Helius,Remote; Remote in USA,,,,,,2026-09-16T09:52:10+00:00,2026-08-19T22:32:20+00:00,false,,remote,full_time,senior,,2026-09-17T00:05:46.484061+00:00,ats,simplify,https://simplify.jobs/p/6ac7c879-ca1d-4beb-958c-97b61725f974
https://jobs.ashbyhq.com/cloaked/d8ebe04c-4e1c-4453-b8eb-cdd2f0fb51fa/application?embed=true&utm_source=Simplify,Staff Software Engineer - Full Stack,Cloaked,"New York, NY, USA",180000.0,250000.0,USD,,,2026-09-04T08:27:01+00:00,2026-06-24T09:11:08+00:00,false,,hybrid,full_time,senior,,2026-09-17T00:27:24.817142+00:00,ats,simplify,https://simplify.jobs/p/3efd8012-7cf4-4dcb-93a8-d77281a75b04
https://careers.datadoghq.com/detail/8102624/?gh_jid=8102624&gh_src=Simplify,Senior Software Engineer - Action Platform,Datadog,"Paris, France",,,,,,2026-09-03T21:45:21+00:00,2026-08-03T14:14:14+00:00,false,,hybrid,full_time,mid | senior,,2026-09-17T00:27:30.936658+00:00,employer,simplify,https://simplify.jobs/p/b2e1d880-ca19-46ec-a9ae-70e86182b652
https://careers-i2xisys.icims.com/jobs/15046/job?mobile=true&needsRedirect=false&utm_source=Simplify,Senior Network Software Engineer,ISYS Technologies,"Scott AFB, IL, USA",85400.0,92690.0,USD,,,2026-09-03T22:12:25+00:00,2026-08-04T22:13:10+00:00,false,,onsite,full_time,mid | senior,,2026-09-17T00:04:15.252763+00:00,ats,simplify,https://simplify.jobs/p/2cce4198-c01e-4f9e-9841-72aa6cfd5834
https://job-boards.greenhouse.io/axon/jobs/7499970003?gh_src=Simplify,Senior Software Engineer,Axon,"New York, NY, USA",141000.0,216600.0,USD,,,2026-09-09T22:36:19+00:00,2025-11-26T10:49:01+00:00,false,,hybrid,full_time,senior,,2026-09-17T00:04:17.126467+00:00,ats,simplify,https://simplify.jobs/p/c086d5ee-b0ca-4bcc-8cde-fd684ca15877
https://jobs.ashbyhq.com/airwallex/eb19617a-4993-458b-bdf5-3d3e64e37294/application?embed=true&utm_source=Simplify,Staff Software Engineer - Business Accounts,Airwallex,"Sydney NSW, Australia",,,,,,2026-09-04T07:51:01+00:00,2026-05-11T14:08:26+00:00,false,,onsite,full_time,senior,,2026-09-17T00:05:47.022985+00:00,ats,simplify,https://simplify.jobs/p/98c705f1-eb8e-4930-81c3-a636e808475f
https://job-boards.greenhouse.io/diligentcorporation/jobs/5824712004?gh_src=Simplify,Senior Software Engineer - Node.js - TypeScript,Diligent,"London, UK",,,,,,2026-09-04T08:03:01+00:00,2026-06-02T09:08:10+00:00,false,,hybrid,full_time,senior,,2026-09-17T00:04:24.418709+00:00,ats,simplify,https://simplify.jobs/p/2344a172-2390-49eb-8adb-ab105aa000ad
https://job-boards.greenhouse.io/evolutioniq/jobs/6122678004?gh_src=Simplify,Senior Software Engineer - Insurance Tech,EvolutionIQ,"Remote; Remote in USA; Chicago, IL, USA; New York, NY, USA",215000.0,230000.0,USD,,,2026-09-03T20:21:27+00:00,2026-07-22T22:19:06+00:00,false,,remote,full_time,senior,,2026-09-17T00:04:27.877349+00:00,ats,simplify,https://simplify.jobs/p/dfb39f48-b338-4cb9-b177-b8e87cbc215a
https://careers-mercuryinsurance.icims.com/jobs/6773/job?mobile=true&needsRedirect=false&utm_source=Simplify,Senior Software Engineer,Mercury Insurance,Remote; Remote in USA,92153.73,174681.0,USD,,,2026-09-03T05:42:07+00:00,2026-08-29T00:27:50+00:00,false,,remote,full_time,senior,,2026-09-17T00:27:56.991391+00:00,ats,simplify,https://simplify.jobs/p/e6c509dc-333c-493a-a33d-f93e68ff3377
https://jobs.ashbyhq.com/neura-robotics-gmbh/1f2850df-9a0f-4a55-8e3c-11cdb8c01f60/application?embed=true&utm_source=Simplify,Senior Software Engineer,Neura Robotics,"Metzingen, Germany; Riederich, Germany",,,,,,2026-09-03T19:51:22+00:00,2026-07-21T01:13:44+00:00,false,,onsite,full_time,senior,,2026-09-17T00:28:06.219151+00:00,ats,simplify,https://simplify.jobs/p/30843289-94fa-413a-819e-09e56a4fe08d | https://simplify.jobs/p/f9f2fc55-830d-4e0e-892c-e94ab6b39d5f
https://job-boards.greenhouse.io/otter/jobs/8538726002?gh_src=Simplify,Senior Software Engineer - Revenue Recapture,Otter,"Seattle, WA, USA",167000.0,230000.0,USD,,,2026-09-03T16:57:18+00:00,2026-07-28T22:35:36+00:00,false,,onsite,full_time,senior,,2026-09-17T00:04:30.945994+00:00,ats,simplify,https://simplify.jobs/p/cb8381d2-2af3-4cae-aee1-7b7982266e52
https://job-boards.greenhouse.io/moloco/jobs/7717799003?gh_src=Simplify,Senior Software Engineer - Experiment Platform,Moloco,"Seattle, WA, USA",184000.0,230000.0,USD,,,2026-09-04T07:51:01+00:00,2026-08-04T22:25:39+00:00,false,,onsite,full_time,senior,,2026-09-17T00:04:32.692637+00:00,ats,simplify,https://simplify.jobs/p/ff61f958-51d5-4b55-bb61-337a43707a05
https://job-boards.greenhouse.io/gusto/jobs/8110113?gh_src=Simplify,Staff Software Engineer - Tax Credits,Gusto,"New York, NY, USA",163000.0,247000.0,USD,,,2026-09-15T22:31:14+00:00,2026-08-26T23:26:18+00:00,false,,hybrid,full_time,senior,,2026-09-17T00:04:33.912816+00:00,ats,simplify,https://simplify.jobs/p/45557d36-6e3d-4b7a-b2c4-8d117bdc11b6
https://jobs.lever.co/espace/7980aa6b-8b0d-48b2-aff6-a3260bcb3109/apply?lever-source=Simplify,Senior Embedded Software Engineer - Flight Software,E-Space,"Saratoga, CA, USA",130000.0,180000.0,USD,,,2026-09-04T08:15:01+00:00,2026-06-11T09:06:01+00:00,false,,onsite,full_time,senior,,2026-09-17T00:04:37.767993+00:00,ats,simplify,https://simplify.jobs/p/6b116fa6-701e-48a3-abbf-e7556d5a14cd
https://jobs.ashbyhq.com/Acorns/52115f06-c06f-4bc2-955a-941cb3895f91/application?embed=true&utm_source=Simplify,Senior Full-Stack Software Engineer - Community Building,Acorns,Remote; Remote in USA,174800.0,205700.0,USD,,,2026-09-03T22:12:25+00:00,2026-08-04T22:15:30+00:00,false,,remote,full_time,senior,,2026-09-17T00:05:48.116605+00:00,ats,simplify,https://simplify.jobs/p/3d9fb083-813d-489e-838a-3f6f787605d4
https://jobs.ashbyhq.com/applied/0c73aae6-1b7c-475d-9868-f22152dc4c97/application?embed=true&utm_source=Simplify,Senior Embedded Software Engineer - Firmware,Applied Intuition,"Sunnyvale, CA, USA",171000.0,253000.0,USD,,,2026-09-04T08:27:01+00:00,2026-06-27T09:06:35+00:00,false,,onsite,full_time,senior,,2026-09-17T00:28:38.899147+00:00,ats,simplify,https://simplify.jobs/p/cf0b6101-7702-48ce-89d6-04e6a192ffea
https://job-boards.greenhouse.io/discord/jobs/8214127002?gh_src=Simplify,Staff Software Engineer - Safety Processing,Discord,"San Francisco, CA, USA; Los Angeles, CA, USA",279000.0,341000.0,USD,,,2026-09-04T07:12:12+00:00,2026-05-15T22:18:06+00:00,false,,hybrid,full_time,senior,,2026-09-17T00:04:56.260550+00:00,ats,simplify,https://simplify.jobs/p/874d0e82-c8e6-48f1-b9c0-1cf32438755a
https://job-boards.greenhouse.io/hpiq/jobs/5472600004?gh_src=Simplify,Senior AI Software Engineer,HP IQ,"San Francisco, CA, USA",149000.0,240000.0,USD,,,2025-07-15T13:24:31+00:00,2025-07-15T13:24:31+00:00,false,,onsite,full_time,senior,,2026-09-17T00:04:58.740627+00:00,ats,simplify,https://simplify.jobs/p/851725ad-4be9-4660-8085-038e25a62a0f
https://jobs.lever.co/swile/f5e14fca-c0dd-40a9-995a-d97bc8f2a5c9/apply?lever-source=Simplify,Senior Software Engineer,Swile,"Montpellier, France",,,,,,2026-03-18T09:26:49+00:00,2026-03-06T02:05:01+00:00,false,,hybrid,full_time,senior,,2026-09-17T00:04:57.922528+00:00,ats,simplify,https://simplify.jobs/p/9fcccbc3-5b01-466e-96df-353c46850358
https://stripe.com/careers/listing/staff-software-engineer-issuing/7369269?gh_jid=7369269&gh_src=Simplify,Staff Software Engineer - Issuing,Stripe,"Seattle, WA, USA; San Francisco, CA, USA; New York, NY, USA",,,,,,2026-09-04T07:12:12+00:00,2025-12-12T02:27:27+00:00,false,,hybrid,full_time,senior,,2026-09-17T00:05:01.908504+00:00,employer,simplify,https://simplify.jobs/p/d45494d4-efa9-44ec-85ea-07b2d3b811ac
https://jobs.ashbyhq.com/mutiny/abe9348f-b758-4456-a8e7-31bd4710dce4/application?embed=true&utm_source=Simplify,Senior Software Engineer - AI Products,Mutiny,"New York, NY, USA",,,,,,2026-09-03T19:51:22+00:00,2026-07-21T01:18:49+00:00,false,,onsite,full_time,senior,,2026-09-17T00:28:54.241953+00:00,ats,simplify,https://simplify.jobs/p/dcee83b5-3a84-46d9-afe8-62da114d6560
https://job-boards.greenhouse.io/keepersecurity/jobs/4185758009?gh_src=Simplify,Senior Software Engineer - Business Intelligence,Keeper Security,"Remote; El Dorado Hills, CA, USA",,,,,,2026-09-04T08:03:01+00:00,2026-05-19T01:15:14+00:00,false,,remote,full_time,senior,,2026-09-17T00:05:05.918247+00:00,ats,simplify,https://simplify.jobs/p/a04d5dbc-1ff9-4758-8642-ac87177f6112
https://jobs.lever.co/aeva/511bda52-6282-46a0-a06c-79785669e6e0/apply?lever-source=Simplify,Senior Embedded Software Engineer,Aeva,"Bengaluru, Karnataka, India",,,,,,2026-09-03T18:03:18+00:00,2026-03-05T02:11:11+00:00,false,,onsite,full_time,senior,,2026-09-17T00:05:08.519463+00:00,ats,simplify,https://simplify.jobs/p/e143262e-ebd4-4495-ab17-b0db9af3b8d7
https://jobs.ashbyhq.com/langchain/b23ea9af-c6dc-40fa-86ce-75042b905173/application?embed=true&utm_source=Simplify,Senior Backend Software Engineer - AI Observability & Evals Platform - Langsmith,LangChain,"Cambridge, MA, USA; Boston, MA, USA; New York, NY, USA",180000.0,240000.0,USD,,,2026-09-12T14:33:01+00:00,2026-09-12T14:31:47+00:00,false,,onsite,full_time,mid | senior,,2026-09-17T00:05:48.650695+00:00,ats,simplify,https://simplify.jobs/p/db7d2fd8-907b-4821-bc5b-b79e1475d00d
https://job-boards.greenhouse.io/awetomaton/jobs/5416740008?gh_src=Simplify,Senior Software Engineer - Full Stack,Awetomaton,"Beavercreek, OH, USA",,,,,,2026-09-04T22:27:01+00:00,2026-09-04T22:19:21+00:00,false,,hybrid,full_time,mid | senior,,2026-09-17T00:05:43.909623+00:00,ats,simplify,https://simplify.jobs/p/e2da001b-9094-40b2-b6e6-bfc8c069db6d
https://jobs.ashbyhq.com/voleon/bf365c64-d49d-48e0-8a31-4e1fd680bd6f/application?embed=true&utm_source=Simplify,Staff Software Engineer - Batch and Realtime Streaming,The Voleon Group,"Remote; Remote in USA; Berkeley, CA, USA; New York, NY, USA",315000.0,405000.0,USD,,,2026-09-03T18:48:22+00:00,2026-06-11T09:06:52+00:00,false,,remote,full_time,senior,,2026-09-17T00:29:11.873003+00:00,ats,simplify,https://simplify.jobs/p/99db1e24-bcd7-4c2c-b8e4-0465ee9f623d
https://job-boards.greenhouse.io/horizonsurgicalsystems/jobs/5093602007?gh_src=Simplify,Senior/Staff Embedded Software Engineer,Horizon Surgical Systems,"Los Angeles, CA, USA",,,,,,2026-09-03T18:17:26+00:00,2026-03-30T22:18:32+00:00,false,,onsite,full_time,mid | senior,,2026-09-17T00:05:46.114151+00:00,ats,simplify,https://simplify.jobs/p/369de37b-f523-4a93-ae80-24c55556faab
https://walmart.wd504.myworkdayjobs.com/WalmartExternal/job/USA-Bentonville-Global-Tech-AR-BENTONVILLE-Home-Office/Staff--Software-Engineer---FULL-STACK_R-2592578?utm_source=Simplify,Staff Software Engineer - Full Stack,Walmart,"Bentonville, AR, USA; Sunnyvale, CA, USA",110000.0,286000.0,USD,,,2026-09-16T13:15:28+00:00,2026-08-28T00:00:00+00:00,false,,onsite,full_time,senior,,2026-09-17T00:29:16.366927+00:00,ats,simplify,https://simplify.jobs/p/dc42859a-0fc3-4ac2-a3d9-799e4d765d4e
https://job-boards.greenhouse.io/andurilindustries/jobs/5114861007?gh_src=Simplify,Tracking Software Engineer - Space,Anduril,"Washington, DC, USA",166000.0,220000.0,USD,,,2026-09-16T22:09:03+00:00,2026-04-20T22:19:28+00:00,false,,onsite,full_time,senior,,2026-09-17T00:05:49.125471+00:00,ats,simplify,https://simplify.jobs/p/bf1650cd-6e4d-45bb-af6b-6d3c99086509
https://accenture.wd103.myworkdayjobs.com/AccentureCareers/job/Kolkata/Custom-Software-Engineer_ATCI-5420497-S1980002-1?utm_source=Simplify,Custom Software Engineer,Accenture,"Kolkata, West Bengal, India; Indore, Madhya Pradesh, India; Coimbatore, Tamil Nadu, India; Bengaluru, Karnataka, India",,,,,,2026-09-11T06:12:01+00:00,2026-09-11T06:11:50+00:00,false,,onsite,full_time,senior,,2026-09-17T00:29:34.773431+00:00,ats,simplify,https://simplify.jobs/p/936e3355-bf89-4522-9bdd-57ab12f6158f
https://jobs.lever.co/CesiumAstro/28cda017-5894-478e-b186-52ca542bbc89/apply?lever-source=Simplify,Staff Embedded Software Engineer,CesiumAstro,"Westminster, CO, USA",133000.0,161000.0,USD,,,2026-09-03T05:27:07+00:00,2026-08-31T05:00:27+00:00,false,,onsite,full_time,senior,,2026-09-17T00:05:49.495403+00:00,ats,simplify,https://simplify.jobs/p/78f6c0b5-77a8-467d-9441-400a581ee29e
https://job-boards.greenhouse.io/singlestore/jobs/7867768?gh_src=Simplify,Senior Principal Software Engineer,SingleStore,India,,,,,,2026-09-04T05:18:01+00:00,2026-04-29T22:21:55+00:00,false,,onsite,full_time,,,2026-09-17T00:05:49.710420+00:00,ats,simplify,https://simplify.jobs/p/4ff264bd-2c09-466c-af3a-15b0475249ff
https://jobs.ashbyhq.com/sentra/70005074-668c-4c71-929c-2a17cfaa081e/application?embed=true&utm_source=Simplify,Senior Backend Software Engineer,Sentra,"San Francisco, CA, USA",150000.0,300000.0,USD,,,2026-09-03T17:24:21+00:00,2025-12-15T10:15:31+00:00,false,,hybrid,full_time,mid | senior,,2026-09-17T00:29:38.347748+00:00,ats,simplify,https://simplify.jobs/p/6696aa8e-82cd-4997-961d-d758fd8b7b10
https://jobs.ashbyhq.com/Commure/62be068a-2618-4e87-b279-93703f62dc7d/application?embed=true&utm_source=Simplify,Staff Software Engineer - Data Integrations,Commure,"San Francisco, CA, USA; Los Angeles, CA, USA; New York, NY, USA; Mountain View, CA, USA",210000.0,275000.0,USD,,,2026-09-03T19:51:22+00:00,2026-07-20T22:12:29+00:00,false,,hybrid,full_time,,,2026-09-17T00:05:50.901275+00:00,ats,simplify,https://simplify.jobs/p/a4463313-efd3-4826-a835-842adec6ae2b
https://careers-peraton.icims.com/jobs/170216/job?mobile=true&needsRedirect=false&utm_source=Simplify,Cloud Software Engineer - TS/SCI w/Poly,Peraton,"Annapolis Junction, MD, USA",176000.0,282000.0,USD,,,2026-09-03T07:33:06+00:00,2026-09-03T02:41:52+00:00,false,,onsite,full_time,senior,,2026-09-17T00:05:51.047426+00:00,ats,simplify,https://simplify.jobs/p/1152874c-2acd-415c-ba16-e81075631ae2
https://jobs.ashbyhq.com/bjakcareer/81710be1-58c5-49b3-9026-fcb88284e53b/application?embed=true&utm_source=Simplify,Staff Software Engineer,BJAK,"Remote; Sydney NSW, Australia",,,,,,2026-09-03T07:33:06+00:00,2026-08-27T06:57:45+00:00,false,,remote,full_time,senior,,2026-09-17T00:29:43.824845+00:00,ats,simplify,https://simplify.jobs/p/3805eea1-5e9d-4cb2-84dd-f1f6eed1a09a
https://www.okta.com/company/careers/senior-software-engineer-ai-agentic-experience-auth0-8092242/?gh_src=Simplify,Senior Software Engineer,Okta,"Chicago, IL, USA; New York, NY, USA; Bellevue, WA, USA",147000.0,202000.0,USD,,,2026-09-04T04:42:01+00:00,2026-07-28T22:33:59+00:00,false,,hybrid,full_time,senior,,2026-09-17T00:29:43.189480+00:00,employer,simplify,https://simplify.jobs/p/16359492-b66e-4102-ba47-d2cafe21eea4
https://job-boards.greenhouse.io/everlaw/jobs/4614474006?gh_src=Simplify,Senior Software Engineer - Product Engineering,Everlaw,"Oakland, CA, USA",173000.0,251000.0,USD,,,2026-09-09T06:45:21+00:00,2026-06-01T22:05:40+00:00,false,,hybrid,full_time,mid | senior,,2026-09-17T00:05:52.330610+00:00,ats,simplify,https://simplify.jobs/p/f1775e48-a902-46df-a285-9272ca2106fc
https://jobs.ashbyhq.com/trm-labs/f671d26c-dd0e-429e-9c08-58c78c4f5dd7/application?embed=true&utm_source=Simplify,Senior Software Engineer - Backend - Product Engineering,TRM Labs,Remote; Remote in USA,210000.0,240000.0,USD,,,2026-09-04T08:03:01+00:00,2026-05-19T01:08:37+00:00,false,,remote,full_time,senior,,2026-09-17T00:29:46.832760+00:00,ats,simplify,https://simplify.jobs/p/1027aabe-4eea-49cd-8f72-c27eab3ba500
https://job-boards.greenhouse.io/alphasense/jobs/8462858002?gh_src=Simplify,Staff Software Engineer,AlphaSense,Remote; Remote in India,,,,,,2026-09-04T05:18:01+00:00,2026-05-21T09:04:19+00:00,false,,remote,full_time,,,2026-09-17T00:05:52.679969+00:00,ats,simplify,https://simplify.jobs/p/d4db1a3a-d9da-456e-a879-9febdef61642
https://jobs.ashbyhq.com/runetech/6ed6cc3e-2f14-4b72-a7d9-9aaf5f964bbe/application?embed=true&utm_source=Simplify,Backend Software Engineer - Maps & Routing,Rune Technologies,"Rosslyn, Arlington, VA, USA; Seattle, WA, USA; Arlington County, Arlington, VA, USA; New York, NY, USA",,,,,,2026-09-03T18:36:19+00:00,2026-06-01T14:08:32+00:00,false,,onsite,full_time,mid | senior,,2026-09-17T00:05:53.030444+00:00,ats,simplify,https://simplify.jobs/p/9216a7f3-e479-4345-8860-3cf393e556e8
https://taranawireless.applytojob.com/apply/zkPmBD4Ztx/Staff-Embedded-Software-Engineer?utm_source=Simplify,Staff Embedded Software Engineer,Tarana Wireless,"Milpitas, CA, USA",155000.0,200000.0,USD,,,2026-09-03T21:45:21+00:00,2026-08-03T06:23:47+00:00,false,,onsite,full_time,,,2026-09-17T00:05:53.342288+00:00,ats,simplify,https://simplify.jobs/p/0c35c394-1154-45f6-8a52-b49a9979a317
https://careers.cisco.com/global/en/job/2023952/Software-Engineer-App-Development?utm_source=Simplify,Software Engineer - App Development,Cisco,"Galway, Ireland",,,,,,2026-09-16T10:46:09+00:00,2026-09-01T00:54:43+00:00,false,,onsite,full_time,senior,,2026-09-17T00:29:52.261536+00:00,employer,simplify,https://simplify.jobs/p/d7dbe8e3-d266-4087-a805-7b686a857df5
https://collectorsuniverse.wd1.myworkdayjobs.com/collectors/job/US---Remote/Senior-Software-Engineer--Back-End--Payments-_JR105356?utm_source=Simplify,Senior Software Engineer - Back-End - Payments,Collectors,Remote; Remote in USA,140971.0,228870.0,USD,,,2026-09-03T19:00:22+00:00,2026-07-04T10:21:57+00:00,false,,remote,full_time,senior,,2026-09-17T00:29:52.589679+00:00,ats,simplify,https://simplify.jobs/p/d937b20d-0b8d-44b4-80dd-9abd9de92803
https://jobs.ashbyhq.com/Lightfield/b32dc57b-ffa0-4bb7-99c8-f469c3876002/application?embed=true&utm_source=Simplify,Software Engineer - Applied AI - Staff,Lightfield,"San Francisco, CA, USA",220000.0,300000.0,USD,,,2026-09-04T04:42:01+00:00,2025-10-31T00:35:34+00:00,false,,onsite,full_time,senior,,2026-09-17T00:05:53.942724+00:00,ats,simplify,https://simplify.jobs/p/2523ec4f-8f72-42c2-81e6-255d52de968c
"https://careers-inc.nttdata.com/job/Plano-Senior-Software-Engineer,-Contact-Center-Platforms-(JavaAWSAmazon-Connect)-TX/1428509500/?ats=successfactors&utm_source=Simplify",Senior Software Engineer - Contact Center Platforms,NTT Data,"Plano, TX, USA",102675.0,136900.0,USD,,,2026-09-10T22:15:01+00:00,2026-09-10T22:10:46+00:00,false,,hybrid,full_time,mid | senior,,2026-09-17T00:29:57.482588+00:00,employer,simplify,https://simplify.jobs/p/07a12ed4-88fa-46eb-b15a-13f87258c97b
https://job-boards.greenhouse.io/applytonumeral/jobs/4557887004?gh_src=Simplify,Software Engineer - Full Stack,Numeral,"San Francisco, CA, USA; Remote in USA",135000.0,200000.0,USD,,,2025-11-14T23:36:50+00:00,2025-11-14T23:36:50+00:00,false,,hybrid,full_time,mid | senior,,2026-09-17T00:05:58.110842+00:00,ats,simplify,https://simplify.jobs/p/a9d092fd-c59a-4e35-9b7a-6a10c06e2f31
https://trimedx.wd1.myworkdayjobs.com/TMX/job/US-IN-Indianapolis---Central-Office/Sr-Software-Engineer_R14060-1?utm_source=Simplify,Senior Software Engineer,TRIMEDX,"Remote; Indianapolis, IN, USA",,,,,,2026-09-04T08:03:01+00:00,2026-07-04T10:13:13+00:00,false,,remote,full_time,mid,,2026-09-17T00:30:08.279090+00:00,ats,simplify,https://simplify.jobs/p/b155b2d2-a4a6-4abe-96fb-db4f2f677f9d | https://simplify.jobs/p/12c2253c-b6ee-425c-b31c-03a2d838513c
https://job-boards.greenhouse.io/queracomputinginc/jobs/5409770008?gh_src=Simplify,Senior QPU Software Engineer,QuEra Computing,"Boston, MA, USA",,,,,,2026-09-03T05:57:06+00:00,2026-08-28T21:06:27+00:00,false,,onsite,full_time,senior,,2026-09-17T00:05:59.405099+00:00,ats,simplify,https://simplify.jobs/p/8a29151d-9621-404d-a292-9cd3266a1ec0
https://accenture.wd103.myworkdayjobs.com/AccentureCareers/job/Hyderabad/Custom-Software-Engineer_ATCI-5614546-S2058420-1?utm_source=Simplify,Custom Software Engineer,Accenture,"Coimbatore, Tamil Nadu, India; Hyderabad, Telangana, India; Bengaluru, Karnataka, India",,,,,,2026-09-03T20:48:22+00:00,2026-08-05T14:06:53+00:00,false,,onsite,full_time,senior,,2026-09-17T00:30:12.798376+00:00,ats,simplify,https://simplify.jobs/p/01bdc324-b58c-43da-90ef-23f3b2477ff7 | https://simplify.jobs/p/885d6700-c4da-459b-8d04-c51714fccb91 | https://simplify.jobs/p/3d67a0c6-98fa-4a30-9ad0-1bc135cde7b5
https://cloudera.wd5.myworkdayjobs.com/external_career/job/US-California-San-Jose/Staff-Software-Engineer---Anywhere-Cloud---AI-Systems---Runtimes_260367-2?utm_source=Simplify,Staff Software Engineer - Anywhere Cloud - AI Systems & Runtimes,Cloudera,"San Jose, CA, USA",184000.0,230000.0,USD,,,2026-09-04T04:42:01+00:00,2026-06-13T10:03:05+00:00,false,,hybrid,full_time,mid | senior,,2026-09-17T00:30:08.063903+00:00,ats,simplify,https://simplify.jobs/p/1c78d557-6a2e-485d-ba74-d03c7d5b69a5
https://job-boards.greenhouse.io/bswiftindia/jobs/4684070006?gh_src=Simplify,AI/ML Software Engineer,bswift,"Bengaluru, Karnataka, India",,,,,,2026-09-08T07:21:02+00:00,2026-06-17T11:33:20+00:00,false,,hybrid,full_time,mid | senior,,2026-09-17T00:06:00.321208+00:00,ats,simplify,https://simplify.jobs/p/97182d06-df3f-42d9-b28b-8473e952ee77
https://jobs.ashbyhq.com/endeavorai/b3c92907-23a6-43ac-b6b5-eaaf6fa6aacf/application?embed=true&utm_source=Simplify,Senior Software Engineer,endeavorai.com,"San Francisco, CA, USA",250000.0,250000.0,USD,,,2026-09-03T19:51:22+00:00,2026-07-21T01:15:35+00:00,false,,onsite,full_time,senior,,2026-09-17T00:30:13.268633+00:00,ats,simplify,https://simplify.jobs/p/d9165f62-21c3-4a7d-9cba-a08f9726ea78
https://job-boards.greenhouse.io/enigmaio/jobs/7963836?gh_src=Simplify,Senior Software Engineer - Match Team,Enigma,"Los Angeles, CA, USA; New York, NY, USA",,,,,,2026-09-03T18:42:29+00:00,2026-06-02T22:19:38+00:00,false,,onsite,full_time,senior,,2026-09-17T00:06:08.545729+00:00,ats,simplify,https://simplify.jobs/p/8136a4fd-96f4-45c2-a34a-b6003285fe77
https://www.okta.com/company/careers/ga/senior-software-engineer-fullstack-8203481/?gh_src=Simplify,Senior Software Engineer - Fullstack,Okta,"Bengaluru, Karnataka, India",,,,,,2026-09-15T14:27:01+00:00,2026-09-15T14:19:49+00:00,false,,hybrid,full_time,senior,,2026-09-17T00:30:15.482696+00:00,employer,simplify,https://simplify.jobs/p/b2e1ca0a-ed99-46c4-8752-5a606f9a2ace | https://simplify.jobs/p/b276fe6d-1cac-4ad5-94c3-2a8d4941426c
https://jobs.ashbyhq.com/taekus/796e780f-809d-4058-a517-bbd9f79732ce/application?embed=true&utm_source=Simplify,Senior Full-Stack Software Engineer,Taekus,Remote; Remote in USA,175000.0,230000.0,USD,,,2026-09-04T07:24:02+00:00,2026-03-05T15:20:45+00:00,false,,remote,full_time,senior,,2026-09-17T00:06:06.743503+00:00,ats,simplify,https://simplify.jobs/p/d0adeb28-6476-4154-83a8-c62111d97dc9
https://agilent.wd5.myworkdayjobs.com/Agilent_Careers/job/India-Hyderabad-Raidurg-Village/Senior-Software-Engineer---Coveo-Search_4039048-3?utm_source=Simplify,Senior Software Engineer - Coveo Search,Agilent Technologies,"Hyderabad, Telangana, India; Bengaluru, Karnataka, India; Gurugram, India",,,,,,2026-09-16T12:54:18+00:00,2026-08-11T00:00:00+00:00,false,,hybrid,full_time,senior,,2026-09-17T00:30:21.923689+00:00,ats,simplify,https://simplify.jobs/p/e58dce6e-bb7f-4b91-a744-603b7734ba05
https://job-boards.greenhouse.io/metropolis/jobs/7738555003?gh_src=Simplify,Senior Software Engineer - Aeroparker,Metropolis,"Bengaluru, Karnataka, India",,,,,,2026-09-15T22:36:01+00:00,2026-08-12T22:34:25+00:00,false,,hybrid,full_time,senior,,2026-09-17T00:06:08.949524+00:00,ats,simplify,https://simplify.jobs/p/914871e6-4bf1-47e0-bc0d-c4b0338480db
https://jobs.ashbyhq.com/protegrity/d083ebce-a7b7-4782-a482-7eb5989eb435/application?embed=true&utm_source=Simplify,GenAI Backend Software Engineer,Protegrity,"San Francisco, CA, USA; Menlo Park, CA, USA",209100.0,234100.0,USD,,,2026-09-03T17:24:21+00:00,2025-11-27T02:18:17+00:00,false,,hybrid,full_time,senior,,2026-09-17T00:30:25.289147+00:00,ats,simplify,https://simplify.jobs/p/4bd0c886-cb18-469e-adda-2b5fbeeaa566
https://jobs.ashbyhq.com/ironcladhq/b640b3f3-4dd4-47eb-ab3c-1911535e3573/application?embed=true&utm_source=Simplify,Senior Software Engineer,Ironclad,"San Francisco, CA, USA",180000.0,200000.0,USD,,,2026-09-16T22:36:01+00:00,2026-09-16T22:19:12+00:00,false,,hybrid,full_time,mid | senior,,2026-09-17T00:06:10.950979+00:00,ats,simplify,https://simplify.jobs/p/827673fa-3cce-4189-b518-36707e48a602
https://cisco.wd5.myworkdayjobs.com/cisco_careers/job/San-Jose-California-US/Senior-Staff-Software-Engineer---AI-Security-Platform_2022975?utm_source=Simplify,Senior Staff Software Engineer - AI/Security Platform,Cisco,"San Francisco, CA, USA; San Jose, CA, USA",192400.0,356300.0,USD,,,2026-09-12T11:15:01+00:00,2026-09-03T00:00:00+00:00,false,,hybrid,full_time,senior,,2026-09-17T00:30:29.116244+00:00,ats,simplify,https://simplify.jobs/p/86b373b1-a7b4-4d34-bd72-9c633b1d8172
https://jobs.ashbyhq.com/kineticsystems/01e201ce-cedf-436a-8c7f-8006e6126771/application?embed=true&utm_source=Simplify,Member of Technical Staff Software Engineer,Kinetic Systems,"San Francisco, CA, USA",,,,,,2026-09-04T09:42:02+00:00,2026-07-21T01:14:48+00:00,false,,onsite,full_time,mid,,2026-09-17T00:30:27.395510+00:00,ats,simplify,https://simplify.jobs/p/43d920e1-da84-4747-b67f-b0765ea5c687
https://job-boards.greenhouse.io/addepar1/jobs/8545174002?gh_src=Simplify,Staff Software Engineer - Reference Data,Addepar,"New York, NY, USA",150000.0,234000.0,USD,,,2026-09-11T14:30:32+00:00,2026-05-13T14:07:37+00:00,false,,onsite,full_time,senior,,2026-09-17T00:06:12.223940+00:00,ats,simplify,https://simplify.jobs/p/20721651-858c-45db-9937-f293578d51be
https://jobs.ashbyhq.com/kalshi/35ff02ff-c0b0-4560-96c8-4a6a9e4db9f2/application?embed=true&utm_source=Simplify,Software Engineer - Mobile,Kalshi,"New York, NY, USA",180000.0,250000.0,USD,,,2026-09-03T18:27:21+00:00,2026-05-19T01:09:01+00:00,false,,onsite,full_time,senior,,2026-09-17T00:30:27.719379+00:00,ats,simplify,https://simplify.jobs/p/63ff9615-f9ff-4b57-85b8-328c21588f47
https://job-boards.greenhouse.io/scaleai/jobs/4711898005?gh_src=Simplify,Senior Software Engineer - Identity,Scale AI,"Washington, DC, USA; San Francisco, CA, USA; New York, NY, USA",216000.0,270000.0,USD,,,2026-09-03T21:33:19+00:00,2026-07-08T22:25:25+00:00,false,,onsite,full_time,senior,,2026-09-17T00:06:20.189277+00:00,ats,simplify,https://simplify.jobs/p/79a931e3-49a7-4d0f-9d2f-b2eb2a964a2f
https://jobs.lever.co/shieldai/cfc41052-1dd6-47d7-b377-3e629a991d45/apply?lever-source=Simplify,Senior Staff Software Engineer - Autonomous Pilot Integration - Emerging Domains,Shield AI,"Washington, DC, USA",233760.0,350640.0,USD,,,2026-09-03T19:57:26+00:00,2026-07-21T22:11:14+00:00,false,,hybrid,full_time,,,2026-09-17T00:06:12.659721+00:00,ats,simplify,https://simplify.jobs/p/8f88d7e7-a9ef-4d54-bc86-fe3fbd0813b1
https://job-boards.greenhouse.io/koboldmetals/jobs/4725284005?gh_src=Simplify,Senior Software Engineer - Scientific Computing - Hardware/Sensors,KoBold Metals,Remote; Remote in USA; Remote in Canada,170000.0,215000.0,USD,,,2026-09-14T18:13:11+00:00,2026-08-18T23:00:29+00:00,false,,remote,full_time,senior,,2026-09-17T00:06:19.966356+00:00,ats,simplify,https://simplify.jobs/p/ac1ecab4-d38c-480b-8545-e59a921b7526
https://jobs.ashbyhq.com/tenex/162c1f2e-1111-41a1-a344-2222687283f8/application?embed=true&utm_source=Simplify,Senior Software Engineer,TENEX.AI,"San Jose, CA, USA; Kansas City, MO, USA; United States; Sarasota, FL, USA",120000.0,170000.0,USD,,,2026-09-03T17:15:21+00:00,2025-10-31T02:46:50+00:00,false,,hybrid,full_time,senior,,2026-09-17T00:06:12.998859+00:00,ats,simplify,https://simplify.jobs/p/f77de251-95d2-4f50-9d6d-ddc0ecd7e739
https://job-boards.greenhouse.io/parallel/jobs/5137372007?gh_src=Simplify,Senior Software Engineer,Parallel Systems,"Los Angeles, CA, USA",150000.0,212000.0,USD,,,2026-09-04T07:51:01+00:00,2026-05-14T01:15:12+00:00,false,,onsite,full_time,senior,,2026-09-17T00:06:20.393357+00:00,ats,simplify,https://simplify.jobs/p/6069f5a8-ab57-4192-ab95-108ea1349597
https://boeing.wd1.myworkdayjobs.com/EXTERNAL_CAREERS/job/USA---Daytona-Beach-FL/Senior-Software-Engineer-Mission-Systems-Software-Developer_JR2026516259-2?utm_source=Simplify,Senior Software Engineer Mission Systems Software Developer,Boeing,"Daytona Beach, FL, USA",184450.0,249550.0,USD,,,2026-09-04T08:27:01+00:00,2026-07-08T14:12:54+00:00,false,,onsite,full_time,,,2026-09-17T00:30:32.497807+00:00,ats,simplify,https://simplify.jobs/p/81e7c735-6d1f-441a-8310-c6eebcd1681b | https://simplify.jobs/p/72edccf9-3c1e-4695-b50d-8d416888a157
https://jobs.lever.co/standtogether/095d9fbf-2524-48bb-baad-85dfea420915/apply?lever-source=Simplify,Senior Full-Stack Software Engineer - Back-End Focused,Stand Together,"Remote; Arlington, VA, USA",140000.0,170000.0,USD,,,2026-09-03T19:06:23+00:00,2026-06-30T22:08:44+00:00,false,,remote,full_time,senior,,2026-09-17T00:06:15.501142+00:00,ats,simplify,https://simplify.jobs/p/f672ae3c-19ca-4361-9539-9758f125cd56
https://job-boards.greenhouse.io/simplisafe/jobs/8112955?gh_src=Simplify,Senior Software Engineer - CLV Monitoring,SimpliSafe,"Boston, MA, USA",117300.0,156400.0,USD,,,2026-09-04T01:48:21+00:00,2026-08-11T17:23:54+00:00,false,,hybrid,full_time,senior,,2026-09-17T00:06:20.633319+00:00,ats,simplify,https://simplify.jobs/p/c7d810bc-7587-49c6-8801-407cea86a603
https://jobs.ashbyhq.com/opus-training/17cb8955-f201-4978-b511-e3258ef0ab43/application?embed=true&utm_source=Simplify,Senior/Staff Software Engineer,Opus,"New York, NY, USA",200000.0,280000.0,USD,,,2026-09-03T19:51:22+00:00,2026-07-21T01:15:10+00:00,false,,hybrid,full_time,senior,,2026-09-17T00:30:40.032849+00:00,ats,simplify,https://simplify.jobs/p/bce5634c-9379-47ac-96be-a596b3ebe247
https://jobs.lever.co/CesiumAstro/e1d6857c-a25c-44d5-9dba-91f1e4355042/apply?lever-source=Simplify,Senior Embedded Software Engineer,CesiumAstro,"Melbourne, FL, USA",,,,,,2026-09-03T05:27:07+00:00,2026-08-30T21:42:20+00:00,false,,onsite,full_time,senior,,2026-09-17T00:06:16.180440+00:00,ats,simplify,https://simplify.jobs/p/3743a10c-3d2f-495e-843d-db25260ae463
https://salesforce.wd12.myworkdayjobs.com/External_Career_Site/job/California---Palo-Alto/Senior-Software-Engineer_JR360316?utm_source=Simplify,Senior Software Engineer,Salesforce,"Palo Alto, CA, USA; Seattle, WA, USA; San Francisco, CA, USA; Bellevue, WA, USA",117200.0,313700.0,USD,,,2026-09-16T22:28:07+00:00,2026-09-16T00:00:00+00:00,false,,hybrid,full_time,mid | senior,,2026-09-17T00:30:40.504763+00:00,ats,simplify,https://simplify.jobs/p/b23d4da4-aacd-427f-80fa-a430e1e15c83
https://job-boards.greenhouse.io/gusto/jobs/7943169?gh_src=Simplify,Staff Software Engineer - Pricing and Packaging Engineering,Gusto,"San Francisco, CA, USA",163000.0,204000.0,USD,,,2026-09-03T19:00:22+00:00,2026-06-25T22:22:51+00:00,false,,hybrid,full_time,senior,,2026-09-17T00:06:20.896474+00:00,ats,simplify,https://simplify.jobs/p/96585f6e-ffdc-4b6e-8f43-034c58964004
https://www.klaviyo.com/careers/jobs/7767542003?gh_jid=7767542003&gh_src=Simplify,Senior Software Engineer - Composer AI Product,Klaviyo,"Boston, MA, USA",148000.0,222000.0,USD,,,2026-09-04T04:42:01+00:00,2026-06-24T14:14:30+00:00,false,,onsite,full_time,senior,,2026-09-17T00:30:41.920504+00:00,employer,simplify,https://simplify.jobs/p/f899d1fe-f62f-4715-86cb-4e4748391add
https://job-boards.eu.greenhouse.io/proton/jobs/4836677101?gh_src=Simplify,Software Engineer - Linux,Proton,"London, UK",,,,,,2026-09-03T19:12:22+00:00,2026-07-01T22:25:28+00:00,false,,onsite,full_time,senior,,2026-09-17T00:06:18.236022+00:00,ats,simplify,https://simplify.jobs/p/cfedec1a-d874-4eaa-bd49-bd678f418d7f
https://jobs.ashbyhq.com/harvey/8c07cb74-765a-46ea-a0f1-795f45597d79/application?embed=true&utm_source=Simplify,Staff Software Engineer - OfficeJS,Harvey,"New York, NY, USA",231000.0,340000.0,USD,,,2026-09-16T09:27:05+00:00,2026-06-26T01:09:05+00:00,false,,hybrid,full_time,senior,,2026-09-17T00:06:17.908812+00:00,ats,simplify,https://simplify.jobs/p/47cb4219-89c8-4639-ab7a-170f95803a7e
https://job-boards.greenhouse.io/scoutmotors/jobs/5182309007?gh_src=Simplify,Senior Staff Software Engineer - Software & Frameworks - Android Applications,Scout Motors,"Fremont, CA, USA; Charlotte, NC, USA",180000.0,242000.0,USD,,,2026-09-04T09:15:01+00:00,2026-07-08T22:33:52+00:00,false,,onsite,full_time,,,2026-09-17T00:06:21.607013+00:00,ats,simplify,https://simplify.jobs/p/1a947a81-8680-499c-9278-f44585c4eee3
https://nvidia.wd5.myworkdayjobs.com/NVIDIAExternalCareerSite/job/US-CA-Santa-Clara/Senior-Software-Engineer---NVIDIA-Warp_JR2022492?utm_source=Simplify,Senior Software Engineer - Nvidia Warp,NVIDIA,"Remote in USA; Santa Clara, CA, USA",184000.0,356500.0,USD,,,2026-09-04T06:18:01+00:00,2026-08-10T00:00:00+00:00,false,,hybrid,full_time,senior,,2026-09-17T00:30:46.240005+00:00,ats,simplify,https://simplify.jobs/p/7e0d96f8-3dd6-4937-b467-4e4651cf9c1f
https://apply.workable.com/scitec/j/28E4A245F8/apply?utm_source=Simplify,Numerical Algorithm Software Engineer,SciTec,"Boulder, CO, USA",102000.0,157000.0,USD,,,2026-09-03T18:36:19+00:00,2026-05-15T22:08:39+00:00,false,,onsite,full_time,junior | mid | senior,,2026-09-17T00:30:48.496699+00:00,ats,simplify,https://simplify.jobs/p/ded9d845-035b-4113-9b48-5893faa92b53
https://jobs.ashbyhq.com/airwallex/1e6358fd-ea77-4bce-a02c-a6f62b5ec1b6/application?embed=true&utm_source=Simplify,Staff Software Engineer - AI Tooling - Information Security,Airwallex,"Melbourne VIC, Australia; Sydney NSW, Australia",,,,,,2026-09-04T04:42:01+00:00,2026-06-05T09:09:14+00:00,false,,onsite,full_time,senior,,2026-09-17T00:06:20.240437+00:00,ats,simplify,https://simplify.jobs/p/da3a13ca-85a3-485e-9539-3ffae5b29833
https://job-boards.greenhouse.io/bloomerang/jobs/4679137005?gh_src=Simplify,Senior Software Engineer Tech Lead,Bloomerang,Remote; Remote in USA,114800.0,191400.0,USD,,,2026-09-04T07:36:01+00:00,2026-06-08T01:09:46+00:00,false,,remote,full_time,senior,,2026-09-17T00:06:22.176773+00:00,ats,simplify,https://simplify.jobs/p/4f313537-8aa1-4735-aa75-d29ce9c7f01a
https://careers.cisco.com/global/en/job/2015833/Software-Engineer-Silicon-One-Software?utm_source=Simplify,Software Engineer - Silicon One Software,Cisco,"Bengaluru, Karnataka, India",,,,,,2026-09-16T10:32:31+00:00,2026-07-02T01:33:35+00:00,false,,onsite,full_time,senior,,2026-09-17T00:30:56.908331+00:00,employer,simplify,https://simplify.jobs/p/b772d430-3fee-4480-b2c6-e5d4d60f249a
https://job-boards.greenhouse.io/mozilla/jobs/8188876?gh_src=Simplify,Senior Software Engineer - Add-Ons,Mozilla,Remote; Remote in UK,66000.0,87000.0,GBP,,,2026-09-15T22:12:02+00:00,2026-09-15T22:06:48+00:00,false,,remote,full_time,senior,,2026-09-17T00:06:23.657572+00:00,ats,simplify,https://simplify.jobs/p/b62dd6d3-3b30-4ac5-9206-96824bd3d47b
https://job-boards.greenhouse.io/prophecysimpledatalabs/jobs/5188371007?gh_src=Simplify,Staff Software Engineer,Prophecy,"Bengaluru, Karnataka, India",,,,,,2026-09-03T20:27:22+00:00,2026-07-20T06:06:55+00:00,false,,onsite,full_time,senior,,2026-09-17T00:06:22.756476+00:00,ats,simplify,https://simplify.jobs/p/9f15c64f-d53b-4fec-b3c3-9ebe346b5b63
https://job-boards.greenhouse.io/gusto/jobs/8121732?gh_src=Simplify,Staff Software Engineer - Retirement,Gusto,United States,163000.0,247000.0,USD,,,2026-09-03T12:18:01+00:00,2026-08-24T14:35:51+00:00,false,,hybrid,full_time,senior,,2026-09-17T00:06:23.173199+00:00,ats,simplify,https://simplify.jobs/p/45807bef-97af-4c76-a45d-d351b3166ea3
https://job-boards.greenhouse.io/vercel/jobs/6098390004?gh_src=Simplify,Software Engineer - Eve,Vercel,"San Francisco, CA, USA; New York, NY, USA",208000.0,312000.0,USD,,,2026-09-15T14:39:01+00:00,2026-06-20T22:14:40+00:00,false,,hybrid,full_time,senior,,2026-09-17T00:06:23.418107+00:00,ats,simplify,https://simplify.jobs/p/1a4ddd2b-2bb1-4bdb-b3be-3af107743566
https://www.datavant.com/about/careers/open-roles/job?gh_jid=4518182008&gh_src=Simplify,Staff Software Engineer,Datavant,Remote; Remote in USA,220000.0,275000.0,USD,,,2026-09-04T06:57:01+00:00,2026-08-31T19:18:23+00:00,false,,remote,full_time,senior,,2026-09-17T00:31:00.133148+00:00,employer,simplify,https://simplify.jobs/p/be99d8d6-58c1-4bae-925b-89ce3806c56a
https://jobs.ashbyhq.com/rula/960bf1ee-6bd2-45b9-aabe-22001ecf0f16/application?embed=true&utm_source=Simplify,Senior Software Engineer - Provider Access,Rula,"Remote; Los Angeles, CA, USA; Remote in USA",172550.0,203000.0,USD,,,2026-09-03T19:00:22+00:00,2026-06-25T22:08:17+00:00,false,,remote,full_time,senior,,2026-09-17T00:31:03.239338+00:00,ats,simplify,https://simplify.jobs/p/3bacd470-502d-4be5-9918-ad024093e986
https://onto.wd1.myworkdayjobs.com/onto_careers/job/Wilmington-MA-Upton/Senior-Software-Engineer_R-4794?utm_source=Simplify,Embedded Software Engineer,Onto Innovation,"Wilmington, MA, USA",,,,,,2026-09-03T17:09:30+00:00,2026-07-04T10:42:35+00:00,false,,onsite,full_time,mid | senior,,2026-09-17T00:31:05.743404+00:00,ats,simplify,https://simplify.jobs/p/ed91d025-6473-4b39-b4ce-cd6ecdf7d5e8
https://jobs.ashbyhq.com/Perk/f6e364cd-882d-43c8-bb3f-ba3bc9bc0ef5/application?embed=true&utm_source=Simplify,Staff Software Engineer,Perk,"Boston, MA, USA",174000.0,215000.0,USD,,,2026-09-11T11:27:01+00:00,2026-06-29T22:08:18+00:00,false,,hybrid,full_time,senior,,2026-09-17T00:31:05.104557+00:00,ats,simplify,https://simplify.jobs/p/cf272006-10b7-4304-9095-b7d4a792ec76
https://job-boards.greenhouse.io/spacex/jobs/8642277002?gh_src=Simplify,Sr. Software Engineer - Starfall,SpaceX,"West Athens, CA, USA",165000.0,230000.0,USD,,,2026-09-03T19:51:22+00:00,2026-07-21T06:23:45+00:00,false,,onsite,full_time,senior,,2026-09-17T00:06:26.897518+00:00,ats,simplify,https://simplify.jobs/p/58099307-d930-4c07-9044-02ddb51c0e9c
https://jobs.ashbyhq.com/EliseAI/efc949ef-22ce-401c-8161-091e387e776d/application?embed=true&utm_source=Simplify,Staff Software Engineer,EliseAI,"San Francisco, CA, USA",300000.0,400000.0,USD,,,2026-09-09T08:30:28+00:00,2025-07-09T15:21:57+00:00,false,,onsite,full_time,senior,,2026-09-17T00:06:27.291750+00:00,ats,simplify,https://simplify.jobs/p/052e144f-d854-413d-be5b-482c32d509c2
https://bah.wd1.myworkdayjobs.com/bah_jobs/job/Dayton-OH/Software-Engineer-and-Developer_R0243825?utm_source=Simplify,Software Engineer and Developer,Booz Allen,"Dayton, OH, USA",86800.0,198000.0,USD,,,2026-09-03T19:18:21+00:00,2026-07-06T22:14:31+00:00,false,,onsite,full_time,mid | senior,,2026-09-17T00:31:13.746861+00:00,ats,simplify,https://simplify.jobs/p/fdef8280-c202-4f9b-86af-bdb96c850b58
https://jobs.jobvite.com/visionist/job/owlCAfwN?nl=1&nl=1&fr=false&utm_source=Simplify,Senior Software Engineer,Visionist,"Laurel, MD, USA; Columbia, MD, USA",180000.0,225000.0,USD,,,2026-09-04T01:03:21+00:00,2026-08-07T22:20:17+00:00,false,,hybrid,full_time,,,2026-09-17T00:06:29.099131+00:00,ats,simplify,https://simplify.jobs/p/f098db94-a1eb-443e-a525-a6823b33f3c5
https://jobs.ashbyhq.com/vanta/ed632c31-2a66-4c91-8d29-f450bbd4de67/application?embed=true&utm_source=Simplify,Senior Fullstack Software Engineer,Vanta,Remote; Remote in USA,224000.0,263000.0,USD,,,2026-09-04T12:54:01+00:00,2026-08-26T22:31:41+00:00,false,,remote,full_time,senior,,2026-09-17T00:31:20.506607+00:00,ats,simplify,https://simplify.jobs/p/0a3f0d89-951d-4e07-b6c7-2bd7321f422e
https://careers-idirect.icims.com/jobs/2882/job?mobile=true&needsRedirect=false&utm_source=Simplify,Senior Software Engineer Embedded Application,ST Engineering iDirect,Remote; Remote in India,,,,,,2026-09-12T10:33:01+00:00,2026-08-21T17:38:16+00:00,false,,remote,full_time,mid | senior,,2026-09-17T00:06:31.813994+00:00,ats,simplify,https://simplify.jobs/p/792b8ec9-ee9d-459f-9e7b-218dc86c0cc7
https://qualys.wd5.myworkdayjobs.com/en-US/Careers/job/Pune/Senior-Software-Engineer_R0004941?utm_source=Simplify,Senior Software Engineer,Qualys,"Pune, Maharashtra, India",,,,,,2026-09-04T03:12:21+00:00,2026-08-05T00:00:00+00:00,false,,onsite,full_time,mid | senior,,2026-09-17T00:31:27.419058+00:00,ats,simplify,https://simplify.jobs/p/c6b0029b-d55f-4628-ade9-a1bc794eacb0 | https://simplify.jobs/p/5a9f4392-f142-4e3a-9042-c1bc998b4ca2
https://kbr.wd5.myworkdayjobs.com/KBR_Careers/job/Colorado-Springs-Colorado/Senior-Software-Engineer_R2125303?utm_source=Simplify,Senior Software Engineer,KBR,"Colorado Springs, CO, USA",127000.0,190000.0,USD,,,2026-09-03T18:54:19+00:00,2026-07-24T22:17:58+00:00,false,,onsite,full_time,senior,,2026-09-17T00:31:26.327659+00:00,ats,simplify,https://simplify.jobs/p/617092a6-1f85-4250-919c-62836f1f31e4
https://careers-hrblock.icims.com/jobs/64922/job?mobile=true&needsRedirect=false&utm_source=Simplify,Senior Software Engineer,H&R Block,"Kansas City, MO, USA",,,,,,2026-09-03T16:39:14+00:00,2026-08-14T04:00:42+00:00,false,,onsite,full_time,mid | senior,,2026-09-17T00:06:32.500269+00:00,ats,simplify,https://simplify.jobs/p/44c6e2ec-6e3c-4706-874c-29ebdea24c6e
https://nvidia.wd5.myworkdayjobs.com/NVIDIAExternalCareerSite/job/US-MA-Westford/Senior-Fullstack-Software-Engineer_JR2021866?utm_source=Simplify,Senior Fullstack Software Engineer,NVIDIA,"Austin, TX, USA; Santa Clara, CA, USA; Westford, MA, USA",,,,,,2026-09-04T10:06:01+00:00,2026-07-28T00:00:00+00:00,false,,hybrid,full_time,senior,,2026-09-17T00:31:30.337975+00:00,ats,simplify,https://simplify.jobs/p/1a595953-499d-4b6b-aa7a-604f39ae3f2b
https://job-boards.greenhouse.io/natera/jobs/5993307004?gh_src=Simplify,Software Engineer - Full Stack,Natera,"San Carlos, CA, USA",66.0,83.0,USD,,,2026-09-04T07:51:01+00:00,2026-06-29T22:34:49+00:00,false,,hybrid,full_time,senior,,2026-09-17T00:06:34.198570+00:00,ats,simplify,https://simplify.jobs/p/b4c2aa0b-ce07-41c4-877f-8431900d3aff
https://23andme.wd5.myworkdayjobs.com/23/job/Palo-Alto-HQ/Sr-Software-Engineer_2026045?utm_source=Simplify,Senior Software Engineer,23andMe,"Palo Alto, CA, USA",160000.0,200000.0,USD,,,2026-09-03T16:57:18+00:00,2026-07-22T00:00:00+00:00,false,,hybrid,full_time,mid | senior,,2026-09-17T00:31:37.521061+00:00,ats,simplify,https://simplify.jobs/p/0a76311b-bb0c-4de5-9da8-71ef0db670af
https://nvidia.wd5.myworkdayjobs.com/NVIDIAExternalCareerSite/job/US-CA-Santa-Clara/Senior-System-Software-Engineer---CUDA-Chips_JR2013322?utm_source=Simplify,Senior System Software Engineer - CUDA Chips,NVIDIA,"Santa Clara, CA, USA",152000.0,287500.0,USD,,,2026-09-15T08:27:02+00:00,2026-07-06T22:12:28+00:00,false,,onsite,full_time,senior,,2026-09-17T00:31:42.307186+00:00,ats,simplify,https://simplify.jobs/p/06afbaeb-f2d4-4544-a855-75181eeb3d25
https://careers.cisco.com/global/en/apply?jobSeqNo=CISCISGLOBAL2022971EXTERNALENGLOBAL&utm_source=Simplify&step=1&stepname=personalInformation,Senior Software Engineer - Routing Platform & Infrastructure,Cisco,"Milpitas, CA, USA",167700.0,245200.0,USD,,,2026-09-16T08:50:22+00:00,2026-09-03T03:54:30+00:00,false,,hybrid,full_time,senior,,2026-09-17T00:31:58.046284+00:00,employer,simplify,https://simplify.jobs/p/292c2818-8d8f-4c6f-8e85-2a49ba1ead0c
https://flatiron.com/careers/open-positions/job?gh_jid=8013372&gh_src=Simplify,Senior Software Engineer,Flatiron Health,"Berlin, Germany",84000.0,115500.0,EUR,,,2026-09-03T21:33:19+00:00,2026-07-09T14:30:07+00:00,false,,onsite,full_time,mid | senior,,2026-09-17T00:31:46.421135+00:00,employer,simplify,https://simplify.jobs/p/a54f88d7-7bfe-4c12-8fac-cb5969437e3c
https://alegeus.wd1.myworkdayjobs.com/en-US/Alegeus_External_Careers/job/Bangalore---India/Software-Engineer---CDH-Applications_R-101139?utm_source=Simplify,Software Engineer – CDH Applications,Alegeus,"Bengaluru, Karnataka, India",,,,,,2026-09-03T18:03:18+00:00,2026-06-13T14:37:32+00:00,false,,onsite,full_time,mid | senior,,2026-09-17T00:31:49.131765+00:00,ats,simplify,https://simplify.jobs/p/281224b2-9def-417e-ba45-06e25c99309a
https://jobs.ashbyhq.com/Nango/cc65bf5d-988e-4b82-827a-eb13eacb83a0/application?embed=true&utm_source=Simplify,Staff Software Engineer - Backend,Nango,Remote; Remote in USA; Remote in UK; Remote in Canada,140000.0,220000.0,USD,,,2026-09-03T07:51:07+00:00,2026-08-26T21:55:47+00:00,false,,remote,full_time,senior,,2026-09-17T00:06:39.215338+00:00,ats,simplify,https://simplify.jobs/p/fc19f104-6d8e-4eff-b2b5-4ce48f718623
https://assetmark.wd5.myworkdayjobs.com/AssetMark_Careers/job/Austin-TX/Senior-Software-Engineer_Req-003942?utm_source=Simplify,Senior Software Engineer,AssetMark,"Austin, TX, USA",135000.0,150000.0,USD,,,2026-09-03T15:39:14+00:00,2026-08-17T00:00:00+00:00,false,,onsite,full_time,mid | senior,,2026-09-17T00:31:51.410124+00:00,ats,simplify,https://simplify.jobs/p/ec369de2-60fc-469a-b5fe-6510b99a05a7
https://cognex.wd1.myworkdayjobs.com/en-US/External_Career_Site/job/Natick-Massachusetts/Senior-Software-Engineer_R0012190?utm_source=Simplify,Senior Software Engineer - Full Stack,Cognex,"Natick, MA, USA",130000.0,170000.0,USD,,,2026-09-04T09:30:01+00:00,2026-07-14T00:00:00+00:00,false,,hybrid,full_time,mid | senior,,2026-09-17T00:31:55.346557+00:00,ats,simplify,https://simplify.jobs/p/cf17b025-e378-426a-8dfe-6634167f2655
https://job-boards.greenhouse.io/enova/jobs/7967331?gh_src=Simplify,Senior Software Engineer - Platform,Enova,"Chicago, IL, USA",98000.0,140000.0,USD,,,2026-09-03T18:36:19+00:00,2026-05-29T22:12:16+00:00,false,,hybrid,full_time,mid | senior,,2026-09-17T00:06:39.934565+00:00,ats,simplify,https://simplify.jobs/p/fcbd9913-c907-4680-b468-237d567f9be2
https://mak.applytojob.com/apply/LH1AsGZ6pQ/Senior-Software-Engineer-Naval-Simulation?utm_source=Simplify,Senior Software Engineer - Naval Simulation,MAK Technologies,"Orlando, FL, USA",,,,,,2026-09-03T20:21:27+00:00,2026-07-23T06:19:08+00:00,false,,onsite,full_time,senior,,2026-09-17T00:06:41.021083+00:00,ats,simplify,https://simplify.jobs/p/867cb834-0a81-45ee-a485-79e5b265b2f3
https://jobs.lever.co/zoox/082ed20c-b8e1-4b1c-9c22-4738ad94055d/apply?lever-source=Simplify,Embedded Software Engineer - Battery Management Systems,Zoox,"San Diego, CA, USA",221000.0,265000.0,USD,,,2026-09-04T00:39:22+00:00,2026-08-06T22:07:19+00:00,false,,hybrid,full_time,senior,,2026-09-17T00:06:40.789528+00:00,ats,simplify,https://simplify.jobs/p/41f79558-038f-4e42-9bb5-f7b4ead9e87b
https://jobs.ashbyhq.com/harvey/24a1df80-c1b7-4e16-b938-1cb3b129463d/application?embed=true&utm_source=Simplify,Staff Software Engineer - Agents,Harvey,"New York, NY, USA",231000.0,340000.0,USD,,,2026-09-04T04:42:01+00:00,2026-05-01T22:08:01+00:00,false,,hybrid,full_time,senior,,2026-09-17T00:06:41.366369+00:00,ats,simplify,https://simplify.jobs/p/05b7c5ca-5220-4a65-bca2-a7684edd9227
https://job-boards.greenhouse.io/renaissancelearning-nam/jobs/5394130008?gh_src=Simplify,Senior Software Engineer,Renaissance,Remote; Remote in USA,109500.0,150550.0,USD,,,2026-09-11T23:57:01+00:00,2026-09-03T02:40:33+00:00,false,,remote,full_time,senior,,2026-09-17T00:06:41.788977+00:00,ats,simplify,https://simplify.jobs/p/93a16cb2-bd9b-4eda-9f87-9ed36d6f69fe
https://jobs.ashbyhq.com/snowflake/c0b3a0bb-f3bd-4df2-863e-5abe846ba1c0/application?embed=true&utm_source=Simplify,Senior Software Engineer - Cortex Quality,Snowflake,"Menlo Park, CA, USA",200000.0,270000.0,USD,,,2026-09-03T16:03:12+00:00,2026-08-14T06:08:40+00:00,false,,hybrid,full_time,mid | senior,,2026-09-17T00:06:41.934652+00:00,ats,simplify,https://simplify.jobs/p/2d88a104-c7a0-4233-bc6b-6d2030b4232f
https://job-boards.greenhouse.io/verkada/jobs/5066093007?gh_src=Simplify,Senior Software Engineer - Storage Systems,Verkada,"San Mateo, CA, USA",130000.0,280000.0,USD,,,2026-09-04T07:24:02+00:00,2026-03-02T10:54:51+00:00,false,,onsite,full_time,senior,,2026-09-17T00:06:43.324732+00:00,ats,simplify,https://simplify.jobs/p/47b1832d-c50e-4224-a677-233d00cd0de2
https://job-boards.greenhouse.io/lightmatter/jobs/5419848008?gh_src=Simplify,Embedded Software Engineer - Lasers,Lightmatter,"Boston, MA, USA",140000.0,165000.0,USD,,,2026-09-11T23:57:01+00:00,2026-09-11T23:54:54+00:00,false,,hybrid,full_time,mid | senior,,2026-09-17T00:06:43.052452+00:00,ats,simplify,https://simplify.jobs/p/a6a0b236-c97d-4546-a4c8-c91e93cb22dd
https://jobs.ashbyhq.com/decagon/75f544ae-7838-4ffa-9e6b-33d7e2b6ea2b/application?embed=true&utm_source=Simplify,Senior Software Engineer - Agent Platform,Decagon,"San Francisco, CA, USA",200000.0,400000.0,USD,,,2026-09-03T17:24:21+00:00,2025-11-20T20:06:45+00:00,false,,onsite,full_time,mid | senior,,2026-09-17T00:06:43.104153+00:00,ats,simplify,https://simplify.jobs/p/ccd8f52c-62b1-4caf-887a-3a5dd31b481b
https://bah.wd1.myworkdayjobs.com/bah_jobs/job/Dayton-OH/Remote-Sensing-Software-Engineer--Senior_R0242685?utm_source=Simplify,Remote Sensing Software Engineer Senior,Booz Allen,"Remote; Dayton, OH, USA",86800.0,198000.0,USD,,,2026-09-03T19:12:22+00:00,2026-07-02T03:38:05+00:00,false,,remote,full_time,senior,,2026-09-17T00:32:04.274698+00:00,ats,simplify,https://simplify.jobs/p/6ad46709-8625-499d-9df3-352419b30ff2
https://jobs.lever.co/shieldai/4cdda6f8-a132-431b-910e-8dfc1d1fec24/apply?lever-source=Simplify,Staff Software Engineer - Autonomous Pilot Integration,Shield AI,"Washington, DC, USA",195200.0,292800.0,USD,,,2026-09-04T08:15:01+00:00,2026-06-08T22:06:19+00:00,false,,onsite,full_time,mid | senior,,2026-09-17T00:06:44.889865+00:00,ats,simplify,https://simplify.jobs/p/9761cf20-c8d4-41e1-b048-40e9823b84d8
https://jobs.ashbyhq.com/trm-labs/178c4bed-36ac-4705-97fa-48ed08d5876d/application?embed=true&utm_source=Simplify,Senior Software Engineer - Frontend - Product Engineering,TRM Labs,Remote; Remote in USA,210000.0,230000.0,USD,,,2026-09-04T08:03:01+00:00,2026-05-19T01:08:37+00:00,false,,remote,full_time,senior,,2026-09-17T00:32:02.695616+00:00,ats,simplify,https://simplify.jobs/p/51193bef-6195-454d-8eef-120dd2cf186c
https://jobs.lever.co/CesiumAstro/a0ebe685-a136-4d14-862b-c9fda5e6fcfc/apply?lever-source=Simplify,Staff Embedded Software Engineer,CesiumAstro,"El Segundo, CA, USA",140000.0,168000.0,USD,,,2026-09-03T05:27:07+00:00,2026-08-31T05:00:29+00:00,false,,onsite,full_time,senior,,2026-09-17T00:06:45.765459+00:00,ats,simplify,https://simplify.jobs/p/e6d670eb-4ff3-4962-b09e-fcbe0d64cb3f
https://job-boards.greenhouse.io/andurilindustries/jobs/5188527007?gh_src=Simplify,Senior Software Engineer - Discovery,Anduril,"Remote; Washington, DC, USA",191000.0,253000.0,USD,,,2026-09-03T20:27:22+00:00,2026-07-16T14:43:54+00:00,false,,remote,full_time,senior,,2026-09-17T00:06:46.316289+00:00,ats,simplify,https://simplify.jobs/p/575a59d9-9e85-4b45-9a1a-65de95f3933d
https://jackhenry.avature.net/careers/ApplicationMethods?jobId=17372,Senior Software Engineer - Deposit Development,Jack Henry,"Monett, MO, USA; Springfield, MO, USA",,,,,,2026-09-03T04:00:06+00:00,2026-09-01T04:59:05+00:00,false,,onsite,full_time,senior,,2026-09-17T00:32:29.146035+00:00,ats,simplify,https://simplify.jobs/p/2f989ac4-1fb9-4981-a353-4d23ff0826dc
https://jobs.ashbyhq.com/embedding-vc/cbd48067-4b1d-4630-b71d-6c48c7aeb24e/application?embed=true&utm_source=Simplify,Senior Software Engineer - Enterprise AI Platform,Embedding VC,"San Francisco, CA, USA",,,,,,2026-09-09T06:24:24+00:00,2026-09-09T06:24:04+00:00,false,,hybrid,full_time,senior,,2026-09-17T00:32:10.754022+00:00,ats,simplify,https://simplify.jobs/p/56cd8ecb-16f9-44db-a7d9-9c2c8e76462a
https://jobs.lever.co/waabi/dc22b75d-ee0a-43d4-a59c-6101a3e77478/apply?lever-source=Simplify,Senior / Staff Software Engineer,Waabi,"Toronto, ON, Canada",,,,,,2026-09-03T09:57:19+00:00,2024-06-27T19:36:32+00:00,false,,hybrid,full_time,senior,,2026-09-17T00:06:50.540277+00:00,ats,simplify,https://simplify.jobs/p/5ec4acad-c55a-46da-bca7-57ed6cc0d77b
https://jobs.lever.co/picklerobot/120446c8-6386-43c9-8bbd-f967b039430f/apply?lever-source=Simplify,Simulation Software Engineer - Robotics Platform,Pickle Robot,"Charlestown, Boston, MA, USA",120000.0,177000.0,USD,,,2026-09-04T07:51:01+00:00,2026-05-06T22:03:52+00:00,false,,hybrid,full_time,mid | senior,,2026-09-17T00:06:50.896778+00:00,ats,simplify,https://simplify.jobs/p/f5267ed2-fb1d-4fd6-8c58-9e429348b9c4
https://apply.workable.com/1global/j/4B2EA155DF/apply?utm_source=Simplify,Senior Java Software Engineer,1GLOBAL,"Berlin, Germany",,,,,,2026-09-04T01:39:21+00:00,2026-08-10T22:31:54+00:00,false,,hybrid,full_time,senior,,2026-09-17T00:32:26.643031+00:00,ats,simplify,https://simplify.jobs/p/9188608a-8b1a-40ca-9200-b1a4d6510337
https://generalmotors.wd5.myworkdayjobs.com/Careers_GM/job/Austin-Texas-United-States-of-America/Senior-Embedded-Software-Engineer---OTA_JR-202614062?utm_source=Simplify,Senior Embedded Software Engineer - OTA,General Motors,"Austin, TX, USA; Warren, MI, USA",,,,,,2026-09-16T22:39:39+00:00,2026-07-16T00:00:00+00:00,false,,hybrid,full_time,senior,,2026-09-17T00:32:30.349661+00:00,ats,simplify,https://simplify.jobs/p/23e4c820-5df5-48a1-8587-e52ae3358a99
https://job-boards.greenhouse.io/k2spacecorporation/jobs/5288028008?gh_src=Simplify,Senior Ground Software Engineer,K2 Space,"Seattle, WA, USA",150000.0,200000.0,USD,,,2026-09-04T08:42:09+00:00,2026-07-01T22:26:37+00:00,false,,onsite,full_time,mid | senior,,2026-09-17T00:06:51.667635+00:00,ats,simplify,https://simplify.jobs/p/0397888d-251d-4967-9ea5-ce207c1b350d
https://jobs.ashbyhq.com/sentry/c2b2dece-cecb-46e8-be1f-22b08d6b3483/application?embed=true&utm_source=Simplify,Senior Software Engineer - Node - JavaScript SDK,Sentry,"San Francisco, CA, USA",155000.0,400000.0,USD,,,2026-09-04T08:03:01+00:00,2026-05-19T14:08:06+00:00,false,,hybrid,full_time,senior,,2026-09-17T00:06:52.087553+00:00,ats,simplify,https://simplify.jobs/p/9e8a455b-30a7-4ede-a228-52aed8ce3e60
https://jobs.lever.co/goswift/ae7b1e71-b783-4677-9cfa-dcce51333dfa/apply?lever-source=Simplify,Senior Software Engineer - Full-stack,Swiftly,Remote; Remote in USA,130000.0,210000.0,USD,,,2026-09-16T08:42:15+00:00,2026-07-01T22:07:15+00:00,false,,remote,full_time,senior,,2026-09-17T00:06:52.299416+00:00,ats,simplify,https://simplify.jobs/p/23f73298-b3bf-4d15-84d0-fb0e342dddbb
https://job-boards.greenhouse.io/axon/jobs/7577015003?gh_src=Simplify,Sr Software Engineer II,Axon,"Dulles, VA, USA",,,,,,2026-09-04T05:18:01+00:00,2026-08-15T00:36:43+00:00,false,,hybrid,full_time,senior,,2026-09-17T00:06:53.966698+00:00,ats,simplify,https://simplify.jobs/p/32ab6b19-f70a-43fa-b390-32f3d7cef8a3
https://job-boards.greenhouse.io/clear/jobs/8021742?gh_src=Simplify,Senior Fullstack Software Engineer - Healthcare,CLEAR,"New York, NY, USA",225000.0,300000.0,USD,,,2026-09-04T08:27:01+00:00,2026-06-22T22:16:41+00:00,false,,onsite,full_time,senior,,2026-09-17T00:06:54.693337+00:00,ats,simplify,https://simplify.jobs/p/7dc1ed20-61bd-466c-92be-cef089e7185e
https://job-boards.greenhouse.io/boxinc/jobs/8147786?gh_src=Simplify,Senior Software Engineer - Identity and Security Foundation,Box,"Redwood City, CA, USA",198500.0,248000.0,USD,,,2026-09-03T09:15:09+00:00,2026-08-25T03:00:39+00:00,false,,hybrid,full_time,senior,,2026-09-17T00:06:56.102518+00:00,ats,simplify,https://simplify.jobs/p/78e2e1ba-6ddc-40cb-bc95-061d26aca289
https://careers-peraton.icims.com/jobs/166340/job?mobile=true&needsRedirect=false&utm_source=Simplify,Senior Software Engineer,Peraton,"Laurel, MD, USA",176000.0,282000.0,USD,,,2026-09-03T18:27:21+00:00,2026-05-29T22:08:28+00:00,false,,onsite,full_time,,,2026-09-17T00:06:58.117037+00:00,ats,simplify,https://simplify.jobs/p/9167e0a9-ee5f-462e-8758-ceb1cb547c05
https://jobs.ashbyhq.com/sgnlai/0dd34fcd-f0c7-4b78-b31d-f8a6ebf064a0/application?embed=true&utm_source=Simplify,Staff Software Engineer,SGNL,Remote; Remote in USA,,,,,,2026-09-03T17:54:20+00:00,2026-05-14T22:08:54+00:00,false,,remote,full_time,senior,,2026-09-17T00:06:57.847798+00:00,ats,simplify,https://simplify.jobs/p/9cb66857-41ce-41a0-ad39-de0bee84b9cd
https://job-boards.greenhouse.io/grvty/jobs/4398252009?gh_src=Simplify,Frontend Software Engineer,GRVTY,"San Antonio, TX, USA",100163.0,152103.0,USD,,,2026-09-08T22:27:26+00:00,2026-09-08T22:17:19+00:00,false,,hybrid,full_time,senior,,2026-09-17T00:06:59.162272+00:00,ats,simplify,https://simplify.jobs/p/566cb975-583a-4f15-ae5e-6a2616646bce
https://jobs.ashbyhq.com/headway/c22233f6-3143-4cb4-9c0c-8119e7ae7629/application?embed=true&utm_source=Simplify,Staff Software Engineer - Experimentation,Headway,"Remote; Seattle, WA, USA; San Francisco, CA, USA; Remote in USA; New York, NY, USA",265000.0,331000.0,USD,,,2026-09-04T01:39:21+00:00,2026-08-10T22:31:13+00:00,false,,remote,full_time,senior,,2026-09-17T00:33:19.790316+00:00,ats,simplify,https://simplify.jobs/p/85a39260-7668-4d14-8e75-4d7da36eade7
https://apply.workable.com/ecp-123/j/1A56D04E11/apply?utm_source=Simplify,Senior Software Engineer - Clinical,ECP,"Remote; Remote in USA; Chicago, IL, USA",,,,,,2026-09-03T13:39:12+00:00,2026-08-19T22:25:45+00:00,false,,remote,full_time,senior,,2026-09-17T00:33:29.444458+00:00,ats,simplify,https://simplify.jobs/p/0d5d8f47-f935-4b2d-b579-1d379023a68a
https://job-boards.greenhouse.io/andurilindustries/jobs/5232805007?gh_src=Simplify,Senior Mission Software Engineer,Anduril,"Remote; Costa Mesa, CA, USA",191000.0,253000.0,USD,,,2026-09-08T22:48:21+00:00,2026-09-08T22:32:39+00:00,false,,remote,full_time,senior,,2026-09-17T00:07:02.562465+00:00,ats,simplify,https://simplify.jobs/p/0e871e6a-2b16-48af-8630-25f18cbe333b
https://jobs.ashbyhq.com/suno/dba162e0-97f1-4efe-b4ff-c7d671a01b11/application?embed=true&utm_source=Simplify,Software Engineer - Trust & Safety,Suno,"Remote; San Francisco, CA, USA",228960.0,363510.0,USD,,,2026-09-16T10:45:07+00:00,2026-06-02T22:09:02+00:00,false,,remote,full_time,mid | senior,,2026-09-17T00:07:03.192990+00:00,ats,simplify,https://simplify.jobs/p/d1174345-6fe2-408c-afd1-4c7b4aa890f9
https://job-boards.greenhouse.io/peregrinetechnologies/jobs/4687946005?gh_src=Simplify,Staff Software Engineer - Traffic,Peregrine,"Washington, DC, USA",200000.0,275000.0,USD,,,2026-09-14T21:01:14+00:00,2026-04-27T05:08:37+00:00,false,,onsite,full_time,senior,,2026-09-17T00:07:03.543062+00:00,ats,simplify,https://simplify.jobs/p/62bd6004-17da-4577-9c96-d9c09665cb37
https://jobs.lever.co/Versana/5da264a9-120d-45b5-8d7f-15e433c372fd/apply?lever-source=Simplify,Full Stack Software Engineer,Versana,"Raleigh, NC, USA",,,,,,2026-09-12T12:06:01+00:00,2026-06-18T01:09:04+00:00,false,,hybrid,full_time,senior,,2026-09-17T00:07:04.562045+00:00,ats,simplify,https://simplify.jobs/p/3b56b514-b001-4bd5-8020-38943f0a99d0
https://jobs.ashbyhq.com/kong/b93fc7a3-cf5f-4004-aea5-843cbd7b75c0/application?embed=true&utm_source=Simplify,Senior Software Engineer - Konnect Control Plane,Kong,"Milan, Metropolitan City of Milan, Italy",,,,,,2026-09-11T08:45:01+00:00,2026-03-27T01:14:48+00:00,false,,onsite,full_time,mid | senior,,2026-09-17T00:07:04.336342+00:00,ats,simplify,https://simplify.jobs/p/20ad459b-a30f-456e-8d01-af393db6ceb9
https://jobs.ashbyhq.com/kraken.com/b2a32764-7b75-4c6d-a45a-58b7af0887ad/application?embed=true&utm_source=Simplify,Senior Software Engineer - Rust - Core Services,Kraken,Remote; Remote in Spain,,,,,,2026-09-15T22:36:01+00:00,2026-09-15T22:19:00+00:00,false,,remote,full_time,senior,,2026-09-17T00:07:05.117749+00:00,ats,simplify,https://simplify.jobs/p/803dd059-523f-4bed-85ba-0160dade344e
https://careers.datadoghq.com/detail/7959962/?gh_jid=7959962&gh_src=Simplify,Senior Software Engineer - REDAPL Graph Engine,Datadog,"Paris, France; Madrid, Spain; Dublin, Ireland",,,,,,2026-09-03T18:36:19+00:00,2026-05-27T14:15:15+00:00,false,,hybrid,full_time,senior,,2026-09-17T00:33:44.965179+00:00,employer,simplify,https://simplify.jobs/p/6ff1dc80-c017-46ee-ad4f-3ec831869690
https://job-boards.greenhouse.io/sigmacomputing/jobs/7767904003?gh_src=Simplify,Senior Software Engineer - Frontend,Sigma Computing,"San Francisco, CA, USA",170000.0,240000.0,USD,,,2026-09-04T08:15:01+00:00,2026-06-10T06:13:08+00:00,false,,onsite,full_time,senior,,2026-09-17T00:07:05.525095+00:00,ats,simplify,https://simplify.jobs/p/b88a6d51-c3da-418e-96c9-08c63df07d49
https://eeho.fa.us2.oraclecloud.com/hcmUI/CandidateExperience/en/sites/CX_45001/job/343986?utm_source=Simplify,Senior Systems Software Engineer,Oracle,"Nashville, TN, USA",102300.0,209500.0,USD,,,2026-09-10T08:30:28+00:00,2026-08-31T18:51:30+00:00,false,,onsite,full_time,senior,,2026-09-17T00:33:48.268357+00:00,ats,simplify,https://simplify.jobs/p/0e904cba-aca1-4bf1-bff3-542ae8c5fc46
https://job-boards.greenhouse.io/crunchyroll/jobs/7612783?gh_src=Simplify,Senior Software Engineer - Apple,Crunchyroll,"San Francisco, CA, USA",203000.0,235000.0,USD,,,2026-09-04T07:51:01+00:00,2026-05-12T22:06:47+00:00,false,,hybrid,full_time,senior,,2026-09-17T00:07:08.164496+00:00,ats,simplify,https://simplify.jobs/p/c5fcd79f-0386-40b0-bc54-1eac799ac813
https://www.mongodb.com/careers/jobs/7597723?gh_src=Simplify,Software Engineer 3,MongoDB,"Noida, Uttar Pradesh, India",,,,,,2026-09-04T05:18:01+00:00,2026-09-02T12:03:51+00:00,false,,hybrid,full_time,mid | senior,,2026-09-17T00:34:07.536068+00:00,employer,simplify,https://simplify.jobs/p/dcb138b3-a251-4af5-8254-bdf7a9452ea3
https://job-boards.greenhouse.io/cloudflare/jobs/8174207?gh_src=Simplify,Senior Software Engineer - R2 Gateway,Cloudflare,"London, UK; Austin, TX, USA",,,,,,2026-09-10T22:36:01+00:00,2026-09-03T02:47:54+00:00,false,,hybrid,full_time,senior,,2026-09-17T00:07:10.723453+00:00,ats,simplify,https://simplify.jobs/p/4a49a1a7-0726-4425-97bc-109d1fe7b5c0
https://jobs.ashbyhq.com/vibe/ff0d9a51-44f0-4532-8094-897f325aa5d4/application?embed=true&utm_source=Simplify,Staff Backend Software Engineer - Performance,Vibe,"Île-de-France, France",,,,,,2026-09-16T10:54:02+00:00,2026-04-07T14:09:32+00:00,false,,hybrid,full_time,senior,,2026-09-17T00:07:10.988975+00:00,ats,simplify,https://simplify.jobs/p/b3c3300c-8da1-472d-b21b-50b1c83e46de
https://jobs.ashbyhq.com/twenty/0c3db302-12b7-4750-aef8-bd690e6dfd25/application?embed=true&utm_source=Simplify,Staff / Principal Frontend Software Engineer,Twenty,"Arlington County, Arlington, VA, USA",192000.0,455000.0,USD,,,2026-09-04T12:33:01+00:00,2026-03-06T15:24:08+00:00,false,,onsite,full_time,senior,,2026-09-17T00:34:09.328094+00:00,ats,simplify,https://simplify.jobs/p/957f671f-93aa-4edb-b821-fd60edbf6f0e
https://jobs.lever.co/nextgenfed/3852a991-6ff9-4b7b-91e2-73094c662553/apply?lever-source=Simplify,Senior Software Engineer,NextGen Federal Systems,Remote; Remote in USA,,,,,,2026-09-03T19:00:22+00:00,2026-06-23T01:07:00+00:00,false,,remote,full_time,senior,,2026-09-17T00:07:11.241603+00:00,ats,simplify,https://simplify.jobs/p/5ac1f568-e1c9-4fab-951e-43b107482a30
https://jobs.lever.co/wyetechllc/394098da-3bd0-43d7-bf71-9b4b032a2ef9/apply?lever-source=Simplify,Software Engineer 3,Wyetech,"Annapolis Junction, MD, USA",86.2,136.27,USD,,,2026-09-08T22:09:31+00:00,2026-09-08T22:03:47+00:00,false,,onsite,full_time,senior,,2026-09-17T00:07:12.476249+00:00,ats,simplify,https://simplify.jobs/p/2da39dc9-4db8-468b-bcf5-4b20810e38aa
https://jobs.lever.co/Legend/9f047636-1c27-448e-b778-46db00aef81f/apply?lever-source=Simplify,Backend Software Engineer,Legend,"Halifax Regional Municipality, NS, Canada",,,,,,2026-09-12T09:09:01+00:00,2026-07-04T14:05:46+00:00,false,,hybrid,full_time,senior,,2026-09-17T00:07:14.744298+00:00,ats,simplify,https://simplify.jobs/p/3744e723-acf9-4798-bc98-385b438068c2
https://job-boards.greenhouse.io/affirm/jobs/7827039003?gh_src=Simplify,Senior Software Engineer - Fullstack - International,Affirm,Remote; Remote in UK,120000.0,168000.0,GBP,,,2026-09-10T14:39:01+00:00,2026-08-13T14:30:10+00:00,false,,remote,full_time,mid | senior,,2026-09-17T00:07:16.387538+00:00,ats,simplify,https://simplify.jobs/p/ceabe726-e28b-426d-8429-e592f4d2d273
https://jobs.lever.co/nextgenfed/116c21d3-7a83-4fbf-9942-f253e3999e6b/apply?lever-source=Simplify,Senior Software Engineer,NextGen Federal Systems,"Huntsville, AL, USA",,,,,,2026-09-03T18:27:21+00:00,2026-05-14T22:04:10+00:00,false,,hybrid,full_time,senior,,2026-09-17T00:07:16.731317+00:00,ats,simplify,https://simplify.jobs/p/c3c8d602-8226-4cfc-88e8-a01378e3d1b5
https://jobs.lever.co/integrate/608b6a56-5a53-4fcb-baad-282fad90403d/apply?lever-source=Simplify,Senior Full Stack Software Engineer - Ts/Sci,Integrate,"Seattle, WA, USA",155000.0,210000.0,USD,,,2026-09-04T08:57:01+00:00,2026-07-04T14:05:42+00:00,false,,onsite,full_time,mid | senior,,2026-09-17T00:07:19.069125+00:00,ats,simplify,https://simplify.jobs/p/184fb8de-eb78-47d5-94b9-70ffae43ddae
https://job-boards.greenhouse.io/andurilindustries/jobs/5165949007?gh_src=Simplify,Senior Software Engineer - Manufacturing Automation,Anduril,"Costa Mesa, CA, USA",191000.0,253000.0,USD,,,2026-09-04T08:15:01+00:00,2026-06-16T19:49:43+00:00,false,,hybrid,full_time,senior,,2026-09-17T00:07:21.892743+00:00,ats,simplify,https://simplify.jobs/p/5cc8cff9-f312-4b60-8975-442402fc9ea4
https://job-boards.greenhouse.io/affirm/jobs/7979134003?gh_src=Simplify,Staff Software Engineer - Backend - Identity International,Affirm,Remote; Remote in UK,142000.0,190000.0,GBP,,,2026-09-10T14:39:01+00:00,2026-08-28T12:44:45+00:00,false,,remote,full_time,senior,,2026-09-17T00:07:21.626830+00:00,ats,simplify,https://simplify.jobs/p/b56b8315-30ee-49d3-b0be-5292810de65b
https://jobs.ashbyhq.com/sydecar/f83568f1-caaf-4e4d-a86c-290f9c612f44/application?embed=true&utm_source=Simplify,Senior Software Engineer,Sydecar,"San Francisco, CA, USA; New York, NY, USA",190000.0,255000.0,USD,,,2026-09-04T10:42:01+00:00,2026-05-21T01:08:42+00:00,false,,hybrid,full_time,senior,,2026-09-17T00:07:21.944118+00:00,ats,simplify,https://simplify.jobs/p/3ab35a1a-4ba0-489f-b8bf-76b3bd8f0365
https://job-boards.greenhouse.io/appian/jobs/7938241?gh_src=Simplify,Senior Software Engineer,Appian,"McLean, VA, USA",125000.0,250000.0,USD,,,2026-09-16T22:36:01+00:00,2026-08-20T14:56:52+00:00,false,,onsite,full_time,mid | senior,,2026-09-17T00:07:24.931411+00:00,ats,simplify,https://simplify.jobs/p/a76d1896-aad0-465a-acc4-a88048bb8a34
https://jobs.ashbyhq.com/seccl/23e2609f-22dd-4a18-b9ac-4ce5367cdf7c/application?embed=true&utm_source=Simplify,Senior Software Engineer,Seccl,"London, UK; Edinburgh, UK; Bath, UK",,,,,,2026-09-16T10:21:51+00:00,2026-05-27T14:08:25+00:00,false,,hybrid,full_time,senior,,2026-09-17T00:34:56.864040+00:00,ats,simplify,https://simplify.jobs/p/7a5fecf2-f15c-40dc-8c33-80b65df3e300
https://job-boards.greenhouse.io/fleetio/jobs/5178399007?gh_src=Simplify,Senior Software Engineer - Growth,Fleetio,Remote; Remote in USA; Remote in Canada,,,,,,2026-09-04T08:42:09+00:00,2026-07-01T22:36:57+00:00,false,,remote,full_time,mid | senior,,2026-09-17T00:07:26.732259+00:00,ats,simplify,https://simplify.jobs/p/06ee677b-024f-418a-a263-5eb622d2149d
https://jobs.ashbyhq.com/praxipal/ef69ec78-06b8-4102-8fd4-dd35846e9458/application?embed=true&utm_source=Simplify,Senior Software Engineer - Data Integration Focus,praxipal,Remote,70000.0,100000.0,EUR,,,2026-09-15T08:41:56+00:00,2026-09-11T23:51:30+00:00,false,,remote,full_time,senior,,2026-09-17T00:35:05.112036+00:00,ats,simplify,https://simplify.jobs/p/24939e33-21ac-49f7-956a-d01b83ac169b
https://job-boards.greenhouse.io/thenuclearcompany/jobs/5286396008?gh_src=Simplify,Staff Software Engineer,The Nuclear Company,"Washington, DC, USA",166000.0,224000.0,USD,,,2026-09-14T18:45:01+00:00,2026-06-30T01:19:35+00:00,false,,onsite,full_time,senior,,2026-09-17T00:07:28.425303+00:00,ats,simplify,https://simplify.jobs/p/ebd22d08-449b-4c6e-b421-da29ccada4a9
https://jobs.lever.co/CesiumAstro/0e5b29b1-e761-4b1c-b379-0aee29479e5c/apply?lever-source=Simplify,Staff Software Engineer - Fullstack,CesiumAstro,"Westminster, CO, USA",158000.0,189000.0,USD,,,2026-09-04T12:21:02+00:00,2026-08-19T20:29:06+00:00,false,,onsite,full_time,senior,,2026-09-17T00:07:28.766849+00:00,ats,simplify,https://simplify.jobs/p/1bd6f845-afb0-40bd-aa2e-9eb7eb1a6926
https://job-boards.greenhouse.io/embed/job_app?for=toast&gh_src=Simplify&token=7550881,Senior Software Engineer - Android,Toast,"California, USA",138000.0,221000.0,USD,,,2026-09-08T22:27:26+00:00,2026-02-09T23:32:18+00:00,false,,hybrid,full_time,mid | senior,,2026-09-17T00:07:29.516947+00:00,ats,simplify,https://simplify.jobs/p/35f42617-8917-4c68-abf4-2dd86db47e9a
https://careers.cisco.com/global/en/job/2023306/Senior-Software-Engineer-CHG-Hybrid?utm_source=Simplify,Senior Software Engineer,Cisco,"San Jose, CA, USA",167700.0,282000.0,USD,,,2026-09-16T08:40:28+00:00,2026-09-01T04:57:58+00:00,false,,hybrid,full_time,mid | senior,,2026-09-17T00:35:23.174140+00:00,employer,simplify,https://simplify.jobs/p/19ddc03b-419b-4584-b433-03d46a975d19
https://jobs.lever.co/ro/8f9a5889-3596-4996-b7dc-611e33c8ef22/apply?lever-source=Simplify,Staff Software Engineer - Identity and Privacy,Ro,"New York, NY, USA",211700.0,292000.0,USD,,,2026-09-03T18:15:29+00:00,2026-03-31T01:06:49+00:00,false,,hybrid,full_time,senior,,2026-09-17T00:07:31.678957+00:00,ats,simplify,https://simplify.jobs/p/5b927108-ddb6-4be1-bbda-c5d46de9b7d1
https://job-boards.greenhouse.io/anthropic/jobs/5134895008?gh_src=Simplify,Senior Staff Software Engineer - API,Anthropic,"San Francisco, CA, USA; New York, NY, USA",405000.0,485000.0,USD,,,2026-09-04T07:24:02+00:00,2026-02-26T23:46:38+00:00,false,,hybrid,full_time,senior,,2026-09-17T00:07:33.234541+00:00,ats,simplify,https://simplify.jobs/p/17dd8673-2359-4c20-b664-8d1f7a037d41
https://jobs.ashbyhq.com/pinecone/773e953d-8f53-4313-93b4-35a553bad1cb/application?embed=true&utm_source=Simplify,Senior/Staff Software Engineer,Pinecone,Remote; Remote in USA,190000.0,270000.0,USD,,,2026-09-04T07:24:02+00:00,2026-03-02T23:22:05+00:00,false,,remote,full_time,mid | senior,,2026-09-17T00:35:41.888761+00:00,ats,simplify,https://simplify.jobs/p/17807dc0-6f86-4a60-962c-1e15a1570d7e
https://jobs.lever.co/xsolla/2a094b06-bf3b-456a-a136-27c4545cfe00/apply?lever-source=Simplify,Senior Software Engineer - React Native,Xsolla,"Remote; Montreal, QC, Canada",120000.0,130000.0,CAD,,,2026-03-20T08:44:25+00:00,2026-02-12T23:13:45+00:00,false,,remote,full_time,senior,,2026-09-17T00:07:34.404972+00:00,ats,simplify,https://simplify.jobs/p/c47a5ca3-6721-42f6-8b16-97df27fd2ed3
https://apply.workable.com/zenara-health/j/6D91020B74/apply?utm_source=Simplify,Senior Software Engineer - AI-Native - Healthcare Platform,Zenara Health,Remote; Remote in India,2000000.0,4000000.0,INR,,,2026-09-04T01:39:21+00:00,2026-08-11T01:31:44+00:00,false,,remote,full_time,mid | senior,,2026-09-17T00:36:04.986401+00:00,ats,simplify,https://simplify.jobs/p/8af4866f-50ef-4547-b6b5-8ad062afb821
https://job-boards.greenhouse.io/rockstargames/jobs/7792318003?gh_src=Simplify,Senior Cheat Software Engineer,Rockstar Games,"Edinburgh, UK",,,,,,2026-09-03T19:33:19+00:00,2026-07-14T14:26:46+00:00,false,,onsite,full_time,senior,,2026-09-17T00:07:37.037989+00:00,ats,simplify,https://simplify.jobs/p/4463fa64-8565-4eb7-92bb-d3b81eb986e2
https://jobs.ashbyhq.com/openai/099dd6af-b017-4a60-85d5-4c79da3a9ead/application?embed=true&utm_source=Simplify,Full Stack Software Engineer - Codex for Finance,OpenAI,"San Francisco, CA, USA",293000.0,325000.0,USD,,,2026-09-04T10:54:01+00:00,2026-08-14T03:49:52+00:00,false,,hybrid,full_time,senior,,2026-09-17T00:07:37.744969+00:00,ats,simplify,https://simplify.jobs/p/b10f2acc-9afa-4d16-999a-f3151d281eb3
https://jobs.elastic.co/jobs/engineering/united-states/senior-software-engineer-edr-workflows-security/8099226?gh_src=Simplify&gh_jid=8099226,Senior Software Engineer - EDR Workflows - Security,Elastic,Remote; Remote in USA,,,,,,2026-09-04T13:18:01+00:00,2026-09-02T13:37:33+00:00,false,,remote,full_time,senior,,2026-09-17T00:36:16.749295+00:00,employer,simplify,https://simplify.jobs/p/f3b97b54-14b4-4ce2-9fc2-d0e079324edf
https://jobs.jobvite.com/pulsepoint/job/olMyAfwZ?nl=1&nl=1&fr=false&utm_source=Simplify,Senior Software Engineer - AI & Platform APIs,PulsePoint,Remote; Remote in UK,,,,,,2026-09-04T04:42:01+00:00,2026-08-22T02:33:22+00:00,false,,remote,full_time,senior,,2026-09-17T00:07:38.608690+00:00,ats,simplify,https://simplify.jobs/p/59bc6c7b-e588-47d9-b402-f900030355fe
https://jobs.ashbyhq.com/sonar-us/3e760f3d-e31b-4716-8be5-410fc8dbc8cf/application?embed=true&utm_source=Simplify,Senior Software Engineer - Full Stack,Sonar,"New York, NY, USA",150000.0,250000.0,USD,,,2026-09-04T09:42:02+00:00,2026-07-21T01:16:05+00:00,false,,onsite,full_time,senior,,2026-09-17T00:36:27.586364+00:00,ats,simplify,https://simplify.jobs/p/d89746b8-4e99-4140-9901-1b5e695312aa
https://job-boards.greenhouse.io/evismart/jobs/4202220009?gh_src=Simplify,Senior Software Engineer,Evismart,"Vancouver, BC, Canada",,,,,,2026-09-04T07:36:01+00:00,2026-03-26T22:35:52+00:00,false,,onsite,full_time,mid | senior,,2026-09-17T00:07:56.892750+00:00,ats,simplify,https://simplify.jobs/p/66a3579f-92e8-4de5-b633-302c98b9ec1c
https://careers.airbnb.com/positions/8017277/?gh_jid=8017277&gh_src=Simplify,Senior Staff Software Engineer - Guest & Host,Airbnb,Remote; Remote in USA,248000.0,310000.0,USD,,,2026-09-11T09:39:01+00:00,2026-09-09T22:40:35+00:00,false,,remote,full_time,senior,,2026-09-17T00:36:28.577662+00:00,employer,simplify,https://simplify.jobs/p/62279fdc-d905-4a29-ac32-22834b82e71f
https://jobs.ashbyhq.com/noda-ai/7096dd14-878e-4b2a-ab86-261cd6debcae/application?embed=true&utm_source=Simplify,Senior Systems Software Engineer,NODA AI,"Austin, TX, USA",,,,,,2026-09-03T19:57:26+00:00,2026-07-22T22:13:24+00:00,false,,hybrid,full_time,senior,,2026-09-17T00:07:40.657875+00:00,ats,simplify,https://simplify.jobs/p/96f3e343-5bc5-4503-9a70-c2c9a73029ef
https://job-boards.greenhouse.io/embed/job_app?for=toast&gh_src=Simplify&token=7838652,Staff Software Engineer - AI Pod,Toast,"Dublin, Ireland",,,,,,2026-09-08T22:27:26+00:00,2026-07-22T14:29:25+00:00,false,,hybrid,full_time,senior,,2026-09-17T00:07:40.918046+00:00,ats,simplify,https://simplify.jobs/p/f75849e5-faf6-4284-8422-cc039f66d5ef
https://sailpoint.wd1.myworkdayjobs.com/en-US/SailPoint/job/Pune-India/Staff-Software-Engineer_R013496?utm_source=Simplify,Staff Software Engineer - Java,SailPoint,"Pune, Maharashtra, India",,,,,,2026-09-03T18:48:22+00:00,2026-07-08T12:28:18+00:00,false,,onsite,full_time,,,2026-09-17T00:36:31.600842+00:00,ats,simplify,https://simplify.jobs/p/f1335b66-9c72-4a53-9741-3f5a724598a4
https://ms.wd5.myworkdayjobs.com/External/job/London-United-Kingdom/Senior-Software-Engineer--Fixed-Income-Risk-System-_PT-JR037051?utm_source=Simplify,Senior Software Engineer - Fixed Income Risk System,Morgan Stanley,"London, UK",,,,,,2026-09-04T08:03:01+00:00,2026-09-03T02:11:59+00:00,false,,onsite,full_time,senior,,2026-09-17T00:36:49.537605+00:00,ats,simplify,https://simplify.jobs/p/4be35639-f225-439a-bd35-15812f0b6a13
https://eeho.fa.us2.oraclecloud.com/hcmUI/CandidateExperience/en/sites/CX_45001/job/334820?utm_source=Simplify,Senior Principal Software Engineer,Oracle,"Seattle, WA, USA; Santa Clara, CA, USA; United States",135200.0,306400.0,USD,,,2026-09-04T08:15:01+00:00,2026-06-05T01:09:27+00:00,false,,onsite,full_time,senior,,2026-09-17T00:37:00.815044+00:00,ats,simplify,https://simplify.jobs/p/404ebc9b-5d96-4e76-81ec-7636fa3a5eb6
https://jobs.ashbyhq.com/mirage/3016d374-987f-4dd2-bcab-c976a59acc0b/application?embed=true&utm_source=Simplify,Software Engineer - Backend,Mirage,"New York, NY, USA",175000.0,300000.0,USD,,,2026-09-09T10:54:22+00:00,2026-09-08T16:13:57+00:00,false,,onsite,full_time,senior,,2026-09-17T00:07:45.563834+00:00,ats,simplify,https://simplify.jobs/p/9182de26-d2a3-4bae-be78-3fd98a68925c
https://job-boards.greenhouse.io/swayable/jobs/5230276007?gh_src=Simplify,Senior Software Engineer - AI,Swayable,"San Francisco, CA, USA",175000.0,250000.0,USD,,,2026-09-04T04:42:01+00:00,2026-09-03T22:25:52+00:00,false,,onsite,full_time,mid | senior,,2026-09-17T00:07:51.889616+00:00,ats,simplify,https://simplify.jobs/p/97d1efa6-26b2-4a6e-815a-32bcdad311ee
https://job-boards.greenhouse.io/goguardian/jobs/4698467006?gh_src=Simplify,Staff Software Engineer - Core,GoGuardian,Remote; Remote in USA,190000.0,220000.0,USD,,,2026-09-03T20:27:22+00:00,2026-07-20T22:31:58+00:00,false,,remote,full_time,senior,,2026-09-17T00:07:53.981700+00:00,ats,simplify,https://simplify.jobs/p/1cafaf64-8ec8-435f-9d3d-333cd8bb2834
https://gliacelltechnologies.applytojob.com/apply/772cCQvqmH/Senior-Software-Engineer-Visualization-Developer?utm_source=Simplify,Senior Software Engineer / Visualization Developer,GliaCell Technologies,"Laurel, MD, USA",170000.0,260000.0,USD,,,2026-09-16T11:03:38+00:00,2026-08-03T06:11:37+00:00,false,,onsite,full_time,,,2026-09-17T00:07:55.196372+00:00,ats,simplify,https://simplify.jobs/p/e1e2378d-d2ab-4d94-a1db-ae45563c8ed5
https://job-boards.greenhouse.io/cloudflare/jobs/7541032?gh_src=Simplify,Senior Software Engineer - Network Platforms,Cloudflare,"London, UK; Austin, TX, USA",68000.0,91000.0,EUR,,,2026-09-04T07:12:12+00:00,2026-07-13T14:36:36+00:00,false,,hybrid,full_time,senior,,2026-09-17T00:07:55.271649+00:00,ats,simplify,https://simplify.jobs/p/21b97c93-c6d6-426f-b301-45faff982ba8
https://jobs.ashbyhq.com/rivianvw.tech/79543807-ad75-452e-9118-3f10afe2321d/application?embed=true&utm_source=Simplify,Staff Embedded Software Engineer,Rivian and Volkswagen Group Technologies,"Vancouver, BC, Canada",137300.0,171600.0,CAD,,,2026-09-03T18:48:22+00:00,2026-06-11T09:07:05+00:00,false,,hybrid,full_time,senior,,2026-09-17T00:37:18.151067+00:00,ats,simplify,https://simplify.jobs/p/a7610724-2a75-43cc-b6a8-6631fd96646c
https://jobs.ashbyhq.com/klue/bb201b70-cb01-47d8-b318-24d0c1b0cf3b/application?embed=true&utm_source=Simplify,Senior Software Engineer - Agents,Klue,"Vancouver, BC, Canada",140000.0,230000.0,CAD,,,2026-09-16T09:56:34+00:00,2026-06-19T22:11:10+00:00,false,,hybrid,full_time,senior,,2026-09-17T00:07:55.573112+00:00,ats,simplify,https://simplify.jobs/p/79887b03-f0db-4f7d-abaf-b72d517e685f
https://apply.workable.com/teleport-careers/j/74C485D51E/apply?utm_source=Simplify,Senior Software Engineer,Teleport,"Gurugram, Haryana, India",,,,,,2026-09-04T01:30:21+00:00,2026-08-10T19:01:08+00:00,false,,hybrid,full_time,mid | senior,,2026-09-17T00:37:17.706616+00:00,ats,simplify,https://simplify.jobs/p/6bf62e55-350f-4ec0-9074-576ebff40f74
https://jobs.ashbyhq.com/timely/98a7a1f6-13e7-499c-be53-728d0e86e510/application?embed=true&utm_source=Simplify,Senior Software Engineer - Optimizer,Timely,"Remote; Boston, MA, USA; Remote in USA",,,,,,2026-09-16T06:15:01+00:00,2026-09-16T06:14:34+00:00,false,,remote,full_time,mid | senior,,2026-09-17T00:07:56.225627+00:00,ats,simplify,https://simplify.jobs/p/dfc86f2e-2d47-4ecf-a86f-86f315a7fd4f
https://gliacelltechnologies.applytojob.com/apply/SrGB9kFwj4/Senior-AWS-Software-Engineer-Partial-Telework?utm_source=Simplify,Senior AWS Software Engineer,GliaCell Technologies,"Annapolis Junction, MD, USA",180000.0,260000.0,USD,,,2026-09-03T21:39:22+00:00,2026-08-03T06:11:35+00:00,false,,hybrid,full_time,,,2026-09-17T00:07:58.522443+00:00,ats,simplify,https://simplify.jobs/p/96f1c7f3-60cc-4ee7-b46f-37a5f745d8dc
https://job-boards.greenhouse.io/autotradercanada/jobs/7751119003?gh_src=Simplify,Senior Software Engineer - CMS - Modernization of Registry,Autotrader.ca,"Toronto, ON, Canada",140000.0,190000.0,CAD,,,2026-09-04T08:03:01+00:00,2026-05-28T14:13:48+00:00,false,,onsite,full_time,senior,,2026-09-17T00:07:59.493093+00:00,ats,simplify,https://simplify.jobs/p/e4109a64-f8e1-4301-923e-5b53ae802313
https://job-boards.greenhouse.io/accordion/jobs/8193635?gh_src=Simplify,Staff Software Engineer,Accordion,"Boston, MA, USA; San Francisco, CA, USA; Dallas, TX, USA; Chicago, IL, USA; Charlotte, NC, USA; New York, NY, USA",200000.0,290000.0,USD,,,2026-09-11T01:45:01+00:00,2026-09-11T01:43:56+00:00,false,,hybrid,full_time,senior,,2026-09-17T00:07:59.759299+00:00,ats,simplify,https://simplify.jobs/p/940db8fe-56bb-44d1-aa2b-c02f90948bb4
https://www.kaseya.com/careers/jobs/id/6147253004/?gh_jid=6147253004&gh_src=Simplify,Senior Staff Software Engineer,Kaseya,"Toronto, ON, Canada",,,,,,2026-09-16T08:39:01+00:00,2026-08-25T18:07:18+00:00,false,,onsite,full_time,senior,,2026-09-17T00:37:26.547954+00:00,employer,simplify,https://simplify.jobs/p/1ea71e95-fe86-4c28-ba77-86bc698e6ba5
https://fincons.applytojob.com/apply/DrZOza5XfT/Senior-Java-Software-Engineer?utm_source=Simplify,Senior Java Software Engineer,Fincons Group,"Naples, Metropolitan City of Naples, Italy",35000.0,55000.0,EUR,,,2026-09-15T10:09:08+00:00,2026-09-14T17:18:08+00:00,false,,hybrid,full_time,senior,,2026-09-17T00:08:02.412268+00:00,ats,simplify,https://simplify.jobs/p/85761f61-e923-4e90-94e8-6192b83269c2
https://jobs.lever.co/bhhc/f1985a75-04ab-410e-b8e7-92c709470f73/apply?lever-source=Simplify,Software Engineer 2,Berkshire Hathaway,"Sacramento, CA, USA",118050.0,144520.0,USD,,,2026-01-09T09:15:14+00:00,2025-07-28T11:46:29+00:00,false,,hybrid,full_time,senior,,2026-09-17T00:08:02.783765+00:00,ats,simplify,https://simplify.jobs/p/6dcdc496-30b0-4263-b13b-a5ad15b843a0
https://www.brex.com/careers/8430182002?gh_jid=8430182002&gh_src=Simplify,Staff Software Engineer - Product Data Platform,Brex,"San Francisco, CA, USA",240000.0,300000.0,USD,,,2026-09-04T07:24:02+00:00,2026-02-19T23:10:59+00:00,false,,hybrid,full_time,senior,,2026-09-17T00:37:48.068705+00:00,employer,simplify,https://simplify.jobs/p/dee59385-cef8-42d8-8247-acbaf5d96386
https://jobs.lever.co/finch/62ac428a-80ef-4469-9e06-0b87ed4f206f/apply?lever-source=Simplify,Staff Software Engineer - Backend,Finch,"San Francisco, CA, USA; New York, NY, USA",220000.0,240000.0,USD,,,2026-09-04T06:57:01+00:00,2025-10-30T23:34:49+00:00,false,,hybrid,full_time,senior,,2026-09-17T00:08:04.369286+00:00,ats,simplify,https://simplify.jobs/p/fe83dd0a-cea1-4ef0-858a-23b3ff1a709f
https://workday.wd5.myworkdayjobs.com/Workday/job/USA-CA-Pleasanton/Senior-Software-Engineer-Distributed-Systems-_JR-0109643?utm_source=Simplify,Senior Software Engineer - Distributed Systems,Workday,"Pleasanton, CA, USA",160100.0,285100.0,USD,,,2026-09-03T06:45:06+00:00,2026-09-02T00:00:00+00:00,false,,hybrid,full_time,senior,,2026-09-17T00:37:54.123340+00:00,ats,simplify,https://simplify.jobs/p/b228b820-86e7-47bd-ae91-7a9965cc45d7
https://circleci.com/careers/jobs/8814842002/?gh_jid=8814842002&gh_src=Simplify,Staff Software Engineer,CircleCI,Remote; Remote in Canada,195500.0,244500.0,CAD,,,2026-09-16T22:18:03+00:00,2026-09-16T22:14:28+00:00,false,,remote,full_time,senior,,2026-09-17T00:37:59.726338+00:00,employer,simplify,https://simplify.jobs/p/f97c6d51-08a4-4277-82ce-aeb754ef0255
https://job-boards.greenhouse.io/metropolis/jobs/7931191003?gh_src=Simplify,Senior Staff Software Engineer - Recognition Platform,Metropolis,"New York, NY, USA",241000.0,279500.0,USD,,,2026-09-15T22:51:01+00:00,2026-08-31T19:06:18+00:00,false,,onsite,full_time,,,2026-09-17T00:08:11.889432+00:00,ats,simplify,https://simplify.jobs/p/f2a32550-93ba-480b-a61e-dec0629c8928
https://turo.wd12.myworkdayjobs.com/Turo_careers/job/San-Francisco/Senior-Software-Engineer--Backend_R-102705?utm_source=Simplify,Senior Software Engineer - Backend,Turo,"San Francisco, CA, USA",156000.0,195000.0,USD,,,2026-09-16T10:55:23+00:00,2026-09-10T00:00:00+00:00,false,,hybrid,full_time,senior,,2026-09-17T00:37:59.890231+00:00,ats,simplify,https://simplify.jobs/p/bfed2fe4-257c-4224-8e07-1361f93f96e5
https://job-boards.greenhouse.io/chaosindustries/jobs/5160652007?gh_src=Simplify,Guidance Software Engineer,CHAOS Industries,"West Athens, CA, USA",160000.0,240000.0,USD,,,2026-09-03T18:48:22+00:00,2026-06-10T06:11:02+00:00,false,,onsite,full_time,mid | senior,,2026-09-17T00:08:13.483308+00:00,ats,simplify,https://simplify.jobs/p/5056e949-c263-484a-a01e-c2ba3ead9027
https://job-boards.eu.greenhouse.io/cognite/jobs/4907751101?gh_src=Simplify,Senior Software Engineer - Work Flows,Cognite,"Bengaluru, Karnataka, India",,,,,,2026-09-04T01:03:21+00:00,2026-08-07T14:10:36+00:00,false,,onsite,full_time,senior,,2026-09-17T00:08:13.867004+00:00,ats,simplify,https://simplify.jobs/p/fb79bc25-c3de-4e12-893d-27d001206fab
https://job-boards.greenhouse.io/instawork/jobs/4674046006?gh_src=Simplify,Senior Software Engineer,Instawork,"San Francisco, CA, USA",170000.0,200000.0,USD,,,2026-09-04T07:36:01+00:00,2026-04-16T22:09:47+00:00,false,,onsite,full_time,senior,,2026-09-17T00:08:14.584998+00:00,ats,simplify,https://simplify.jobs/p/db2753a9-6f8a-435b-aa50-8b3df3ec632a
https://jobs.lever.co/wyetechllc/6b2178ca-8913-4ae8-ba23-9a20a871cd7b/apply?lever-source=Simplify,Software Engineer 1,Wyetech,"Maryland, USA",52.46,107.37,USD,,,2026-03-19T08:08:08+00:00,2026-02-02T23:06:13+00:00,false,,onsite,full_time,senior,,2026-09-17T00:08:15.560202+00:00,ats,simplify,https://simplify.jobs/p/d0ec33f7-afe4-43af-8668-041763e7a644
https://job-boards.greenhouse.io/reddit/jobs/7964461?gh_src=Simplify,Senior Software Engineer - Ads Creative Effectiveness,Reddit,Remote; Remote in USA,190800.0,267100.0,USD,,,2026-09-04T08:03:01+00:00,2026-08-15T00:37:28+00:00,false,,remote,full_time,senior,,2026-09-17T00:08:16.077302+00:00,ats,simplify,https://simplify.jobs/p/d758956a-a2d1-466a-a8d9-b247ae77d8f6
https://job-boards.greenhouse.io/databento/jobs/8074350?gh_src=Simplify,Software Engineer - C++/C#,Databento,"Remote; Salt Lake City, UT, USA; Boston, MA, USA; San Francisco, CA, USA; Remote in USA; New York, NY, USA",,,,,,2026-09-03T19:51:22+00:00,2026-07-20T14:06:35+00:00,false,,remote,full_time,senior,,2026-09-17T00:08:16.400601+00:00,ats,simplify,https://simplify.jobs/p/6f511347-4ff8-4bf2-96cf-a77dfc2d47e0
https://job-boards.greenhouse.io/ridgeline/jobs/7636169003?gh_src=Simplify,Staff Software Engineer - Investment Performance and Analytics,Ridgeline,"San Ramon, CA, USA",182500.0,251000.0,USD,,,2026-09-04T07:24:02+00:00,2026-05-06T22:12:40+00:00,false,,hybrid,full_time,senior,,2026-09-17T00:08:16.815946+00:00,ats,simplify,https://simplify.jobs/p/e054e250-33da-401c-8176-9db089181018
https://www.compass.com/careers/?gh_jid=8042461&gh_src=Simplify&gh_board=urbancompass,Senior Software Engineer,Compass,"New York, NY, USA",149000.0,166000.0,USD,,,2026-09-03T19:18:21+00:00,2026-07-02T03:50:26+00:00,false,,onsite,full_time,senior,,2026-09-17T00:38:06.581844+00:00,employer,simplify,https://simplify.jobs/p/678adeab-95fd-4384-9086-39f5b1403c1b
https://omnissa.wd501.myworkdayjobs.com/Omnissa_External_Career_Site/job/Bengaluru-India/Software-Engineer-Senior-SE-Staff-Engineer--C-net_R-101683-1?utm_source=Simplify,Software Engineer / Senior SE / Staff Engineer - C#.net,Omnissa,"Bengaluru, Karnataka, India",,,,,,2026-09-04T05:18:01+00:00,2026-05-16T14:10:38+00:00,false,,hybrid,full_time,senior,,2026-09-17T00:38:09.318590+00:00,ats,simplify,https://simplify.jobs/p/51edc7d4-c77b-46e7-b15f-5cac925ac2bd
https://apply.workable.com/dodge-construction-network/j/0C7D574F83/apply?utm_source=Simplify,Search Software Engineer,Dodge Construction Network,"Kochi, Kerala, India",,,,,,2026-09-04T01:18:24+00:00,2026-08-08T01:18:21+00:00,false,,hybrid,full_time,senior,,2026-09-17T00:38:08.367641+00:00,ats,simplify,https://simplify.jobs/p/120d0fbf-5e9f-4cfa-baa0-801ef8aa3fe2
https://apply.workable.com/theia-insights/j/3EAFF4A68E/apply?utm_source=Simplify,Software Engineer: Platform and Backend - Mid-career / Senior,Theia Insights,"Cambridge, UK",,,,,,2026-09-03T11:09:08+00:00,2026-08-21T01:15:16+00:00,false,,hybrid,full_time,mid | senior,,2026-09-17T00:38:11.868621+00:00,ats,simplify,https://simplify.jobs/p/fd5a7726-c638-4a15-a408-3454ceb45b8a
https://collaborationai.applytojob.com/apply/DP5OkrdSXC/Senior-Software-Engineer?utm_source=Simplify,Senior Software Engineer,Collaboration.Ai,Remote; Remote in USA,,,,,,2026-09-04T04:42:01+00:00,2026-07-29T14:18:15+00:00,false,,remote,full_time,senior,,2026-09-17T00:08:19.842275+00:00,ats,simplify,https://simplify.jobs/p/eedc730c-c1b2-46e5-87c7-843daa7a089d
https://job-boards.greenhouse.io/affirm/jobs/7931494003?gh_src=Simplify,Staff Software Engineer - Backend - Identity International,Affirm,Remote; Remote in Spain,103000.0,139000.0,EUR,,,2026-09-10T14:39:01+00:00,2026-08-28T12:44:44+00:00,false,,remote,full_time,senior,,2026-09-17T00:08:20.753456+00:00,ats,simplify,https://simplify.jobs/p/494ffda7-41ea-49b0-8141-f41156275981
https://eeho.fa.us2.oraclecloud.com/hcmUI/CandidateExperience/en/sites/CX_45001/job/336711?utm_source=Simplify,Senior Principal Software Engineer,Oracle,"Seattle, WA, USA; Santa Clara, CA, USA",135200.0,306400.0,USD,,,2026-09-03T19:45:19+00:00,2026-07-07T22:09:22+00:00,false,,onsite,full_time,senior,,2026-09-17T00:38:15.238547+00:00,ats,simplify,https://simplify.jobs/p/67cdc549-f7e3-40a2-80f7-fe3fb894bed5 | https://simplify.jobs/p/de81317a-c8bc-444e-9cd2-bfd111b96a0a
https://apply.workable.com/atria-health/j/D4996B1513/apply?utm_source=Simplify,Staff Software Engineer - Agentic AI,Atria Health and Research Institute,"New York, NY, USA",230000.0,290000.0,USD,,,2026-09-04T04:42:01+00:00,2026-08-07T06:17:32+00:00,false,,hybrid,full_time,senior,,2026-09-17T00:38:13.870050+00:00,ats,simplify,https://simplify.jobs/p/ac214af7-0595-4760-a587-8aa445b71609
https://jobs.ashbyhq.com/docker/aa9dac2f-ad93-4aa8-ab07-851685725806/application?embed=true&utm_source=Simplify,Senior Software Engineer - Sandboxes,Docker,"Remote; London, UK; Remote in USA; Remote in UK",160900.0,260700.0,USD,,,2026-09-04T02:15:20+00:00,2026-08-12T22:44:29+00:00,false,,remote,full_time,senior,,2026-09-17T00:38:17.953493+00:00,ats,simplify,https://simplify.jobs/p/7cd6834f-6477-4b69-9cb5-2fa853b523e3
https://job-boards.greenhouse.io/branch/jobs/7771615003?gh_src=Simplify,Senior Software Engineer - Platform,Branch,Remote; Remote in USA,160000.0,170000.0,USD,,,2026-09-03T18:48:22+00:00,2026-06-12T14:20:24+00:00,false,,remote,full_time,senior,,2026-09-17T00:08:21.934855+00:00,ats,simplify,https://simplify.jobs/p/d9e13fe9-567f-472e-b675-5b5f06c1270c
https://jobs.ashbyhq.com/openai/41d9d129-2e58-4ad3-be81-2e5096f4da4d/application?embed=true&utm_source=Simplify,Software Engineer - Data Acquisition,OpenAI,"San Francisco, CA, USA",293000.0,385000.0,USD,,,2026-09-03T17:09:30+00:00,2024-07-15T23:19:21+00:00,false,,onsite,full_time,mid | senior,,2026-09-17T00:08:22.679911+00:00,ats,simplify,https://simplify.jobs/p/d0995783-ebff-475b-821a-19cf8420855c
https://jobs.ashbyhq.com/twenty/9ae35cef-bc0e-4b29-83c5-e44e4b789aa9/application?embed=true&utm_source=Simplify,Senior Frontend Software Engineer,Twenty,"Arlington County, Arlington, VA, USA; New York, NY, USA",159000.0,263000.0,USD,,,2026-09-04T11:51:01+00:00,2026-04-08T22:10:02+00:00,false,,onsite,full_time,mid | senior,,2026-09-17T00:38:18.537825+00:00,ats,simplify,https://simplify.jobs/p/b1868a73-f60d-4957-8b7a-5b3de7758dc7
https://jobs.ashbyhq.com/stellar/b764d3d5-9359-4168-8c33-d293ee423ee6/application?embed=true&utm_source=Simplify,Senior Software Engineer - C++,Stellar Development Foundation,"San Francisco, CA, USA",180000.0,280000.0,USD,,,2026-09-03T17:15:21+00:00,2025-10-31T01:26:21+00:00,false,,hybrid,full_time,mid | senior,,2026-09-17T00:38:19.860540+00:00,ats,simplify,https://simplify.jobs/p/f6574b1c-6d85-406a-b1fe-82101f7931c8
https://jobs.ashbyhq.com/signoz/f25ef5a6-c53f-4f30-9923-1d0cf52118b5/application?embed=true&utm_source=Simplify,Staff Software Engineer - Frontend,SigNoz,Remote; Remote in India,,,,,,2026-09-03T17:54:20+00:00,2026-03-02T07:11:44+00:00,false,,remote,full_time,senior,,2026-09-17T00:38:22.037930+00:00,ats,simplify,https://simplify.jobs/p/91504975-fdf4-4b31-8416-180a2b0b967e
https://eventtemple.applytojob.com/apply/CU714Vr90A/Senior-Backend-Software-Engineer-Integrations?utm_source=Simplify,Senior Backend Software Engineer - Integrations,Event Temple,Remote; Remote in Canada,,,,,,2026-09-03T21:45:21+00:00,2026-08-03T06:22:32+00:00,false,,remote,full_time,senior,,2026-09-17T00:08:26.445650+00:00,ats,simplify,https://simplify.jobs/p/81f5fded-ef80-4be0-b405-e7942e8c8865
https://job-boards.greenhouse.io/anthropic/jobs/5398227008?gh_src=Simplify,Staff Software Engineer - Auth & Identity,Anthropic,"San Francisco, CA, USA; New York, NY, USA",405000.0,485000.0,USD,,,2026-09-03T10:51:18+00:00,2026-08-21T17:37:57+00:00,false,,hybrid,full_time,senior,,2026-09-17T00:08:27.772454+00:00,ats,simplify,https://simplify.jobs/p/865c4b3d-ed4d-488d-b429-6bbb545c09d5
https://jobs.ashbyhq.com/ether.fi/187143a7-922b-4622-a0d2-e5b6f4b59e4c/application?embed=true&utm_source=Simplify,Senior Full Stack Software Engineer,ether.fi,"New York, NY, USA; Denver, CO, USA",160000.0,200000.0,USD,,,2026-09-04T13:18:01+00:00,2026-02-10T07:10:02+00:00,false,,onsite,full_time,senior,,2026-09-17T00:08:28.440375+00:00,ats,simplify,https://simplify.jobs/p/8207dcbc-4f66-4334-bd12-ce34d69290f3
https://job-boards.greenhouse.io/thenewyorktimes/jobs/4671079005?gh_src=Simplify,Senior Software Engineer - Frontend Video Advertising,The New York Times,Remote; Remote in USA,140000.0,160000.0,USD,,,2026-09-08T22:39:27+00:00,2026-03-10T22:22:45+00:00,false,,remote,full_time,senior,,2026-09-17T00:08:31.528682+00:00,ats,simplify,https://simplify.jobs/p/1689bb10-df5a-44ca-a62e-098017b916b8
https://job-boards.greenhouse.io/sonicwall/jobs/8192438?gh_src=Simplify,Senior Software Engineer - C or C++,SonicWall,"Pune, Maharashtra, India",,,,,,2026-09-10T22:15:01+00:00,2026-09-10T22:14:34+00:00,false,,hybrid,full_time,senior,,2026-09-17T00:08:32.615896+00:00,ats,simplify,https://simplify.jobs/p/33149d48-83b7-4031-aaed-4c170a08754c
https://job-boards.greenhouse.io/rise8/jobs/4340611007?gh_src=Simplify,Senior Software Engineer,Rise8,Remote; Remote in USA,143824.0,179780.0,USD,,,2026-09-03T17:09:30+00:00,2026-02-03T23:30:38+00:00,false,,remote,full_time,senior,,2026-09-17T00:08:32.513729+00:00,ats,simplify,https://simplify.jobs/p/502f40a7-5a8c-40b5-a6c8-e0f743ecad57
https://job-boards.greenhouse.io/oneimaging/jobs/4018408009?gh_src=Simplify,Full Stack Software Engineer - Typescript/React,OneImaging,Remote; Remote in USA,120000.0,180000.0,USD,,,2026-09-04T05:18:01+00:00,2026-05-18T14:12:39+00:00,false,,remote,full_time,mid | senior,,2026-09-17T00:08:32.798726+00:00,ats,simplify,https://simplify.jobs/p/88ded9c5-fcd9-4af3-a209-fa1e881a15cb
https://job-boards.greenhouse.io/muonspace/jobs/5188072007?gh_src=Simplify,Software Engineer - Frontend,Muon Space,"San Jose, CA, USA",190000.0,212000.0,USD,,,2026-09-14T22:09:01+00:00,2026-07-15T22:24:20+00:00,false,,hybrid,full_time,senior,,2026-09-17T00:08:34.082320+00:00,ats,simplify,https://simplify.jobs/p/1cd14cd5-939f-4ba1-969a-7497898837de
https://job-boards.greenhouse.io/metropolis/jobs/7738602003?gh_src=Simplify,Senior Staff Software Engineer - Aeroparker,Metropolis,"Stockport, UK",,,,,,2026-09-15T22:36:01+00:00,2026-06-03T22:22:15+00:00,false,,hybrid,full_time,senior,,2026-09-17T00:08:34.459400+00:00,ats,simplify,https://simplify.jobs/p/8b32037b-8c22-45de-861d-a0233fa66f7f
https://www.mongodb.com/careers/jobs/8035228?gh_src=Simplify,Senior Software Engineer,MongoDB,"Remote; Dublin, Ireland",,,,,,2026-09-03T19:06:23+00:00,2026-06-29T14:18:25+00:00,false,,remote,full_time,senior,,2026-09-17T00:38:36.375912+00:00,employer,simplify,https://simplify.jobs/p/c8e0980e-7d99-433f-a9e6-5094e77cb61e
https://job-boards.greenhouse.io/torcrobotics/jobs/8790834002?gh_src=Simplify,Staff Software Engineer - Simulation Vehicle Modeling,Torc Robotics,"Remote; Remote in USA; Ann Arbor, MI, USA",186200.0,223400.0,USD,,,2026-09-11T14:11:41+00:00,2026-09-11T14:07:15+00:00,false,,remote,full_time,senior,,2026-09-17T00:08:35.701416+00:00,ats,simplify,https://simplify.jobs/p/c2eea239-c544-405d-9be1-aee8717e8f05
https://job-boards.greenhouse.io/andurilindustries/jobs/5199073007?gh_src=Simplify,Senior Software Engineer - Quality Integration,Anduril,"Costa Mesa, CA, USA",191000.0,253000.0,USD,,,2026-09-15T22:06:18+00:00,2026-07-29T22:43:31+00:00,false,,onsite,full_time,,,2026-09-17T00:08:36.590332+00:00,ats,simplify,https://simplify.jobs/p/0c6130f7-4275-4608-9653-3de7fc798099
https://jobs.ashbyhq.com/Crusoe/21ff8438-535e-4846-ac5b-fec56acffe48/application?embed=true&utm_source=Simplify,Senior Backend Software Engineer - Core Backend,Crusoe,"San Francisco, CA, USA; Sunnyvale, CA, USA",170000.0,205000.0,USD,,,2026-09-04T12:21:02+00:00,2026-09-01T04:56:10+00:00,false,,onsite,full_time,mid | senior,,2026-09-17T00:38:40.063732+00:00,ats,simplify,https://simplify.jobs/p/df2890b3-2978-46d7-b396-e4405571fd6a
https://collectorsuniverse.wd1.myworkdayjobs.com/collectors/job/US-CA---Hybrid-SNA/Staff-Software-Engineer---Set-Registry_JR106538?utm_source=Simplify,Staff Software Engineer - Set Registry,Collectors,"Santa Ana, CA, USA; Remote in USA",,,,,,2026-09-04T22:27:01+00:00,2026-09-04T00:00:00+00:00,false,,hybrid,full_time,senior,,2026-09-17T00:38:45.603256+00:00,ats,simplify,https://simplify.jobs/p/07c0ba40-11b2-4ee2-b1b2-03c6a0e340ca
https://jobs.ashbyhq.com/fieldguide/2a6ecb8d-c920-4bdc-8592-705c5b5f2f1d/application?embed=true&utm_source=Simplify,Senior Software Engineer - Audit - Full Stack,Fieldguide,"Remote; San Francisco, CA, USA",190000.0,215000.0,USD,,,2026-09-04T08:03:01+00:00,2026-05-26T22:09:28+00:00,false,,remote,full_time,mid | senior,,2026-09-17T00:08:37.448969+00:00,ats,simplify,https://simplify.jobs/p/75812eee-072c-4067-891c-465658c89d8f
https://jobs.ashbyhq.com/mercor/a0afa08a-5448-4432-bc61-a5fe3a73b4de/application?embed=true&utm_source=Simplify,Software Engineer - Backend,Mercor,"San Francisco, CA, USA",200000.0,500000.0,USD,,,2026-09-03T19:33:19+00:00,2026-07-14T06:10:38+00:00,false,,onsite,full_time,senior,,2026-09-17T00:38:44.760984+00:00,ats,simplify,https://simplify.jobs/p/e23f5c54-f526-4af0-9353-db9f4f4b5d38
https://wgu.wd5.myworkdayjobs.com/External/job/Salt-Lake-City-UT/Staff-Software-Engineer_JR-026034?utm_source=Simplify,Staff Software Engineer,WGU,"Salt Lake City, UT, USA",161000.0,249500.0,USD,,,2026-09-16T14:30:02+00:00,2026-08-28T00:00:00+00:00,false,,onsite,full_time,senior,,2026-09-17T00:38:49.055096+00:00,ats,simplify,https://simplify.jobs/p/c0393340-bce9-4bec-b7f2-6fd3a35803ba
https://careers.quest-global.com/global/en/job/P-113765/Senior-software-Engineer-Audio-Bengaluru?utm_source=Simplify,Senior Software Engineer Audio,Quest Global,"Bengaluru, Karnataka, India",,,,,,2026-09-16T08:51:31+00:00,2025-12-03T07:14:04+00:00,false,,onsite,full_time,senior,,2026-09-17T00:38:58.714211+00:00,employer,simplify,https://simplify.jobs/p/2de08705-93b5-435b-942a-332aea5c17f1
https://bitwarden.com/careers/7896465003/?gh_jid=7896465003&gh_src=Simplify,Senior Software Engineer - Rust,Bitwarden,"Remote; Noida, Uttar Pradesh, India",,,,,,2026-09-03T12:18:01+00:00,2026-08-24T13:31:31+00:00,false,,remote,full_time,mid | senior,,2026-09-17T00:39:00.240270+00:00,employer,simplify,https://simplify.jobs/p/8ae4b2b0-a933-4ef1-8028-cc20a87fccfe
https://jobs.ashbyhq.com/starpath.space/2adfba48-777a-4fcf-91d4-1da38d9edfa4/application?embed=true&utm_source=Simplify,Senior Flight Software Engineer - Embedded Linux,Starpath Robotics,"Remote; Hawthorne, CA, USA",155000.0,200000.0,USD,,,2026-09-16T08:36:41+00:00,2026-07-29T06:21:16+00:00,false,,remote,full_time,senior,,2026-09-17T00:08:43.939225+00:00,ats,simplify,https://simplify.jobs/p/14c3a572-e582-4c21-bff6-955ae1d70c48
https://nvidia.wd5.myworkdayjobs.com/NVIDIAExternalCareerSite/job/US-CA-Santa-Clara/Senior-Software-Engineer--Networking-Tools-Team_JR2014878?utm_source=Simplify,Senior Software Engineer - Networking Tools Team,NVIDIA,"Santa Clara, CA, USA",152000.0,287500.0,USD,,,2026-09-03T18:09:19+00:00,2026-06-20T11:01:45+00:00,false,,onsite,full_time,senior,,2026-09-17T00:39:04.999186+00:00,ats,simplify,https://simplify.jobs/p/5d5bb2cc-dc73-4be2-80b4-a999e2bc9013
https://eeho.fa.us2.oraclecloud.com/hcmUI/CandidateExperience/en/sites/CX_45001/job/334283?utm_source=Simplify,Senior Principal Software Engineer,Oracle,"Austin, TX, USA",96800.0,251600.0,USD,,,2026-09-03T18:36:19+00:00,2026-05-30T01:07:22+00:00,false,,onsite,full_time,senior,,2026-09-17T00:39:14.813532+00:00,ats,simplify,https://simplify.jobs/p/a55aa5c2-6d77-420e-bb21-077eeb33dd22
https://jobs.lever.co/solarlandscape/09ae0270-2c56-4d1b-a044-cdb1f32639c9/apply?lever-source=Simplify,Senior Software Engineer,Solar Landscape,"New York, NY, USA",160000.0,180000.0,USD,,,2026-09-03T19:00:22+00:00,2026-06-23T22:06:13+00:00,false,,hybrid,full_time,senior,,2026-09-17T00:08:48.744893+00:00,ats,simplify,https://simplify.jobs/p/99d9cadc-0689-40f7-9dea-3f3f166b3194
https://jobs.ashbyhq.com/GravityClimate/95f9139c-fdbf-42db-a604-9dc7cf1b59d9/application?embed=true&utm_source=Simplify,Senior Software Engineer - Agent-Driven,Gravity,"San Francisco, CA, USA",230000.0,230000.0,USD,,,2026-01-28T10:25:50+00:00,2026-01-14T02:12:18+00:00,false,,onsite,full_time,senior,,2026-09-17T00:08:49.090875+00:00,ats,simplify,https://simplify.jobs/p/32f6d556-af49-4c68-a979-b8196139deb2
https://jobs.lever.co/jito.wtf/86939232-2bd9-41c4-b7a4-5ed629758f22/apply?lever-source=Simplify,Senior Software Engineer - Jtx,Jito Labs,Remote; Remote in USA,200000.0,250000.0,USD,,,2026-09-04T13:30:01+00:00,2026-05-11T22:07:26+00:00,false,,remote,full_time,senior,,2026-09-17T00:08:49.564345+00:00,ats,simplify,https://simplify.jobs/p/c77fbb2c-04ae-4056-b7ca-b3bcc3c04be7
https://jobs.ashbyhq.com/plaid/a40369be-a709-485d-b666-4d68e4370917/application?embed=true&utm_source=Simplify,Staff Software Engineer - Protect,Plaid,"Seattle, WA, USA; New York, NY, USA",207600.0,273600.0,USD,,,2026-09-03T13:39:12+00:00,2026-08-20T00:47:31+00:00,false,,hybrid,full_time,senior,,2026-09-17T00:39:17.273449+00:00,ats,simplify,https://simplify.jobs/p/ed853648-3778-4191-adc0-03439a3e98e3
https://job-boards.greenhouse.io/embed/job_app?for=jumptrading&gh_src=Simplify&token=7662486,Software Engineer - GUI,Jump Trading,"Chicago, IL, USA",200000.0,250000.0,USD,,,2026-09-03T20:48:22+00:00,2026-07-15T22:18:49+00:00,false,,onsite,full_time,senior,,2026-09-17T00:08:52.421909+00:00,ats,simplify,https://simplify.jobs/p/973ebed3-ee2f-4dfd-89c1-6994bc3f2a01
https://job-boards.greenhouse.io/connectwise/jobs/4656422005?gh_src=Simplify,Senior Software Engineer I-Cybersecurity - Go / Java / Python,ConnectWise,"Pune, Maharashtra, India",,,,,,2026-09-04T07:24:02+00:00,2026-02-16T07:29:52+00:00,false,,hybrid,full_time,mid | senior,,2026-09-17T00:08:53.590604+00:00,ats,simplify,https://simplify.jobs/p/252bcf4b-accf-441c-befb-a8a51ececf13
https://apply.workable.com/northstrat/j/882859E8B9/apply?utm_source=Simplify,Frontend Software Engineer,Northstrat,"San Antonio, TX, USA",,,,,,2026-09-04T01:18:24+00:00,2026-08-08T01:17:11+00:00,false,,hybrid,full_time,mid | senior,,2026-09-17T00:39:44.212238+00:00,ats,simplify,https://simplify.jobs/p/79fa49ea-eae9-4147-8f17-926abc59b8d9
https://jobs.ashbyhq.com/suno/6eea0863-41c3-4bce-b54e-7a1ae1670166/application?embed=true&utm_source=Simplify,Senior/Staff Software Engineer - Artists & Creators,Suno,"Boston, MA, USA; Los Angeles, CA, USA; New York, NY, USA",228000.0,363000.0,USD,,,2026-09-03T03:42:06+00:00,2026-09-01T09:24:23+00:00,false,,onsite,full_time,mid | senior,,2026-09-17T00:08:55.844114+00:00,ats,simplify,https://simplify.jobs/p/8307f628-a5bc-4b96-b161-70a0d6df10d0
https://job-boards.greenhouse.io/noctrixhealth/jobs/5263490008?gh_src=Simplify,Senior Full Stack Software Engineer,Noctrix Health,"Pittsburgh, PA, USA",120000.0,140000.0,USD,,,2026-09-04T08:57:01+00:00,2026-07-03T22:04:22+00:00,false,,hybrid,full_time,senior,,2026-09-17T00:08:56.238804+00:00,ats,simplify,https://simplify.jobs/p/b97e178b-e2d9-45e0-812e-cb206fa681b2
https://jobs.lever.co/crgo/3a17f506-9be0-418f-af70-05bccdbb4472/apply?lever-source=Simplify,Senior Software Engineer,Enigma Aerospace,"Burlington, MA, USA",,,,,,2026-09-03T21:27:24+00:00,2026-08-01T01:08:47+00:00,false,,onsite,full_time,senior,,2026-09-17T00:08:57.243424+00:00,ats,simplify,https://simplify.jobs/p/b4c3f2ea-0f79-47f4-89be-188889663a22
https://jobs.ashbyhq.com/radai/eac0980c-6e8d-40ad-9329-0b338bada6be/application?embed=true&utm_source=Simplify,Staff Software Engineer - Continuity,Rad AI,"San Francisco, CA, USA; Remote in USA",175000.0,245000.0,USD,,,2026-09-03T10:51:18+00:00,2026-07-28T22:24:00+00:00,false,,hybrid,full_time,senior,,2026-09-17T00:08:57.381693+00:00,ats,simplify,https://simplify.jobs/p/7b1aaa05-c270-463d-9968-e4f50796c41c
https://job-boards.greenhouse.io/chainguard/jobs/4675043006?gh_src=Simplify,Senior Software Engineer - Containers,Chainguard,Remote; Remote in USA,157000.0,184000.0,USD,,,2026-09-04T07:51:01+00:00,2026-04-28T22:17:37+00:00,false,,remote,full_time,senior,,2026-09-17T00:08:57.837256+00:00,ats,simplify,https://simplify.jobs/p/147539c7-fa3c-44cd-a413-7d240a188baf
https://careers.quest-global.com/global/en/job/P-122562/Senior-Software-Engineer-C-WPF?utm_source=Simplify,Senior Software Engineer C# WPF,Quest Global,"Hyderabad, Telangana, India; Chennai, Tamil Nadu, India; Bengaluru, Karnataka, India; Thiruvananthapuram, Kerala, India",,,,,,2026-09-16T08:59:34+00:00,2026-09-15T06:18:54+00:00,false,,onsite,full_time,mid | senior,,2026-09-17T00:40:04.822474+00:00,employer,simplify,https://simplify.jobs/p/39f387f8-2a02-4bab-bf31-c0135d1107f0
https://jobs.lever.co/emburse/0a63caec-f95f-45f6-afba-98b8a37d98b7/apply?lever-source=Simplify,Senior Software Engineer - Full Stack,Emburse,"Toronto, ON, Canada",,,,,,2026-09-10T10:06:01+00:00,2026-07-30T14:05:49+00:00,false,,onsite,full_time,senior,,2026-09-17T00:08:58.555043+00:00,ats,simplify,https://simplify.jobs/p/b95108e4-3de1-4657-a50d-c84cd07d8080
https://jobs.ashbyhq.com/Adaptive/c1a19602-303e-4eb3-8aa6-a40cbc1009da/application?embed=true&utm_source=Simplify,Senior Software Engineer - Full Stack,Adaptive,"New York, NY, USA",200000.0,250000.0,USD,,,2026-09-04T06:57:01+00:00,2025-06-02T23:54:49+00:00,false,,hybrid,full_time,senior,,2026-09-17T00:09:00.701745+00:00,ats,simplify,https://simplify.jobs/p/cffff4ee-64b3-4d63-92ca-29f30b7a8c19
https://jobs.lever.co/saviynt/4ff9cf78-58dc-4b4a-a0f0-2f171b78e162/apply?lever-source=Simplify,Senior Software Engineer,Saviynt,"Bengaluru, Karnataka, India",,,,,,2026-09-04T08:15:01+00:00,2026-06-09T14:12:13+00:00,false,,hybrid,full_time,senior,,2026-09-17T00:09:02.575375+00:00,ats,simplify,https://simplify.jobs/p/5698cddf-d53b-4e86-a3cc-b6b6a5df4fc0
https://jobs.ashbyhq.com/streetgroup/44fdd183-2c06-46c8-8041-7fc7501c4595/application?embed=true&utm_source=Simplify,Senior Software Engineer,Street Group,"Manchester, UK",55000.0,75000.0,GBP,,,2026-09-05T08:18:01+00:00,2026-08-10T22:28:21+00:00,false,,hybrid,full_time,senior,,2026-09-17T00:40:11.314360+00:00,ats,simplify,https://simplify.jobs/p/02cb9dab-57a5-4c5d-9c0c-1d8e5cd5b613
https://careers.datadoghq.com/detail/7635298/?gh_jid=7635298&gh_src=Simplify,Staff Software Engineer - Logs Management,Datadog,"New York, NY, USA",244000.0,305000.0,USD,,,2026-09-04T07:24:02+00:00,2026-02-19T15:25:30+00:00,false,,hybrid,full_time,senior,,2026-09-17T00:40:17.860318+00:00,employer,simplify,https://simplify.jobs/p/32977633-c024-44bb-a6aa-ad7c7770da39
https://www.coalitioninc.com/job-posting/4731293005?gh_jid=4731293005&gh_src=Simplify,Software Engineer - AI Automation,Coalition,Remote; Remote in USA,115000.0,168000.0,USD,,,2026-09-04T22:48:01+00:00,2026-09-04T22:45:18+00:00,false,,remote,full_time,senior,,2026-09-17T00:40:14.669870+00:00,employer,simplify,https://simplify.jobs/p/a8aed43a-2520-4c51-a06a-2ceca400c6cc
https://kyndryl.wd5.myworkdayjobs.com/en-US/KyndrylProfessionalCareers/job/Bangalore-Karnataka-India/Software-Engineer---Microsoft-Power-Platform-Developer_R-62810?utm_source=Simplify,Software Engineer - Microsoft Power Platform Developer,Kyndryl,"Remote; Hyderabad, Telangana, India; Pune, Maharashtra, India; Chennai, Tamil Nadu, India; Noida, Uttar Pradesh, India; Bengaluru, Karnataka, India",,,,,,2026-09-03T19:00:22+00:00,2026-06-16T19:45:19+00:00,false,,remote,full_time,senior,,2026-09-17T00:40:23.133745+00:00,ats,simplify,https://simplify.jobs/p/3603405f-b843-423e-a9b2-e0e8dc002734
https://job-boards.greenhouse.io/morsecorp/jobs/7619938003?gh_src=Simplify,Front End Software Engineer,MORSE Corp,"Cambridge, MA, USA",90000.0,210000.0,USD,,,2026-09-04T07:12:12+00:00,2026-02-05T07:38:45+00:00,false,,onsite,full_time,senior,,2026-09-17T00:09:06.453540+00:00,ats,simplify,https://simplify.jobs/p/a19e7695-59ad-49c0-8947-e992e6f76ea0
https://eeho.fa.us2.oraclecloud.com/hcmUI/CandidateExperience/en/sites/CX_45001/job/335766?utm_source=Simplify,Sr Software Engineer - Cloud Automation & AI Systems,Oracle,"Nashville, TN, USA; Austin, TX, USA",89200.0,209500.0,USD,,,2026-09-03T19:12:22+00:00,2026-07-02T03:30:54+00:00,false,,onsite,full_time,mid | senior,,2026-09-17T00:40:26.896606+00:00,ats,simplify,https://simplify.jobs/p/16a69905-702b-4808-8a79-2305a9d803bd
https://job-boards.greenhouse.io/applytopopulate/jobs/4962891004?gh_src=Simplify,Senior .NET Software Engineer,Populate,"Remote; New York, NY, USA",,,,,,2025-11-18T09:11:50+00:00,2025-11-18T09:11:50+00:00,false,,remote,full_time,senior,,2026-09-17T00:09:08.091153+00:00,ats,simplify,https://simplify.jobs/p/77e80e95-f45b-4d45-a4e3-426be414c6f4
https://jobs.ashbyhq.com/rho/6a9e17f7-7239-44f8-afc0-3988a237d8d4/application?embed=true&utm_source=Simplify,Senior Software Engineer,Rho,"New York, NY, USA",170000.0,270000.0,USD,,,2026-09-05T08:54:01+00:00,2026-05-21T22:08:24+00:00,false,,onsite,full_time,senior,,2026-09-17T00:09:08.395325+00:00,ats,simplify,https://simplify.jobs/p/2d3be49b-e1d4-4739-b3b7-8887182bb4bd
https://kyndryl.wd5.myworkdayjobs.com/en-US/KyndrylProfessionalCareers/job/IN152015-NOIDA-IN152015-ARTHA-INFRATE/Senior-Software-Engineer---Full-Stack-Development_R-66248-1?utm_source=Simplify,Senior Software Engineer - Full Stack Development,Kyndryl,"Greater Noida, Uttar Pradesh, India; Hyderabad, Telangana, India; Pune, Maharashtra, India; Chennai, Tamil Nadu, India; Noida, Uttar Pradesh, India",,,,,,2026-09-04T12:54:01+00:00,2026-08-26T00:00:00+00:00,false,,hybrid,full_time,mid | senior,,2026-09-17T00:40:35.990882+00:00,ats,simplify,https://simplify.jobs/p/bfc379e6-29a5-4b10-933b-1373893f2a27
https://jobs.ashbyhq.com/manifest-os/2b9dbd08-c917-486d-90a7-723aba68c169/application?embed=true&utm_source=Simplify,Staff Software Engineer,Manifest OS,"New York, NY, USA",200000.0,300000.0,USD,,,2026-09-16T22:36:01+00:00,2026-09-03T03:53:49+00:00,false,,onsite,full_time,,,2026-09-17T00:40:41.818607+00:00,ats,simplify,https://simplify.jobs/p/3097ad78-f9c3-4b00-b0b2-d218615ebfeb
https://jobs.ashbyhq.com/outmarket/736024c0-15b1-4c75-82fd-7e1798f6ab79/application?embed=true&utm_source=Simplify,Senior Software Engineer,Outmarket AI,Remote; Remote in India; Remote in USA,,,,,,2026-09-03T19:06:23+00:00,2026-06-26T22:08:00+00:00,false,,remote,full_time,mid | senior,,2026-09-17T00:40:42.453841+00:00,ats,simplify,https://simplify.jobs/p/a1439423-1171-4e89-b82e-d38cb9441490
https://jobs.ashbyhq.com/kantiv/7832f37e-a6bb-4da3-9f92-83140ff774e1/application?embed=true&utm_source=Simplify,Senior Software Engineer - Chat & Agent Systems,Kantiv,Remote; Remote in India,,,,,,2026-09-12T06:33:01+00:00,2026-09-12T06:32:03+00:00,false,,remote,full_time,mid | senior,,2026-09-17T00:40:42.782714+00:00,ats,simplify,https://simplify.jobs/p/642a9f4d-e85a-488b-9358-d459c33bdca8
https://jobs.ashbyhq.com/wand-ai/e7c0c6e1-d32c-466a-9468-5a26dd6bc982/application?embed=true&utm_source=Simplify,Staff Software Engineer - Backend - Agent Orchestration,Wand Synthesis AI Inc,Remote; Remote in India,,,,,,2026-09-03T19:57:26+00:00,2026-07-21T01:15:29+00:00,false,,remote,full_time,senior,,2026-09-17T00:40:50.246490+00:00,ats,simplify,https://simplify.jobs/p/3c4d73c2-f8dc-4c44-aeab-875f478153b5
https://jobs.lever.co/syntax/69570488-78f2-4c80-abd9-9d35c9a43495/apply?lever-source=Simplify,Senior Software Engineer,Syntax,"New York, NY, USA",125000.0,140000.0,USD,,,2026-09-04T05:18:01+00:00,2026-01-21T20:31:30+00:00,false,,hybrid,full_time,mid | senior,,2026-09-17T00:09:10.438452+00:00,ats,simplify,https://simplify.jobs/p/59470347-716e-4cbc-bf77-e42a961d222d
https://jobs.ashbyhq.com/felix/c748d3de-a8f0-45dd-b46f-61e314d634e8/application?embed=true&utm_source=Simplify,Senior Software Engineer,felix,"Remote; Toronto, ON, Canada",125000.0,160000.0,USD,,,2026-09-03T15:03:13+00:00,2026-08-18T06:15:57+00:00,false,,remote,full_time,mid | senior,,2026-09-17T00:09:10.795374+00:00,ats,simplify,https://simplify.jobs/p/e30d5542-6ff3-4d3f-a837-ca554e606a75
https://jobs.lever.co/life/f8c8c6fb-16d2-4924-9cbd-6cc12d3c1544/apply?lever-source=Simplify,Senior Staff Software Engineer,Life.Church,"Edmond, OK, USA",,,,,,2026-09-03T20:27:22+00:00,2026-07-30T22:06:36+00:00,false,,onsite,full_time,,,2026-09-17T00:09:13.168285+00:00,ats,simplify,https://simplify.jobs/p/32d1f507-01f7-43d9-81da-d7010cfe8dd6
https://job-boards.greenhouse.io/affirm/jobs/7819654003?gh_src=Simplify,Senior Software Engineer - Fullstack - Card Acquisition,Affirm,Remote; Remote in USA,173000.0,255000.0,USD,,,2026-09-10T14:39:01+00:00,2026-07-29T22:38:05+00:00,false,,remote,full_time,mid | senior,,2026-09-17T00:09:12.520658+00:00,ats,simplify,https://simplify.jobs/p/1ba03cc9-5a0d-4578-be63-19a7b07e6e65
https://apply.workable.com/reversinglabs/j/FE69101B71/apply?utm_source=Simplify,Senior Full Stack Software Engineer,ReversingLabs,Remote; Remote in UK,,,,,,2026-09-04T01:18:24+00:00,2026-08-08T01:19:39+00:00,false,,remote,full_time,senior,,2026-09-17T00:40:54.677928+00:00,ats,simplify,https://simplify.jobs/p/3370a52c-059d-49aa-9a02-64fe32aff3f7
https://jobs.ashbyhq.com/headway/2c7faf60-19df-49c9-9e19-f1bbfa839dc2/application?embed=true&utm_source=Simplify,Staff Software Engineer - Insurance,Headway,Remote; Remote in USA,224000.0,336000.0,USD,,,2026-09-04T01:03:21+00:00,2026-08-07T14:23:55+00:00,false,,remote,full_time,senior,,2026-09-17T00:40:52.185764+00:00,ats,simplify,https://simplify.jobs/p/8d0ef886-af7f-41d4-b0ed-380d31699bbf
https://jobs.ashbyhq.com/paradigmai/8ffb7f9c-29d2-46cc-afeb-2e8e352f899f/application?embed=true&utm_source=Simplify,Senior Software Engineer,Paradigm,"San Francisco, CA, USA",300000.0,400000.0,USD,,,2026-09-03T19:51:22+00:00,2026-07-21T01:15:07+00:00,false,,onsite,full_time,mid | senior,,2026-09-17T00:09:13.832634+00:00,ats,simplify,https://simplify.jobs/p/6ded95bb-1d81-4973-9b06-a3771d5f8b8a
https://job-boards.greenhouse.io/singlestore/jobs/7866479?gh_src=Simplify,Senior Principal Software Engineer,SingleStore,India; United States,,,,,,2026-09-04T05:18:01+00:00,2026-04-29T14:21:27+00:00,false,,onsite,full_time,,,2026-09-17T00:09:13.813092+00:00,ats,simplify,https://simplify.jobs/p/addfe618-90f0-4686-9ca7-88f717f2c8c1
https://jobs.ashbyhq.com/novaintelligence/128d1ed2-e9f4-47f0-9c0b-c547c00577cf/application?embed=true&utm_source=Simplify,Senior Software Engineer,Nova Intelligence,"New York, NY, USA",150000.0,400000.0,USD,,,2026-09-16T08:52:00+00:00,2026-07-21T01:16:15+00:00,false,,onsite,full_time,mid | senior,,2026-09-17T00:41:06.537259+00:00,ats,simplify,https://simplify.jobs/p/2dffb282-c234-49a0-b504-2a6fc4aa9d23
https://job-boards.greenhouse.io/mcmastercarr/jobs/4035840009?gh_src=Simplify,Senior Software Engineer,McMaster-Carr,"Chicago, IL, USA",235000.0,310000.0,USD,,,2026-09-03T19:18:21+00:00,2026-07-03T22:21:51+00:00,false,,onsite,full_time,mid | senior,,2026-09-17T00:09:15.057901+00:00,ats,simplify,https://simplify.jobs/p/12ea3c55-8b96-4b88-8b59-24f57bc2a5a8
https://job-boards.greenhouse.io/auctane/jobs/7925637003?gh_src=Simplify,Senior Software Engineer .NET,Auctane,"Madrid, Spain",47000.0,68000.0,EUR,,,2026-09-16T22:41:33+00:00,2026-08-21T12:12:19+00:00,false,,hybrid,full_time,senior,,2026-09-17T00:09:15.162883+00:00,ats,simplify,https://simplify.jobs/p/7b5901dc-1b18-4ec1-80e6-26ed8e0bf17c
https://job-boards.greenhouse.io/cssmerge/jobs/8457771002?gh_src=Simplify,Senior Backend Software Engineer,Atoms,"Los Angeles, CA, USA",167000.0,230000.0,USD,,,2026-09-03T19:57:26+00:00,2026-07-01T22:06:45+00:00,false,,onsite,full_time,senior,,2026-09-17T00:09:16.600912+00:00,ats,simplify,https://simplify.jobs/p/450daa14-0b1d-4b9e-a8f7-01ca3718efe8 | https://simplify.jobs/p/cbcfa9e3-7c37-48ab-bc19-d61e220574dd
https://jobs.ashbyhq.com/imprint/ed168790-f437-4323-aabb-ca804bfd6ab1/application?embed=true&utm_source=Simplify,Staff Software Engineer - Backend,Imprint,"San Francisco, CA, USA; New York, NY, USA",200000.0,250000.0,USD,,,2026-09-03T17:03:18+00:00,2026-05-05T22:08:15+00:00,false,,hybrid,full_time,senior,,2026-09-17T00:09:17.742720+00:00,ats,simplify,https://simplify.jobs/p/18e83e65-9740-40e2-8af9-857c0e09e1fe
https://jobs.ashbyhq.com/deliveroo/928b307a-2f87-4d9a-9afb-41849f4a6d2f/application?embed=true&utm_source=Simplify,Staff Software Engineer - Dev Environments,Deliveroo,"London, UK",,,,,,2026-09-16T10:54:53+00:00,2026-08-24T23:31:36+00:00,false,,onsite,full_time,senior,,2026-09-17T00:09:18.238804+00:00,ats,simplify,https://simplify.jobs/p/b5444331-e8ff-44e7-9bed-c1967daa93f4
https://jobs.ashbyhq.com/Crusoe/21ac9f73-82cc-4d16-a7d7-59095d2ea8d3/application?embed=true&utm_source=Simplify,Senior Staff Software Engineer - Billing Platform,Crusoe,"San Francisco, CA, USA",237600.0,288000.0,USD,,,2026-09-03T18:48:22+00:00,2026-06-12T01:09:39+00:00,false,,onsite,full_time,senior,,2026-09-17T00:09:18.480000+00:00,ats,simplify,https://simplify.jobs/p/80b0dfc5-caa2-4db7-845b-025dc5f08176
https://job-boards.greenhouse.io/andurilindustries/jobs/5232402007?gh_src=Simplify,Senior Software Engineer - Manufacturing Test,Anduril,"Atlanta, GA, USA",165000.0,218000.0,USD,,,2026-09-10T22:45:01+00:00,2026-09-08T22:32:46+00:00,false,,onsite,full_time,mid | senior,,2026-09-17T00:09:19.445224+00:00,ats,simplify,https://simplify.jobs/p/584c4acc-9ff0-4094-9e0b-bc786de455a0
https://job-boards.greenhouse.io/clear/jobs/8043856?gh_src=Simplify,Senior Software Engineer - Java,CLEAR,"Austin, TX, USA",210000.0,280000.0,USD,,,2026-09-03T21:51:21+00:00,2026-07-02T22:12:16+00:00,false,,onsite,full_time,senior,,2026-09-17T00:09:20.465961+00:00,ats,simplify,https://simplify.jobs/p/64a9307d-d54f-4bef-a7e2-e12803576b01
https://job-boards.greenhouse.io/robinhood/jobs/8191640?gh_src=Simplify,Senior Software Engineer,Robinhood,"London, UK",,,,,,2026-09-14T14:45:01+00:00,2026-09-14T14:42:25+00:00,false,,hybrid,full_time,senior,,2026-09-17T00:09:21.815057+00:00,ats,simplify,https://simplify.jobs/p/a3159c56-cc60-45ec-908b-a8376a049896
https://jobs.ashbyhq.com/encord/ef90e270-cbc0-49b9-a5d1-0887bb96795d/application?embed=true&utm_source=Simplify,Senior Software Engineer - Full-Stack,Encord,"London, UK",,,,,,2026-09-03T18:48:22+00:00,2026-06-11T22:08:38+00:00,false,,onsite,full_time,senior,,2026-09-17T00:41:51.965122+00:00,ats,simplify,https://simplify.jobs/p/4368d185-0fd0-4882-882b-a94ebde5cc54
https://ciena.wd5.myworkdayjobs.com/Careers/job/Ottawa/Senior-Embedded-Software-Engineer_R031337?utm_source=Simplify,Senior Embedded Software Engineer,Ciena,"Ottawa, ON, Canada",95800.0,153000.0,CAD,,,2026-09-03T20:03:20+00:00,2026-07-23T00:00:00+00:00,false,,onsite,full_time,senior,,2026-09-17T00:42:04.368674+00:00,ats,simplify,https://simplify.jobs/p/56b612e5-dab0-4c69-a2d3-4ceb855ed8ac
https://jobs.ashbyhq.com/airwallex/f0e85c9a-19bc-4219-85a8-364d5e6b695d/application?embed=true&utm_source=Simplify,Staff Software Engineer - AI Tooling,Airwallex,"San Francisco, CA, USA; Melbourne VIC, Australia; Sydney NSW, Australia",200000.0,280000.0,USD,,,2026-09-04T04:42:01+00:00,2026-06-05T09:09:14+00:00,false,,hybrid,full_time,senior,,2026-09-17T00:09:22.814341+00:00,ats,simplify,https://simplify.jobs/p/f81b1939-bb11-41b7-bb0a-446677bb3c72
https://job-boards.greenhouse.io/thefarmersdog/jobs/8470229002?gh_src=Simplify,Senior Software Engineer 2 - Care Tools,The Farmer's Dog,"New York, NY, USA",205000.0,240000.0,USD,,,2026-09-03T18:09:19+00:00,2026-03-19T22:02:38+00:00,false,,onsite,full_time,senior,,2026-09-17T00:09:23.458354+00:00,ats,simplify,https://simplify.jobs/p/b116020d-bfaf-4fde-9d7d-dd9c51a5ecee
https://jobs.ashbyhq.com/junipersquare/c1336f96-bb75-4723-a9d3-d164a5eca3ba/application?embed=true&utm_source=Simplify,Senior Software Engineer - AI Platform,Juniper Square,Remote; Remote in USA; Remote in Canada,165000.0,220000.0,USD,,,2026-09-10T22:36:01+00:00,2026-09-10T22:28:26+00:00,false,,remote,full_time,senior,,2026-09-17T00:09:23.982724+00:00,ats,simplify,https://simplify.jobs/p/78603b86-ca5a-4022-b950-69a587e0cae4
https://salesforce.wd12.myworkdayjobs.com/External_Career_Site/job/New-York---New-York/Senior-Software-Engineer_JR357399?utm_source=Simplify,Senior Software Engineer,Salesforce,"New York, NY, USA",148500.0,246000.0,USD,,,2026-09-16T14:34:08+00:00,2026-09-11T00:00:00+00:00,false,,hybrid,full_time,mid | senior,,2026-09-17T00:42:26.996501+00:00,ats,simplify,https://simplify.jobs/p/fc187965-7b58-4e8e-9c3a-bfc525ec4689
https://jobs.ashbyhq.com/drata/452756bd-2f92-47aa-8459-cb8f29f02b08/application?embed=true&utm_source=Simplify,Senior Software Engineer 2,Drata,"San Francisco, CA, USA",157500.0,262500.0,USD,,,2026-09-04T07:12:12+00:00,2026-02-10T02:18:53+00:00,false,,hybrid,full_time,senior,,2026-09-17T00:42:23.746470+00:00,ats,simplify,https://simplify.jobs/p/f4d61af6-d8fa-4c14-8d72-31e44e4b8029
https://job-boards.greenhouse.io/clarityinnovates/jobs/5208090007?gh_src=Simplify,Senior Front End Software Engineer,Clarity Innovations,"Tampa, FL, USA",66000.0,165000.0,USD,,,2026-09-04T01:39:21+00:00,2026-08-10T22:18:03+00:00,false,,onsite,full_time,senior,,2026-09-17T00:09:36.613535+00:00,ats,simplify,https://simplify.jobs/p/35696b74-e8a9-4281-a6b9-b011bf638887
https://brightvisiontechnologies.applytojob.com/apply/zV8595ZtaN/Backend-Software-Engineer?utm_source=Simplify,Backend Software Engineer,Bright Vision Technologies,Remote; Remote in USA,115000.0,175000.0,USD,,,2026-09-15T22:51:01+00:00,2026-09-15T22:24:25+00:00,false,,remote,full_time,senior,,2026-09-17T00:09:26.811567+00:00,ats,simplify,https://simplify.jobs/p/b17f2b4f-b955-426b-bc95-c423bcd07839
https://jobs.lever.co/wyetechllc/b464498e-c95f-4f95-89ad-72d4ab61ab7e/apply?lever-source=Simplify,Software Engineer 1,Wyetech,"Annapolis Junction, MD, USA",52.46,107.37,USD,,,2026-09-03T18:21:22+00:00,2026-07-15T22:03:10+00:00,false,,onsite,full_time,junior | mid | senior,,2026-09-17T00:09:29.428674+00:00,ats,simplify,https://simplify.jobs/p/c3a35352-dd95-4e1d-8d8e-3e3638f11467
https://jobs.ashbyhq.com/traba/3479b52b-adf4-4fb0-a8dc-d762330413b1/application?embed=true&utm_source=Simplify,Staff Software Engineer - AI Agents,Traba,"San Francisco, CA, USA; New York, NY, USA",240000.0,300000.0,USD,,,2026-09-04T04:42:01+00:00,2026-07-20T22:12:52+00:00,false,,hybrid,full_time,senior,,2026-09-17T00:09:27.614814+00:00,ats,simplify,https://simplify.jobs/p/75931da2-dbac-4409-b077-71771089c088
https://job-boards.greenhouse.io/grvty/jobs/4398218009?gh_src=Simplify,Frontend Software Engineer,GRVTY,"Columbia, MD, USA",100163.0,152103.0,USD,,,2026-09-08T22:27:26+00:00,2026-09-08T22:17:27+00:00,false,,hybrid,full_time,senior,,2026-09-17T00:09:27.913946+00:00,ats,simplify,https://simplify.jobs/p/fc5884fa-f71b-49d0-87fd-34e95d6e9e7c
https://jobs.ashbyhq.com/Crusoe/d957b171-6c62-4c69-9e34-4fbd4a366601/application?embed=true&utm_source=Simplify,Senior Software Engineer - Storage,Crusoe,"San Francisco, CA, USA; Sunnyvale, CA, USA",166000.0,201000.0,USD,,,2026-09-03T17:15:21+00:00,2025-10-31T02:54:09+00:00,false,,onsite,full_time,mid | senior,,2026-09-17T00:09:27.933547+00:00,ats,simplify,https://simplify.jobs/p/bbed6d43-62db-4cf9-b8cf-9e44845aae74
https://jobs.ashbyhq.com/fal-ai/ee11c203-93c7-49e1-9a58-5dec613a4274/application?embed=true&utm_source=Simplify,Senior Software Engineer - Product,Fal,"San Francisco, CA, USA",180000.0,250000.0,USD,,,2026-09-03T20:21:27+00:00,2026-07-21T01:18:24+00:00,false,,onsite,full_time,senior,,2026-09-17T00:42:47.505816+00:00,ats,simplify,https://simplify.jobs/p/2058a8aa-7b7b-473c-9a8f-2013960c38c7
https://everwatch-everwatchsolutions.icims.com/jobs/3533/job?mobile=true&needsRedirect=false&utm_source=Simplify,Signals Software Engineer,Everwatch,"Annapolis Junction, MD, USA",84.14,96.16,USD,,,2026-09-03T19:18:21+00:00,2026-07-06T22:08:38+00:00,false,,onsite,full_time,senior,,2026-09-17T00:09:29.282649+00:00,ats,simplify,https://simplify.jobs/p/bbdbc5be-ec08-4439-8c57-f720a9ca2d5f
https://jobs.lever.co/dadavidson/5804cf18-f92c-45de-9e2d-50e313db954a/apply?lever-source=Simplify,Senior Software Engineer,D.A. Davidson,Remote; Remote in USA,95000.0,110000.0,USD,,,2026-09-03T19:24:26+00:00,2026-07-10T22:10:39+00:00,false,,remote,full_time,senior,,2026-09-17T00:09:29.009665+00:00,ats,simplify,https://simplify.jobs/p/cce10c16-6aad-4332-bec5-03678d6a08ce
https://careers.datadoghq.com/detail/5608424/?gh_jid=5608424&gh_src=Simplify,Senior Staff Software Engineer,Datadog,"New York, NY, USA",272000.0,340000.0,USD,,,2026-09-04T06:57:01+00:00,2025-05-20T19:39:10+00:00,false,,hybrid,full_time,senior,,2026-09-17T00:43:05.262031+00:00,employer,simplify,https://simplify.jobs/p/d36006a6-e326-437d-8207-a137da65aea6
https://jobs.lever.co/bhhc/b511575f-b539-47f2-9440-21a9efe9f047/apply?lever-source=Simplify,Software Engineer 3,Berkshire Hathaway,"Plano, TX, USA",135410.0,170840.0,USD,,,2026-09-03T19:00:22+00:00,2026-06-24T22:07:10+00:00,false,,hybrid,full_time,senior,,2026-09-17T00:09:29.931088+00:00,ats,simplify,https://simplify.jobs/p/bcbb22bb-3c5e-4a8c-9651-835b4b31d949
https://jobs.ashbyhq.com/Close/01fc4ad7-4d33-4f64-919f-502bb2c20efc/application?embed=true&utm_source=Simplify,Senior Software Engineer - Backend,Close,Remote; Remote in USA,,,,,,2026-09-16T09:54:02+00:00,2025-10-31T00:24:19+00:00,false,,remote,full_time,senior,,2026-09-17T00:43:01.420128+00:00,ats,simplify,https://simplify.jobs/p/72597119-ce22-45e3-9dd9-7b54dcbfd8f5
https://job-boards.greenhouse.io/reddit/jobs/8022449?gh_src=Simplify,Senior Software Engineer - Core Platform,Reddit,"Remote; New York, NY, USA",190800.0,267100.0,USD,,,2026-09-04T08:27:01+00:00,2026-06-23T22:14:24+00:00,false,,remote,full_time,senior,,2026-09-17T00:09:31.254848+00:00,ats,simplify,https://simplify.jobs/p/28d6549f-ad89-4228-956d-79160d5f90c9
https://jobs.ashbyhq.com/Commure/b8d40cf3-3bde-4aec-a2a9-ded988ab128f/application?embed=true&utm_source=Simplify,Senior Software Engineer - Air AI,Commure,"San Francisco, CA, USA; Los Angeles, CA, USA; New York, NY, USA; Mountain View, CA, USA",170000.0,230000.0,USD,,,2026-09-03T18:48:22+00:00,2026-06-09T01:08:40+00:00,false,,onsite,full_time,mid | senior,,2026-09-17T00:09:32.454358+00:00,ats,simplify,https://simplify.jobs/p/a11b9c81-fcc8-4e3e-87f2-0bcb01344453
https://job-boards.greenhouse.io/flip/jobs/5129881008?gh_src=Simplify,Staff Software Engineer,Flip,"New York, NY, USA; Marina Del Rey, CA, USA",200000.0,400000.0,USD,,,2026-09-03T21:57:21+00:00,2026-08-03T22:40:23+00:00,false,,onsite,full_time,senior,,2026-09-17T00:09:34.509809+00:00,ats,simplify,https://simplify.jobs/p/09e4dabb-bf49-4c33-be06-2866a667b219
https://jobs.ashbyhq.com/pliant/682e4239-60fd-4e00-b3d3-c310e9787dbd/application?embed=true&utm_source=Simplify,Software Engineer - Backend,Pliant,Remote; Remote in Germany,,,,,,2026-09-11T15:24:01+00:00,2026-07-21T01:12:59+00:00,false,,remote,full_time,senior,,2026-09-17T00:43:42.665273+00:00,ats,simplify,https://simplify.jobs/p/ece73a3a-7b4a-43ab-be08-4d45a7ae7301
https://jobs.ashbyhq.com/Adaptive/67860d94-83b1-43c6-8618-73a6188a6535/application?embed=true&utm_source=Simplify,Staff Software Engineer,Adaptive,"New York, NY, USA",220000.0,270000.0,USD,,,2026-09-03T17:09:30+00:00,2025-10-31T08:45:16+00:00,false,,hybrid,full_time,senior,,2026-09-17T00:09:35.193582+00:00,ats,simplify,https://simplify.jobs/p/6ba314f2-cbdb-45c0-88fc-9d46f795290a
https://careers.upstart.com/jobs/senior-software-engineer-core-platform?gh_jid=8128825&gh_src=Simplify,Senior Software Engineer - Core Platform,Upstart,Remote; Remote in USA; Remote in Canada,153000.0,230900.0,USD,,,2026-09-03T04:27:06+00:00,2026-08-31T19:39:12+00:00,false,,remote,full_time,senior,,2026-09-17T00:43:45.898311+00:00,employer,simplify,https://simplify.jobs/p/6d169ba5-01e5-431d-970d-5347696381fa
https://job-boards.greenhouse.io/scoutmotors/jobs/4775713007?gh_src=Simplify,Senior Staff Software Engineer - Backend,Scout Motors,"Fremont, CA, USA",198000.0,242000.0,USD,,,2026-09-16T06:39:01+00:00,2026-04-24T22:13:11+00:00,false,,hybrid,full_time,senior,,2026-09-17T00:09:36.009106+00:00,ats,simplify,https://simplify.jobs/p/f2cd1ecb-0eb1-4489-8184-55d3e8ccad06
https://job-boards.greenhouse.io/spacex/jobs/8716848002?gh_src=Simplify,Senior Software Engineer - Starlink Enterprise Product - Space Lasers,SpaceX,"Redmond, WA, USA",165000.0,270000.0,USD,,,2026-09-03T11:27:09+00:00,2026-08-20T22:19:55+00:00,false,,onsite,full_time,senior,,2026-09-17T00:09:36.408306+00:00,ats,simplify,https://simplify.jobs/p/c1921fe5-9105-4598-ab62-7b7944454fd0
https://jobs.ashbyhq.com/applied/dc8d167a-fbc5-4131-a4fa-2a6dadfae5de/application?embed=true&utm_source=Simplify,Senior Software Engineer - C++,Applied Intuition,"Sunnyvale, CA, USA",153000.0,222000.0,USD,,,2026-09-04T08:27:01+00:00,2026-06-27T09:06:35+00:00,false,,onsite,full_time,mid | senior,,2026-09-17T00:43:49.165092+00:00,ats,simplify,https://simplify.jobs/p/6ee39171-882d-4bb3-af81-a84bc695d5cb
https://jobs.ashbyhq.com/binance.us/614a7781-33f7-47e5-be16-44da17be8dfa/application?embed=true&utm_source=Simplify,Software Engineer - Backend,Binance,"Remote; Vancouver, BC, Canada",148300.0,171000.0,CAD,,,2026-09-03T13:39:12+00:00,2026-08-19T22:24:29+00:00,false,,remote,full_time,senior,,2026-09-17T00:09:36.742580+00:00,ats,simplify,https://simplify.jobs/p/49e56bf8-5a75-4a81-9668-16197fc0021d
https://job-boards.greenhouse.io/spacex/jobs/8756086002?gh_src=Simplify,Senior Software Engineer - CDN - Starlink,SpaceX,"Hawthorne, CA, USA",185000.0,265000.0,USD,,,2026-09-03T06:45:06+00:00,2026-08-27T22:22:29+00:00,false,,onsite,full_time,senior,,2026-09-17T00:09:37.584221+00:00,ats,simplify,https://simplify.jobs/p/e8438537-04b4-4a0c-b11b-fb904484e857
https://jobs.lever.co/zoox/6e661ebe-548b-4532-a243-a310fbf60223/apply?lever-source=Simplify,Staff/Senior Staff Software Engineer - Full Stack,Zoox,"Foster City, CA, USA",285000.0,350000.0,USD,,,2026-09-04T12:33:01+00:00,2026-08-21T22:08:27+00:00,false,,hybrid,full_time,senior,,2026-09-17T00:09:40.879602+00:00,ats,simplify,https://simplify.jobs/p/44e5fe83-dd2b-4176-be0e-1b6d93492dc9
https://jobs.ashbyhq.com/noialabs/50b71c56-d6bb-4051-9e98-4d180d5a4429/application?embed=true&utm_source=Simplify,Founding Software Engineer,Noïa Labs,"Paris, France",,,,,,2026-09-03T19:51:22+00:00,2026-07-21T01:14:35+00:00,false,,hybrid,full_time,senior,,2026-09-17T00:44:07.977366+00:00,ats,simplify,https://simplify.jobs/p/c7124641-b2a4-4cd9-9cc6-b635cc52a853
https://jobs.ashbyhq.com/temporal/a04c4545-b34e-40d4-b1ac-17f17976e93e/application?embed=true&utm_source=Simplify,Senior Software Engineer - Cloud Growth,Temporal Technologies,Remote; Remote in USA,140800.0,231000.0,USD,,,2026-09-03T11:57:01+00:00,2026-08-21T09:30:29+00:00,false,,remote,full_time,senior,,2026-09-17T00:44:09.725464+00:00,ats,simplify,https://simplify.jobs/p/e496c291-e074-4824-aeb1-55a4911bff79
https://job-boards.greenhouse.io/andurilindustries/jobs/5236469007?gh_src=Simplify,Senior Software Engineer - Battlespace Awareness,Anduril,"Waltham, MA, USA",220000.0,292000.0,USD,,,2026-09-12T19:51:01+00:00,2026-09-12T19:48:11+00:00,false,,onsite,full_time,senior,,2026-09-17T00:09:42.619482+00:00,ats,simplify,https://simplify.jobs/p/28aadfd2-3985-4ed5-8595-4f5045687a94
https://job-boards.greenhouse.io/xometry/jobs/5081688007?gh_src=Simplify,Senior Software Engineer,Xometry,"North Bethesda, MD, USA",119000.0,155000.0,USD,,,2026-09-03T18:15:29+00:00,2026-04-01T01:24:16+00:00,false,,hybrid,full_time,mid | senior,,2026-09-17T00:09:43.041975+00:00,ats,simplify,https://simplify.jobs/p/1e921c1e-ce63-4fde-9651-da71f4819290
https://jobs.lever.co/picktrace/4882c15a-62d6-4307-b01e-abd8bd417943/apply?lever-source=Simplify,Senior Software Engineer,PickTrace,"San Diego, CA, USA",115000.0,140000.0,USD,,,2026-09-03T19:39:23+00:00,2026-07-15T14:09:07+00:00,false,,onsite,full_time,mid | senior,,2026-09-17T00:09:43.233676+00:00,ats,simplify,https://simplify.jobs/p/6ecedbec-570a-4ba2-bd17-3905b1ff96d6
https://collectorsuniverse.wd1.myworkdayjobs.com/collectors/job/US-Remote---California/Senior-Software-Engineer--Front-End--CX-Apps-_JR105355?utm_source=Simplify,Senior Software Engineer - Front-End - CX Apps,Collectors,"Remote; California, USA",140971.0,228870.0,USD,,,2026-09-03T19:00:22+00:00,2026-06-27T10:10:25+00:00,false,,remote,full_time,senior,,2026-09-17T00:44:16.554858+00:00,ats,simplify,https://simplify.jobs/p/89bb7497-b231-4b74-8663-2230941f4b42
https://job-boards.greenhouse.io/coherehealth/jobs/7735261003?gh_src=Simplify,Staff Software Engineer - Integration,Cohere Health,"Hyderabad, Telangana, India",,,,,,2026-09-03T18:27:21+00:00,2026-05-15T22:14:26+00:00,false,,onsite,full_time,,,2026-09-17T00:09:43.888737+00:00,ats,simplify,https://simplify.jobs/p/036eb877-ce83-4963-9b5b-cd8dc7641708
https://job-boards.greenhouse.io/vast/jobs/4702552006?gh_src=Simplify,Senior Software Engineer - Enterprise Applications,VAST,"Long Beach, CA, USA",159000.0,226000.0,USD,,,2026-09-04T00:27:22+00:00,2026-08-05T22:28:07+00:00,false,,onsite,full_time,senior,,2026-09-17T00:09:44.567471+00:00,ats,simplify,https://simplify.jobs/p/96f0ee5f-25bf-499c-a81c-9bcf7b563cc4
https://jobs.ashbyhq.com/Unblocked/f20347ff-f136-4a5a-9a49-bbb3d737d34e/application?embed=true&utm_source=Simplify,Senior Software Engineer,Unblocked,"Vancouver, BC, Canada",,,,,,2026-09-03T18:03:18+00:00,2026-03-06T15:23:42+00:00,false,,onsite,full_time,senior,,2026-09-17T00:09:44.593824+00:00,ats,simplify,https://simplify.jobs/p/b55d1510-2a47-483a-aa72-28f54c5e13f9
https://cubic.wd1.myworkdayjobs.com/cubic_USA_careers/job/Ashburn-Virginia/Senior-Software-Engineer---Unified-Video-Sustainment_REQ_49557?utm_source=Simplify,Senior Software Engineer - Unified Video Sustainment,Cubic,"Ashburn, VA, USA",131000.0,175000.0,USD,,,2026-09-16T14:13:42+00:00,2026-07-28T00:00:00+00:00,false,,hybrid,full_time,senior,,2026-09-17T00:44:24.110068+00:00,ats,simplify,https://simplify.jobs/p/76e645d7-e084-473d-b045-8b8f28dbc56a
https://jobs.lever.co/everbridge/208fde4c-c9e5-4cb0-a19b-691a74957e36/apply?lever-source=Simplify,Senior Software Engineer - Full Stack - .NET/React,Everbridge,Remote; Remote in India,,,,,,2026-09-04T12:21:02+00:00,2026-08-20T02:39:03+00:00,false,,remote,full_time,senior,,2026-09-17T00:09:45.279649+00:00,ats,simplify,https://simplify.jobs/p/6dcb1c9e-a4da-40dd-8dd4-c6dbd11c5186
https://jobs.lever.co/capitalsolutionsgroup/3674fb5e-abc9-4bfe-b3d0-b4f7a7842920/apply?lever-source=Simplify,Senior Software Engineer,Capital Solutions Group,"Laurel, MD, USA",,,,,,2025-11-12T03:35:31+00:00,2025-10-31T00:36:23+00:00,false,,onsite,full_time,senior,,2026-09-17T00:09:45.966290+00:00,ats,simplify,https://simplify.jobs/p/48329d19-61f2-411b-9ee7-f6aadd990987
https://gliacelltechnologies.applytojob.com/apply/meNyYLWqeT/Senior-Full-Stack-Software-Engineer-Partial-Telework?utm_source=Simplify,Senior Full Stack Software Engineer,GliaCell Technologies,"Annapolis Junction, MD, USA",170000.0,230000.0,USD,,,2026-09-04T10:30:02+00:00,2026-08-03T06:11:39+00:00,false,,hybrid,full_time,senior,,2026-09-17T00:09:46.177886+00:00,ats,simplify,https://simplify.jobs/p/cc074307-beab-4466-b739-93701eda80b2
https://zoom.wd5.myworkdayjobs.com/zoom/job/Remote-IRL/Senior-Software-Engineer--PHP-with-Laravel-Framework---Workvivo_R19603-1?utm_source=Simplify,Senior Software Engineer - PHP with Laravel Framework - Workvivo,Zoom,"Remote in Ireland; Cork, Ireland; Dublin, Ireland",69200.0,110700.0,EUR,,,2026-09-16T22:36:01+00:00,2026-09-16T00:00:00+00:00,false,,hybrid,full_time,senior,,2026-09-17T00:44:22.831332+00:00,ats,simplify,https://simplify.jobs/p/5eedc821-a52f-43aa-96bb-46f0d5be69aa
https://jobs.ashbyhq.com/Neon/86131334-4a12-4e86-8b53-d816519da8f3/application?embed=true&utm_source=Simplify,Senior Software Engineer,Neon,"New York, NY, USA",170000.0,190000.0,USD,,,2026-09-03T19:45:19+00:00,2026-07-15T22:12:16+00:00,false,,onsite,full_time,senior,,2026-09-17T00:09:47.179660+00:00,ats,simplify,https://simplify.jobs/p/a28b65f0-90de-4df1-943b-c9fb573c47dd
https://careers.cisco.com/global/en/job/2022662/Senior-Software-Engineer-C-C-Network-Systems?utm_source=Simplify,Senior Software Engineer - C/C++ & Network Systems,Cisco,"Bengaluru, Karnataka, India",,,,,,2026-09-16T10:36:17+00:00,2026-09-14T21:16:02+00:00,false,,onsite,full_time,mid | senior,,2026-09-17T00:44:27.410431+00:00,employer,simplify,https://simplify.jobs/p/baf9d225-f156-4c07-b6d1-c11b82f3953a
https://lowrisc.applytojob.com/apply/cGkSywFfdO/SeniorPrincipal-Software-Engineer?utm_source=Simplify,Senior/Principal Software Engineer,lowRISC CIC,"Cambridge, UK",,,,,,2026-09-03T21:39:22+00:00,2026-08-03T06:16:45+00:00,false,,onsite,full_time,senior,,2026-09-17T00:09:47.986268+00:00,ats,simplify,https://simplify.jobs/p/a4f0f2f8-3fba-4d67-a46c-49385974a9f0
https://job-boards.greenhouse.io/anthropic/jobs/5305402008?gh_src=Simplify,Staff Software Engineer - Web Platform,Anthropic,"San Francisco, CA, USA",320000.0,405000.0,USD,,,2026-09-03T20:27:22+00:00,2026-08-04T14:21:40+00:00,false,,hybrid,full_time,senior,,2026-09-17T00:09:47.770660+00:00,ats,simplify,https://simplify.jobs/p/a9fe8345-3527-4cb8-b58f-c991c3793859
https://jobs.lever.co/CesiumAstro/c73af5e0-14ca-41d6-8e40-0bdf800ecd53/apply?lever-source=Simplify,Senior Software Engineer - Fullstack,CesiumAstro,"Austin, TX, USA",,,,,,2026-09-04T13:00:41+00:00,2026-08-31T05:00:13+00:00,false,,onsite,full_time,senior,,2026-09-17T00:09:48.808529+00:00,ats,simplify,https://simplify.jobs/p/7d59fb95-b083-4fcb-8e57-2644e176e7c9
https://jobs.ashbyhq.com/protege/0f6ae8c3-b8c1-455e-b4b9-570d05de1a98/application?embed=true&utm_source=Simplify,Senior Full Stack Software Engineer,Protege,Remote; Remote in USA,,,,,,2026-09-04T10:18:01+00:00,2026-07-31T22:26:24+00:00,false,,remote,full_time,senior,,2026-09-17T00:09:49.042622+00:00,ats,simplify,https://simplify.jobs/p/709110de-34f5-40fb-976d-95cebe87407d
https://www.okta.com/company/careers/senior-software-engineer-customer-dev-tools-auth0-8113501/?gh_src=Simplify,Senior Software Engineer,Okta,"Bengaluru, Karnataka, India",,,,,,2026-09-04T02:06:24+00:00,2026-08-12T09:16:42+00:00,false,,hybrid,full_time,senior,,2026-09-17T00:44:28.975715+00:00,employer,simplify,https://simplify.jobs/p/f9eb6b3e-0d25-400a-b2c8-034d62456781
https://jobs.ashbyhq.com/lunar/4b738edd-8fb8-4c78-be83-b13f5976c6fa/application?embed=true&utm_source=Simplify,Senior Software Engineer - Platform,Lunar,"San Francisco, CA, USA",170000.0,210000.0,USD,,,2026-09-03T19:12:22+00:00,2026-07-03T01:10:10+00:00,false,,onsite,full_time,senior,,2026-09-17T00:09:49.451770+00:00,ats,simplify,https://simplify.jobs/p/e4eb968e-75e3-4e4c-9645-cb57d34f814c
https://job-boards.greenhouse.io/flex/jobs/4733639005?gh_src=Simplify,Staff Software Engineer - Backend,Flex,Remote; United States,170000.0,250000.0,USD,,,2026-09-14T22:36:01+00:00,2026-09-14T22:34:02+00:00,false,,remote,full_time,senior,,2026-09-17T00:09:51.170471+00:00,ats,simplify,https://simplify.jobs/p/11a58e79-8d0a-4bb7-8b3b-5821ab8a0d12
https://jobs.ashbyhq.com/suno/16c7d5bf-e43c-4319-bdfc-6a7dbdf58e43/application?embed=true&utm_source=Simplify,Senior/Staff Software Engineer - Commerce Platform,Suno,"Cambridge, MA, USA; New York, NY, USA",228960.0,363510.0,USD,,,2026-09-04T07:24:02+00:00,2026-03-05T02:23:17+00:00,false,,onsite,full_time,senior,,2026-09-17T00:09:51.440336+00:00,ats,simplify,https://simplify.jobs/p/cc512c9f-2c91-48b8-85ed-70d816aad2cc
https://jobs.ashbyhq.com/harvey/f47e1925-2a89-4264-8a1b-09cd9215f4dd/application?embed=true&utm_source=Simplify,Senior Software Engineer - AI Platform,Harvey,"San Francisco, CA, USA",185000.0,325000.0,USD,,,2026-09-16T08:45:22+00:00,2026-03-12T01:15:45+00:00,false,,hybrid,full_time,senior,,2026-09-17T00:09:51.635447+00:00,ats,simplify,https://simplify.jobs/p/2098a1be-a933-416b-8d19-5cb9e855cb18
https://job-boards.greenhouse.io/embed/job_app?for=toast&gh_src=Simplify&token=7819344,Senior Software Engineer - Fullstack - Digital Storefront,Toast,Remote; Remote in USA,125000.0,254000.0,USD,,,2026-09-16T22:09:03+00:00,2026-07-09T22:25:53+00:00,false,,remote,full_time,senior,,2026-09-17T00:09:54.312556+00:00,ats,simplify,https://simplify.jobs/p/5f5301cb-3408-48db-98ef-df15a092e278
https://job-boards.greenhouse.io/forgeglobal/jobs/6008460004?gh_src=Simplify,Senior Software Engineer Tech Lead - Customer Domain Engineering,Forge Global,"New York, NY, USA",209000.0,240000.0,USD,,,2026-09-04T08:03:01+00:00,2026-05-28T22:13:27+00:00,false,,hybrid,full_time,senior,,2026-09-17T00:09:54.440810+00:00,ats,simplify,https://simplify.jobs/p/76e3d3e0-0d1d-44a0-a724-7e08a6ced9d6
https://jobs.ashbyhq.com/outersignal/5b6f5596-099b-4cc0-8196-42ad6270b780/application?embed=true&utm_source=Simplify,Senior Software Engineer,OuterSignal,"New York, NY, USA",200000.0,300000.0,USD,,,2026-09-03T19:51:22+00:00,2026-07-21T01:14:45+00:00,false,,hybrid,full_time,senior,,2026-09-17T00:44:54.170316+00:00,ats,simplify,https://simplify.jobs/p/09d330ab-c50f-428e-a2cf-cab49d56307c
https://job-boards.greenhouse.io/chainguard/jobs/4713469006?gh_src=Simplify,Staff Software Engineer - Malware Detection,Chainguard,Remote; Remote in Canada,,,,,,2026-09-15T23:06:01+00:00,2026-09-15T22:38:34+00:00,false,,remote,full_time,senior,,2026-09-17T00:09:56.813811+00:00,ats,simplify,https://simplify.jobs/p/c660fb82-503a-43eb-a6d0-b2e735d9693b
https://jobs.lever.co/weloglobal/a89311ff-7212-4c31-a959-8e6f6b448fe3/apply?lever-source=Simplify,Senior Software Engineer - Robot Data Collection,Welo Global,"Santa Clara, CA, USA",105.0,105.0,USD,,,2026-09-16T10:36:02+00:00,2026-09-15T22:12:11+00:00,false,,onsite,full_time,mid | senior,,2026-09-17T00:09:57.167659+00:00,ats,simplify,https://simplify.jobs/p/e2fa01c2-d383-4fb1-9e7b-1ecbe9fa6f20
https://apply.workable.com/anza-xyz/j/DA863A3939/apply?utm_source=Simplify,Senior Software Engineer - Block Production,Anza,"Remote; Remote in USA; New York, NY, USA",180000.0,300000.0,USD,,,2026-09-04T01:18:24+00:00,2026-08-08T01:18:09+00:00,false,,remote,full_time,mid | senior,,2026-09-17T00:44:53.501684+00:00,ats,simplify,https://simplify.jobs/p/c8923277-a3c5-4a97-8fc4-817456403280
https://ingrammicro.wd5.myworkdayjobs.com/IngramMicro/job/Barcelona-Spain/Senior-Software-engineer_R-117259-1?utm_source=Simplify,Senior Software Engineer,Ingram Micro,"Remote; Barcelona, Spain; Santander, Cantabria, Spain",,,,,,2026-09-04T09:15:01+00:00,2026-09-01T00:00:00+00:00,false,,remote,full_time,senior,,2026-09-17T00:44:57.047395+00:00,ats,simplify,https://simplify.jobs/p/110eee01-9cc2-4e06-8f16-84aab58ea442
https://jobs.ashbyhq.com/hackerone/f527a7f4-fb5d-45d8-9b79-ff360beed2c4/application?embed=true&utm_source=Simplify,Senior Software Engineer - Applied AI,HackerOne,"Boston, MA, USA; Seattle, WA, USA; Washington, DC, USA; Austin, TX, USA",190000.0,230000.0,USD,,,2026-09-04T04:42:01+00:00,2026-02-12T23:13:28+00:00,false,,hybrid,full_time,senior,,2026-09-17T00:10:01.718578+00:00,ats,simplify,https://simplify.jobs/p/7b28057d-85eb-4d27-8361-b4febaa63832
https://jobs.ashbyhq.com/airwallex/36f3a7d5-6f03-4ac9-bcd5-520f408fa021/application?embed=true&utm_source=Simplify,Senior Software Engineer - Spend,Airwallex,"Melbourne VIC, Australia",,,,,,2026-09-04T07:51:01+00:00,2026-04-24T14:08:18+00:00,false,,onsite,full_time,senior,,2026-09-17T00:10:01.801724+00:00,ats,simplify,https://simplify.jobs/p/c8891a37-a795-41f9-a687-9d1d5f5608ba
https://job-boards.greenhouse.io/mercury/jobs/6183014004?gh_src=Simplify,Senior Software Engineer - Investments,Mercury,"San Francisco, CA, USA; Remote in USA; New York, NY, USA; Portland, OR, USA; Remote in Canada",200700.0,250900.0,USD,,,2026-09-04T22:27:01+00:00,2026-09-04T22:23:06+00:00,false,,hybrid,full_time,senior,,2026-09-17T00:10:03.597921+00:00,ats,simplify,https://simplify.jobs/p/3abda3ef-b242-4006-81bc-f30bbfc60400
https://job-boards.greenhouse.io/relativity/jobs/8575499002?gh_src=Simplify,Senior Flight Software Engineer,Relativity Space,"Long Beach, CA, USA",154000.0,230000.0,USD,,,2026-09-15T22:51:01+00:00,2026-06-02T22:13:31+00:00,false,,onsite,full_time,senior,,2026-09-17T00:10:04.529146+00:00,ats,simplify,https://simplify.jobs/p/bb82a1ab-ab2f-4317-83ef-d15becaa3923
https://jobs.ashbyhq.com/chainalysis-careers/9a38ba4c-7ebb-4906-bade-92da8e7ae993/application?embed=true&utm_source=Simplify,Senior Software Engineer - Blockchain Protocols,Chainalysis,Remote; Remote in UK,,,,,,2026-09-04T10:42:01+00:00,2026-07-29T22:24:38+00:00,false,,remote,full_time,senior,,2026-09-17T00:10:05.613460+00:00,ats,simplify,https://simplify.jobs/p/f4211155-b5f0-4e19-89d2-6e0f1d98a888
https://job-boards.greenhouse.io/boxinc/jobs/8133237?gh_src=Simplify,Senior Software Engineer - Microservice Foundation,Box,"Redwood City, CA, USA",198500.0,248000.0,USD,,,2026-09-03T02:39:07+00:00,2026-08-18T22:35:40+00:00,false,,hybrid,full_time,senior,,2026-09-17T00:10:06.752505+00:00,ats,simplify,https://simplify.jobs/p/8aad857b-8e2b-4d8b-88e8-37c0a0328467
https://job-boards.greenhouse.io/muonspace/jobs/5207152007?gh_src=Simplify,Staff Software Engineer - Onboard Compute Architecture,Muon Space,"San Jose, CA, USA",240000.0,267000.0,USD,,,2026-09-16T22:18:03+00:00,2026-08-07T22:27:33+00:00,false,,hybrid,full_time,mid | senior,,2026-09-17T00:10:07.195127+00:00,ats,simplify,https://simplify.jobs/p/a32ce69e-b2df-4839-aaef-94efa18e94e3
https://cubic.wd1.myworkdayjobs.com/cubic_global_careers/job/Hyderabad-Telangana/Senior-Software-Engineer--Java-_REQ_48691?utm_source=Simplify,Senior Software Engineer - Java,Cubic,"Hyderabad, Telangana, India",,,,,,2026-09-16T09:27:01+00:00,2026-06-15T06:09:57+00:00,false,,onsite,full_time,senior,,2026-09-17T00:45:02.296516+00:00,ats,simplify,https://simplify.jobs/p/219506bb-fffd-4ee6-bfb7-8601616dc325
https://careers.capgemini.com/job/Coimbatore-Senior-Software-Engineer/1432030733/?ats=successfactors&utm_source=Simplify,Senior Software Engineer,Capgemini,"Coimbatore, Tamil Nadu, India",,,,,,2026-09-07T16:54:01+00:00,2026-08-31T18:54:14+00:00,false,,onsite,full_time,senior,,2026-09-17T00:45:04.890124+00:00,employer,simplify,https://simplify.jobs/p/027dcdd1-32b0-4b59-953d-badfefb8b315
https://jobs.ashbyhq.com/trm-labs/92d3b3fe-284b-4d68-890f-b5b26b64bd98/application?embed=true&utm_source=Simplify,Senior Software Engineer - Full Stack - Product Engineering,TRM Labs,Remote; Remote in USA,211000.0,250000.0,USD,,,2026-09-14T22:33:01+00:00,2026-05-19T01:08:37+00:00,false,,remote,full_time,senior,,2026-09-17T00:45:05.615076+00:00,ats,simplify,https://simplify.jobs/p/28ca5451-ec42-4b56-a1fd-cc093b10c8dd
https://jobs.ashbyhq.com/authzed/3bfb826e-1125-4ea4-b5ea-a0dbe776ab18/application?embed=true&utm_source=Simplify,Senior Software Engineer,AuthZed,Remote; Remote in USA; Remote in Canada,150000.0,190000.0,USD,,,2026-09-11T23:54:01+00:00,2026-09-11T23:53:39+00:00,false,,remote,full_time,senior,,2026-09-17T00:10:11.428672+00:00,ats,simplify,https://simplify.jobs/p/69581925-9741-4804-a442-3c844e08cbf5
https://job-boards.greenhouse.io/mediaalpha/jobs/8778389002?gh_src=Simplify,Senior Applied AI Software Engineer,MediaAlpha,"Bellevue, WA, USA",150000.0,210000.0,USD,,,2026-09-04T06:27:01+00:00,2026-09-04T06:26:46+00:00,false,,hybrid,full_time,senior,,2026-09-17T00:10:20.702058+00:00,ats,simplify,https://simplify.jobs/p/7c6754a3-b0f4-445f-91b6-425c9f4a7860
https://axis.wd3.myworkdayjobs.com/external_career_site/job/France---Sophia-Antipolis/Software-Engineer---Video-Analytics_R-123833-1?utm_source=Simplify,Software Engineer - Video Analytics,Axis Communications,"Sophia Antipolis, France",,,,,,2026-09-10T14:12:04+00:00,2026-09-10T00:00:00+00:00,false,,onsite,full_time,senior,,2026-09-17T00:45:39.471128+00:00,ats,simplify,https://simplify.jobs/p/53cdb58a-198c-40a2-85d8-917d679b004d
https://job-boards.greenhouse.io/skylighthq/jobs/4711009005?gh_src=Simplify,Senior/Staff Software Engineer - Fullstack,Skylight,Remote; Remote in USA,90000.0,230000.0,USD,,,2026-09-15T22:36:01+00:00,2026-09-15T22:31:23+00:00,false,,remote,full_time,mid | senior,,2026-09-17T00:10:19.699831+00:00,ats,simplify,https://simplify.jobs/p/9ace7183-c706-4441-9da6-f2a584cdbebe
https://job-boards.greenhouse.io/energyhub/jobs/8696115002?gh_src=Simplify,Senior Software Engineer - Programs,EnergyHub,Remote; Remote in USA,130000.0,170000.0,USD,,,2026-09-04T02:15:20+00:00,2026-08-12T22:41:08+00:00,false,,remote,full_time,senior,,2026-09-17T00:10:21.293817+00:00,ats,simplify,https://simplify.jobs/p/c88a4002-cfc9-4eb4-86dc-400837145c98
https://jobs.ashbyhq.com/eightsleep/8cac7e1b-99ce-46da-8d2a-a0eac5831ecd/application?embed=true&utm_source=Simplify,Android Mobile Software Engineer,Eight Sleep,"Milan, Metropolitan City of Milan, Italy",,,,,,2026-09-10T08:24:01+00:00,2026-09-04T16:13:20+00:00,false,,hybrid,full_time,senior,,2026-09-17T00:45:51.430998+00:00,ats,simplify,https://simplify.jobs/p/0f0512bd-54fd-41e6-a14c-192fd0a76a41
https://jobs.ashbyhq.com/snowflake/3744bda5-c74a-4fa0-abb2-73da7fcfef09/application?embed=true&utm_source=Simplify,Senior / Staff Software Engineer - Snowflake Feature Store,Snowflake,"Menlo Park, CA, USA; Bellevue, WA, USA",236000.0,325000.0,USD,,,2026-09-16T09:27:01+00:00,2026-09-01T06:05:21+00:00,false,,hybrid,full_time,senior,,2026-09-17T00:10:22.583933+00:00,ats,simplify,https://simplify.jobs/p/3395aad4-18c7-43cd-8ac6-3421bfdf5bf0
https://eeho.fa.us2.oraclecloud.com/hcmUI/CandidateExperience/en/sites/CX_45001/job/338579?utm_source=Simplify,Senior Platform Software Engineer,Oracle,United States,92500.0,209500.0,USD,,,2026-09-03T19:12:22+00:00,2026-07-02T22:05:48+00:00,false,,onsite,full_time,senior,,2026-09-17T00:45:55.593145+00:00,ats,simplify,https://simplify.jobs/p/87250c05-8ef0-445e-a99f-5ce60680ec0e
https://wonder.wd1.myworkdayjobs.com/WG/job/Spyce/Sr-Software-Engineer--Back-End-_JR101230-1?utm_source=Simplify,Senior Software Engineer - Back End,Wonder,"Boston, MA, USA",176000.0,183500.0,USD,,,2026-09-03T20:09:21+00:00,2026-07-27T00:00:00+00:00,false,,hybrid,full_time,senior,,2026-09-17T00:46:06.734755+00:00,ats,simplify,https://simplify.jobs/p/a03ddb18-a375-44c5-bfac-2e0532f3eb1e
https://job-boards.greenhouse.io/affirm/jobs/7813107003?gh_src=Simplify,Staff Software Engineer,Affirm,Remote; Remote in USA,204000.0,290000.0,USD,,,2026-09-10T22:06:04+00:00,2026-08-06T22:39:49+00:00,false,,remote,full_time,senior,,2026-09-17T00:10:35.158917+00:00,ats,simplify,https://simplify.jobs/p/c3834f9d-29ed-4634-be88-108de1026698
https://jobs.ashbyhq.com/AeroVect/d28628a5-bf3d-4171-a6ce-eb2db88ecf89/application?embed=true&utm_source=Simplify,Senior Software Engineer - Simulation,AeroVect,"Remote; London, UK; Toronto, ON, Canada; Remote in USA; Atlanta, GA, USA; Remote in Italy",,,,,,2026-09-04T00:27:22+00:00,2026-08-05T22:21:38+00:00,false,,remote,full_time,senior,,2026-09-17T00:10:35.213754+00:00,ats,simplify,https://simplify.jobs/p/8217e937-780e-4ab3-a5da-32be614e6d2a
https://apply.workable.com/civica-uk-ltd-1/j/38CC9B0DD7/apply?utm_source=Simplify,Senior Software Engineer,Civica,Remote; Remote in UK,,,,,,2026-09-04T00:27:22+00:00,2026-08-06T01:17:35+00:00,false,,remote,full_time,senior,,2026-09-17T00:46:05.839455+00:00,ats,simplify,https://simplify.jobs/p/8c860f5a-d47a-4d56-ada1-d2a92963bab5
https://jobs.ashbyhq.com/reevo/4b687cbc-db80-4ebd-93b9-f07fdd4b802f/application?embed=true&utm_source=Simplify,Senior Software Engineer - AI,Reevo,"Santa Clara, CA, USA",,,,,,2026-09-04T04:42:01+00:00,2026-08-08T01:15:40+00:00,false,,onsite,full_time,senior,,2026-09-17T00:46:09.138798+00:00,ats,simplify,https://simplify.jobs/p/8c2e5d23-a338-44ed-bd43-0e1664c18c4a
https://careers-peraton.icims.com/jobs/170629/job?mobile=true&needsRedirect=false&utm_source=Simplify,Senior Software Engineer - Compliance & Production Support,Peraton,Remote; Remote in USA,80000.0,128000.0,USD,,,2026-09-16T14:18:02+00:00,2026-09-16T14:17:54+00:00,false,,remote,full_time,senior,,2026-09-17T00:10:36.263497+00:00,ats,simplify,https://simplify.jobs/p/d45f3876-5bc4-4c23-87b7-0647de6f8f04
https://jobs.ashbyhq.com/Parkade/324fdde2-5d09-40ac-ae16-8537e399033e/application?embed=true&utm_source=Simplify,Staff Software Engineer - Front End,Parkade,Remote; Remote in USA,180000.0,200000.0,USD,,,2026-09-10T08:24:01+00:00,2026-08-07T22:17:56+00:00,false,,remote,full_time,senior,,2026-09-17T00:10:36.313693+00:00,ats,simplify,https://simplify.jobs/p/0c25570d-e1eb-4d32-a8a1-88b0f4eac451
https://job-boards.greenhouse.io/otter/jobs/8486303002?gh_src=Simplify,Staff Software Engineer - Menu Platform,Otter,"Mountain View, CA, USA",224000.0,284000.0,USD,,,2026-09-04T05:18:01+00:00,2026-05-07T22:07:54+00:00,false,,onsite,full_time,mid | senior,,2026-09-17T00:10:37.432037+00:00,ats,simplify,https://simplify.jobs/p/84fef732-9aea-426e-b080-63238f9cb408
https://job-boards.greenhouse.io/verkada/jobs/5029602007?gh_src=Simplify,Senior Embedded Software Engineer - Camera Firmware,Verkada,"San Mateo, CA, USA",200000.0,300000.0,USD,,,2026-09-16T22:45:02+00:00,2026-01-29T07:28:42+00:00,false,,onsite,full_time,,,2026-09-17T00:10:38.021609+00:00,ats,simplify,https://simplify.jobs/p/a5bd5be4-3423-4d29-9c7e-ad86cd6eb78e
https://jobs.jobvite.com/bai/job/oUmixfwP?nl=1&nl=1&fr=false&utm_source=Simplify,Advanced Software Engineer,ProSight Financial Association,"Philadelphia, PA, USA; Chicago, IL, USA; St. Louis, MO, USA",85000.0,115000.0,USD,,,2026-09-03T18:54:19+00:00,2026-06-17T06:07:52+00:00,false,,hybrid,full_time,mid | senior,,2026-09-17T00:10:38.715557+00:00,ats,simplify,https://simplify.jobs/p/5507c701-e49f-48fd-87d5-623311d81605
https://www.mongodb.com/careers/jobs/8055471?gh_src=Simplify,Senior Software Engineer - Query Execution,MongoDB,Remote; Remote in Ireland,,,,,,2026-09-03T19:33:19+00:00,2026-07-14T09:17:10+00:00,false,,remote,full_time,senior,,2026-09-17T00:46:23.164741+00:00,employer,simplify,https://simplify.jobs/p/70697e00-bad8-4018-8221-37e4f67e8fea
https://job-boards.greenhouse.io/axon/jobs/7791717003?gh_src=Simplify,Staff UC Software Engineer,Axon,"New York, NY, USA",194063.0,258750.0,USD,,,2026-09-04T08:42:09+00:00,2026-07-01T22:18:05+00:00,false,,hybrid,full_time,senior,,2026-09-17T00:10:40.905660+00:00,ats,simplify,https://simplify.jobs/p/65f3c6c0-9430-4b69-be58-fba398e2ce96
https://jobs.ashbyhq.com/payzen-inc/6790f54e-51f9-4468-b031-a22364b51746/application?embed=true&utm_source=Simplify,Senior Software Engineer,PayZen,"San Francisco, CA, USA",190000.0,225000.0,USD,,,2026-09-03T19:57:26+00:00,2026-07-22T01:15:21+00:00,false,,hybrid,full_time,senior,,2026-09-17T00:10:40.944344+00:00,ats,simplify,https://simplify.jobs/p/0fa0c3b1-bb96-4e26-b847-cc54f0988290
https://apply.workable.com/runware/j/EA63D51FBF/apply?utm_source=Simplify,Senior Software Engineer - Web App & Devex,Runware,Remote; Remote in UK,,,,,,2026-09-03T07:33:06+00:00,2026-09-03T03:52:49+00:00,false,,remote,full_time,senior,,2026-09-17T00:46:29.669502+00:00,ats,simplify,https://simplify.jobs/p/5d54f0b7-8bbf-4bac-97af-b82245e5a664
https://job-boards.greenhouse.io/faradayfuture/jobs/7699294003?gh_src=Simplify,Staff Software Engineer - Backend - Affiliate Platform,Faraday Future,"El Segundo, CA, USA",150000.0,190000.0,USD,,,2026-09-04T07:36:01+00:00,2026-04-14T22:20:32+00:00,false,,onsite,full_time,senior,,2026-09-17T00:10:42.156154+00:00,ats,simplify,https://simplify.jobs/p/9a29c969-9dab-48e9-8082-c9ad73b0bce2
https://jobs.ashbyhq.com/applied/0eeae9df-3f27-4d10-8ad3-f38ee6187198/application?embed=true&utm_source=Simplify,Software Engineer - Performance Optimization,Applied Intuition,"Sunnyvale, CA, USA",199295.0,264500.0,USD,,,2026-09-04T08:27:01+00:00,2026-06-27T09:06:36+00:00,false,,onsite,full_time,senior,,2026-09-17T00:46:44.889511+00:00,ats,simplify,https://simplify.jobs/p/39128ec4-879a-4454-b684-cacf36f1c454
https://motorolasolutions.wd5.myworkdayjobs.com/Careers/job/Waltham-MA/Senior-Software-Engineer---AI-Computer-Vision--Camera-Systems-_R66347?utm_source=Simplify,Senior Software Engineer - AI/Computer Vision - Camera Systems,Motorola,"Waltham, MA, USA",140000.0,170000.0,USD,,,2026-09-04T08:57:01+00:00,2026-07-04T11:10:31+00:00,false,,hybrid,full_time,mid | senior,,2026-09-17T00:46:52.813355+00:00,ats,simplify,https://simplify.jobs/p/acae785f-d148-4883-a226-3075ee112ad1
https://job-boards.greenhouse.io/pingidentity/jobs/8636132002?gh_src=Simplify,Senior Staff Software Engineer,Ping Identity,Remote; Remote in UK,,,,,,2026-09-03T19:51:22+00:00,2026-07-20T09:17:39+00:00,false,,remote,full_time,,,2026-09-17T00:10:44.982109+00:00,ats,simplify,https://simplify.jobs/p/8a08a71c-1918-48d4-a84c-254395e140fe
https://amerch.wd1.myworkdayjobs.com/amerchcareers/job/Plano-Office/Senior-Software-Engineer-Cloud-Microservices_R0077395?utm_source=Simplify,Senior Software Engineer - Cloud Microservices,Anderson Merchandisers,"Plano, TX, USA",,,,,,2026-09-14T22:16:52+00:00,2026-09-14T00:00:00+00:00,false,,onsite,full_time,senior,,2026-09-17T00:46:55.839459+00:00,ats,simplify,https://simplify.jobs/p/201172cf-56f1-4e5a-9b8c-ce2fb50d078c
https://apply.workable.com/scitec/j/F05C8A7192/apply?utm_source=Simplify,Senior Staff Numerical Algorithm Software Engineer,SciTec,"Boulder, CO, USA",127000.0,157000.0,USD,,,2026-09-03T20:09:21+00:00,2026-07-28T22:21:19+00:00,false,,onsite,full_time,senior,,2026-09-17T00:46:57.989924+00:00,ats,simplify,https://simplify.jobs/p/cf769a93-5b17-4add-b5e1-ed16d4f7ed56
https://apply.workable.com/frontiersmedia/j/4FA5B2CD8E/apply?utm_source=Simplify,Software Engineer - AI-Augmented - .Net - Vue.js and Cursor,Frontiers Media,"Madrid, Spain",,,,,,2026-09-11T15:45:01+00:00,2026-08-08T01:17:18+00:00,false,,hybrid,full_time,senior,,2026-09-17T00:46:59.518695+00:00,ats,simplify,https://simplify.jobs/p/23cdd802-d1a0-4f81-935f-6753ed7e66f7
https://job-boards.greenhouse.io/discord/jobs/8604768002?gh_src=Simplify,Senior Full-Stack Software Engineer - Social Commerce,Discord,"California, USA",196000.0,220500.0,USD,,,2026-09-03T19:00:22+00:00,2026-06-23T22:09:47+00:00,false,,onsite,full_time,senior,,2026-09-17T00:10:46.215182+00:00,ats,simplify,https://simplify.jobs/p/ad164d7b-24a3-4a55-a34f-a21988d33607
https://jobs.elastic.co/jobs/engineering/spain/senior-software-engineer-observability-managed-inputs-/8167769?gh_src=Simplify&gh_jid=8167769,Senior Software Engineer Observability - Managed Inputs,Elastic,Remote; Spain,67000.0,106000.0,EUR,,,2026-09-16T14:37:46+00:00,2026-09-16T14:33:28+00:00,false,,remote,full_time,senior,,2026-09-17T00:47:02.372508+00:00,employer,simplify,https://simplify.jobs/p/ed53f160-e4e9-4c69-bb15-924c351dbcf8
https://job-boards.greenhouse.io/worldquant/jobs/4693255006?gh_src=Simplify,Senior C++ Software Engineer,WorldQuant,"London, UK",,,,,,2026-09-03T19:18:21+00:00,2026-07-06T14:38:31+00:00,false,,onsite,full_time,senior,,2026-09-17T00:10:47.344515+00:00,ats,simplify,https://simplify.jobs/p/9abaeaf8-36d0-430b-ba71-b04f5f8d9d1e
https://job-boards.greenhouse.io/nyiso/jobs/5209084007?gh_src=Simplify,Senior Software Engineer - Python,New York ISO,"Rensselaer, NY, USA",105700.0,176400.0,USD,,,2026-09-04T01:48:21+00:00,2026-08-11T14:07:26+00:00,false,,hybrid,full_time,mid | senior,,2026-09-17T00:10:47.613597+00:00,ats,simplify,https://simplify.jobs/p/7f5c6944-27dd-41f8-a021-883a4b413c28
https://job-boards.greenhouse.io/dept/jobs/8147678?gh_src=Simplify,Senior Software Engineer,DEPT,"Remote; California, USA; New York, NY, USA; Illinois, USA",122000.0,150000.0,USD,,,2026-09-03T12:09:01+00:00,2026-08-21T22:12:49+00:00,false,,remote,full_time,senior,,2026-09-17T00:10:47.923651+00:00,ats,simplify,https://simplify.jobs/p/f36f2a75-c648-496e-b589-b8eaa9a7fd42
https://jobs.ashbyhq.com/endra/a30c8ebb-9f80-44a4-9299-628b135de89c/application?embed=true&utm_source=Simplify,Software Engineer - Product,Endra,"London, UK",,,,,,2026-09-03T19:51:22+00:00,2026-07-21T01:13:37+00:00,false,,onsite,full_time,senior,,2026-09-17T00:47:09.003797+00:00,ats,simplify,https://simplify.jobs/p/d59ba41c-07cc-4f49-8e3e-1fc57e8c50d4
https://careers.acuityinc.com/job/Senior-Software-Engineer-CIAM/1426926200/?ats=successfactors&utm_source=Simplify,Senior Software Engineer - CIAM,Acuity,Ireland,,,,,,2026-09-12T01:15:35+00:00,2026-09-04T22:18:00+00:00,false,,onsite,full_time,senior,,2026-09-17T00:47:19.861652+00:00,employer,simplify,https://simplify.jobs/p/6cc79fb1-eda3-4cab-ad36-28261a86c6f9
https://jobs.lever.co/spotify/c73be71c-1a63-4906-9925-95f2115d1f1d/apply?lever-source=Simplify,Senior Software Engineer - Enterprise AI,Spotify,"New York, NY, USA",164448.0,234926.0,USD,,,2026-09-03T16:45:18+00:00,2026-08-13T22:32:43+00:00,false,,hybrid,full_time,senior,,2026-09-17T00:10:49.623984+00:00,ats,simplify,https://simplify.jobs/p/7efda1c7-7891-41df-942e-930ea712ce9a
https://job-boards.greenhouse.io/outschool/jobs/4683198006?gh_src=Simplify,Staff Software Engineer,Outschool,Remote; Remote in USA; Remote in Canada,148000.0,256300.0,CAD,,,2026-09-04T08:03:01+00:00,2026-05-20T22:16:18+00:00,false,,remote,full_time,senior,,2026-09-17T00:10:52.035873+00:00,ats,simplify,https://simplify.jobs/p/a699c1fe-6acf-47c4-87ee-cd3c21298bc6
https://jobs.ashbyhq.com/harvey/10900071-f75f-49da-bff7-7e9db5e9b1f9/application?embed=true&utm_source=Simplify,Senior Software Engineer - Full Stack,Harvey,"New York, NY, USA",200000.0,260000.0,USD,,,2026-09-04T07:12:12+00:00,2026-02-09T23:11:39+00:00,false,,hybrid,full_time,mid | senior,,2026-09-17T00:47:36.259769+00:00,ats,simplify,https://simplify.jobs/p/0161a784-f8e7-4e68-923f-e290d011dabd
https://job-boards.greenhouse.io/omadahealth/jobs/7964775?gh_src=Simplify,Senior Software Engineer - AI Transformation,Omada Health,Remote; Remote in USA,156000.0,224300.0,USD,,,2026-09-03T18:48:22+00:00,2026-06-12T22:22:44+00:00,false,,remote,full_time,senior,,2026-09-17T00:10:54.167396+00:00,ats,simplify,https://simplify.jobs/p/cd3c8f41-300b-4553-97e5-f461b7ef247f
https://job-boards.greenhouse.io/zetaglobal/jobs/5869865004?gh_src=Simplify,Senior Software Engineer - Real-Time Ad Serving,Zeta Global,"London, UK; Berlin, Germany",,,,,,2026-09-16T22:22:51+00:00,2026-05-13T22:15:59+00:00,false,,hybrid,full_time,senior,,2026-09-17T00:10:54.351374+00:00,ats,simplify,https://simplify.jobs/p/88c42edc-6da9-4867-8b42-a4fdf4db6546
https://apply.workable.com/datavisor-jobs/j/4F69119AEE/apply?utm_source=Simplify,Senior Software Engineer,DataVisor,"Remote; Calgary, AB, Canada; Remote in Canada",120000.0,150000.0,CAD,,,2026-09-03T17:09:30+00:00,2026-01-21T00:34:15+00:00,false,,remote,full_time,senior,,2026-09-17T00:55:05.300586+00:00,ats,simplify,https://simplify.jobs/p/89e4c93c-7780-4c0f-8177-d9d30747ac54
https://jobs.ashbyhq.com/quindar/d52070a1-887c-4a06-b6de-c1e84f683f96/application?embed=true&utm_source=Simplify,Senior Software Engineer - Command & Control,Quindar,"Seattle, WA, USA; Washington, DC, USA; Arvada, CO, USA; Denver, CO, USA",155000.0,190000.0,USD,,,2026-09-03T11:39:35+00:00,2026-08-18T06:19:57+00:00,false,,hybrid,full_time,mid | senior,,2026-09-17T00:55:05.910579+00:00,ats,simplify,https://simplify.jobs/p/8e4c7bd2-58d1-4ff9-b077-6af508506b26
https://job-boards.greenhouse.io/formaaiinc/jobs/4706438005?gh_src=Simplify,Senior Software Engineer - Applications,Forma.ai,"Toronto, ON, Canada",150000.0,190000.0,CAD,,,2026-09-03T18:54:19+00:00,2026-06-16T19:56:21+00:00,false,,onsite,full_time,senior,,2026-09-17T00:10:58.346590+00:00,ats,simplify,https://simplify.jobs/p/22a9cffb-2e84-4ca7-a722-ab8626d19bb4
https://jobs.ashbyhq.com/salient/03ec52e9-746f-45e0-8cb5-0fdf057e4ed3/application?embed=true&utm_source=Simplify,Senior Software Engineer - Product,Salient,"San Francisco, CA, USA",200000.0,260000.0,USD,,,2026-09-03T17:54:20+00:00,2026-02-27T23:18:23+00:00,false,,hybrid,full_time,mid | senior,,2026-09-17T00:11:00.216957+00:00,ats,simplify,https://simplify.jobs/p/1d684430-dd9d-41fd-bc43-dd1230b3b1fa
https://jobs.ashbyhq.com/cowboyspace/71a94fbb-0af0-4a69-9de1-92fb91217f2e/application?embed=true&utm_source=Simplify,DSP Software Engineer,Cowboy Space,"San Carlos, CA, USA",167000.0,214000.0,USD,,,2026-09-15T08:33:01+00:00,2026-07-24T22:23:40+00:00,false,,onsite,full_time,senior,,2026-09-17T00:55:12.837536+00:00,ats,simplify,https://simplify.jobs/p/225f4827-8d74-4762-88f1-820e95230f4d
https://job-boards.greenhouse.io/andurilindustries/jobs/5009098007?gh_src=Simplify,Senior Software Engineer - Generalist,Anduril,"Remote; Costa Mesa, CA, USA",191000.0,253000.0,USD,,,2026-09-04T07:12:12+00:00,2026-01-06T23:15:54+00:00,false,,remote,full_time,senior,,2026-09-17T00:11:03.429615+00:00,ats,simplify,https://simplify.jobs/p/06cb7f2f-2b7a-4fca-bc0b-c4aac0e3e8e7
https://job-boards.greenhouse.io/morsecorp/jobs/7834095003?gh_src=Simplify,C++ Software Engineer,MORSE Corp,"Cambridge, MA, USA",90000.0,210000.0,USD,,,2026-09-04T01:03:21+00:00,2026-08-07T06:24:02+00:00,false,,onsite,full_time,senior,,2026-09-17T00:11:03.656232+00:00,ats,simplify,https://simplify.jobs/p/382b9971-efa8-4b29-b0fb-48ebc757184e
https://www.compass.com/careers/?gh_jid=8189557&gh_src=Simplify&gh_board=urbancompass,Staff Software Engineer - Front End,Compass,"Manhattan, New York, NY, USA; New York, NY, USA",228000.0,240000.0,USD,,,2026-09-09T22:45:10+00:00,2026-09-09T22:38:34+00:00,false,,onsite,full_time,senior,,2026-09-17T00:55:28.512989+00:00,employer,simplify,https://simplify.jobs/p/7c2f97f6-e7c4-43af-97d9-f5454e053396
https://job-boards.greenhouse.io/systemstechnologyresearch/jobs/4701557006?gh_src=Simplify,Senior Embedded Software Engineer,STR,"Arlington County, Arlington, VA, USA",,,,,,2026-09-10T22:24:01+00:00,2026-07-31T22:06:56+00:00,false,,onsite,full_time,mid | senior,,2026-09-17T00:11:06.671840+00:00,ats,simplify,https://simplify.jobs/p/77e26a0e-b421-4c2b-a46b-9a9b41d280f8
https://jobs.ashbyhq.com/Crusoe/13f64cc5-77f1-4b04-99a3-c49aaef0e7ca/application?embed=true&utm_source=Simplify,Staff Software Engineer - Billing Platform,Crusoe,"San Francisco, CA, USA",210000.0,255000.0,USD,,,2026-09-03T17:03:18+00:00,2026-07-07T22:11:01+00:00,false,,onsite,full_time,senior,,2026-09-17T00:11:07.050249+00:00,ats,simplify,https://simplify.jobs/p/969f6db2-dc08-478d-a902-7ff164a73cb6
https://jobs.ashbyhq.com/zefr/adae4f6d-d3ac-41e7-a3e6-08966e6ae2d4/application?embed=true&utm_source=Simplify,Senior Software Engineer,Zefr,"Marina Del Rey, CA, USA",180000.0,200000.0,USD,,,2026-09-03T20:03:20+00:00,2026-07-23T22:24:43+00:00,false,,hybrid,full_time,senior,,2026-09-17T00:11:07.489604+00:00,ats,simplify,https://simplify.jobs/p/cf8d21a3-5b8f-407b-b121-8e6cfadf0589
https://jobs.ashbyhq.com/savvymoney/71388610-93d4-4c09-b0cc-435e7c1f7073/application?embed=true&utm_source=Simplify,Senior Software Engineer - Full Stack,SavvyMoney,"Dublin, CA, USA",190000.0,200000.0,USD,,,2026-09-04T22:45:01+00:00,2026-09-04T22:42:53+00:00,false,,hybrid,full_time,senior,,2026-09-17T00:56:03.735964+00:00,ats,simplify,https://simplify.jobs/p/3a303383-280a-4339-88dc-f413090a13ee
https://job-boards.greenhouse.io/labelbox/jobs/5159327007?gh_src=Simplify,Staff Software Engineer - AI Data Platform,Labelbox,"San Francisco, CA, USA",250000.0,280000.0,USD,,,2026-09-04T04:42:01+00:00,2026-06-09T06:14:25+00:00,false,,onsite,full_time,mid,,2026-09-17T00:11:08.338416+00:00,ats,simplify,https://simplify.jobs/p/8b47dd6f-9620-4a4c-8618-f37d256c6dc6
https://jobs.lever.co/getwingapp/777134ef-09c7-46ec-8150-da1a4ce00071/apply?lever-source=Simplify,Senior Software Engineer,Wing Assistant,"Remote; Bengaluru, Karnataka, India",,,,,,2026-02-26T10:46:49+00:00,2026-02-26T10:46:49+00:00,false,,remote,full_time,senior,,2026-09-17T00:11:09.242190+00:00,ats,simplify,https://simplify.jobs/p/f50de110-4c3a-4abc-8f22-869c91238d17
https://job-boards.greenhouse.io/verkada/jobs/5161396007?gh_src=Simplify,Senior Software Engineer - Command Connector,Verkada,"San Mateo, CA, USA",200000.0,300000.0,USD,,,2026-09-11T23:51:01+00:00,2026-06-11T01:08:52+00:00,false,,onsite,full_time,senior,,2026-09-17T00:11:09.709195+00:00,ats,simplify,https://simplify.jobs/p/847d5f22-2fcd-42b6-a84b-360745250963
https://jobs.ashbyhq.com/ditto/4f69704c-5abc-46c9-bf04-6144766fa6fc/application?embed=true&utm_source=Simplify,Senior Software Engineer - Cloud,Ditto,"Remote; Washington, DC, USA; San Francisco, CA, USA; Atlanta, GA, USA",223000.0,259000.0,USD,,,2026-09-04T07:36:01+00:00,2026-03-25T09:13:11+00:00,false,,remote,full_time,senior,,2026-09-17T00:56:17.138147+00:00,ats,simplify,https://simplify.jobs/p/90c65bb4-b02d-4662-9510-920698896a6e
https://job-boards.greenhouse.io/spacex/jobs/8579131002?gh_src=Simplify,Senior Software Engineer - High Performance Computing - Starlink,SpaceX,"Redmond, WA, USA",165000.0,230000.0,USD,,,2026-09-03T18:48:22+00:00,2026-06-09T22:07:51+00:00,false,,onsite,full_time,senior,,2026-09-17T00:11:14.742574+00:00,ats,simplify,https://simplify.jobs/p/0e40fd50-61d8-45e9-a76c-f2c3081d747e
https://job-boards.greenhouse.io/echodynecorp/jobs/4686201006?gh_src=Simplify,Senior Software Engineer - IoT Platform,Echodyne,"Kirkland, WA, USA",137196.0,205382.0,USD,,,2026-09-03T20:48:22+00:00,2026-07-14T22:26:42+00:00,false,,onsite,full_time,mid | senior,,2026-09-17T00:11:14.992078+00:00,ats,simplify,https://simplify.jobs/p/8c5d3be1-28e4-4ebf-a0b2-0d654b6a4c4c
https://job-boards.greenhouse.io/diligentcorporation/jobs/6103608004?gh_src=Simplify,Senior Software Engineer,Diligent,"Bengaluru, Karnataka, India",,,,,,2026-09-03T21:51:21+00:00,2026-07-06T14:30:02+00:00,false,,hybrid,full_time,senior,,2026-09-17T00:11:15.209271+00:00,ats,simplify,https://simplify.jobs/p/2fed832a-6340-4038-a72e-16980548b95f
https://cisco.wd5.myworkdayjobs.com/cisco_careers/job/Richardson-Texas-US/Sr-Software-Engineer_2021855-1?utm_source=Simplify,Senior Software Engineer - Backend,Cisco,"Research Triangle Park, Durham, NC, USA; Richardson, TX, USA",139300.0,282000.0,USD,,,2026-09-11T22:27:01+00:00,2026-08-26T00:00:00+00:00,false,,hybrid,full_time,mid | senior,,2026-09-17T00:56:28.462531+00:00,ats,simplify,https://simplify.jobs/p/21990e73-21ec-4db0-b1ef-4fa20501e596
https://hdbt.fa.us2.oraclecloud.com/hcmUI/CandidateExperience/en/sites/CX_1/job/17335?utm_source=Simplify,Senior Software Engineer - Full Stack,Signature Aviation,"Orlando, FL, USA",,,,,,2026-09-04T13:18:01+00:00,2026-09-03T16:21:11+00:00,false,,onsite,full_time,senior,,2026-09-17T00:56:39.585971+00:00,ats,simplify,https://simplify.jobs/p/7043ba44-c572-4e71-b13f-2d0f49bb567d
https://eeho.fa.us2.oraclecloud.com/hcmUI/CandidateExperience/en/sites/CX_45001/job/338025?utm_source=Simplify,Senior Platform Software Engineer,Oracle,"Bengaluru, Karnataka, India",,,,,,2026-09-03T19:12:22+00:00,2026-07-02T03:30:30+00:00,false,,onsite,full_time,senior,,2026-09-17T00:56:38.892905+00:00,ats,simplify,https://simplify.jobs/p/bd0b4aad-ed90-4411-af6e-4d65be9eff45
https://www.fivetran.com/careers/job?gh_jid=7864668003&gh_src=Simplify,Staff Software Engineer - Metadata,Fivetran,"Toronto, ON, Canada",162157.5,198877.25,CAD,,,2026-09-16T10:21:02+00:00,2026-08-13T22:41:50+00:00,false,,onsite,full_time,senior,,2026-09-17T00:56:37.379714+00:00,employer,simplify,https://simplify.jobs/p/a1ffdc92-8f22-4eb0-aaa0-71f20b3a1afa
https://jobs.jobvite.com/ninjaone/job/oqZDAfwm?nl=1&nl=1&fr=false&utm_source=Simplify,Senior Software Engineer - Java - Backup,NinjaOne,"Remote; Washington, USA; Kansas, USA; Oregon, USA; California, USA; Connecticut, USA; Texas, USA; Florida, USA; Georgia, USA; Tennessee, USA; Virginia, USA; Colorado, USA; New York, NY, USA; Maine, USA; Massachusetts, USA; North Carolina, USA; New Jersey, USA; Illinois, USA",140000.0,220000.0,USD,,,2026-09-09T22:36:19+00:00,2026-08-11T01:33:27+00:00,false,,remote,full_time,,,2026-09-17T00:11:16.348375+00:00,ats,simplify,https://simplify.jobs/p/b07f39e0-9ebd-4b0d-b402-aba3744b4512
https://jobs.ashbyhq.com/Commure/90ae40c9-4a80-43da-9a41-df7a3fd99020/application?embed=true&utm_source=Simplify,Staff Software Engineer - Accounts & Ledgering,Commure,"San Francisco, CA, USA; Los Angeles, CA, USA; New York, NY, USA; Mountain View, CA, USA",210000.0,275000.0,USD,,,2026-09-03T19:51:22+00:00,2026-07-20T22:12:05+00:00,false,,hybrid,full_time,senior,,2026-09-17T00:11:16.398965+00:00,ats,simplify,https://simplify.jobs/p/5bc2c8b3-7484-48a0-8321-5c6e6f58503a
https://job-boards.greenhouse.io/andurilindustries/jobs/4926663007?gh_src=Simplify,Senior Mission Software Engineer - Vehicle Software - Genswe,Anduril,"Costa Mesa, CA, USA",191000.0,253000.0,USD,,,2026-09-04T06:57:01+00:00,2025-10-03T02:05:38+00:00,false,,onsite,full_time,senior,,2026-09-17T00:11:17.103891+00:00,ats,simplify,https://simplify.jobs/p/a7ddf395-fa91-493e-8eb4-94fc3b3b9e63
https://job-boards.greenhouse.io/alphasense/jobs/8403920002?gh_src=Simplify,Staff Software Engineer,AlphaSense,Remote; Remote in Canada,165000.0,210000.0,CAD,,,2026-09-04T07:24:02+00:00,2026-03-05T07:11:45+00:00,false,,remote,full_time,,,2026-09-17T00:11:19.032166+00:00,ats,simplify,https://simplify.jobs/p/274aa7fe-0a53-489d-8a1b-cf00707dc05a
https://jobs.ashbyhq.com/loancrate/e22f784f-c066-4b4c-aca9-b2e1017218b9/application?embed=true&utm_source=Simplify,Senior Software Engineer - Onboarding Automation,Loancrate,"Remote; Los Angeles, CA, USA; Remote in USA",170000.0,300000.0,USD,,,2026-09-03T10:15:19+00:00,2026-08-21T23:07:31+00:00,false,,remote,full_time,senior,,2026-09-17T00:56:48.943151+00:00,ats,simplify,https://simplify.jobs/p/a4afa572-3277-4702-a7f0-2d751c9fc9e0
https://apply.workable.com/abtrace/j/CE37C2DC94/apply?utm_source=Simplify,Senior Software Engineer,Abtrace,"London, UK",,,,,,2026-09-04T01:18:24+00:00,2026-08-08T01:19:36+00:00,false,,hybrid,full_time,mid | senior,,2026-09-17T00:56:52.598305+00:00,ats,simplify,https://simplify.jobs/p/2b3abdc3-27e8-40fc-bc99-0f3f2a3b9250
https://apply.workable.com/aristotle/j/0E75F2AC9D/apply?utm_source=Simplify,Senior .NET Software Engineer,Aristotle,"Provo, UT, USA",,,,,,2026-09-04T01:18:24+00:00,2026-08-08T01:19:45+00:00,false,,hybrid,full_time,senior,,2026-09-17T00:57:05.194356+00:00,ats,simplify,https://simplify.jobs/p/0ce75dc2-3b27-4756-a513-37706384ad83
https://jobs.ashbyhq.com/lambda/dc50b738-be98-4f38-b32e-4df9a340f9ff/application?embed=true&utm_source=Simplify,Staff Software Engineer - Compute,Lambda,"San Francisco, CA, USA; San Jose, CA, USA; Bellevue, WA, USA",314000.0,465000.0,USD,,,2026-09-03T15:45:16+00:00,2026-08-15T00:43:05+00:00,false,,hybrid,full_time,,,2026-09-17T00:11:22.287604+00:00,ats,simplify,https://simplify.jobs/p/f8f943ff-346c-4b27-aefd-58c6ed4c5e1e
https://jobs.lever.co/shieldai/160f0423-7b88-40fe-843e-86b3968b6102/apply?lever-source=Simplify,Senior Software Engineer Tooling & Observability,Shield AI,"Melbourne VIC, Australia",,,,,,2026-09-15T08:33:01+00:00,2026-09-15T01:04:07+00:00,false,,onsite,full_time,mid | senior,,2026-09-17T00:11:22.782709+00:00,ats,simplify,https://simplify.jobs/p/24cb7a9a-1a8c-42d6-ad97-50dc4a351430
https://jobs.ashbyhq.com/rivianvw.tech/813f97f9-2ae3-4192-a624-59df51b7b987/application?embed=true&utm_source=Simplify,Staff Software Engineer - AI Platform,Rivian and Volkswagen Group Technologies,"Palo Alto, CA, USA",206500.0,258100.0,USD,,,2026-09-04T04:42:01+00:00,2026-07-30T22:24:14+00:00,false,,hybrid,full_time,,,2026-09-17T00:57:26.282891+00:00,ats,simplify,https://simplify.jobs/p/5b14d3c7-82bf-435e-afd1-2df4d90d9f38
https://jobs.ashbyhq.com/base-power/dc8e23c9-d804-4603-bb6a-711dd6dd157a/application?embed=true&utm_source=Simplify,Senior Software Engineer - Product,Base Power,"Austin, TX, USA",,,,,,2026-09-10T06:30:01+00:00,2026-09-10T06:27:06+00:00,false,,onsite,full_time,mid | senior,,2026-09-17T00:57:30.944054+00:00,ats,simplify,https://simplify.jobs/p/db89471e-9e34-4607-8205-9a83950a0ac9
https://apply.workable.com/getvocal-ai/j/C88FEA3E51/apply?utm_source=Simplify,Senior AI Software Engineer,GetVocal AI,"Île-de-France, France",,,,,,2026-09-04T01:39:21+00:00,2026-08-11T01:32:53+00:00,false,,hybrid,full_time,senior,,2026-09-17T00:57:46.134030+00:00,ats,simplify,https://simplify.jobs/p/9ca41ae6-22a6-4556-8379-9b30022bc2bf
https://vgsi.applytojob.com/apply/YcUQOk6AAI/Sr-Software-Engineer-Ohio?utm_source=Simplify,Senior Software Engineer,Vision Government Solutions,"Findlay, OH, USA",,,,,,2026-09-03T21:39:22+00:00,2026-08-03T06:16:36+00:00,false,,onsite,full_time,senior,,2026-09-17T00:11:28.020741+00:00,ats,simplify,https://simplify.jobs/p/2c45c454-6e89-444d-9e93-02c50650c2cf
https://job-boards.greenhouse.io/vast/jobs/4669157006?gh_src=Simplify,Staff Software Engineer - AI Tooling,VAST,"Long Beach, CA, USA",159900.0,267700.0,USD,,,2026-09-04T04:42:01+00:00,2026-04-01T22:07:45+00:00,false,,onsite,full_time,senior,,2026-09-17T00:11:28.327121+00:00,ats,simplify,https://simplify.jobs/p/cf1b8214-9465-44cb-b6d9-848d5bfc801e
https://nvidia.wd5.myworkdayjobs.com/NVIDIAExternalCareerSite/job/US-CA-Santa-Clara/Senior-Staff-Software-Engineer---Agentic-Automation_JR2024734?utm_source=Simplify,Senior Staff Software Engineer - Agentic Automation,NVIDIA,"Santa Clara, CA, USA",200000.0,322000.0,USD,,,2026-09-04T22:27:01+00:00,2026-09-04T00:00:00+00:00,false,,onsite,full_time,,,2026-09-17T00:58:06.859459+00:00,ats,simplify,https://simplify.jobs/p/0b0e9311-e44f-433a-806a-e9f12df90767
https://job-boards.greenhouse.io/customerio/jobs/7778289?gh_src=Simplify,Senior Software Engineer - Backend,Customer.io,Remote; North America,150000.0,200000.0,USD,,,2026-09-04T07:36:01+00:00,2026-04-03T22:16:16+00:00,false,,remote,full_time,senior,,2026-09-17T00:11:32.887981+00:00,ats,simplify,https://simplify.jobs/p/ca920aea-404b-4f8f-aac9-f7be9bc55397
https://job-boards.greenhouse.io/reddit/jobs/8022446?gh_src=Simplify,Senior Software Engineer - Core Platform,Reddit,"Remote; San Francisco, CA, USA",190800.0,267100.0,USD,,,2026-09-04T08:27:01+00:00,2026-06-23T22:14:24+00:00,false,,remote,full_time,senior,,2026-09-17T00:11:30.151176+00:00,ats,simplify,https://simplify.jobs/p/c12c3936-34ff-49dd-b09a-7ad14c65a11c
https://jobs.ashbyhq.com/iceye/b12fce39-5cbb-44ed-8f02-ca1654d41659/application?embed=true&utm_source=Simplify,Senior Software Engineer - Tasking and Planning,ICEYE,"Valencia, Spain",,,,,,2026-09-03T20:27:22+00:00,2026-07-30T14:17:25+00:00,false,,hybrid,full_time,senior,,2026-09-17T00:58:35.746674+00:00,ats,simplify,https://simplify.jobs/p/7eaed678-f93f-485f-8d79-d16481e4c223
https://job-boards.greenhouse.io/affirm/jobs/7819891003?gh_src=Simplify,Senior Software Engineer - Backend,Affirm,Remote; Remote in Canada,153000.0,213000.0,CAD,,,2026-09-10T14:39:01+00:00,2026-08-26T21:27:55+00:00,false,,remote,full_time,mid | senior,,2026-09-17T00:11:34.600597+00:00,ats,simplify,https://simplify.jobs/p/abc93b93-6168-42f9-b2e9-7668d1e468b9
https://job-boards.greenhouse.io/andurilindustries/jobs/4993677007?gh_src=Simplify,Senior Software Engineer - Dart,Anduril,"Costa Mesa, CA, USA",220000.0,292000.0,USD,,,2026-09-04T07:12:12+00:00,2025-12-02T02:08:26+00:00,false,,onsite,full_time,senior,,2026-09-17T00:11:35.229411+00:00,ats,simplify,https://simplify.jobs/p/cd78bbae-5485-437e-a95f-fba454fb8b50
https://job-boards.greenhouse.io/point72/jobs/8568266002?gh_src=Simplify,Software Engineer - Risk Technology,Point72,"Bengaluru, Karnataka, India",,,,,,2026-09-03T18:36:19+00:00,2026-05-28T14:21:39+00:00,false,,onsite,full_time,senior,,2026-09-17T00:11:35.486799+00:00,ats,simplify,https://simplify.jobs/p/3c6b6d40-c64c-446c-85f1-8ff0afa1c15d
https://jobs.lever.co/scaleway/7c87a7c4-3b1b-4f4d-9532-616226c0c6e9/apply?lever-source=Simplify,Software Engineer - Compute Marketplace,Scaleway,"Paris, France",,,,,,2026-09-04T10:54:01+00:00,2026-04-22T09:01:42+00:00,false,,hybrid,full_time,senior,,2026-09-17T00:11:45.112343+00:00,ats,simplify,https://simplify.jobs/p/b50c6db8-cc89-4b8d-97d7-deb108bd4208
https://job-boards.greenhouse.io/gusto/jobs/8083826?gh_src=Simplify,Senior Staff Software Engineer - IOS Platform,Gusto,"San Francisco, CA, USA",189000.0,278000.0,USD,,,2026-09-10T01:28:18+00:00,2026-07-28T22:21:37+00:00,false,,hybrid,full_time,senior,,2026-09-17T00:11:36.608435+00:00,ats,simplify,https://simplify.jobs/p/755fb438-2d97-4051-8c41-6b627cccb24d
https://jobs.lever.co/cfsenergy/ca1ae177-9781-4ea1-8fd3-f22c43e9e094/apply?lever-source=Simplify,Control Software Engineer,Commonwealth Fusion Systems,"Devens, MA, USA",110000.0,160000.0,USD,,,2026-09-04T00:27:22+00:00,2026-08-05T22:07:19+00:00,false,,hybrid,full_time,senior,,2026-09-17T00:11:37.884053+00:00,ats,simplify,https://simplify.jobs/p/58ba4ca2-1c83-450a-9a19-9d45f7649e09
https://jobs.lever.co/ro/05979daa-5a87-4495-8667-cf688c870840/apply?lever-source=Simplify,Staff Software Engineer - Frontend,Ro,"New York, NY, USA",211700.0,292000.0,USD,,,2026-09-03T18:48:22+00:00,2026-06-09T22:06:05+00:00,false,,hybrid,full_time,senior,,2026-09-17T00:11:38.234490+00:00,ats,simplify,https://simplify.jobs/p/a0f8b9ad-ee97-4aa8-9c31-6f8cf657d3e2
https://earlywarning.wd5.myworkdayjobs.com/earlywarningcareers/job/San-Francisco/Sr-Staff-Software-Engineer---Java-Spring-AWS_REQ2026748?utm_source=Simplify,Senior Staff Software Engineer - Java/Spring/AWS,Early Warning,"San Francisco, CA, USA",150000.0,240000.0,USD,,,2026-09-03T11:09:08+00:00,2026-08-20T00:00:00+00:00,false,,hybrid,full_time,,,2026-09-17T00:59:05.186101+00:00,ats,simplify,https://simplify.jobs/p/e823797d-9494-41e3-8168-35dded533b5e
https://www.sentinelone.com/jobs/?gh_jid=7818963003&gh_src=Simplify,Staff Backend Software Engineer - Agent Platform,SentinelOne,Remote; Remote in USA,156000.0,215000.0,USD,,,2026-09-12T11:03:37+00:00,2026-08-02T14:13:16+00:00,false,,remote,full_time,senior,,2026-09-17T00:59:02.845143+00:00,employer,simplify,https://simplify.jobs/p/a34cfb44-78d4-4eba-a435-057e89842181
https://bah.wd1.myworkdayjobs.com/bah_jobs/job/Annapolis-Junction-MD/Full-Stack-Software-Engineer_R0247324?utm_source=Simplify,Full Stack Software Engineer,Booz Allen,"Annapolis Junction, MD, USA",86900.0,198000.0,USD,,,2026-09-16T11:42:22+00:00,2026-08-18T00:00:00+00:00,false,,onsite,full_time,mid | senior,,2026-09-17T00:59:09.987176+00:00,ats,simplify,https://simplify.jobs/p/f1cb1cac-2057-47f9-ae25-6fce0d54c692
https://job-boards.greenhouse.io/andurilindustries/jobs/5172098007?gh_src=Simplify,Senior Software Engineer - Undersea Dominance,Anduril,"Costa Mesa, CA, USA",191000.0,253000.0,USD,,,2026-09-04T08:27:01+00:00,2026-06-23T22:17:22+00:00,false,,hybrid,full_time,senior,,2026-09-17T00:11:44.930193+00:00,ats,simplify,https://simplify.jobs/p/5ee0a3c1-2d4c-43c3-9e40-3ea1cbe2266a
https://jobs.lever.co/wyetechllc/1b186306-74ca-4798-a442-8239aaf964af/apply?lever-source=Simplify,Software Engineer 2,Wyetech,"Halethorpe, MD, USA",64.04,120.27,USD,,,2026-09-03T20:09:21+00:00,2026-07-27T22:05:02+00:00,false,,onsite,full_time,mid | senior,,2026-09-17T00:11:41.249248+00:00,ats,simplify,https://simplify.jobs/p/79f1f888-2561-4f8c-94e6-d82f9ba0b682
https://northwest.wd1.myworkdayjobs.com/Northwest_Careers/job/Columbus-OH/Senior-Software-Engineer_R-102278?utm_source=Simplify,Senior Software Engineer,Northwest Bank,"Fishers, IN, USA; Warren, PA, USA; Columbus, OH, USA; Independence, OH, USA; Bellevue, PA, USA",,,,,,2026-09-15T14:24:02+00:00,2026-09-15T00:00:00+00:00,false,,onsite,full_time,mid | senior,,2026-09-17T00:59:32.818143+00:00,ats,simplify,https://simplify.jobs/p/fa726958-e35a-4e79-ab2c-602c282d33ca
https://job-boards.greenhouse.io/cloverhealth/jobs/7680146?gh_src=Simplify,Senior Software Engineer,Clover Health,Remote; Remote in USA,195000.0,220000.0,USD,,,2026-09-04T07:24:02+00:00,2026-03-20T22:10:46+00:00,false,,remote,full_time,mid | senior,,2026-09-17T00:11:42.939956+00:00,ats,simplify,https://simplify.jobs/p/0e9184bd-c744-4fef-ab08-b8e2efdbbf20
https://navan.com/careers/openings/8178831?gh_jid=8178831&gh_src=Simplify,Senior Software Engineer - Backend,Navan,"London, UK",,,,,,2026-09-04T14:03:01+00:00,2026-09-04T14:02:49+00:00,false,,onsite,full_time,mid | senior,,2026-09-17T00:59:28.086891+00:00,employer,simplify,https://simplify.jobs/p/6b8b7dd8-d5b3-486c-9e63-d732d4fa0bf7
https://job-boards.greenhouse.io/shakepay/jobs/4609637005?gh_src=Simplify,Senior Software Engineer,Shakepay,Remote; Remote in Canada,170000.0,220000.0,CAD,,,2026-09-03T17:15:21+00:00,2026-05-26T22:19:31+00:00,false,,remote,full_time,senior,,2026-09-17T00:11:45.564120+00:00,ats,simplify,https://simplify.jobs/p/4bde15f3-127e-4184-b88f-6145ab36baa3
https://jobs.lever.co/ppro/190699a1-612b-4db1-a34c-059d288a4c40/apply?lever-source=Simplify,Senior Software Engineer - Local payments,PPRO,"Berlin, Germany",,,,,,2026-09-03T22:03:21+00:00,2026-08-04T09:07:08+00:00,false,,hybrid,full_time,senior,,2026-09-17T00:11:46.768538+00:00,ats,simplify,https://simplify.jobs/p/2d9926c0-b92b-489b-afa1-1b34314e981e
https://job-boards.greenhouse.io/omadahealth/jobs/8051562?gh_src=Simplify,Senior Software Engineer - Core Systems & Integrations,Omada Health,Remote; Remote in USA,156000.0,224300.0,USD,,,2026-09-03T19:33:19+00:00,2026-07-13T22:43:05+00:00,false,,remote,full_time,senior,,2026-09-17T00:11:48.690599+00:00,ats,simplify,https://simplify.jobs/p/a2c60faa-f14d-4b50-a41c-a553e1e6382e
https://jobs.lever.co/acceldata/ef679998-fbd9-45c8-a3e2-a675a93ed37f/apply?lever-source=Simplify,Staff Software Engineer - Open Source Data Platform - ODP,Acceldata,"Kitchener, ON, Canada",180000.0,210000.0,CAD,,,2026-09-04T07:24:02+00:00,2026-03-17T09:13:55+00:00,false,,onsite,full_time,,,2026-09-17T00:11:48.813854+00:00,ats,simplify,https://simplify.jobs/p/fc341a9b-c25e-410a-b8d8-f2f7fa486352
https://job-boards.greenhouse.io/sonicwall/jobs/8119825?gh_src=Simplify,Full Stack Software Engineer - Networking,SonicWall,"Pune, Maharashtra, India",,,,,,2026-09-04T01:39:21+00:00,2026-08-10T22:15:58+00:00,false,,onsite,full_time,senior,,2026-09-17T00:11:49.328981+00:00,ats,simplify,https://simplify.jobs/p/c4f2f791-bdd7-446e-bb39-3158a83f11fe
https://job-boards.greenhouse.io/justworks/jobs/7913123?gh_src=Simplify,Senior Software Engineer - Benefits,Justworks,"New York, NY, USA",188000.0,242000.0,USD,,,2026-09-03T21:51:21+00:00,2026-07-07T22:17:26+00:00,false,,hybrid,full_time,mid | senior,,2026-09-17T00:11:50.922878+00:00,ats,simplify,https://simplify.jobs/p/5f40c464-44e8-46be-9e19-e91a8c29c6c2
https://eeho.fa.us2.oraclecloud.com/hcmUI/CandidateExperience/en/sites/CX_45001/job/343174?utm_source=Simplify,Senior Software Engineer - Core Infrastructure,Oracle,"Remote; Nashville, TN, USA; United States",79200.0,209500.0,USD,,,2026-09-10T08:54:01+00:00,2026-09-01T21:44:44+00:00,false,,remote,full_time,senior,,2026-09-17T01:00:15.229066+00:00,ats,simplify,https://simplify.jobs/p/3e3efab0-e998-4800-aa48-5111574f91e9
https://job-boards.greenhouse.io/startree/jobs/6142775004?gh_src=Simplify,Senior Software Engineer - Data Platform,StarTree,Remote; Remote in India,,,,,,2026-09-07T06:33:01+00:00,2026-08-13T06:26:09+00:00,false,,remote,full_time,senior,,2026-09-17T00:11:52.308517+00:00,ats,simplify,https://simplify.jobs/p/425dbbde-0090-4fbb-9901-f2b52df8eaac
https://jobs.lever.co/wyetechllc/3e8cec06-7f35-4af3-b037-c760bd25a69d/apply?lever-source=Simplify,Software Engineer 3,Wyetech,"Annapolis Junction, MD, USA",86.2,136.27,USD,,,2026-09-03T18:36:19+00:00,2026-07-15T22:03:10+00:00,false,,onsite,full_time,mid | senior,,2026-09-17T00:11:53.883066+00:00,ats,simplify,https://simplify.jobs/p/a0b65f8f-5c83-45e9-a136-a4001534559f
https://jobs.ashbyhq.com/old-well-labs/4161104b-f494-432f-aeb9-d652bf1f65a8/application?embed=true&utm_source=Simplify,Senior Software Engineer - Data,Old Well Labs,"Charlotte, NC, USA",,,,,,2026-09-03T17:03:18+00:00,2026-05-03T22:09:03+00:00,false,,hybrid,full_time,senior,,2026-09-17T00:11:54.157180+00:00,ats,simplify,https://simplify.jobs/p/3f192578-d71e-48fc-8d95-a6e332a54b2f
https://omnisciusconsulting.applytojob.com/apply/KsZKW64bir/Senior-Java-Software-Engineer?utm_source=Simplify,Senior Java Software Engineer,Omniscius Consulting,"Montgomery, AL, USA",,,,,,2026-09-14T21:09:01+00:00,2026-09-14T21:06:56+00:00,false,,onsite,full_time,,,2026-09-17T00:11:57.524734+00:00,ats,simplify,https://simplify.jobs/p/7995db06-9766-4673-adbb-ebf7fc207625
https://job-boards.greenhouse.io/konovo/jobs/5286833008?gh_src=Simplify,Senior Software Engineer,Konovo,"Bengaluru, Karnataka, India",,,,,,2026-09-03T14:21:14+00:00,2026-08-18T22:09:23+00:00,false,,hybrid,full_time,senior,,2026-09-17T00:11:58.522839+00:00,ats,simplify,https://simplify.jobs/p/017b0880-909a-4add-b8d7-46cf2369d496
https://job-boards.greenhouse.io/point72/jobs/8372908002?gh_src=Simplify,Software Engineer - Technology,Point72,"Bengaluru, Karnataka, India",,,,,,2026-09-03T18:21:22+00:00,2026-04-21T09:30:10+00:00,false,,onsite,full_time,junior | mid | senior,,2026-09-17T00:11:59.435928+00:00,ats,simplify,https://simplify.jobs/p/2f555e6e-6cf0-4676-85dc-0fd23d13c222
https://jobs.ashbyhq.com/plot/b9841f72-75b4-47ac-8f95-d5289d938c17/application?embed=true&utm_source=Simplify,Senior Software Engineer - Applied AI,Plot Technologies,"New York, NY, USA",150000.0,230000.0,USD,,,2026-09-04T04:42:01+00:00,2026-07-07T06:09:20+00:00,false,,onsite,full_time,mid | senior,,2026-09-17T01:01:36.179282+00:00,ats,simplify,https://simplify.jobs/p/5dfb09d0-bf57-496c-b74e-b542f9365f1e
https://job-boards.greenhouse.io/embed/job_app?for=coinbase&gh_src=Simplify&token=7773776,Staff Software Engineer - Platform - Identity IDV,Coinbase,Remote; Remote in USA,218025.0,256500.0,USD,,,2026-09-04T08:15:01+00:00,2026-06-10T22:21:51+00:00,false,,remote,full_time,senior,,2026-09-17T00:12:02.384726+00:00,ats,simplify,https://simplify.jobs/p/bfff6acd-0617-430f-86fe-7da6cb92966f
https://job-boards.greenhouse.io/canonical/jobs/8130859?gh_src=Simplify,Software Engineer - Secure Container Images,Canonical,Remote; Europe; North America,,,,,,2026-09-03T15:45:16+00:00,2026-08-14T22:17:00+00:00,false,,remote,full_time,junior | mid | senior,,2026-09-17T00:12:02.699386+00:00,ats,simplify,https://simplify.jobs/p/2e33f293-d66b-48dc-9a1c-6feb41db4879
https://job-boards.greenhouse.io/lilasciences/jobs/4246973009?gh_src=Simplify,Senior Software Engineer - Operations Research,Lila Sciences,"Cambridge, MA, USA",180000.0,256000.0,USD,,,2026-09-04T08:03:01+00:00,2026-05-26T22:13:13+00:00,false,,onsite,full_time,senior,,2026-09-17T00:12:09.829922+00:00,ats,simplify,https://simplify.jobs/p/619e3f78-481e-46be-83b5-07a23d9998af
https://jobs.elastic.co/jobs/engineering/united-states/senior-software-engineer-search-algorithms-elasticsearch/8161416?gh_src=Simplify&gh_jid=8161416,Senior Software Engineer - Search Algorithms - Elasticsearch,Elastic,Remote; Remote in USA,133100.0,252900.0,USD,,,2026-09-03T07:18:06+00:00,2026-08-27T15:42:09+00:00,false,,remote,full_time,senior,,2026-09-17T01:02:02.385278+00:00,employer,simplify,https://simplify.jobs/p/6e9820c4-cbaa-433c-aa94-cc83e0f77c0d
https://job-boards.eu.greenhouse.io/ebury/jobs/4947819101?gh_src=Simplify,Senior Software Engineer - Money Flows,Ebury,"Málaga, Spain",,,,,,2026-09-04T00:27:22+00:00,2026-08-06T14:32:33+00:00,false,,hybrid,full_time,senior,,2026-09-17T00:12:12.938596+00:00,ats,simplify,https://simplify.jobs/p/3f9c08dc-811b-4992-929b-bf50e9f0f1f8
https://job-boards.greenhouse.io/adyen/jobs/8045874?gh_src=Simplify,Senior Software Engineer - Customer Interfaces,Adyen,"San Francisco, CA, USA",198000.0,293000.0,USD,,,2026-09-03T16:57:18+00:00,2026-07-27T22:31:07+00:00,false,,onsite,full_time,senior,,2026-09-17T01:02:25.883021+00:00,ats,simplify,https://simplify.jobs/p/9d467fa9-a0f5-4160-a7a3-e895630440e9
https://apply.workable.com/valsoft-corp/j/D2A7D39407/apply?utm_source=Simplify,Senior Software Engineer,Valsoft,Remote; Remote in India,,,,,,2026-09-03T19:12:22+00:00,2026-07-03T14:09:36+00:00,false,,remote,full_time,senior,,2026-09-17T01:02:29.365960+00:00,ats,simplify,https://simplify.jobs/p/35da8389-f693-4f9c-be09-c4874ece2a7d
https://job-boards.greenhouse.io/muonspace/jobs/5135846007?gh_src=Simplify,Staff Software Engineer - Simulation Infrastructure,Muon Space,"San Jose, CA, USA",240000.0,265000.0,USD,,,2026-09-16T01:09:17+00:00,2026-05-12T22:17:02+00:00,false,,hybrid,full_time,,,2026-09-17T00:12:16.157479+00:00,ats,simplify,https://simplify.jobs/p/bba55132-abe7-44d4-aaac-e1f17a195d6a
https://job-boards.greenhouse.io/coherehealth/jobs/7611463003?gh_src=Simplify,Senior Software Engineer,Cohere Health,"Hyderabad, Telangana, India",,,,,,2026-09-03T17:39:18+00:00,2026-07-02T09:27:48+00:00,false,,onsite,full_time,senior,,2026-09-17T00:12:16.621567+00:00,ats,simplify,https://simplify.jobs/p/3311921b-0afb-44ab-8baa-9b21aa136ef2
https://mastercard.wd1.myworkdayjobs.com/CorporateCareers/job/Arlington-Virginia/Senior-Software-Engineer---Blockchain_R-290125?utm_source=Simplify,Senior Software Engineer - Blockchain,Mastercard,"Arlington County, Arlington, VA, USA",132000.0,212000.0,USD,,,2026-09-10T22:24:01+00:00,2026-09-10T00:00:00+00:00,false,,onsite,full_time,senior,,2026-09-17T01:02:32.777651+00:00,ats,simplify,https://simplify.jobs/p/42d7c3bd-8486-4823-936f-c753b0bcb64d
https://careers-scires.icims.com/jobs/11193/job?mobile=true&needsRedirect=false&utm_source=Simplify,Senior Software Engineer,Scientific Research Corporation,"Huntsville, AL, USA",,,,,,2026-09-03T17:03:18+00:00,2026-05-28T22:09:21+00:00,false,,onsite,full_time,senior,,2026-09-17T00:12:21.683925+00:00,ats,simplify,https://simplify.jobs/p/8203cc8a-3841-4274-956d-4a064fe4c09c
https://jobs.lever.co/shieldai/a6f44fdc-093f-4db6-9f88-5181ec75f895/apply?lever-source=Simplify,Mission Systems Software Engineer,Shield AI,"Seattle, WA, USA",135000.0,250000.0,USD,,,2026-09-11T11:24:01+00:00,2026-09-10T09:50:33+00:00,false,,onsite,full_time,mid | senior,,2026-09-17T00:12:24.329738+00:00,ats,simplify,https://simplify.jobs/p/c8afb7c9-3f45-45be-bf51-d5a286d674c1
https://walmart.wd504.myworkdayjobs.com/WalmartExternal/job/USA-Crossman-Service-Building-CA-SUNNYVALE-Home-Office/Senior--Software-Engineer--Backend-_R-2431523?utm_source=Simplify,Senior – Software Engineer - Backend,Walmart,"Sunnyvale, CA, USA",108000.0,234000.0,USD,,,2026-09-16T12:12:01+00:00,2026-09-09T22:07:59+00:00,false,,onsite,full_time,mid | senior,,2026-09-17T01:02:58.361718+00:00,ats,simplify,https://simplify.jobs/p/f6b9c2c0-4f91-4218-afd3-1c844cede502
https://job-boards.greenhouse.io/clear/jobs/8067982?gh_src=Simplify,Senior Software Engineer - Java,CLEAR,"New York, NY, USA",225000.0,300000.0,USD,,,2026-09-03T20:48:22+00:00,2026-07-15T22:12:09+00:00,false,,onsite,full_time,senior,,2026-09-17T00:12:26.926926+00:00,ats,simplify,https://simplify.jobs/p/7aa823af-b1d4-4e5b-9a4a-467411670d1e
https://jobs.ashbyhq.com/temporal/4ee99986-77ad-4113-8058-891d5cc7284a/application?embed=true&utm_source=Simplify,Staff Software Engineer - AI Foundations - AI Agent Optimization,Temporal Technologies,Remote; Remote in USA; Remote in Canada,179200.0,294000.0,USD,,,2026-09-15T10:42:01+00:00,2026-08-05T22:21:13+00:00,false,,remote,full_time,senior,,2026-09-17T01:03:19.638064+00:00,ats,simplify,https://simplify.jobs/p/f795f324-bf10-4696-a8fa-0bbfa6f30447
https://job-boards.greenhouse.io/cresta/jobs/4668107008?gh_src=Simplify,Senior Software Engineer - Backend,Cresta,"Berlin, Germany",,,,,,2026-09-14T20:54:01+00:00,2025-11-22T00:47:02+00:00,false,,hybrid,full_time,senior,,2026-09-17T00:12:26.602903+00:00,ats,simplify,https://simplify.jobs/p/5b137009-7c0d-4639-a3ba-ddbc75e3ba1a
https://jobs.lever.co/brilliant/abe6c8d6-d0f5-47d6-9d6e-f7b762b64ba2/apply?lever-source=Simplify,Senior/Staff Software Engineer - Interactives,Brilliant,"Remote; San Francisco, CA, USA; Remote in USA; New York, NY, USA",180000.0,250000.0,USD,,,2026-09-03T18:54:19+00:00,2026-06-17T22:08:42+00:00,false,,remote,full_time,senior,,2026-09-17T00:12:27.455833+00:00,ats,simplify,https://simplify.jobs/p/ab437872-5e00-4b0f-be44-1b3953c98089
https://bpinternational.wd3.myworkdayjobs.com/bpPrivateExternalCareersSite/job/India---Pune/Staff-software-engineer_RQ107305-2?utm_source=Simplify,Staff Software Engineer,BP,"Pune, Maharashtra, India",,,,,,2026-09-03T18:21:22+00:00,2026-07-04T12:16:37+00:00,false,,hybrid,full_time,,,2026-09-17T01:03:24.277388+00:00,ats,simplify,https://simplify.jobs/p/fc005cdb-3f53-4676-937d-b16ab2626282
https://remitly.wd5.myworkdayjobs.com/en-US/Remitly_Careers/job/Seattle-Washington-United-States/Senior-AI-Native-Software-Engineer_R_106614?utm_source=Simplify,Senior AI Native Software Engineer,Remitly,"Seattle, WA, USA",180000.0,225000.0,USD,,,2026-09-04T02:06:24+00:00,2026-08-12T00:00:00+00:00,false,,hybrid,full_time,senior,,2026-09-17T01:03:23.099323+00:00,ats,simplify,https://simplify.jobs/p/b8174736-e0f2-409c-bd0e-be6832d8cce4
https://leidos.wd5.myworkdayjobs.com/External/job/Farnborough-Hampshire-UK/Senior-Software-Engineer--Full-Stack-_R-00184441?utm_source=Simplify,Senior Software Engineer - Full Stack,Leidos,"Whiteley, UK; Farnborough, UK",61500.0,78800.0,GBP,,,2026-09-16T12:24:07+00:00,2026-07-04T11:38:22+00:00,false,,hybrid,full_time,senior,,2026-09-17T01:03:27.554789+00:00,ats,simplify,https://simplify.jobs/p/f0631da9-0bb9-40e3-a013-b636bb7370e4
https://apply.workable.com/flexcompute/j/C0F1442DD8/apply?utm_source=Simplify,Senior Backend Software Engineer,Flexcompute,"Watertown, MA, USA",,,,,,2026-09-04T01:18:24+00:00,2026-08-08T01:17:54+00:00,false,,onsite,full_time,senior,,2026-09-17T01:03:29.733496+00:00,ats,simplify,https://simplify.jobs/p/f7b7fa4f-4e79-4ebc-896c-e39c785a1488
https://jobs.ashbyhq.com/siftstack/38350564-6a34-4c87-9f21-44e75b55da85/application?embed=true&utm_source=Simplify,Senior Software Engineer,SIFT,"San Francisco, CA, USA; Marina Del Rey, CA, USA",180000.0,230000.0,USD,,,2026-09-03T19:57:26+00:00,2026-07-23T01:15:10+00:00,false,,hybrid,full_time,senior,,2026-09-17T01:03:28.382745+00:00,ats,simplify,https://simplify.jobs/p/4f335fd0-900f-4a5e-87e9-76cb66b5ca2c
https://jobs.lever.co/waabi/7fe1b29b-9f8b-4a51-8669-20724015ecd3/apply?lever-source=Simplify,Senior / Staff Software Engineer - Web Tools,Waabi,"Toronto, ON, Canada",141000.0,249000.0,USD,,,2026-09-16T10:18:03+00:00,2025-10-17T10:07:53+00:00,false,,hybrid,full_time,senior,,2026-09-17T00:12:35.397499+00:00,ats,simplify,https://simplify.jobs/p/d4fa2f6a-dcad-4958-a04a-6b4f20c96e29
https://apply.workable.com/tp-link-usa-corp/j/4B95F40DFA/apply?utm_source=Simplify,Staff Cloud Software Engineer - Backend - Enterprise,TP-Link Systems,"Irvine, CA, USA",140000.0,220000.0,USD,,,2026-09-04T00:51:21+00:00,2026-08-07T06:16:02+00:00,false,,onsite,full_time,senior,,2026-09-17T01:03:41.495625+00:00,ats,simplify,https://simplify.jobs/p/120be8d7-43e9-4c6c-8765-74c7d974833d
https://jobs.lever.co/circadiahealth/a0dd1a61-547a-4134-a059-b25d4c956677/apply?lever-source=Simplify,Staff Software Engineer,Circadia Health,"El Segundo, CA, USA",150000.0,240000.0,USD,,,2026-09-03T16:51:16+00:00,2026-08-13T20:40:47+00:00,false,,hybrid,full_time,senior,,2026-09-17T00:12:44.592052+00:00,ats,simplify,https://simplify.jobs/p/6b861f38-ea5b-4e2a-a566-12e696dfae05
https://jobs.ashbyhq.com/plasma/ab95c290-2fcc-425b-b978-fb0b947a54fa/application?embed=true&utm_source=Simplify,Staff+ Software Engineer,Plasma,"Remote; London, UK",,,,,,2026-09-16T10:48:47+00:00,2026-08-26T00:27:05+00:00,false,,remote,full_time,senior,,2026-09-17T00:12:40.954707+00:00,ats,simplify,https://simplify.jobs/p/d9da407f-6eeb-4e88-934f-6f82933e8d5e
https://kbr.wd5.myworkdayjobs.com/KBR_Careers/job/Redstone-Arsenal-Alabama/Senior-Software-Engineer_R2129820?utm_source=Simplify,Senior Software Engineer,KBR,"Redstone Arsenal, AL, USA",,,,,,2026-09-11T22:15:05+00:00,2026-09-11T00:00:00+00:00,false,,onsite,full_time,,,2026-09-17T01:03:42.336130+00:00,ats,simplify,https://simplify.jobs/p/32764e5d-11af-45a1-bfff-d571d6ca319b
https://nvidia.wd5.myworkdayjobs.com/NVIDIAExternalCareerSite/job/US-CA-Santa-Clara/Senior-Systems-Software-Engineer--Accelerated-Kubernetes-Performance-and-Scale---DGX-Cloud_JR2020019?utm_source=Simplify,Senior Systems Software Engineer - Accelerated Kubernetes Performance and Scale - DGX Cloud,NVIDIA,"Seattle, WA, USA; Santa Clara, CA, USA",184000.0,356500.0,USD,,,2026-09-04T08:57:01+00:00,2026-07-04T10:00:30+00:00,false,,hybrid,full_time,,,2026-09-17T01:03:42.626087+00:00,ats,simplify,https://simplify.jobs/p/ed9be1ca-b61f-41c4-87f9-a99eda36fd1e
https://job-boards.greenhouse.io/sonicwall/jobs/8043991?gh_src=Simplify,Senior Software Engineer - Dataplane High Availability & Clustering,SonicWall,"Pune, Maharashtra, India",,,,,,2026-09-07T06:15:01+00:00,2026-07-10T22:28:51+00:00,false,,onsite,full_time,senior,,2026-09-17T00:12:44.024786+00:00,ats,simplify,https://simplify.jobs/p/d707f1d2-e131-4407-8cd4-ff5c6744ca8c
https://job-boards.greenhouse.io/attentive/jobs/4120599009?gh_src=Simplify,Senior Software Engineer - Streaming,Attentive,United States,150000.0,205000.0,USD,,,2026-09-03T18:03:18+00:00,2026-07-06T22:29:10+00:00,false,,onsite,full_time,senior,,2026-09-17T00:12:44.409580+00:00,ats,simplify,https://simplify.jobs/p/5b1bb18d-a50e-4511-89bf-3683c1a4da57
https://job-boards.greenhouse.io/assuredguaranty/jobs/8605930002?gh_src=Simplify,Senior AI Software Engineer,Assured Guaranty,"New York, NY, USA",175000.0,220000.0,USD,,,2026-09-04T04:42:01+00:00,2026-06-24T22:20:32+00:00,false,,onsite,full_time,mid | senior,,2026-09-17T00:12:45.753008+00:00,ats,simplify,https://simplify.jobs/p/7c943401-40a8-446f-8d62-2dd2e9bf10d9
https://job-boards.greenhouse.io/mavenclinic/jobs/7068148002?gh_src=Simplify,Staff Software Engineer - Backend Engineering,Maven Clinic,"Boston, MA, USA; Seattle, WA, USA; Washington, DC, USA; San Francisco, CA, USA; Chicago, IL, USA; New York, NY, USA",225000.0,260000.0,USD,,,2026-09-04T06:57:01+00:00,2025-02-04T00:10:14+00:00,false,,hybrid,full_time,,,2026-09-17T00:12:46.348301+00:00,ats,simplify,https://simplify.jobs/p/6a2e225d-6695-431b-988d-885a58ceda69
https://ouster.applytojob.com/apply/0gW0gQbq8s/Senior-Or-Staff-Embedded-Software-Engineer?utm_source=Simplify,Senior or Staff Embedded Software Engineer,Ouster,"San Francisco, CA, USA",210000.0,245000.0,USD,,,2026-09-03T21:45:21+00:00,2026-08-03T06:22:50+00:00,false,,onsite,full_time,mid | senior,,2026-09-17T00:12:47.248537+00:00,ats,simplify,https://simplify.jobs/p/6a57b67c-d864-4817-8d5f-cb2b024c7aef
https://jobs.ea.com/en_US/careers/JobDetail/Senior-Software-Engineer-Generalist-Apex-Legends/216015?utm_source=Simplify,Senior Software Engineer - Generalist,Electronic Arts,"Los Angeles, CA, USA",165000.0,256000.0,USD,,,2026-09-03T12:09:01+00:00,2026-08-21T22:12:34+00:00,false,,hybrid,full_time,senior,,2026-09-17T01:03:59.091384+00:00,employer,simplify,https://simplify.jobs/p/5e320054-0eeb-41ac-b990-cfefdf5fbc71
https://jobs.lever.co/lyrahealth/d6261069-149b-47d6-a101-34e84824f478/apply?lever-source=Simplify,Senior Software Engineer,Lyra Health,Remote; Remote in USA,143000.0,197000.0,USD,,,2026-09-03T22:03:21+00:00,2026-08-04T22:02:42+00:00,false,,remote,full_time,senior,,2026-09-17T00:12:49.676287+00:00,ats,simplify,https://simplify.jobs/p/876ccb3a-55d2-43e9-a040-63a6f84c3336
https://jobs.lever.co/wyetechllc/576e7428-a30e-422b-92b6-22c7d0a0ca4f/apply?lever-source=Simplify,Senior Software Engineer,Wyetech,"Columbia, MD, USA",52.46,139.92,USD,,,2026-09-04T04:42:01+00:00,2026-07-24T14:05:32+00:00,false,,hybrid,full_time,senior,,2026-09-17T00:12:51.170148+00:00,ats,simplify,https://simplify.jobs/p/ed964be9-7cc6-4e0a-a5fd-6a1fd6612d0f
https://brightvisiontechnologies.applytojob.com/apply/i2OSbbIIjp/Staff-Software-Engineer?utm_source=Simplify,Staff Software Engineer,Bright Vision Technologies,Remote; Remote in USA,100000.0,180000.0,USD,,,2026-09-10T14:51:01+00:00,2026-09-10T14:48:23+00:00,false,,remote,full_time,senior,,2026-09-17T00:12:50.880360+00:00,ats,simplify,https://simplify.jobs/p/31391aa0-4734-4b94-8842-42e244c6e23e
https://job-boards.greenhouse.io/anthropic/jobs/5379140008?gh_src=Simplify,Staff Software Engineer - Safeguards Data,Anthropic,"San Francisco, CA, USA; New York, NY, USA",320000.0,485000.0,USD,,,2026-09-03T15:45:16+00:00,2026-08-15T01:28:48+00:00,false,,hybrid,full_time,senior,,2026-09-17T00:12:50.659264+00:00,ats,simplify,https://simplify.jobs/p/b32375d4-9b27-4890-9d40-1f6ca6160af8
https://apply.workable.com/unitary/j/A69F755A8F/apply?utm_source=Simplify,Staff / Senior Software Engineer,Unitary,"London, UK",,,,,,2026-09-04T01:39:21+00:00,2026-08-11T01:32:20+00:00,false,,hybrid,full_time,senior,,2026-09-17T01:04:17.157229+00:00,ats,simplify,https://simplify.jobs/p/47c3be86-1ef4-4d7b-90c0-e99c21153545
https://job-boards.greenhouse.io/andurilindustries/jobs/5236476007?gh_src=Simplify,Software Engineer - Battlespace Awareness,Anduril,"Waltham, MA, USA",191000.0,253000.0,USD,,,2026-09-12T19:51:01+00:00,2026-09-12T19:48:18+00:00,false,,onsite,full_time,senior,,2026-09-17T00:12:51.753941+00:00,ats,simplify,https://simplify.jobs/p/5c7c0c9e-05ea-4ed5-886a-fe0146fdcff2
https://trekbikes.wd1.myworkdayjobs.com/en-US/TREK/job/Haryana-India/Senior-Software-Engineer_Trek111844?utm_source=Simplify,Senior Software Engineer,TREK,Remote; Remote in India,,,,,,2026-09-03T17:15:21+00:00,2026-07-04T10:54:42+00:00,false,,remote,full_time,senior,,2026-09-17T01:04:19.954321+00:00,ats,simplify,https://simplify.jobs/p/b552c8c4-99cb-409c-8b3b-8ec8e58466ff
https://jobs.ashbyhq.com/perryweather/2b7dfe97-0c6c-4b55-9374-cfff8b7ddcce/application?embed=true&utm_source=Simplify,Senior Software Engineer,Perry Weather,"Dallas, TX, USA",,,,,,2026-09-09T22:45:10+00:00,2026-09-09T22:35:12+00:00,false,,onsite,full_time,mid | senior,,2026-09-17T01:04:15.794406+00:00,ats,simplify,https://simplify.jobs/p/f1cd0025-ed19-4dd6-9071-e37418953348
https://aveva.wd3.myworkdayjobs.com/en-US/AVEVA_careers/job/Cambridge-United-Kingdom/Senior-Cloud-Software-Engineer_R014530-1?utm_source=Simplify,Senior Cloud Software Engineer,AVEVA,"Cambridge, UK",,,,,,2026-09-03T16:57:18+00:00,2026-07-28T00:00:00+00:00,false,,hybrid,full_time,senior,,2026-09-17T01:04:27.449041+00:00,ats,simplify,https://simplify.jobs/p/9104d875-1c72-44c7-84ee-6f067e9d4f62
https://jobs.ashbyhq.com/rivianvw.tech/c2e434ae-2b99-49ce-ab71-b54e024d4d1b/application?embed=true&utm_source=Simplify,Senior Software Engineer - Display/Touch Infotainment Platform,Rivian and Volkswagen Group Technologies,"Palo Alto, CA, USA",146900.0,201950.0,USD,,,2026-09-03T06:45:06+00:00,2026-08-27T23:24:53+00:00,false,,hybrid,full_time,senior,,2026-09-17T01:04:23.582440+00:00,ats,simplify,https://simplify.jobs/p/b53091da-96ce-45b3-88b1-eabeb4aa9de2
https://job-boards.greenhouse.io/andurilindustries/jobs/5184560007?gh_src=Simplify,Senior Software Engineer - Air Defense - Integrations,Anduril,"Remote; Irvine, CA, USA",191000.0,253000.0,USD,,,2026-09-03T21:39:22+00:00,2026-07-10T22:32:17+00:00,false,,remote,full_time,senior,,2026-09-17T00:12:53.191509+00:00,ats,simplify,https://simplify.jobs/p/20ec09a8-7652-489b-8e30-dff84a309c46
https://jobs.ashbyhq.com/investa/71899d77-09bf-4982-808d-793f64e41ed2/application?embed=true&utm_source=Simplify,Senior Software Engineer,Investa,"London, UK",85000.0,105000.0,GBP,,,2026-09-03T19:51:22+00:00,2026-07-21T01:16:06+00:00,false,,hybrid,full_time,senior,,2026-09-17T01:04:28.901282+00:00,ats,simplify,https://simplify.jobs/p/888ccb78-339b-4e64-b2a9-821081cc78c1
https://jobs.ashbyhq.com/unify/b2e28807-8338-4fa1-9a02-8297ba2a8eec/application?embed=true&utm_source=Simplify,Senior Software Engineer - Platform,Unify,"San Francisco, CA, USA; New York, NY, USA",230000.0,265000.0,USD,,,2026-09-03T19:33:19+00:00,2026-09-01T09:40:22+00:00,false,,hybrid,full_time,senior,,2026-09-17T00:12:53.256709+00:00,ats,simplify,https://simplify.jobs/p/9e20df80-0495-485b-a201-b93ded985408
https://jobs.ashbyhq.com/oscilar/50e77792-0ce3-4333-9dd6-604bb7da6d8f/application?embed=true&utm_source=Simplify,Staff Software Engineer - Analytics & Data Architecture,Oscilar,Remote; Remote in USA; Remote in Canada,220000.0,262500.0,USD,,,2026-09-12T19:33:01+00:00,2026-08-14T05:52:43+00:00,false,,remote,full_time,senior,,2026-09-17T01:04:35.575277+00:00,ats,simplify,https://simplify.jobs/p/e6e6d234-bc7e-431f-8630-210266be0b52
https://job-boards.greenhouse.io/clearlinktechnologiesllc/jobs/4706402006?gh_src=Simplify,Senior Software Engineer,Clearlink Technologies,"Salt Lake City, UT, USA",,,,,,2026-09-03T06:30:06+00:00,2026-08-27T23:28:35+00:00,false,,hybrid,full_time,senior,,2026-09-17T00:12:55.333615+00:00,ats,simplify,https://simplify.jobs/p/41933119-2142-4f4e-99a9-14042e24a501
https://jobs.ashbyhq.com/Valon/9d1af085-b312-4f75-9b50-5d8fa4413fa8/application?embed=true&utm_source=Simplify,Staff Software Engineer,Valon,"San Francisco, CA, USA; Remote in USA; New York, NY, USA",255000.0,300000.0,USD,,,2026-09-06T03:12:01+00:00,2026-09-06T03:10:13+00:00,false,,hybrid,full_time,mid | senior,,2026-09-17T01:04:40.559131+00:00,ats,simplify,https://simplify.jobs/p/9f5b715d-cebc-4051-9304-710541605a29
https://job-boards.greenhouse.io/logicgate/jobs/4729141005?gh_src=Simplify,Senior Software Engineer: Front-End,LogicGate,"Remote in USA; Chicago, IL, USA; Bellevue, WA, USA",120000.0,160000.0,USD,,,2026-09-03T03:00:21+00:00,2026-08-31T23:51:40+00:00,false,,hybrid,full_time,senior,,2026-09-17T00:12:56.173443+00:00,ats,simplify,https://simplify.jobs/p/52562b4c-a215-4989-8d2c-ad62834e5171
https://job-boards.greenhouse.io/mercury/jobs/5803347004?gh_src=Simplify,Senior Software Engineer - Mercury Command,Mercury,"Remote; San Francisco, CA, USA; Remote in USA; New York, NY, USA; Portland, OR, USA; Remote in Canada",200700.0,250900.0,USD,,,2026-09-04T04:42:01+00:00,2026-06-26T22:14:37+00:00,false,,remote,full_time,senior,,2026-09-17T00:12:57.048640+00:00,ats,simplify,https://simplify.jobs/p/6f415871-dba4-4ed6-8bf9-59ffa8b56fcf
https://job-boards.eu.greenhouse.io/navvis/jobs/4723895101?gh_src=Simplify,Senior Cloud Software Engineer - Python & AWS,NavVis,"Munich, Germany",,,,,,2026-09-11T11:39:01+00:00,2026-07-03T22:22:11+00:00,false,,hybrid,full_time,senior,,2026-09-17T00:12:57.906117+00:00,ats,simplify,https://simplify.jobs/p/d9a84c4c-2159-4716-8a7c-600041c470a4
https://job-boards.greenhouse.io/cssmerge/jobs/8583315002?gh_src=Simplify,Staff Software Engineer - Menu Platform,Atoms,"Mountain View, CA, USA",224000.0,284000.0,USD,,,2026-09-03T19:06:23+00:00,2026-07-01T22:07:03+00:00,false,,onsite,full_time,mid | senior,,2026-09-17T00:13:07.721925+00:00,ats,simplify,https://simplify.jobs/p/f0ee6dd9-0100-4d5b-b887-d836bc2027ea
https://job-boards.greenhouse.io/anthropic/jobs/5342935008?gh_src=Simplify,Software Engineer - Safeguards Human Review Tooling,Anthropic,"San Francisco, CA, USA; New York, NY, USA",320000.0,485000.0,USD,,,2026-09-15T14:22:08+00:00,2026-07-13T22:05:32+00:00,false,,hybrid,full_time,senior,,2026-09-17T00:13:00.867006+00:00,ats,simplify,https://simplify.jobs/p/6d0ee399-2135-4c7a-a870-c3f13248253d
https://careers-peraton.icims.com/jobs/167151/job?mobile=true&needsRedirect=false&utm_source=Simplify,SATCOM Software Engineer - Senior Advisor,Peraton,"Chantilly, VA, USA",146000.0,234000.0,USD,,,2026-09-03T18:42:29+00:00,2026-06-04T22:07:51+00:00,false,,onsite,full_time,,,2026-09-17T00:12:59.790005+00:00,ats,simplify,https://simplify.jobs/p/c84cff9a-b66e-4711-b6e9-91aacb060b91
https://jobs.ashbyhq.com/corgi/f40d2042-5b08-42c0-846c-07e26221bb5f/application?embed=true&utm_source=Simplify,Senior Full Stack Software Engineer,Corgi Insurance,"London, UK",140000.0,200000.0,GBP,,,2026-09-04T09:30:01+00:00,2026-07-15T14:11:39+00:00,false,,onsite,full_time,senior,,2026-09-17T01:04:42.462367+00:00,ats,simplify,https://simplify.jobs/p/1fecb8e4-2db1-426a-8dbc-7957f15e9be4
https://apply.workable.com/indra-uk/j/C155880799/apply?utm_source=Simplify,Senior Software Engineer,Indra Group UK & Ireland,"Whiteley, UK",,,,,,2026-09-04T00:51:21+00:00,2026-08-07T06:18:07+00:00,false,,hybrid,contract,mid | senior,,2026-09-17T01:05:02.736137+00:00,ats,simplify,https://simplify.jobs/p/870699b5-3561-4024-9ab2-18ba6df8d557
https://jobs.ashbyhq.com/sapiom/04d276af-8959-4f21-96e9-561b3e5b74d5/application?embed=true&utm_source=Simplify,Software Engineer - Full Stack - Agent Platform,Sapiom,"San Francisco, CA, USA",180000.0,286000.0,USD,,,2026-09-11T10:33:01+00:00,2026-07-21T01:14:54+00:00,false,,onsite,full_time,mid | senior,,2026-09-17T01:05:01.462473+00:00,ats,simplify,https://simplify.jobs/p/7a9c0fb9-1a8e-4e3a-9297-61711d387f2a
https://jobs.ashbyhq.com/makai-labs/badf8c3f-3118-438b-8fec-f595f3f5f552/application?embed=true&utm_source=Simplify,Senior Backend Software Engineer - Node.js/TypeScript,Makai Labs,"Remote; California, USA; Texas, USA; New York, NY, USA; Massachusetts, USA; North Carolina, USA; New Jersey, USA",150000.0,180000.0,USD,,,2026-09-10T10:24:05+00:00,2026-07-21T22:14:11+00:00,false,,remote,full_time,senior,,2026-09-17T00:13:01.713872+00:00,ats,simplify,https://simplify.jobs/p/9e7042db-8f1f-47b6-831a-a6ca0fe56576
https://jobs.ashbyhq.com/semgrep/ba038d3b-ec77-4272-b863-02ee1964bebd/application?embed=true&utm_source=Simplify,Staff Backend Software Engineer,Semgrep,"Boston, MA, USA; San Francisco, CA, USA; New York, NY, USA; Denver, CO, USA",230000.0,288000.0,USD,,,2026-09-03T18:27:21+00:00,2026-05-19T01:09:08+00:00,false,,hybrid,full_time,senior,,2026-09-17T01:05:03.291547+00:00,ats,simplify,https://simplify.jobs/p/055671e4-dee4-4386-88ab-1d39ed004338
https://bitwarden.com/careers/7829848003/?gh_jid=7829848003&gh_src=Simplify,Senior Front End Software Engineer - Vault,Bitwarden,Remote; Remote in USA,140000.0,200000.0,USD,,,2026-09-04T00:27:22+00:00,2026-08-06T14:15:09+00:00,false,,remote,full_time,senior,,2026-09-17T01:05:01.149974+00:00,employer,simplify,https://simplify.jobs/p/2396a8c3-bc52-4a86-9d7a-ccad8a9d03cf
https://jobs.lever.co/procreate/7d852d2b-dbe1-4e51-964c-4148c1094146/apply?lever-source=Simplify,Senior Software Engineer - Systems,Procreate,"Hobart, Australia",,,,,,2026-09-03T21:21:21+00:00,2026-08-01T01:09:53+00:00,false,,onsite,full_time,senior,,2026-09-17T00:13:05.550108+00:00,ats,simplify,https://simplify.jobs/p/631f5eec-4454-4043-8838-7f46a71373c0
https://jobs.ashbyhq.com/apron/dfabb0eb-c00f-4f3e-a162-c42b174e79bf/application?embed=true&utm_source=Simplify,Senior Software Engineer - Backend,Apron,"London, UK",,,,,,2026-09-04T06:57:01+00:00,2026-08-18T22:58:49+00:00,false,,hybrid,full_time,senior,,2026-09-17T00:13:05.828642+00:00,ats,simplify,https://simplify.jobs/p/211bde20-c774-4f92-8bb8-83c183cabc49
https://jobs.ashbyhq.com/trm-labs/5f814d06-0151-4390-94de-9f3e56a59923/application?embed=true&utm_source=Simplify,Senior Software Engineer - Graph Analytics,TRM Labs,Remote; Remote in USA,200000.0,220000.0,USD,,,2026-09-04T08:03:01+00:00,2026-05-19T01:08:37+00:00,false,,remote,full_time,senior,,2026-09-17T01:05:13.398595+00:00,ats,simplify,https://simplify.jobs/p/531317f4-4c10-4361-9030-158bc019ceb7
https://job-boards.greenhouse.io/scaleai/jobs/4729820005?gh_src=Simplify,Staff Software Engineer - RL Environments,Scale AI,"San Francisco, CA, USA; New York, NY, USA",252000.0,315000.0,USD,,,2026-09-03T06:45:06+00:00,2026-09-03T02:24:04+00:00,false,,onsite,full_time,senior,,2026-09-17T00:13:07.098622+00:00,ats,simplify,https://simplify.jobs/p/2514430c-8ef1-47cb-903b-ae221c1d0f71
https://bah.wd1.myworkdayjobs.com/bah_jobs/job/McLean-VA/Real-Time-Software-Engineer_R0247301?utm_source=Simplify,Real-Time Software Engineer,Booz Allen,"McLean, VA, USA; El Segundo, CA, USA",86800.0,198000.0,USD,,,2026-09-16T09:25:08+00:00,2026-08-18T00:00:00+00:00,false,,onsite,full_time,senior,,2026-09-17T01:05:23.929055+00:00,ats,simplify,https://simplify.jobs/p/22cbe6be-7a7c-474d-a8c0-304ba30ae84b
https://job-boards.greenhouse.io/spacex/jobs/8568980002?gh_src=Simplify,Senior Software Engineer - Special Projects,SpaceX,"West Athens, CA, USA",165000.0,230000.0,USD,,,2026-09-03T18:48:22+00:00,2026-06-10T01:08:56+00:00,false,,onsite,full_time,senior,,2026-09-17T00:13:13.103214+00:00,ats,simplify,https://simplify.jobs/p/bc73a635-a20a-4203-9226-03712edef88b
https://job-boards.greenhouse.io/cssmerge/jobs/8717657002?gh_src=Simplify,Senior Software Engineer - Onboard,Atoms,"San Francisco, CA, USA",176000.0,242000.0,USD,,,2026-09-03T15:45:16+00:00,2026-08-15T06:12:10+00:00,false,,onsite,full_time,senior,,2026-09-17T00:13:13.599019+00:00,ats,simplify,https://simplify.jobs/p/fe4aff67-d06a-49d0-8637-39e6bd584e41
https://jobs.elastic.co/jobs/engineering/ireland/senior-software-engineer-search-algorithms-elasticsearch/8161427?gh_src=Simplify&gh_jid=8161427,Senior Software Engineer - Search Algorithms - Elasticsearch,Elastic,Remote; Remote in Ireland,85600.0,135500.0,EUR,,,2026-09-03T07:18:06+00:00,2026-08-27T15:42:13+00:00,false,,remote,full_time,senior,,2026-09-17T01:05:38.445146+00:00,employer,simplify,https://simplify.jobs/p/45e73e85-ad5d-40da-82d8-47f8b1986106
https://sailpoint.wd1.myworkdayjobs.com/en-US/SailPoint/job/United-States/Senior-Staff-Software-Engineer_R013949?utm_source=Simplify,Senior Staff Software Engineer,SailPoint,Remote; Remote in USA,155800.0,262550.0,USD,,,2026-09-03T15:45:16+00:00,2026-08-14T00:00:00+00:00,false,,remote,full_time,senior,,2026-09-17T01:05:44.520024+00:00,ats,simplify,https://simplify.jobs/p/594d35c0-8fea-4b70-bbdc-89686cc2955c
https://job-boards.greenhouse.io/forgeglobal/jobs/6190329004?gh_src=Simplify,Senior Software Engineer - Customer Domain Engineering,Forge Global,"San Francisco, CA, USA",168000.0,200000.0,USD,,,2026-09-11T22:36:01+00:00,2026-09-11T22:33:32+00:00,false,,hybrid,full_time,mid,,2026-09-17T00:13:15.808975+00:00,ats,simplify,https://simplify.jobs/p/f7a03296-8726-4246-a9fe-dc46cc394449
https://job-boards.greenhouse.io/grvty/jobs/4402182009?gh_src=Simplify,Senior Software Engineer,GRVTY,"Aurora, CO, USA; Sterling, VA, USA",160000.0,225000.0,USD,,,2026-09-10T22:15:01+00:00,2026-09-10T22:12:19+00:00,false,,onsite,full_time,senior,,2026-09-17T00:13:16.573226+00:00,ats,simplify,https://simplify.jobs/p/3d05f32c-fdeb-4cd1-a56e-4d1987562277
https://wk.wd3.myworkdayjobs.com/en-US/External/job/ESP---Barcelona/Senior-Product-Software-Engineer--Expert-Level-_R0059380?utm_source=Simplify,Senior Product Software Engineer - AI Native,Wolters Kluwer,"Barcelona, Spain; Madrid, Spain; Bilbao, Biscay, Spain; Valencia, Spain",,,,,,2026-09-11T12:18:01+00:00,2026-08-26T00:00:00+00:00,false,,hybrid,full_time,mid | senior,,2026-09-17T01:06:02.494686+00:00,ats,simplify,https://simplify.jobs/p/d29afc29-e8a4-4a43-90ef-590f154808e2
https://jobs.ashbyhq.com/foundationhealthcareers/405008d4-9a4d-46db-be21-e46d8a4bfee1/application?embed=true&utm_source=Simplify,Staff Software Engineer,Foundation Health,"Remote; Orlando, FL, USA; Remote in USA",,,,,,2026-09-03T08:57:09+00:00,2026-08-25T15:58:45+00:00,false,,remote,full_time,senior,,2026-09-17T01:05:54.783536+00:00,ats,simplify,https://simplify.jobs/p/70cf60ca-83cc-40be-bcf4-d0f138d9ab9e
https://jobs.ashbyhq.com/snowflake/4acd9663-eeba-41d1-8bd9-6ee6a94e1bf4/application?embed=true&utm_source=Simplify,Staff Frontend Software Engineer - AI Product: Observe by Snowflake,Snowflake,"Menlo Park, CA, USA",236000.0,339200.0,USD,,,2026-09-03T07:51:07+00:00,2026-08-26T22:31:46+00:00,false,,onsite,full_time,senior,,2026-09-17T00:13:17.196045+00:00,ats,simplify,https://simplify.jobs/p/2daeb455-d65c-4e28-a4ed-5cdfc184f9d1
https://usbank.wd1.myworkdayjobs.com/US_Bank_Careers/job/Irving-TX/Sr-Software-Engineer--Mainframe---Cobol-_2026-0027166?utm_source=Simplify,Senior Software Engineer - Mainframe - COBOL,U.S. Bank,"Brookfield, WI, USA; Earth City, MO, USA; Hopkins, MN, USA; Chicago, IL, USA; Charlotte, NC, USA; Cupertino, CA, USA; Denver, CO, USA; Gresham, OR, USA; Irving, TX, USA; Atlanta, GA, USA",119765.0,140900.0,USD,,,2026-09-08T22:47:35+00:00,2026-09-08T00:00:00+00:00,false,,hybrid,full_time,senior,,2026-09-17T01:05:58.900155+00:00,ats,simplify,https://simplify.jobs/p/59534729-6658-4f4b-a6c7-50f0f5730ab9
https://apply.workable.com/coldquanta/j/1B97312CA0/apply?utm_source=Simplify,Quantum Software Engineer - Compiler,Infleqtion,"Chicago, IL, USA",145000.0,170000.0,USD,,,2026-09-03T09:15:09+00:00,2026-08-25T00:14:01+00:00,false,,hybrid,full_time,junior | mid | senior,,2026-09-17T01:05:57.812145+00:00,ats,simplify,https://simplify.jobs/p/eac46790-0057-4518-8e60-be17fee9950f
https://jobs.ashbyhq.com/eye-security/2531b008-417b-45ef-a8e2-f0d5290c9b0a/application?embed=true&utm_source=Simplify,Senior Software Engineer - Agents,Eye Security,"Berlin, Germany",,,,,,2026-09-04T04:42:01+00:00,2026-08-28T14:20:48+00:00,false,,hybrid,full_time,senior,,2026-09-17T01:05:54.586852+00:00,ats,simplify,https://simplify.jobs/p/54578a88-2f13-4681-a4a4-0a15331dbe55
https://jobs.jobvite.com/visionist/job/oWyBAfwp?nl=1&nl=1&fr=false&utm_source=Simplify,Full Stack Software Engineer - Backend Focus,Visionist,"Fort Meade, MD, USA",150000.0,190000.0,USD,,,2026-09-04T01:18:24+00:00,2026-08-07T14:23:42+00:00,false,,onsite,full_time,senior,,2026-09-17T00:13:19.546556+00:00,ats,simplify,https://simplify.jobs/p/a43c1b5a-23c4-4599-9742-d9272087fc28
https://job-boards.greenhouse.io/chainguard/jobs/4712233006?gh_src=Simplify,Senior Software Engineer,Chainguard,Remote; Remote in USA; Remote in Canada,157000.0,184000.0,USD,,,2026-09-11T22:39:01+00:00,2026-09-11T22:38:52+00:00,false,,remote,full_time,senior,,2026-09-17T00:13:20.001734+00:00,ats,simplify,https://simplify.jobs/p/afe88731-94e6-4491-845a-48b7f5911443
https://jobs.ashbyhq.com/vanta/62945aae-55b0-4598-977a-b2dd00ec9081/application?embed=true&utm_source=Simplify,Senior Software Engineer - Product Platform,Vanta,"Remote; Toronto, ON, Canada",,,,,,2026-09-04T01:48:21+00:00,2026-08-11T22:19:52+00:00,false,,remote,full_time,senior,,2026-09-17T00:13:20.667362+00:00,ats,simplify,https://simplify.jobs/p/8694b4a3-9474-45fb-ba18-174187ac6561
https://jobs.lever.co/synergyecp/c17b2161-db09-4d0e-ab0f-a730e2b6226b/apply?lever-source=Simplify,Senior Java Software Engineer,Synergy ECP,"Columbia, MD, USA",160000.0,250000.0,USD,,,2026-09-04T05:18:01+00:00,2026-05-27T22:03:44+00:00,false,,onsite,full_time,senior,,2026-09-17T00:13:20.582777+00:00,ats,simplify,https://simplify.jobs/p/1eba34ac-03bb-44c9-84b8-3ef9dac2ae70
https://jobs.lever.co/clearedge/3fa3c2e5-c5e7-45f5-95a4-121bfcd192d8/apply?lever-source=Simplify,Senior Software Engineer,ClearEdge,"Annapolis Junction, MD, USA; Reston, VA, USA",,,,,,2026-09-03T20:09:21+00:00,2026-07-27T01:08:04+00:00,false,,onsite,full_time,,,2026-09-17T00:13:21.001099+00:00,ats,simplify,https://simplify.jobs/p/79e13f8f-a04f-4eaa-800c-a5d529007add
https://job-boards.greenhouse.io/otter/jobs/8676098002?gh_src=Simplify,Senior Backend Software Engineer,Otter,"Los Angeles, CA, USA",167000.0,230000.0,USD,,,2026-09-16T22:40:46+00:00,2026-08-13T22:49:27+00:00,false,,onsite,full_time,mid,,2026-09-17T00:13:22.733458+00:00,ats,simplify,https://simplify.jobs/p/16e28516-bcfc-427f-bdba-9467712bfedb
https://job-boards.greenhouse.io/andurilindustries/jobs/5240147007?gh_src=Simplify,Senior Software Engineer - C++,Anduril,"Broomfield, CO, USA",190000.0,252000.0,USD,,,2026-09-16T22:06:02+00:00,2026-09-16T22:05:29+00:00,false,,onsite,full_time,senior,,2026-09-17T00:13:23.040743+00:00,ats,simplify,https://simplify.jobs/p/0dfd4d5c-5773-424c-9caa-4776579ff631
https://jobs.lever.co/procreate/9b50af98-cfe5-493b-b3b9-e09d477c4a69/apply?lever-source=Simplify,Senior Software Engineer - Swift,Procreate,"Hobart, Australia",,,,,,2026-09-03T21:21:21+00:00,2026-08-01T01:09:49+00:00,false,,onsite,full_time,senior,,2026-09-17T00:13:23.316073+00:00,ats,simplify,https://simplify.jobs/p/caba01fc-21bf-404a-99d3-cbae988b8170
https://lennar.wd1.myworkdayjobs.com/Lennar_Jobs/job/Irving-TX-Job-Posting-Location/Sr-Software-Engineer_R26_0000003605?utm_source=Simplify,Senior Software Engineer,Lennar,"Miami, FL, USA; Irving, TX, USA",,,,,,2026-09-04T02:15:20+00:00,2026-08-12T00:00:00+00:00,false,,onsite,full_time,senior,,2026-09-17T01:06:11.053576+00:00,ats,simplify,https://simplify.jobs/p/5c5024e1-e78d-42f4-83fe-f229fcc9ac7d
https://job-boards.greenhouse.io/yipitdata/jobs/8088335?gh_src=Simplify,Staff Software Engineer - AI,YipitData,Remote; Remote in USA,180000.0,200000.0,USD,,,2026-09-03T20:09:21+00:00,2026-07-27T14:40:17+00:00,false,,remote,full_time,senior,,2026-09-17T00:13:30.323348+00:00,ats,simplify,https://simplify.jobs/p/6e998b6d-6603-47b1-af04-fd41c84bebeb
https://job-boards.greenhouse.io/intercom/jobs/5082494?gh_src=Simplify,Senior Software Engineer,Fin,"Dublin, Ireland",,,,,,2026-09-10T22:09:01+00:00,2025-11-08T12:46:42+00:00,false,,hybrid,full_time,senior,,2026-09-17T00:13:27.575482+00:00,ats,simplify,https://simplify.jobs/p/723dfc6c-6cff-4e8b-98c4-54c36dfeaa46
https://jobs.ashbyhq.com/replit/f98605a1-36d2-4b2f-b9be-f66064a02645/application?embed=true&utm_source=Simplify,Staff Software Engineer - Replit Cloud,Replit,"Foster City, CA, USA",265000.0,390000.0,USD,,,2026-09-04T07:12:12+00:00,2026-01-28T02:15:59+00:00,false,,hybrid,full_time,senior,,2026-09-17T00:13:25.581306+00:00,ats,simplify,https://simplify.jobs/p/9ef9cb33-bdef-4237-9d62-25bf50471de8
https://careers-fedwriters.icims.com/jobs/2458/job?mobile=true&needsRedirect=false&utm_source=Simplify,Senior C Software Engineer,FedWriters,"Remote; Norman, OK, USA",81000.0,85000.0,USD,,,2026-09-14T08:42:01+00:00,2026-09-03T16:20:54+00:00,false,,remote,full_time,mid,,2026-09-17T00:13:26.107923+00:00,ats,simplify,https://simplify.jobs/p/21689977-372b-49e9-a8b8-fdd203ceea44
https://job-boards.greenhouse.io/redcellpartners/jobs/5196084007?gh_src=Simplify,Staff Software Engineer - Product + Platform Development,Red Cell Partners,"Seattle, WA, USA; Remote in USA; McLean, VA, USA",180000.0,240000.0,USD,,,2026-09-16T22:39:55+00:00,2026-07-24T22:18:06+00:00,false,,hybrid,full_time,senior,,2026-09-17T00:13:28.468410+00:00,ats,simplify,https://simplify.jobs/p/2b2c4e35-8f4e-4427-8d2d-3d1ff290f3fd
https://nvidia.wd5.myworkdayjobs.com/NVIDIAExternalCareerSite/job/Poland-Remote/Senior-Software-Engineer---Image-and-Data-Processing-Libraries_JR2022702?utm_source=Simplify,Senior Software Engineer - Image and Data Processing Libraries,NVIDIA,"Munich, Germany",,,,,,2026-09-16T09:22:14+00:00,2026-09-09T22:09:18+00:00,false,,hybrid,full_time,senior,,2026-09-17T01:06:36.624107+00:00,ats,simplify,https://simplify.jobs/p/20d4da6b-6f57-4f71-a4b8-ce3cf73a1716
https://jobs.ashbyhq.com/pinecone/4ef4269b-94c4-4c7c-93ee-15a882caa767/application?embed=true&utm_source=Simplify,Senior/Staff Software Engineer - Database Team,Pinecone,"New York, NY, USA",190000.0,270000.0,USD,,,2026-09-04T07:12:12+00:00,2026-06-16T19:42:30+00:00,false,,hybrid,full_time,senior,,2026-09-17T00:13:26.751991+00:00,ats,simplify,https://simplify.jobs/p/17ebf03f-0cfa-49d3-820e-c1cd12aabe5e
https://www.sumup.com/careers/positions/berlin-germany/engineering/senior-embedded-software-engineer-hardware/8658154002/?gh_jid=8658154002&gh_src=Simplify,Senior Embedded Software Engineer - Hardware,SumUp,"Remote; Berlin, Germany",,,,,,2026-09-04T22:47:00+00:00,2026-09-04T22:43:22+00:00,false,,remote,full_time,senior,,2026-09-17T01:06:34.545531+00:00,employer,simplify,https://simplify.jobs/p/6aee0cb6-71a9-4169-9e8a-74f6bbdeca71
https://jobs.ashbyhq.com/peopleloop/c63bfe16-30bf-4c0a-b40a-be679bbec635/application?embed=true&utm_source=Simplify,Staff Software Engineer,PeopleLoop,"San Francisco, CA, USA; San Mateo, CA, USA",220000.0,260000.0,USD,,,2026-09-03T20:48:22+00:00,2026-07-15T14:11:28+00:00,false,,hybrid,full_time,senior,,2026-09-17T00:13:27.701179+00:00,ats,simplify,https://simplify.jobs/p/72caa253-1fbd-49bc-aadb-cdc1c08b1bd6
https://jobs.ashbyhq.com/shepherd/8dd71958-16b5-47c5-98d6-ae9c19aac9e2/application?embed=true&utm_source=Simplify,Staff Software Engineer - SF,Shepherd,"San Francisco, CA, USA",225000.0,255000.0,USD,,,2026-09-03T21:57:21+00:00,2026-08-04T01:13:41+00:00,false,,onsite,full_time,senior,,2026-09-17T00:13:28.790042+00:00,ats,simplify,https://simplify.jobs/p/651bfbe9-4ac8-4f3d-a2de-0179f5dc0016
https://jobs.ashbyhq.com/qualitate/9d190246-f4f2-4df2-8ef0-6f881d7e6f13/application?embed=true&utm_source=Simplify,Senior Software Engineer,Qualitate,"New York, NY, USA",180000.0,220000.0,USD,,,2026-09-03T20:21:27+00:00,2026-07-21T01:14:36+00:00,false,,hybrid,full_time,senior,,2026-09-17T01:06:56.668897+00:00,ats,simplify,https://simplify.jobs/p/50e85c89-886b-4074-951e-232e84ca6445
https://jobs.ashbyhq.com/Cyberhaven/3ba66ccf-52cc-4f12-be85-22b2b1feb089/application?embed=true&utm_source=Simplify,Staff/Principal Software Engineer - AI Security,Cyberhaven,"Remote; Remote in India; Remote in Germany; Remote in UK; Remote in Ireland; Bengaluru, Karnataka, India; Remote in Spain; Remote in Italy; Remote in France",,,,,,2026-09-03T20:15:22+00:00,2026-07-23T22:24:10+00:00,false,,remote,full_time,senior,,2026-09-17T00:13:30.042113+00:00,ats,simplify,https://simplify.jobs/p/57fcafba-ecc3-43cd-896b-29298bdc6302
https://brightvisiontechnologies.applytojob.com/apply/VKYWEnLpUn/Advanced-Software-Engineer?utm_source=Simplify,Advanced Software Engineer,Bright Vision Technologies,Remote; Remote in USA,100000.0,150000.0,USD,,,2026-09-04T01:48:21+00:00,2026-08-11T22:17:53+00:00,false,,remote,full_time,senior,,2026-09-17T00:13:31.570270+00:00,ats,simplify,https://simplify.jobs/p/005e09c3-dde7-4c2c-b76d-7ba24d541695
https://symbotic.wd504.myworkdayjobs.com/Symbotic/job/USA-Wilmington--MA---HQ/Staff-Software-Engineer---Fleet-Operations_R7517?utm_source=Simplify,Staff Software Engineer - Fleet Operations,Symbotic,"Burlington, MA, USA",149000.0,204600.0,USD,,,2026-09-03T19:18:21+00:00,2026-07-06T22:14:55+00:00,false,,onsite,full_time,senior,,2026-09-17T01:07:18.949894+00:00,ats,simplify,https://simplify.jobs/p/05615e32-1f99-4aa7-b5fa-270bde5622df
https://jobs.lever.co/aerostrat/2e063426-3782-481f-bee0-3f04c8d7b8a9/apply?lever-source=Simplify,Senior Software Engineer - Backend,Aerostrat,"Remote; Seattle, WA, USA",140000.0,200000.0,USD,,,2026-09-03T19:00:22+00:00,2026-06-22T22:09:54+00:00,false,,remote,full_time,senior,,2026-09-17T00:13:32.674822+00:00,ats,simplify,https://simplify.jobs/p/df95230a-09d2-47cb-a20f-2e328b2a3b4f
https://gevernova.wd5.myworkdayjobs.com/only_confidential_executive_recruiting/job/Edinburgh/Staff-Software-Engineer_R5052347-1?utm_source=Simplify,Staff Software Engineer,GE Vernova,"Edinburgh, UK",,,,,,2026-09-11T14:24:01+00:00,2026-09-11T00:00:00+00:00,false,,hybrid,full_time,senior,,2026-09-17T01:07:24.183160+00:00,ats,simplify,https://simplify.jobs/p/6f729f35-82f5-41dd-8c9c-38ecde802f14
https://job-boards.greenhouse.io/hudl/jobs/7939962?gh_src=Simplify,Senior Software Engineer - Core Video & Data,Hudl,"London, UK",66000.0,111000.0,GBP,,,2026-09-09T22:45:10+00:00,2026-05-19T09:14:59+00:00,false,,hybrid,full_time,senior,,2026-09-17T00:13:34.066203+00:00,ats,simplify,https://simplify.jobs/p/46d0b31a-e5c3-4e44-9d0d-e62167cffc32
https://caci.wd1.myworkdayjobs.com/external/job/Sterling-VA-US/Full-Stack-Software-Engineer_327455?utm_source=Simplify,Full Stack Software Engineer,CACI,"Denver, CO, USA; Dulles, VA, USA",98500.0,206800.0,USD,,,2026-09-04T08:15:01+00:00,2026-07-04T11:21:45+00:00,false,,hybrid,full_time,mid | senior,,2026-09-17T01:07:29.270592+00:00,ats,simplify,https://simplify.jobs/p/f4e54bdf-5e4b-4ea1-9ef0-915395476276
https://jobs.ashbyhq.com/radiant/e7ccbbf0-e67d-4d8f-a3ad-8aa94c6c3bcf/application?embed=true&utm_source=Simplify,Backend Software Engineer - Core Services,Radiant,"London, UK",50000.0,95000.0,GBP,,,2026-09-03T19:18:21+00:00,2026-07-07T09:11:42+00:00,false,,hybrid,full_time,mid | senior,,2026-09-17T01:07:31.307898+00:00,ats,simplify,https://simplify.jobs/p/4dd24cb8-9490-47f8-9fce-9217a0dc8830
https://jobs.ashbyhq.com/siro/d2069108-527f-4b4c-920d-e65b7ba1373d/application?embed=true&utm_source=Simplify,Staff Software Engineer - Full Stack,Siro,"New York, NY, USA",284000.0,325000.0,USD,,,2026-09-04T06:57:01+00:00,2025-10-31T00:37:52+00:00,false,,hybrid,full_time,,,2026-09-17T00:13:36.433453+00:00,ats,simplify,https://simplify.jobs/p/eb865c5a-e421-45aa-a442-ab9896b37626
https://job-boards.greenhouse.io/prove/jobs/6118819004?gh_src=Simplify,Senior Software Engineer - Identity Platform,Prove,Remote; Remote in USA,170000.0,210000.0,USD,,,2026-09-16T22:45:02+00:00,2026-07-17T22:39:37+00:00,false,,remote,full_time,senior,,2026-09-17T00:13:38.375572+00:00,ats,simplify,https://simplify.jobs/p/1216a059-be23-4614-a214-65b15461b824
https://job-boards.greenhouse.io/justworks/jobs/7797377?gh_src=Simplify,Senior Software Engineer - Applied AI - Netherlands,Justworks,Remote; Remote in USA,143000.0,184000.0,EUR,,,2026-09-04T05:18:01+00:00,2026-08-05T14:28:04+00:00,false,,remote,full_time,senior,,2026-09-17T00:13:39.680611+00:00,ats,simplify,https://simplify.jobs/p/76ea3576-6ff9-46bf-a6a2-70dc81abf20c
https://job-boards.greenhouse.io/andurilindustries/jobs/5199072007?gh_src=Simplify,Senior Software Engineer - Quality Integration,Anduril,"Boston, MA, USA",191000.0,253000.0,USD,,,2026-09-15T22:24:01+00:00,2026-07-29T22:43:31+00:00,false,,onsite,full_time,senior,,2026-09-17T00:13:39.385934+00:00,ats,simplify,https://simplify.jobs/p/f7bffe82-0bca-4c18-b2a8-14da35ac70ea
https://mavenir.wd1.myworkdayjobs.com/Mavenir_Careers/job/Bangalore-India/Software-Engineer---Layer-1--5G-_R0016340?utm_source=Simplify,Software Engineer - Layer 1 - 5G,Mavenir Systems,"Bengaluru, Karnataka, India",,,,,,2026-09-03T08:21:09+00:00,2026-08-26T00:00:00+00:00,false,,onsite,full_time,mid | senior,,2026-09-17T01:07:52.302994+00:00,ats,simplify,https://simplify.jobs/p/e52e71e7-1910-48c5-9bb7-f5b706a4e6cb
http://mobomo.applytojob.com/apply/WtBbCIxyyO/Sr-Software-Engineer-DMV?utm_source=Simplify,Senior Software Engineer,Mobomo,"Remote; Washington, DC, USA",,,,,,2026-09-03T21:39:22+00:00,2026-08-03T06:16:35+00:00,false,,remote,full_time,senior,,2026-09-17T00:13:41.426226+00:00,ats,simplify,https://simplify.jobs/p/c5cfa88e-3fee-41be-a6dd-a3f2d1db67de
https://usbank.wd1.myworkdayjobs.com/US_Bank_Careers/job/Cincinnati-OH/Sr-Software-Engineer---Mobile-Payments-Applications_2026-0025532?utm_source=Simplify,Senior Software Engineer - Mobile Payments Applications,U.S. Bank,"Chicago, IL, USA; Cincinnati, OH, USA",111605.0,131300.0,USD,,,2026-09-15T01:18:51+00:00,2026-09-15T01:15:16+00:00,false,,hybrid,full_time,senior,,2026-09-17T01:07:52.065221+00:00,ats,simplify,https://simplify.jobs/p/09987880-fbcd-43c9-87ff-b8b2825a5b66
https://nvidia.wd5.myworkdayjobs.com/NVIDIAExternalCareerSite/job/India-Bengaluru/Senior-System-Software-Engineer---Automotive_JR2014484?utm_source=Simplify,Senior System Software Engineer - Automotive,NVIDIA,"Remote; Bengaluru, Karnataka, India",,,,,,2026-09-03T18:09:19+00:00,2026-07-07T09:38:31+00:00,false,,remote,full_time,senior,,2026-09-17T01:07:53.841757+00:00,ats,simplify,https://simplify.jobs/p/65747e86-0217-44c2-9fa7-16c4d1b35a82
https://www.coalitioninc.com/job-posting/4714098005?gh_jid=4714098005&gh_src=Simplify,Senior Software Engineer - Underwriting,Coalition,Remote; Remote in USA,130000.0,195000.0,USD,,,2026-09-03T19:33:19+00:00,2026-07-11T01:39:50+00:00,false,,remote,full_time,senior,,2026-09-17T01:07:59.124065+00:00,employer,simplify,https://simplify.jobs/p/5925fe58-cd19-4c71-9ed5-881b57e1e8f4
https://jobs.lever.co/valgenesis/43018031-a1f2-4c60-9742-d49d83591759/apply?lever-source=Simplify,Software Engineer - Database,ValGenesis,"Hyderabad, Telangana, India; Chennai, Tamil Nadu, India; Bengaluru, Karnataka, India",,,,,,2026-03-06T07:03:11+00:00,2026-03-06T07:03:11+00:00,false,,onsite,full_time,junior | mid | senior,,2026-09-17T00:13:42.971255+00:00,ats,simplify,https://simplify.jobs/p/f3678d40-3c59-46cc-a162-f7c51953051c
https://eeho.fa.us2.oraclecloud.com/hcmUI/CandidateExperience/en/sites/CX_45001/job/340421?utm_source=Simplify,Senior Systems Software Engineer,Oracle,"Seattle, WA, USA",102300.0,209500.0,USD,,,2026-09-03T19:51:22+00:00,2026-07-21T09:10:18+00:00,false,,onsite,full_time,senior,,2026-09-17T01:08:04.090993+00:00,ats,simplify,https://simplify.jobs/p/c7b8c6e4-8357-470c-a29c-52f06a4f1de2
https://jobs.ashbyhq.com/arb-interactive/8db4b678-1df4-46e1-8592-10ef67fe4df4/application?embed=true&utm_source=Simplify,Fullstack Software Engineer,ARB Interactive,"Remote; Miami, FL, USA; Remote in USA",,,,,,2026-09-04T07:12:12+00:00,2026-08-18T23:01:34+00:00,false,,remote,full_time,junior | mid | senior,,2026-09-17T00:13:43.341258+00:00,ats,simplify,https://simplify.jobs/p/ac0a428b-0275-4e27-9a16-88d66c509ff5
https://job-boards.greenhouse.io/rockstargames/jobs/7804421003?gh_src=Simplify,Senior Cheat Software Engineer,Rockstar Games,"Dundee, UK",,,,,,2026-09-03T19:33:19+00:00,2026-07-14T14:26:45+00:00,false,,onsite,full_time,senior,,2026-09-17T00:13:43.571180+00:00,ats,simplify,https://simplify.jobs/p/09a3be52-d1c9-4926-83b4-dc0882ef615b
https://job-boards.greenhouse.io/robinhood/jobs/7489950?gh_src=Simplify,Staff Software Engineer,Robinhood,"Menlo Park, CA, USA; New York, NY, USA",180000.0,270000.0,USD,,,2026-09-04T07:12:12+00:00,2026-02-06T23:12:14+00:00,false,,hybrid,full_time,senior,,2026-09-17T00:13:44.320171+00:00,ats,simplify,https://simplify.jobs/p/dc7e40c3-e256-4fab-9fff-8b7d52888265
https://redarchsolutions.applytojob.com/apply/Z05btMXkkB/Cloud-Software-Engineer?utm_source=Simplify,Cloud Software Engineer,Red Arch Solutions,"Annapolis Junction, MD, USA",175000.0,187000.0,USD,,,2026-09-09T15:03:02+00:00,2026-09-09T15:02:12+00:00,false,,onsite,full_time,mid | senior,,2026-09-17T00:13:46.996011+00:00,ats,simplify,https://simplify.jobs/p/6e134dda-5d6e-4d0c-bf19-1cd265949d25
https://jobs.ashbyhq.com/applied/65b42c8e-62ac-4db8-8e17-722a4c0b10e0/application?embed=true&utm_source=Simplify,Software Engineer - Physical AI Security,Applied Intuition,"Sunnyvale, CA, USA",135000.0,250000.0,USD,,,2026-09-05T11:30:01+00:00,2026-06-27T09:06:35+00:00,false,,onsite,full_time,senior,,2026-09-17T01:08:16.577624+00:00,ats,simplify,https://simplify.jobs/p/a6d7d116-ac27-4ec1-bc48-5f7cbcd055d4
https://job-boards.greenhouse.io/flowcode/jobs/4692468005?gh_src=Simplify,Senior Fullstack Software Engineer,Flowcode,"New York, NY, USA",200000.0,220000.0,USD,,,2026-09-04T07:51:01+00:00,2026-05-07T22:12:46+00:00,false,,hybrid,full_time,senior,,2026-09-17T00:13:50.321919+00:00,ats,simplify,https://simplify.jobs/p/f9464478-18b1-4d14-b52a-511c62441ee4
https://gliacelltechnologies.applytojob.com/apply/nvs7AD1AMM/Senior-Python-Software-Engineer?utm_source=Simplify,Senior Python Software Engineer,GliaCell Technologies,"Linthicum Heights, MD, USA",170000.0,260000.0,USD,,,2026-09-03T21:39:22+00:00,2026-08-03T06:11:39+00:00,false,,onsite,full_time,senior,,2026-09-17T00:13:51.103420+00:00,ats,simplify,https://simplify.jobs/p/b792a31e-72a7-4073-8183-e835cd08a6bf
https://jobs.ashbyhq.com/replit/14b3aef3-f926-4db9-8c31-af8ba848fbd8/application?embed=true&utm_source=Simplify,Staff Software Engineer - Money,Replit,"Foster City, CA, USA",265000.0,340000.0,USD,,,2026-09-04T07:12:12+00:00,2025-12-18T07:14:23+00:00,false,,hybrid,full_time,senior,,2026-09-17T00:13:52.856772+00:00,ats,simplify,https://simplify.jobs/p/7178a5a3-fe08-48ce-b07b-2a5be28d4a6c
https://job-boards.greenhouse.io/alpaca/jobs/5628538004?gh_src=Simplify,Senior Software Engineer - Market Data,Alpaca,"Remote; Europe; La Ronge, SK, Canada",,,,,,2026-09-03T17:15:21+00:00,2026-05-08T22:07:24+00:00,false,,remote,full_time,mid | senior,,2026-09-17T00:13:53.191400+00:00,ats,simplify,https://simplify.jobs/p/d312de84-9123-44a1-b860-9f90c83bc0a4
https://job-boards.greenhouse.io/thenewyorktimes/jobs/4696585005?gh_src=Simplify,Senior Software Engineer - NYT Cooking,The New York Times,"New York, NY, USA",140000.0,160000.0,USD,,,2026-09-08T22:39:27+00:00,2026-05-21T22:14:21+00:00,false,,hybrid,full_time,senior,,2026-09-17T00:13:55.579658+00:00,ats,simplify,https://simplify.jobs/p/c5d53b09-d94a-4837-9c2e-5eebbdd5fb80
https://jobs.ashbyhq.com/flowengineering/2a1f8b15-f4b7-46f1-ae3e-d9c939f2a302/application?embed=true&utm_source=Simplify,Senior Software Engineer - Integrations,Flow Engineering,"San Francisco, CA, USA",190000.0,250000.0,USD,,,2026-09-03T20:03:20+00:00,2026-07-24T01:22:54+00:00,false,,onsite,full_time,senior,,2026-09-17T00:13:56.267180+00:00,ats,simplify,https://simplify.jobs/p/3df34adf-55dc-4a7b-a0c9-3acf6cf2e0e9
https://job-boards.greenhouse.io/dragos/jobs/5287904008?gh_src=Simplify,Senior Software Engineer - Backend,Dragos,Remote; Remote in USA,165000.0,165000.0,USD,,,2026-09-03T21:33:19+00:00,2026-07-11T22:29:45+00:00,false,,remote,full_time,senior,,2026-09-17T00:13:56.672473+00:00,ats,simplify,https://simplify.jobs/p/26e3586e-4d4e-4288-b6a8-d687a0b11e1e
https://job-boards.greenhouse.io/robinhood/jobs/8132616?gh_src=Simplify,Senior Software Engineer - Load and Fault Environments,Robinhood,"Menlo Park, CA, USA",153000.0,230000.0,USD,,,2026-09-03T14:06:30+00:00,2026-08-18T22:42:06+00:00,false,,hybrid,full_time,mid | senior,,2026-09-17T00:13:57.211731+00:00,ats,simplify,https://simplify.jobs/p/93ecfd03-a4ad-4660-8054-6abad1d78e1a
https://generalmotors.wd5.myworkdayjobs.com/en-CA/Careers_GM/job/Warren-Michigan-United-States-of-America/Staff-Software-Engineer---Automation-Library-Development_JR-202613308?utm_source=Simplify,Staff Software Engineer - Automation Library Development,General Motors,"Milford, MI, USA; Warren, MI, USA",,,,,,2026-09-16T22:45:02+00:00,2026-07-22T00:00:00+00:00,false,,hybrid,full_time,senior,,2026-09-17T01:09:19.691136+00:00,ats,simplify,https://simplify.jobs/p/98e4c1b2-c12e-4348-9125-2272494ff810
https://jobs.lever.co/zopa/d29493d5-149d-4353-a199-1733b9818026/apply?lever-source=Simplify,Senior C# Software Engineer,Zopa,"London, UK",,,,,,2026-09-03T18:15:29+00:00,2026-03-31T14:05:06+00:00,false,,hybrid,full_time,senior,,2026-09-17T00:13:58.245591+00:00,ats,simplify,https://simplify.jobs/p/79f08b82-e2b8-4acb-91b7-74f79d1e3881
https://job-boards.greenhouse.io/embed/job_app?for=coinbase&gh_src=Simplify&token=8155366,Senior Staff Software Engineer - Platform - IAM,Coinbase,Remote in USA,253895.0,298700.0,USD,,,2026-09-10T01:15:50+00:00,2026-09-10T01:13:58+00:00,false,,hybrid,full_time,,,2026-09-17T00:14:00.070204+00:00,ats,simplify,https://simplify.jobs/p/21b2e291-0aba-4a14-890e-96a2b759f12a
https://job-boards.greenhouse.io/scopely/jobs/4596752008?gh_jid=4596752008&gh_src=Simplify,Senior Software Engineer,Scopely,"Sant Cugat del Vallès, Barcelona, Spain",,,,,,2026-09-03T17:09:30+00:00,2025-04-17T06:24:44+00:00,false,,hybrid,full_time,senior,,2026-09-17T00:14:00.646819+00:00,ats,simplify,https://simplify.jobs/p/c41376c5-60cb-4417-9433-9d4d52c77f90
https://job-boards.greenhouse.io/embed/job_app?for=toast&gh_src=Simplify&token=8046934,Staff Software Engineer - Backend,Toast,Remote; Remote in USA,151000.0,309000.0,USD,,,2026-09-08T22:27:26+00:00,2026-07-07T22:27:55+00:00,false,,remote,full_time,senior,,2026-09-17T00:14:01.385079+00:00,ats,simplify,https://simplify.jobs/p/c887504a-6daa-4d05-aafa-f8179b0af241
https://job-boards.greenhouse.io/philzcoffeecareers/jobs/6615068003?gh_src=Simplify,Backend Software Engineer,Philz Coffee,"Remote; Los Angeles, CA, USA",145000.0,155000.0,USD,,,2026-09-04T06:57:01+00:00,2026-08-12T03:32:07+00:00,false,,remote,full_time,senior,,2026-09-17T00:14:01.855842+00:00,ats,simplify,https://simplify.jobs/p/17d67803-e702-4821-b1fa-bb3b9c6bb5d1
https://job-boards.greenhouse.io/embed/job_app?for=gemini&token=7846814&gh_jid=7846814&gh_src=Simplify,Senior Software Engineer - Predictions - Mobile,Gemini,"Miami, FL, USA; Remote in USA; New York, NY, USA",140000.0,200000.0,USD,,,2026-09-03T18:21:22+00:00,2026-04-27T22:05:42+00:00,false,,hybrid,full_time,senior,,2026-09-17T00:14:03.104979+00:00,ats,simplify,https://simplify.jobs/p/738ba6dd-934d-45d7-a40f-733a8ff252c4
https://jobs.ashbyhq.com/skylink/de5f3b9b-fa08-45ce-bd45-8e5ee0b9cd2d/application?embed=true&utm_source=Simplify,Senior Software Engineer - UI,SkyLink,"New York, NY, USA; Brooklyn, NY, USA",150000.0,200000.0,USD,,,2026-09-03T20:21:27+00:00,2026-07-30T01:19:58+00:00,false,,hybrid,full_time,senior,,2026-09-17T00:14:03.658314+00:00,ats,simplify,https://simplify.jobs/p/c471a307-ca20-4d7f-baf4-602761d0d06c
https://jobs.ashbyhq.com/a-place-for-mom/b5ca9847-905d-4d13-897f-5e7f201ad22f/application?embed=true&utm_source=Simplify,Staff Software Engineer - Full Stack,A Place for Mom,Remote; Remote in USA,160000.0,200000.0,USD,,,2026-09-04T00:39:22+00:00,2026-08-06T22:17:41+00:00,false,,remote,full_time,,,2026-09-17T01:09:36.715416+00:00,ats,simplify,https://simplify.jobs/p/92e21f1c-3cbd-476b-82fb-a4c8cdf7ab4c
https://jobs.ashbyhq.com/vultr/25790d75-6afb-48a1-a6a0-f58cfc2e5bf3/application?embed=true&utm_source=Simplify,Senior Software Engineer - Cloud Networking,Vultr,Remote; Remote in USA,128000.0,145000.0,USD,,,2026-09-09T22:45:10+00:00,2026-09-09T22:35:50+00:00,false,,remote,full_time,senior,,2026-09-17T01:10:03.232706+00:00,ats,simplify,https://simplify.jobs/p/0c24d2ea-8941-40f0-b1eb-c258290d8aaa
https://job-boards.greenhouse.io/moloco/jobs/7607964003?gh_src=Simplify,Staff Software Engineer - Ad Serving - Moloco Commerce Media,Moloco,"Remote; Menlo Park, CA, USA",220000.0,275000.0,USD,,,2026-09-04T07:12:12+00:00,2026-01-28T23:23:44+00:00,false,,remote,full_time,mid | senior,,2026-09-17T00:14:09.507249+00:00,ats,simplify,https://simplify.jobs/p/afc73925-27eb-44b0-be0a-4db4c8cc5f0b
https://jobs.ashbyhq.com/confluent/80a47c3e-a160-4277-a452-1eef9c689167/application?embed=true&utm_source=Simplify,Staff Software Engineer,Confluent,"Remote; New York, NY, USA; Mountain View, CA, USA",235700.0,277000.0,USD,,,2026-09-03T19:57:26+00:00,2026-07-22T22:14:48+00:00,false,,remote,full_time,,,2026-09-17T00:14:10.722565+00:00,ats,simplify,https://simplify.jobs/p/6d7a7d8d-d907-4059-a8c0-3e1459508c74
https://jobs.ashbyhq.com/titan-msp/91ea2775-e02f-4c3f-985c-650c652e8fe0/application?embed=true&utm_source=Simplify,Senior Software Engineer,Titan,"San Francisco, CA, USA; New York, NY, USA",175000.0,300000.0,USD,,,2026-09-03T18:03:18+00:00,2026-03-06T15:09:34+00:00,false,,onsite,full_time,mid | senior,,2026-09-17T01:10:17.014096+00:00,ats,simplify,https://simplify.jobs/p/5d824391-b416-47fb-9d38-3249b9bb2c00
https://job-boards.greenhouse.io/alarmcom/jobs/8453763002?gh_src=Simplify,Staff Software Engineer - Embedded,Alarm.com,"Ottawa, ON, Canada",185000.0,195000.0,CAD,,,2026-09-03T06:45:06+00:00,2026-08-27T22:25:34+00:00,false,,hybrid,full_time,senior,,2026-09-17T00:14:13.312791+00:00,ats,simplify,https://simplify.jobs/p/eaac9c7b-4046-4383-86f8-c3e0ef7a4696
https://careers-jobyaviation.icims.com/jobs/5162/job?mobile=true&needsRedirect=false&utm_source=Simplify,Software Engineer - Integrated Vehicle Simulator,Joby Aviation,"Santa Cruz, CA, USA",120500.0,160500.0,USD,,,2026-09-03T16:12:13+00:00,2026-08-14T04:18:34+00:00,false,,onsite,full_time,mid | senior,,2026-09-17T00:14:16.276280+00:00,ats,simplify,https://simplify.jobs/p/3c6a1c45-cb00-40ab-9c19-8835acecd6fe
https://jobs.ashbyhq.com/aryahealth.ai/3c20b764-7452-4692-839c-3437746a8dcb/application?embed=true&utm_source=Simplify,Senior Software Engineer - AI,Arya Health,"New York, NY, USA",180000.0,250000.0,USD,,,2026-09-04T04:42:01+00:00,2026-06-26T14:08:07+00:00,false,,onsite,full_time,mid | senior,,2026-09-17T01:10:27.584618+00:00,ats,simplify,https://simplify.jobs/p/1bbe9373-c57e-479e-8313-8433dc6c36c7
https://job-boards.greenhouse.io/chanzuckerberginitiative/jobs/8073112?gh_src=Simplify,Senior Software Engineer - Internal Tools,Chan Zuckerberg Initiative,"San Carlos, CA, USA",190000.0,238000.0,USD,,,2026-09-03T19:51:22+00:00,2026-07-21T22:03:47+00:00,false,,hybrid,full_time,senior,,2026-09-17T00:14:18.100694+00:00,ats,simplify,https://simplify.jobs/p/56a70b3e-835f-4989-aa79-f91c8d3e30a1
https://jobs.ashbyhq.com/arena/e53c0f7f-b715-42e0-96ca-4316a703c3dc/application?embed=true&utm_source=Simplify,Senior Software Engineer - Product,Arena Intelligence,"San Francisco Bay Area, CA, USA",150000.0,300000.0,USD,,,2026-09-03T19:00:22+00:00,2026-06-26T14:07:53+00:00,false,,hybrid,full_time,mid | senior,,2026-09-17T00:14:18.424630+00:00,ats,simplify,https://simplify.jobs/p/38621e97-20c8-4558-9cee-9df8d4d4ec7d
https://jobs.jobvite.com/ninjaone/job/o6fcAfwR?nl=1&nl=1&fr=false&utm_source=Simplify,Senior Software Engineer - Java,NinjaOne,Remote; Remote in USA,150000.0,220000.0,USD,,,2026-09-03T18:48:22+00:00,2026-06-12T22:08:42+00:00,false,,remote,full_time,,,2026-09-17T00:14:18.834568+00:00,ats,simplify,https://simplify.jobs/p/62737ed3-dafd-46aa-8aaa-d1163f77a99d
https://jobs.ashbyhq.com/owner/bae9c3e1-7f5f-4ea1-8ee3-0856a73165d3/application?embed=true&utm_source=Simplify,Staff Software Engineer - Full-Stack,Owner.com,Remote; Remote in USA; Remote in Canada,220000.0,240000.0,USD,,,2026-09-04T12:33:01+00:00,2026-05-19T01:09:29+00:00,false,,remote,full_time,senior,,2026-09-17T01:10:48.570675+00:00,ats,simplify,https://simplify.jobs/p/f2f1800a-7e41-4990-8810-2159391f744b
https://gehc.wd5.myworkdayjobs.com/GEHC_ExternalSite/job/IND19-01-Bengaluru-EPIP-122-Phase-II/Staff-Software-Engineer--Technical-Lead-_R4046224-1?utm_source=Simplify,Staff Software Engineer Technical Lead,GE Healthcare,"Bengaluru, Karnataka, India",,,,,,2026-09-11T14:35:10+00:00,2026-09-11T00:00:00+00:00,false,,onsite,full_time,,,2026-09-17T01:10:50.452999+00:00,ats,simplify,https://simplify.jobs/p/7e92c508-8aac-4523-b1d4-34ad397dafde
https://eeho.fa.us2.oraclecloud.com/hcmUI/CandidateExperience/en/sites/CX_45001/job/342444?utm_source=Simplify,Senior Platform Software Engineer,Oracle,"Bristol, UK",,,,,,2026-09-03T16:45:18+00:00,2026-08-14T03:44:01+00:00,false,,hybrid,full_time,senior,,2026-09-17T01:10:51.588988+00:00,ats,simplify,https://simplify.jobs/p/1693d7ad-9fdf-4eb4-86df-16cfb23e3fdd
https://jobs.ashbyhq.com/ripplestreet/6565c87a-9441-48a3-852a-d2b1f29b660c/application?embed=true&utm_source=Simplify,Senior Software Engineer - Full Stack,Ripple Street,"Bengaluru, Karnataka, India",,,,,,2026-09-04T13:12:01+00:00,2026-09-01T01:01:17+00:00,false,,onsite,full_time,senior,,2026-09-17T01:10:49.332897+00:00,ats,simplify,https://simplify.jobs/p/ba44922c-7b18-4ba8-8a18-cd1c371d62ae
https://www.riotgames.com/en/work-with-us/job/7959470?gh_jid=7959470&gh_src=Simplify,Staff Software Engineer - Automation & Build Systems - Unpublished R&D Product - Sydney-Based; Relocation & Visa Sponsorship Provided,Riot Games,"Sydney NSW, Australia",,,,,,2026-09-09T10:01:24+00:00,2026-05-28T06:21:30+00:00,false,,onsite,full_time,senior,,2026-09-17T01:10:57.145649+00:00,employer,simplify,https://simplify.jobs/p/48cfe0cf-ab8e-41e9-b763-d3f2936ebf16
https://jobs.lever.co/doxel/1cd32e4c-9c21-4c86-ab89-d0fb23676b7e/apply?lever-source=Simplify,Senior Backend Software Engineer,Doxel,"San Francisco, CA, USA",175000.0,220000.0,USD,,,2026-09-04T08:27:01+00:00,2026-06-28T01:07:11+00:00,false,,hybrid,full_time,senior,,2026-09-17T00:14:23.734198+00:00,ats,simplify,https://simplify.jobs/p/7d69d096-2e6d-4ef5-abf3-ef2947584c36
https://job-boards.greenhouse.io/anthropic/jobs/4899511008?gh_src=Simplify,Staff Software Engineer - Android,Anthropic,"Seattle, WA, USA; San Francisco, CA, USA; New York, NY, USA",320000.0,405000.0,USD,,,2026-09-04T06:57:01+00:00,2025-08-29T01:17:44+00:00,false,,hybrid,full_time,senior,,2026-09-17T00:14:25.921888+00:00,ats,simplify,https://simplify.jobs/p/c91f4083-8cab-4e92-b1fb-48ab466c7ba0
https://jobs.ashbyhq.com/kin/2b57a949-a4bb-440f-a170-eda3ccf49b6c/application?embed=true&utm_source=Simplify,Senior Software Engineer - Back-End Focus,Kin Insurance,Remote; Remote in USA,122000.0,153000.0,USD,,,2026-09-10T10:30:05+00:00,2026-01-28T23:17:58+00:00,false,,remote,full_time,mid | senior,,2026-09-17T00:14:26.583018+00:00,ats,simplify,https://simplify.jobs/p/b607c697-417c-4a1c-8aa0-e6ce3a13fd75
https://careers.cisco.com/global/en/job/2022011/Software-Engineer-Backend-4-to-8-Yrs?utm_source=Simplify,Software Engineer - Backend,Cisco,"Bengaluru, Karnataka, India",,,,,,2026-09-16T10:54:42+00:00,2026-09-04T15:56:21+00:00,false,,onsite,full_time,mid | senior,,2026-09-17T01:11:33.974574+00:00,employer,simplify,https://simplify.jobs/p/e8e56ea2-18ad-4333-b321-d63c87e82a88
https://job-boards.eu.greenhouse.io/proton/jobs/4766179101?gh_src=Simplify,Senior Software Engineer - Inbox Desktop,Proton,"London, UK",,,,,,2026-09-03T19:06:23+00:00,2026-07-01T22:25:28+00:00,false,,hybrid,full_time,senior,,2026-09-17T00:14:28.256448+00:00,ats,simplify,https://simplify.jobs/p/c246c5f6-89b3-4107-85dd-2da5d0b55d52
https://jobs.lever.co/angellist/715b6b72-3ea8-40c5-afc0-3870a301b224/apply?lever-source=Simplify,Senior Software Engineer - Banking,AngelList,"San Francisco, CA, USA",200000.0,200000.0,USD,,,2026-09-04T07:24:02+00:00,2026-03-03T23:21:51+00:00,false,,hybrid,full_time,senior,,2026-09-17T00:14:27.854735+00:00,ats,simplify,https://simplify.jobs/p/1daa8a96-0ede-4039-8d26-969891630ea3
https://jobs.ashbyhq.com/axle-health/0bcdc195-ac3f-40d6-b85c-c4856cefa6d9/application?embed=true&utm_source=Simplify,Senior Software Engineer - Interoperability,Axle Health,"Santa Monica, CA, USA",170000.0,200000.0,USD,,,2026-09-03T19:57:26+00:00,2026-07-21T01:15:19+00:00,false,,onsite,full_time,mid | senior,,2026-09-17T00:14:28.298225+00:00,ats,simplify,https://simplify.jobs/p/7ab3e606-830d-4db7-9d55-39ca1c64be10
https://jobs.ashbyhq.com/sentry/68757804-a892-40ed-8ea7-f2d13500f29c/application?embed=true&utm_source=Simplify,Staff Software Engineer - Issue Workflow,Sentry,"Toronto, ON, Canada",253000.0,316000.0,CAD,,,2026-09-03T17:54:20+00:00,2026-02-18T23:12:40+00:00,false,,hybrid,full_time,,,2026-09-17T00:14:28.373659+00:00,ats,simplify,https://simplify.jobs/p/c8ac8449-9b42-4b4a-86c5-edbab235764a
https://nvidia.wd5.myworkdayjobs.com/NVIDIAExternalCareerSite/job/US-CA-Santa-Clara/Senior-Systems-Software-Engineer--Containers-and-Kubernetes_JR2024616-1?utm_source=Simplify,Senior Systems Software Engineer - Containers and Kubernetes,NVIDIA,"Seattle, WA, USA; Austin, TX, USA; Remote in USA; Santa Clara, CA, USA",184000.0,356500.0,USD,,,2026-09-04T13:18:01+00:00,2026-09-02T00:00:00+00:00,false,,hybrid,full_time,senior,,2026-09-17T01:12:03.974818+00:00,ats,simplify,https://simplify.jobs/p/20932d5d-4330-4665-911f-afda5a284d81
https://job-boards.greenhouse.io/givecampus/jobs/4374577009?gh_src=Simplify,Senior Software Engineer - Online Giving,GiveCampus,Remote in USA,,,,,,2026-09-03T14:06:30+00:00,2026-08-18T22:55:26+00:00,false,,hybrid,full_time,senior,,2026-09-17T00:14:32.283754+00:00,ats,simplify,https://simplify.jobs/p/215ccc55-5ac1-4c41-ab42-3b76a5a25295
https://visa.wd5.myworkdayjobs.com/Visa/job/IN---Bengaluru-India/Software-Engineer---Sr-Consultant-level-4_REF072167W?utm_source=Simplify,Senior Consultant Software Engineer - Java Backend - Gen AI/LLM,Visa,"Bengaluru, Karnataka, India",,,,,,2026-09-16T11:27:11+00:00,2026-09-08T06:12:40+00:00,false,,hybrid,full_time,,,2026-09-17T01:12:18.793492+00:00,ats,simplify,https://simplify.jobs/p/8b0f92c6-055a-48dd-bf11-deeb52de58f7
https://jobs.ashbyhq.com/snowflake/9df37703-8086-48e7-93cc-3df4978c382d/application?embed=true&utm_source=Simplify,Senior Software Engineer - ManagedDB,Snowflake,"Menlo Park, CA, USA",200000.0,287500.0,USD,,,2026-09-04T08:27:01+00:00,2026-09-01T09:29:59+00:00,false,,hybrid,full_time,mid | senior,,2026-09-17T00:14:34.425774+00:00,ats,simplify,https://simplify.jobs/p/cec181ed-b9c5-4065-abd3-d4ee41170fcf
https://job-boards.greenhouse.io/embed/job_app?for=gemini&token=8144366&gh_jid=8144366&gh_src=Simplify,Senior Software Engineer - Invest / Trade,Gemini,"Miami, FL, USA; Remote in USA; New York, NY, USA",140000.0,200000.0,USD,,,2026-09-03T07:51:07+00:00,2026-08-26T22:26:28+00:00,false,,hybrid,full_time,senior,,2026-09-17T00:14:36.043506+00:00,ats,simplify,https://simplify.jobs/p/621a4392-c2f0-44e7-87c7-3fe1f757cf1c
https://job-boards.greenhouse.io/embed/job_app?for=toast&gh_src=Simplify&token=7861725,Senior Software Engineer - Scheduling,Toast,"Remote; Toronto, ON, Canada",125000.0,175000.0,CAD,,,2026-09-08T22:27:26+00:00,2026-07-29T01:30:12+00:00,false,,remote,full_time,senior,,2026-09-17T00:14:37.186772+00:00,ats,simplify,https://simplify.jobs/p/33a5ecf3-fe95-47d8-baa1-e95245d4ed81
https://job-boards.greenhouse.io/anthropic/jobs/5290360008?gh_src=Simplify,Staff Software Engineer - Developer Acceleration,Anthropic,"Seattle, WA, USA; San Francisco, CA, USA",405000.0,485000.0,USD,,,2026-09-03T21:51:21+00:00,2026-07-02T22:05:55+00:00,false,,hybrid,full_time,senior,,2026-09-17T00:14:38.883554+00:00,ats,simplify,https://simplify.jobs/p/da941b46-8676-4d06-8979-f2ef28a7663d
