url,title,company,location,salary_minimum,salary_maximum,salary_currency,salary_period,salary_text,last_updated,posted_at,internship,sponsors_visa,workplace,employment_type,experience_levels,note,url_validated_at,application_url_type,source_sites,source_urls,valid_through,source,sources_json,application_urls_json,employer_urls_json,array_fields_json,fields_json,field_types_json,enrichment_json
https://www.linkedin.com/jobs/view/senior-software-engineer-frontend-at-circle-4459277902?position=2&pageNum=0&refId=Xs%2BZoRhRWGDaPSD0aViihQ%3D%3D&trackingId=IpjYBDJx1qwsIyEBty%2BljQ%3D%3D,"Senior Software Engineer, Frontend",Circle,Remote; Salt Lake City Metropolitan Area,152500.0,205000.0,,,"$152,500 - $205,000",,2026-09-01T08:06:21.000Z,false,,remote,full_time,,,,,linkedin,https://www.linkedin.com/jobs/view/senior-software-engineer-frontend-at-circle-4459277902?position=2&pageNum=0&refId=Xs%2BZoRhRWGDaPSD0aViihQ%3D%3D&trackingId=IpjYBDJx1qwsIyEBty%2BljQ%3D%3D,2026-10-01T08:06:21.000Z,linkedin,"[{""site"": ""linkedin"", ""url"": ""https://www.linkedin.com/jobs/view/senior-software-engineer-frontend-at-circle-4459277902?position=2&pageNum=0&refId=Xs%2BZoRhRWGDaPSD0aViihQ%3D%3D&trackingId=IpjYBDJx1qwsIyEBty%2BljQ%3D%3D""}]",[],[],"{""location"": [""Remote; Salt Lake City Metropolitan Area""]}",{},"{""location"": ""array_field""}",{}
https://www.linkedin.com/jobs/view/sr-frontend-software-engineer-growth-at-clickhouse-4467101729?position=3&pageNum=0&refId=Xs%2BZoRhRWGDaPSD0aViihQ%3D%3D&trackingId=bcQtf3MIjns9BSeZUeCQ0g%3D%3D,Sr. Frontend Software Engineer - Growth,ClickHouse,"Remote; San Francisco, California, United States",185000.0,230000.0,USD,year,,,2026-09-16T19:54:47.000Z,false,,remote,full_time,,,,,linkedin,https://www.linkedin.com/jobs/view/sr-frontend-software-engineer-growth-at-clickhouse-4467101729?position=3&pageNum=0&refId=Xs%2BZoRhRWGDaPSD0aViihQ%3D%3D&trackingId=bcQtf3MIjns9BSeZUeCQ0g%3D%3D,2026-10-08T19:54:36.000Z,linkedin,"[{""site"": ""linkedin"", ""url"": ""https://www.linkedin.com/jobs/view/sr-frontend-software-engineer-growth-at-clickhouse-4467101729?position=3&pageNum=0&refId=Xs%2BZoRhRWGDaPSD0aViihQ%3D%3D&trackingId=bcQtf3MIjns9BSeZUeCQ0g%3D%3D""}]",[],[],"{""location"": [""Remote; San Francisco, California, United States""]}",{},"{""location"": ""array_field""}",{}
https://www.linkedin.com/jobs/view/senior-software-engineer-frontend-at-circle-4459282638?position=4&pageNum=0&refId=Xs%2BZoRhRWGDaPSD0aViihQ%3D%3D&trackingId=DN5E%2BaY0j3%2FR0sYV%2BKgidw%3D%3D,"Senior Software Engineer, Frontend",Circle,Remote; Greater Seattle Area,152500.0,205000.0,,,"$152,500 - $205,000",,2026-09-01T08:06:21.000Z,false,,remote,full_time,,,,,linkedin,https://www.linkedin.com/jobs/view/senior-software-engineer-frontend-at-circle-4459282638?position=4&pageNum=0&refId=Xs%2BZoRhRWGDaPSD0aViihQ%3D%3D&trackingId=DN5E%2BaY0j3%2FR0sYV%2BKgidw%3D%3D,2026-10-01T08:06:21.000Z,linkedin,"[{""site"": ""linkedin"", ""url"": ""https://www.linkedin.com/jobs/view/senior-software-engineer-frontend-at-circle-4459282638?position=4&pageNum=0&refId=Xs%2BZoRhRWGDaPSD0aViihQ%3D%3D&trackingId=DN5E%2BaY0j3%2FR0sYV%2BKgidw%3D%3D""}]",[],[],"{""location"": [""Remote; Greater Seattle Area""]}",{},"{""location"": ""array_field""}",{}
https://www.linkedin.com/jobs/view/senior-frontend-software-engineer-global-commercial-services-technology-at-american-express-4446000290?position=9&pageNum=0&refId=Xs%2BZoRhRWGDaPSD0aViihQ%3D%3D&trackingId=sL6kfMJr%2F40Hp25FBORUQw%3D%3D,Senior Frontend Software Engineer - Global Commercial Services Technology,American Express,"Remote; Sunrise, Florida, United States",123000.0,215250.0,USD,year,,,2026-09-09T18:19:09.000Z,false,false,remote,full_time,,,,,linkedin,https://www.linkedin.com/jobs/view/senior-frontend-software-engineer-global-commercial-services-technology-at-american-express-4446000290?position=9&pageNum=0&refId=Xs%2BZoRhRWGDaPSD0aViihQ%3D%3D&trackingId=sL6kfMJr%2F40Hp25FBORUQw%3D%3D,2026-10-26T23:17:47.000Z,linkedin,"[{""site"": ""linkedin"", ""url"": ""https://www.linkedin.com/jobs/view/senior-frontend-software-engineer-global-commercial-services-technology-at-american-express-4446000290?position=9&pageNum=0&refId=Xs%2BZoRhRWGDaPSD0aViihQ%3D%3D&trackingId=sL6kfMJr%2F40Hp25FBORUQw%3D%3D""}]",[],[],"{""location"": [""Remote; Sunrise, Florida, United States""]}",{},"{""location"": ""array_field""}",{}
https://www.linkedin.com/jobs/view/senior-frontend-software-engineer-global-commercial-services-technology-at-american-express-4445783567?position=12&pageNum=0&refId=Xs%2BZoRhRWGDaPSD0aViihQ%3D%3D&trackingId=NhulxbtJCJ4eLWBubsgPBA%3D%3D,Senior Frontend Software Engineer - Global Commercial Services Technology,American Express,"Remote; Phoenix, Arizona, United States",123000.0,215250.0,USD,year,,,2026-09-09T18:10:41.000Z,false,false,remote,full_time,,,,,linkedin,https://www.linkedin.com/jobs/view/senior-frontend-software-engineer-global-commercial-services-technology-at-american-express-4445783567?position=12&pageNum=0&refId=Xs%2BZoRhRWGDaPSD0aViihQ%3D%3D&trackingId=NhulxbtJCJ4eLWBubsgPBA%3D%3D,2026-10-26T23:17:47.000Z,linkedin,"[{""site"": ""linkedin"", ""url"": ""https://www.linkedin.com/jobs/view/senior-frontend-software-engineer-global-commercial-services-technology-at-american-express-4445783567?position=12&pageNum=0&refId=Xs%2BZoRhRWGDaPSD0aViihQ%3D%3D&trackingId=NhulxbtJCJ4eLWBubsgPBA%3D%3D""}]",[],[],"{""location"": [""Remote; Phoenix, Arizona, United States""]}",{},"{""location"": ""array_field""}",{}
https://www.linkedin.com/jobs/view/senior-software-engineer-frontend-coinbase-card-team-at-coinbase-4454323454?position=16&pageNum=0&refId=Xs%2BZoRhRWGDaPSD0aViihQ%3D%3D&trackingId=gBC5BrVrJRsUOLIhIFMUVw%3D%3D,Senior Software Engineer - Frontend - Coinbase Card team,Coinbase,"Remote; San Francisco, California, United States",186065.0,,USD,,"$186,065 USD",,2026-09-04T14:09:52.000Z,false,,remote,full_time,,,,,linkedin,https://www.linkedin.com/jobs/view/senior-software-engineer-frontend-coinbase-card-team-at-coinbase-4454323454?position=16&pageNum=0&refId=Xs%2BZoRhRWGDaPSD0aViihQ%3D%3D&trackingId=gBC5BrVrJRsUOLIhIFMUVw%3D%3D,2026-10-12T22:46:39.000Z,linkedin,"[{""site"": ""linkedin"", ""url"": ""https://www.linkedin.com/jobs/view/senior-software-engineer-frontend-coinbase-card-team-at-coinbase-4454323454?position=16&pageNum=0&refId=Xs%2BZoRhRWGDaPSD0aViihQ%3D%3D&trackingId=gBC5BrVrJRsUOLIhIFMUVw%3D%3D""}]",[],[],"{""location"": [""Remote; San Francisco, California, United States""]}",{},"{""location"": ""array_field""}",{}
https://www.linkedin.com/jobs/view/senior-software-engineer-frontend-coinbase-card-team-at-coinbase-4454328396?position=17&pageNum=0&refId=Xs%2BZoRhRWGDaPSD0aViihQ%3D%3D&trackingId=TaC773rbDBTM3V9s1qLSaw%3D%3D,Senior Software Engineer - Frontend - Coinbase Card team,Coinbase,"Remote; New York, New York, United States",186065.0,,USD,,"$186,065 USD",,2026-09-04T16:49:23.000Z,false,,remote,full_time,,,,,linkedin,https://www.linkedin.com/jobs/view/senior-software-engineer-frontend-coinbase-card-team-at-coinbase-4454328396?position=17&pageNum=0&refId=Xs%2BZoRhRWGDaPSD0aViihQ%3D%3D&trackingId=TaC773rbDBTM3V9s1qLSaw%3D%3D,2026-10-12T22:46:39.000Z,linkedin,"[{""site"": ""linkedin"", ""url"": ""https://www.linkedin.com/jobs/view/senior-software-engineer-frontend-coinbase-card-team-at-coinbase-4454328396?position=17&pageNum=0&refId=Xs%2BZoRhRWGDaPSD0aViihQ%3D%3D&trackingId=TaC773rbDBTM3V9s1qLSaw%3D%3D""}]",[],[],"{""location"": [""Remote; New York, New York, United States""]}",{},"{""location"": ""array_field""}",{}
https://www.linkedin.com/jobs/view/sr-front-end-engineer-at-angel-4451223942?position=20&pageNum=0&refId=Xs%2BZoRhRWGDaPSD0aViihQ%3D%3D&trackingId=u7aL7QB7yQAFCG9u5kxNSA%3D%3D,Sr Front End Engineer,Angel,"Remote; Provo, Utah, United States",,,,,,,2026-08-14T15:12:57.000Z,false,,remote,full_time,,,,,linkedin,https://www.linkedin.com/jobs/view/sr-front-end-engineer-at-angel-4451223942?position=20&pageNum=0&refId=Xs%2BZoRhRWGDaPSD0aViihQ%3D%3D&trackingId=u7aL7QB7yQAFCG9u5kxNSA%3D%3D,2026-10-10T21:12:54.000Z,linkedin,"[{""site"": ""linkedin"", ""url"": ""https://www.linkedin.com/jobs/view/sr-front-end-engineer-at-angel-4451223942?position=20&pageNum=0&refId=Xs%2BZoRhRWGDaPSD0aViihQ%3D%3D&trackingId=u7aL7QB7yQAFCG9u5kxNSA%3D%3D""}]",[],[],"{""location"": [""Remote; Provo, Utah, United States""]}",{},"{""location"": ""array_field""}",{}
https://www.linkedin.com/jobs/view/principal-front-end-web-developer-at-fortinet-4411820988?position=22&pageNum=0&refId=Xs%2BZoRhRWGDaPSD0aViihQ%3D%3D&trackingId=4Rfe3zlv%2F8NbcVW2t6zrqA%3D%3D,Principal Front-End Web Developer,Fortinet,"Remote; Sunnyvale, California, United States",148000.0,180000.0,,,"$148,000-$180,000",,2026-05-07T23:54:19.000Z,false,false,remote,full_time,,,,,linkedin,https://www.linkedin.com/jobs/view/principal-front-end-web-developer-at-fortinet-4411820988?position=22&pageNum=0&refId=Xs%2BZoRhRWGDaPSD0aViihQ%3D%3D&trackingId=4Rfe3zlv%2F8NbcVW2t6zrqA%3D%3D,2026-09-23T11:54:27.000Z,linkedin,"[{""site"": ""linkedin"", ""url"": ""https://www.linkedin.com/jobs/view/principal-front-end-web-developer-at-fortinet-4411820988?position=22&pageNum=0&refId=Xs%2BZoRhRWGDaPSD0aViihQ%3D%3D&trackingId=4Rfe3zlv%2F8NbcVW2t6zrqA%3D%3D""}]",[],[],"{""location"": [""Remote; Sunnyvale, California, United States""]}",{},"{""location"": ""array_field""}",{}
https://www.linkedin.com/jobs/view/senior-software-engineer-frontend-auth-experiences-at-affirm-4464823577?position=27&pageNum=0&refId=Xs%2BZoRhRWGDaPSD0aViihQ%3D%3D&trackingId=MpbdgEP5YMhAz8fPLfXBfQ%3D%3D,"Senior Software Engineer, Frontend (Auth Experiences)",Affirm,"Remote; Salt Lake City, Utah, United States",,,,,,,2026-09-11T00:55:55.000Z,false,,remote,full_time,,,,,linkedin,https://www.linkedin.com/jobs/view/senior-software-engineer-frontend-auth-experiences-at-affirm-4464823577?position=27&pageNum=0&refId=Xs%2BZoRhRWGDaPSD0aViihQ%3D%3D&trackingId=MpbdgEP5YMhAz8fPLfXBfQ%3D%3D,2026-10-11T00:55:55.000Z,linkedin,"[{""site"": ""linkedin"", ""url"": ""https://www.linkedin.com/jobs/view/senior-software-engineer-frontend-auth-experiences-at-affirm-4464823577?position=27&pageNum=0&refId=Xs%2BZoRhRWGDaPSD0aViihQ%3D%3D&trackingId=MpbdgEP5YMhAz8fPLfXBfQ%3D%3D""}]",[],[],"{""location"": [""Remote; Salt Lake City, Utah, United States""]}",{},"{""location"": ""array_field""}",{}
https://www.linkedin.com/jobs/view/senior-software-engineer-frontend-auth-experiences-at-affirm-4464808709?position=32&pageNum=0&refId=Xs%2BZoRhRWGDaPSD0aViihQ%3D%3D&trackingId=SObgUEGm3weD%2B5xkcy0U1Q%3D%3D,"Senior Software Engineer, Frontend (Auth Experiences)",Affirm,"Remote; Denver, Colorado, United States",,,,,,,2026-09-11T00:55:55.000Z,false,,remote,full_time,,,,,linkedin,https://www.linkedin.com/jobs/view/senior-software-engineer-frontend-auth-experiences-at-affirm-4464808709?position=32&pageNum=0&refId=Xs%2BZoRhRWGDaPSD0aViihQ%3D%3D&trackingId=SObgUEGm3weD%2B5xkcy0U1Q%3D%3D,2026-10-11T00:55:55.000Z,linkedin,"[{""site"": ""linkedin"", ""url"": ""https://www.linkedin.com/jobs/view/senior-software-engineer-frontend-auth-experiences-at-affirm-4464808709?position=32&pageNum=0&refId=Xs%2BZoRhRWGDaPSD0aViihQ%3D%3D&trackingId=SObgUEGm3weD%2B5xkcy0U1Q%3D%3D""}]",[],[],"{""location"": [""Remote; Denver, Colorado, United States""]}",{},"{""location"": ""array_field""}",{}
https://www.linkedin.com/jobs/view/senior-software-engineer-frontend-at-paperless-post-4469197967?position=34&pageNum=0&refId=Xs%2BZoRhRWGDaPSD0aViihQ%3D%3D&trackingId=JPInxw6ugQs5IdBGmNj3hg%3D%3D,"Senior Software Engineer, Frontend",Paperless Post,"Remote; Houston, Texas, United States",152100.0,185000.0,USD,,"$152,100 - $185,000 USD",,2026-09-18T18:15:42.000Z,false,,remote,full_time,,,,,linkedin,https://www.linkedin.com/jobs/view/senior-software-engineer-frontend-at-paperless-post-4469197967?position=34&pageNum=0&refId=Xs%2BZoRhRWGDaPSD0aViihQ%3D%3D&trackingId=JPInxw6ugQs5IdBGmNj3hg%3D%3D,2027-03-17T18:15:01.000Z,linkedin,"[{""site"": ""linkedin"", ""url"": ""https://www.linkedin.com/jobs/view/senior-software-engineer-frontend-at-paperless-post-4469197967?position=34&pageNum=0&refId=Xs%2BZoRhRWGDaPSD0aViihQ%3D%3D&trackingId=JPInxw6ugQs5IdBGmNj3hg%3D%3D""}]",[],[],"{""location"": [""Remote; Houston, Texas, United States""]}",{},"{""location"": ""array_field""}",{}
https://simplify.jobs/p/87c76ad4-84ce-4edb-af30-d4989673f9d5,Senior Front-end Engineer,Beacon Biosignals,"Remote; Boston, MA, USA",170000.0,190000.0,USD,,,2026-09-15T22:36:01+00:00,2026-09-15T22:22:32+00:00,false,,remote,full_time,senior,,,,simplify,https://simplify.jobs/p/87c76ad4-84ce-4edb-af30-d4989673f9d5,,simplify,"[{""site"": ""simplify"", ""url"": ""https://simplify.jobs/p/87c76ad4-84ce-4edb-af30-d4989673f9d5""}]",[],[],"{""location"": [""Remote; Boston, MA, USA""]}",{},"{""location"": ""array_field""}",{}
https://simplify.jobs/p/8631e6e5-91ef-4c17-b39f-e306cbff9f70,Senior Frontend Engineer - Vue - Create: Repository Management,GitLab,Remote; Remote in UK,,,,,,2026-09-04T10:54:01+00:00,2026-08-13T22:35:11+00:00,false,,remote,full_time,senior,,,,simplify,https://simplify.jobs/p/8631e6e5-91ef-4c17-b39f-e306cbff9f70,,simplify,"[{""site"": ""simplify"", ""url"": ""https://simplify.jobs/p/8631e6e5-91ef-4c17-b39f-e306cbff9f70""}]",[],[],"{""location"": [""Remote; Remote in UK""]}",{},"{""location"": ""array_field""}",{}
https://simplify.jobs/p/0604c34f-2c94-4d87-a5ef-c875313068ab,Frontend Engineer - Underwriting,Coalition,Remote; Remote in USA,115000.0,168000.0,USD,,,2026-09-16T22:45:02+00:00,2026-09-16T22:43:38+00:00,false,,remote,full_time,junior,,,,simplify,https://simplify.jobs/p/0604c34f-2c94-4d87-a5ef-c875313068ab,,simplify,"[{""site"": ""simplify"", ""url"": ""https://simplify.jobs/p/0604c34f-2c94-4d87-a5ef-c875313068ab""}]",[],[],"{""location"": [""Remote; Remote in USA""]}",{},"{""location"": ""array_field""}",{}
https://simplify.jobs/p/4f5ad30b-6c83-407c-a994-e2e9da7c9754,React Front-End Developer - Applications Programming,Analog Devices,"Remote; Bengaluru, Karnataka, India",,,,,,2026-09-03T21:51:21+00:00,2026-07-04T14:06:15+00:00,false,,remote,full_time,senior,,,,simplify,https://simplify.jobs/p/4f5ad30b-6c83-407c-a994-e2e9da7c9754,,simplify,"[{""site"": ""simplify"", ""url"": ""https://simplify.jobs/p/4f5ad30b-6c83-407c-a994-e2e9da7c9754""}]",[],[],"{""location"": [""Remote; Bengaluru, Karnataka, India""]}",{},"{""location"": ""array_field""}",{}
https://simplify.jobs/p/9349c437-486d-49f1-ba57-9fac5bf9ff36,Software Engineer 2 - Frontend,Teamworks,Remote; Remote in USA,166000.0,166000.0,USD,,,2026-09-03T14:06:30+00:00,2026-08-18T23:01:39+00:00,false,,remote,full_time,mid,,,,simplify,https://simplify.jobs/p/9349c437-486d-49f1-ba57-9fac5bf9ff36,,simplify,"[{""site"": ""simplify"", ""url"": ""https://simplify.jobs/p/9349c437-486d-49f1-ba57-9fac5bf9ff36""}]",[],[],"{""location"": [""Remote; Remote in USA""]}",{},"{""location"": ""array_field""}",{}
https://simplify.jobs/p/634fff16-a0c1-416e-b621-833316c1e584,Frontend Developer,Particle41,Remote; Remote in India,,,,,,2026-09-04T06:57:01+00:00,2025-10-10T03:29:33+00:00,false,,remote,full_time,mid,,,,simplify,https://simplify.jobs/p/634fff16-a0c1-416e-b621-833316c1e584,,simplify,"[{""site"": ""simplify"", ""url"": ""https://simplify.jobs/p/634fff16-a0c1-416e-b621-833316c1e584""}]",[],[],"{""location"": [""Remote; Remote in India""]}",{},"{""location"": ""array_field""}",{}
https://simplify.jobs/p/9e92906e-9c1d-451c-9dab-f3bae35416ac,Senior Frontend React,Sopra Steria,"Remote; Madrid, Spain",,,,,,2026-09-03T03:24:06+00:00,2026-09-01T14:12:40+00:00,false,,remote,full_time,senior,,,,simplify,https://simplify.jobs/p/9e92906e-9c1d-451c-9dab-f3bae35416ac,,simplify,"[{""site"": ""simplify"", ""url"": ""https://simplify.jobs/p/9e92906e-9c1d-451c-9dab-f3bae35416ac""}]",[],[],"{""location"": [""Remote; Madrid, Spain""]}",{},"{""location"": ""array_field""}",{}
https://simplify.jobs/p/c541b1bf-3002-4483-b3ce-2ac609b5629b,Senior Software Engineer - Frontend,SigNoz,Remote; Remote in India,,,,,,2026-09-03T19:51:22+00:00,2026-07-21T14:13:36+00:00,false,,remote,full_time,mid | senior,,,,simplify,https://simplify.jobs/p/c541b1bf-3002-4483-b3ce-2ac609b5629b,,simplify,"[{""site"": ""simplify"", ""url"": ""https://simplify.jobs/p/c541b1bf-3002-4483-b3ce-2ac609b5629b""}]",[],[],"{""location"": [""Remote; Remote in India""]}",{},"{""location"": ""array_field""}",{}
https://simplify.jobs/p/ad36d726-c0ce-407e-8fcf-51f1424dab84,Senior Frontend Engineer - Console Team - Product-Led Growth Strategy,Deepgram,"Remote; California, USA; Remote in USA",179800.0,246200.0,USD,,,2026-09-04T09:42:02+00:00,2026-07-15T22:10:48+00:00,false,,remote,full_time,mid | senior,,,,simplify,https://simplify.jobs/p/ad36d726-c0ce-407e-8fcf-51f1424dab84,,simplify,"[{""site"": ""simplify"", ""url"": ""https://simplify.jobs/p/ad36d726-c0ce-407e-8fcf-51f1424dab84""}]",[],[],"{""location"": [""Remote; California, USA; Remote in USA""]}",{},"{""location"": ""array_field""}",{}
https://simplify.jobs/p/00291d85-66e4-4308-9931-e936e06f1651,Frontend 3D Visualization Developer,Stratum AI,Remote; Remote in Canada,,,,,,2026-09-03T19:51:22+00:00,2026-07-21T01:13:58+00:00,false,,remote,full_time,mid,,,,simplify,https://simplify.jobs/p/00291d85-66e4-4308-9931-e936e06f1651,,simplify,"[{""site"": ""simplify"", ""url"": ""https://simplify.jobs/p/00291d85-66e4-4308-9931-e936e06f1651""}]",[],[],"{""location"": [""Remote; Remote in Canada""]}",{},"{""location"": ""array_field""}",{}
https://simplify.jobs/p/ddef8625-d294-446b-98e4-6ec749f86ea5,Frontend Software Engineer,HeyGen,"Palo Alto, CA, USA; Toronto, ON, Canada; San Francisco, CA, USA; Los Angeles, CA, USA",180000.0,240000.0,USD,,,2026-09-04T05:18:01+00:00,2024-06-05T07:06:56+00:00,false,,onsite,full_time,mid | senior,,,,simplify,https://simplify.jobs/p/ddef8625-d294-446b-98e4-6ec749f86ea5,,simplify,"[{""site"": ""simplify"", ""url"": ""https://simplify.jobs/p/ddef8625-d294-446b-98e4-6ec749f86ea5""}]",[],[],"{""location"": [""Palo Alto, CA, USA; Toronto, ON, Canada; San Francisco, CA, USA; Los Angeles, CA, USA""]}",{},"{""location"": ""array_field""}",{}
https://simplify.jobs/p/fb80794a-9965-47d0-8f5b-3acf126768d3,SAP Front-end Developer,Bright Vision Technologies,Remote; Remote in USA,100000.0,150000.0,USD,,,2026-09-16T22:45:02+00:00,2026-09-16T22:22:02+00:00,false,,remote,full_time,senior,,,,simplify,https://simplify.jobs/p/fb80794a-9965-47d0-8f5b-3acf126768d3,,simplify,"[{""site"": ""simplify"", ""url"": ""https://simplify.jobs/p/fb80794a-9965-47d0-8f5b-3acf126768d3""}]",[],[],"{""location"": [""Remote; Remote in USA""]}",{},"{""location"": ""array_field""}",{}
https://simplify.jobs/p/c76ad235-c435-4c5d-b795-5c93cb595db2,Senior Frontend Engineer,Partyhat,Remote; Remote in Germany; Remote in Canada,,,,,,2026-09-04T09:15:01+00:00,2026-07-07T09:10:12+00:00,false,,remote,full_time,senior,,,,simplify,https://simplify.jobs/p/c76ad235-c435-4c5d-b795-5c93cb595db2,,simplify,"[{""site"": ""simplify"", ""url"": ""https://simplify.jobs/p/c76ad235-c435-4c5d-b795-5c93cb595db2""}]",[],[],"{""location"": [""Remote; Remote in Germany; Remote in Canada""]}",{},"{""location"": ""array_field""}",{}
https://simplify.jobs/p/26bd2ced-94ff-4d6e-80a2-b672d519de13,Frontend Engineer,Santander,"Remote; Boadilla del Monte, Madrid, Spain",,,,,,2026-09-18T22:12:11+00:00,2026-09-18T22:10:28+00:00,false,,remote,full_time,mid,,,,simplify,https://simplify.jobs/p/26bd2ced-94ff-4d6e-80a2-b672d519de13,,simplify,"[{""site"": ""simplify"", ""url"": ""https://simplify.jobs/p/26bd2ced-94ff-4d6e-80a2-b672d519de13""}]",[],[],"{""location"": [""Remote; Boadilla del Monte, Madrid, Spain""]}",{},"{""location"": ""array_field""}",{}
https://simplify.jobs/p/a44668f3-bebe-4c49-a929-a603fc0276dc,Senior Frontend Software Developer,Xsolla,Remote; Remote in Canada,100000.0,130000.0,CAD,,,2026-09-03T18:42:29+00:00,2026-06-02T22:06:13+00:00,false,,remote,full_time,senior,,,,simplify,https://simplify.jobs/p/a44668f3-bebe-4c49-a929-a603fc0276dc,,simplify,"[{""site"": ""simplify"", ""url"": ""https://simplify.jobs/p/a44668f3-bebe-4c49-a929-a603fc0276dc""}]",[],[],"{""location"": [""Remote; Remote in Canada""]}",{},"{""location"": ""array_field""}",{}
https://simplify.jobs/p/7cde7ab8-2758-46b8-a017-96902c21b04a,Senior Frontend Engineer - Flow Builder,Adapty.io,"Remote; London, UK",,,,,,2026-09-05T11:12:02+00:00,2026-08-25T00:01:52+00:00,false,,remote,full_time,senior,,,,simplify,https://simplify.jobs/p/7cde7ab8-2758-46b8-a017-96902c21b04a,,simplify,"[{""site"": ""simplify"", ""url"": ""https://simplify.jobs/p/7cde7ab8-2758-46b8-a017-96902c21b04a""}]",[],[],"{""location"": [""Remote; London, UK""]}",{},"{""location"": ""array_field""}",{}
https://simplify.jobs/p/c4662c3b-847b-4ac0-8542-064486aa7e1f,Frontend Engineer,Simplified IT Solutions,"Los Angeles, CA, USA",,,,,,2026-09-04T01:57:21+00:00,2026-08-12T01:06:28+00:00,false,,onsite,full_time,mid,,,,simplify,https://simplify.jobs/p/c4662c3b-847b-4ac0-8542-064486aa7e1f,,simplify,"[{""site"": ""simplify"", ""url"": ""https://simplify.jobs/p/c4662c3b-847b-4ac0-8542-064486aa7e1f""}]",[],[],"{""location"": [""Los Angeles, CA, USA""]}",{},"{""location"": ""array_field""}",{}
https://simplify.jobs/p/6d07ef29-2cb4-4b04-b290-4ca1192a0ed6,Staff Frontend Engineer,ClickUp,Remote; Remote in Canada,,,,,,2026-09-04T22:45:01+00:00,2026-09-04T22:43:18+00:00,false,,remote,full_time,senior,,,,simplify,https://simplify.jobs/p/6d07ef29-2cb4-4b04-b290-4ca1192a0ed6,,simplify,"[{""site"": ""simplify"", ""url"": ""https://simplify.jobs/p/6d07ef29-2cb4-4b04-b290-4ca1192a0ed6""}]",[],[],"{""location"": [""Remote; Remote in Canada""]}",{},"{""location"": ""array_field""}",{}
https://simplify.jobs/p/7b6bc042-e5a7-4290-b2dd-0d734a4524e5,Principal Frontend Software Engineer,Atlassian,"Remote; Bengaluru, Karnataka, India",,,,,,2026-09-17T09:30:02+00:00,2026-09-16T06:06:53+00:00,false,,remote,full_time,senior,,,,simplify,https://simplify.jobs/p/7b6bc042-e5a7-4290-b2dd-0d734a4524e5,,simplify,"[{""site"": ""simplify"", ""url"": ""https://simplify.jobs/p/7b6bc042-e5a7-4290-b2dd-0d734a4524e5""}]",[],[],"{""location"": [""Remote; Bengaluru, Karnataka, India""]}",{},"{""location"": ""array_field""}",{}
https://simplify.jobs/p/71788468-9d57-4ba5-a2ce-1221421c941a,Frontend Engineer - Frontend,Cogent Security,"Remote; San Francisco, CA, USA; New York, NY, USA",100000.0,300000.0,USD,,,2026-09-04T07:12:12+00:00,2026-02-09T07:16:41+00:00,false,,remote,full_time,senior,,,,simplify,https://simplify.jobs/p/71788468-9d57-4ba5-a2ce-1221421c941a,,simplify,"[{""site"": ""simplify"", ""url"": ""https://simplify.jobs/p/71788468-9d57-4ba5-a2ce-1221421c941a""}]",[],[],"{""location"": [""Remote; San Francisco, CA, USA; New York, NY, USA""]}",{},"{""location"": ""array_field""}",{}
https://simplify.jobs/p/c2544eb8-016a-452b-a1c5-80696bafe6fd,Technical Leader - Frontend - Security Innovation,Cisco,"Remote; San Jose, CA, USA; Remote in Canada",166300.0,307800.0,USD,,,2026-09-18T10:36:45+00:00,2026-09-03T00:00:00+00:00,false,,remote,full_time,mid | senior,,,,simplify,https://simplify.jobs/p/c2544eb8-016a-452b-a1c5-80696bafe6fd | https://simplify.jobs/p/fd53c0a5-9f65-412e-9b37-aa35cc547198,,simplify,"[{""site"": ""simplify"", ""url"": ""https://simplify.jobs/p/c2544eb8-016a-452b-a1c5-80696bafe6fd""}, {""site"": ""simplify"", ""url"": ""https://simplify.jobs/p/fd53c0a5-9f65-412e-9b37-aa35cc547198""}]",[],[],"{""location"": [""Remote; San Jose, CA, USA; Remote in Canada""]}",{},"{""location"": ""array_field""}",{}
https://simplify.jobs/p/3f2dbf34-1a5a-40fb-b0c5-ad7b319ccf21,Senior Frontend Engineer - Acquisition,Caesars Entertainment,"Remote; Las Vegas, NV, USA; Jersey City, NJ, USA",175000.0,180000.0,USD,,,2026-09-14T17:36:01+00:00,2026-09-14T17:33:13+00:00,false,,remote,full_time,senior,,,,simplify,https://simplify.jobs/p/3f2dbf34-1a5a-40fb-b0c5-ad7b319ccf21,,simplify,"[{""site"": ""simplify"", ""url"": ""https://simplify.jobs/p/3f2dbf34-1a5a-40fb-b0c5-ad7b319ccf21""}]",[],[],"{""location"": [""Remote; Las Vegas, NV, USA; Jersey City, NJ, USA""]}",{},"{""location"": ""array_field""}",{}
https://simplify.jobs/p/da57601e-44c2-4a5b-9e8d-294c357646d3,Frontend Software Engineer,Megaport,Remote; Remote in Australia,,,,,,2026-09-03T18:42:29+00:00,2026-06-08T01:05:33+00:00,false,,remote,full_time,mid,,,,simplify,https://simplify.jobs/p/da57601e-44c2-4a5b-9e8d-294c357646d3,,simplify,"[{""site"": ""simplify"", ""url"": ""https://simplify.jobs/p/da57601e-44c2-4a5b-9e8d-294c357646d3""}]",[],[],"{""location"": [""Remote; Remote in Australia""]}",{},"{""location"": ""array_field""}",{}
https://simplify.jobs/p/972abfbc-05f3-44b6-be3e-c1720392fbf7,Software Engineer - Front-End,Eloquent AI,"Remote; San Francisco, CA, USA; Remote in USA",,,,,,2026-09-03T18:09:19+00:00,2026-03-27T01:13:19+00:00,false,,remote,full_time,mid,,,,simplify,https://simplify.jobs/p/972abfbc-05f3-44b6-be3e-c1720392fbf7,,simplify,"[{""site"": ""simplify"", ""url"": ""https://simplify.jobs/p/972abfbc-05f3-44b6-be3e-c1720392fbf7""}]",[],[],"{""location"": [""Remote; San Francisco, CA, USA; Remote in USA""]}",{},"{""location"": ""array_field""}",{}
https://simplify.jobs/p/71001726-7378-4fcc-91bd-5c1f7319c052,Senior Software Engineer - Frontend,Writesonic,Remote; Remote in India,,,,,,2026-09-04T01:18:24+00:00,2026-08-08T01:18:03+00:00,false,,remote,full_time,mid | senior,,,,simplify,https://simplify.jobs/p/71001726-7378-4fcc-91bd-5c1f7319c052,,simplify,"[{""site"": ""simplify"", ""url"": ""https://simplify.jobs/p/71001726-7378-4fcc-91bd-5c1f7319c052""}]",[],[],"{""location"": [""Remote; Remote in India""]}",{},"{""location"": ""array_field""}",{}
https://simplify.jobs/p/aef02609-0931-47e8-9e7b-dc505c50769f,Staff Software Engineer - Frontend,Affirm,Remote; Remote in Canada,181000.0,241000.0,CAD,,,2026-09-10T14:39:01+00:00,2026-07-31T22:36:05+00:00,false,,remote,full_time,senior,,,,simplify,https://simplify.jobs/p/aef02609-0931-47e8-9e7b-dc505c50769f,,simplify,"[{""site"": ""simplify"", ""url"": ""https://simplify.jobs/p/aef02609-0931-47e8-9e7b-dc505c50769f""}]",[],[],"{""location"": [""Remote; Remote in Canada""]}",{},"{""location"": ""array_field""}",{}
https://simplify.jobs/p/3fd22672-5a2a-47f1-aa07-a71ee17c46be,Founding Engineer - Frontend,Tempo,"San Francisco, CA, USA; Remote in USA",,,,,,2026-09-03T19:51:22+00:00,2026-07-21T01:15:13+00:00,false,,hybrid,full_time,mid | senior,,,,simplify,https://simplify.jobs/p/3fd22672-5a2a-47f1-aa07-a71ee17c46be,,simplify,"[{""site"": ""simplify"", ""url"": ""https://simplify.jobs/p/3fd22672-5a2a-47f1-aa07-a71ee17c46be""}]",[],[],"{""location"": [""San Francisco, CA, USA; Remote in USA""]}",{},"{""location"": ""array_field""}",{}
https://simplify.jobs/p/01bdf93f-7d3a-4a0f-89d1-76a0104ca0c8,Senior/Staff Frontend Engineer,Embedding VC,"Remote; San Francisco, CA, USA",100000.0,200000.0,USD,,,2026-09-04T10:06:01+00:00,2026-07-28T06:17:10+00:00,false,,remote,full_time,mid | senior,,,,simplify,https://simplify.jobs/p/01bdf93f-7d3a-4a0f-89d1-76a0104ca0c8,,simplify,"[{""site"": ""simplify"", ""url"": ""https://simplify.jobs/p/01bdf93f-7d3a-4a0f-89d1-76a0104ca0c8""}]",[],[],"{""location"": [""Remote; San Francisco, CA, USA""]}",{},"{""location"": ""array_field""}",{}
https://simplify.jobs/p/a584fded-f8d0-41b0-a7c2-c78e0e333bb7,Frontend Angular Programmer - Azure,TEHORA,"Remote; Québec City, QC, Canada",,,,,,2026-09-04T10:42:01+00:00,2026-08-04T06:18:55+00:00,false,,remote,full_time,mid,,,,simplify,https://simplify.jobs/p/a584fded-f8d0-41b0-a7c2-c78e0e333bb7,,simplify,"[{""site"": ""simplify"", ""url"": ""https://simplify.jobs/p/a584fded-f8d0-41b0-a7c2-c78e0e333bb7""}]",[],[],"{""location"": [""Remote; Québec City, QC, Canada""]}",{},"{""location"": ""array_field""}",{}
https://simplify.jobs/p/d49fa645-5883-4f4b-91e6-6cddea54845e,Senior Frontend Platform Engineer,TRM Labs,Remote; Remote in USA,210000.0,230000.0,USD,,,2026-09-03T20:39:22+00:00,2026-07-30T22:23:05+00:00,false,,remote,full_time,senior,,,,simplify,https://simplify.jobs/p/d49fa645-5883-4f4b-91e6-6cddea54845e,,simplify,"[{""site"": ""simplify"", ""url"": ""https://simplify.jobs/p/d49fa645-5883-4f4b-91e6-6cddea54845e""}]",[],[],"{""location"": [""Remote; Remote in USA""]}",{},"{""location"": ""array_field""}",{}
https://simplify.jobs/p/0e042208-410d-40d1-ad04-0c362b31d38e,Frontend Software Engineer - Space,Anduril,"Costa Mesa, CA, USA",129000.0,171000.0,USD,,,2026-09-15T01:11:05+00:00,2026-09-08T22:32:47+00:00,false,,onsite,full_time,mid,,,,simplify,https://simplify.jobs/p/0e042208-410d-40d1-ad04-0c362b31d38e,,simplify,"[{""site"": ""simplify"", ""url"": ""https://simplify.jobs/p/0e042208-410d-40d1-ad04-0c362b31d38e""}]",[],[],"{""location"": [""Costa Mesa, CA, USA""]}",{},"{""location"": ""array_field""}",{}
https://simplify.jobs/p/cb411f12-d0d4-4642-8b0f-8ba5f5f51599,Senior Software Engineer - Frontend,Mercury Insurance,Remote; Remote in USA,77283.0,179048.0,USD,,,2026-09-03T19:39:23+00:00,2026-07-15T01:03:51+00:00,false,,remote,full_time,senior,,,,simplify,https://simplify.jobs/p/cb411f12-d0d4-4642-8b0f-8ba5f5f51599,,simplify,"[{""site"": ""simplify"", ""url"": ""https://simplify.jobs/p/cb411f12-d0d4-4642-8b0f-8ba5f5f51599""}]",[],[],"{""location"": [""Remote; Remote in USA""]}",{},"{""location"": ""array_field""}",{}
https://simplify.jobs/p/f80fb50c-3e8b-43f4-9dfd-9144d02e7a3b,Senior Frontend Developer - Software Engineering,Qualcomm,"Remote; Turin, Metropolitan City of Turin, Italy",55200.0,81600.0,EUR,,,2026-09-04T12:37:06+00:00,2026-08-05T06:16:23+00:00,false,,remote,full_time,mid | senior,,,,simplify,https://simplify.jobs/p/f80fb50c-3e8b-43f4-9dfd-9144d02e7a3b,,simplify,"[{""site"": ""simplify"", ""url"": ""https://simplify.jobs/p/f80fb50c-3e8b-43f4-9dfd-9144d02e7a3b""}]",[],[],"{""location"": [""Remote; Turin, Metropolitan City of Turin, Italy""]}",{},"{""location"": ""array_field""}",{}
https://simplify.jobs/p/d76fa8d4-9704-4de1-a217-161505edc16b,Senior Software Engineer - Frontend,Paperless Post,"Remote; New York, NY, USA",152100.0,185000.0,USD,,,2026-09-18T22:21:02+00:00,2026-09-18T22:18:38+00:00,false,,remote,full_time,senior,,,,simplify,https://simplify.jobs/p/d76fa8d4-9704-4de1-a217-161505edc16b,,simplify,"[{""site"": ""simplify"", ""url"": ""https://simplify.jobs/p/d76fa8d4-9704-4de1-a217-161505edc16b""}]",[],[],"{""location"": [""Remote; New York, NY, USA""]}",{},"{""location"": ""array_field""}",{}
https://simplify.jobs/p/1d7b85e8-4db8-4968-8cf0-386a6bfe52f8,Frontend Engineer,BJAK,Remote; Remote in Germany,,,,,,2026-09-14T14:24:01+00:00,2026-09-10T01:24:47+00:00,false,,remote,full_time,mid,,,,simplify,https://simplify.jobs/p/1d7b85e8-4db8-4968-8cf0-386a6bfe52f8,,simplify,"[{""site"": ""simplify"", ""url"": ""https://simplify.jobs/p/1d7b85e8-4db8-4968-8cf0-386a6bfe52f8""}]",[],[],"{""location"": [""Remote; Remote in Germany""]}",{},"{""location"": ""array_field""}",{}
https://simplify.jobs/p/58b346c8-3335-45b1-b62d-95a06d11d565,Front-End Developer - CraftCMS - CraftCommerce,Ebeacon,Remote; Remote in USA,,,,,,2026-09-18T06:19:48+00:00,2026-09-18T06:16:55+00:00,false,,remote,part_time,mid,,,,simplify,https://simplify.jobs/p/58b346c8-3335-45b1-b62d-95a06d11d565,,simplify,"[{""site"": ""simplify"", ""url"": ""https://simplify.jobs/p/58b346c8-3335-45b1-b62d-95a06d11d565""}]",[],[],"{""location"": [""Remote; Remote in USA""]}",{},"{""location"": ""array_field""}",{}
https://simplify.jobs/p/4899f2aa-1042-4948-91b6-2eba963c2cc3,Senior Frontend Engineer - Growth,Close,Remote; Remote in USA,,,,,,2026-09-04T10:42:01+00:00,2026-08-03T22:18:59+00:00,false,,remote,full_time,senior,,,,simplify,https://simplify.jobs/p/4899f2aa-1042-4948-91b6-2eba963c2cc3,,simplify,"[{""site"": ""simplify"", ""url"": ""https://simplify.jobs/p/4899f2aa-1042-4948-91b6-2eba963c2cc3""}]",[],[],"{""location"": [""Remote; Remote in USA""]}",{},"{""location"": ""array_field""}",{}
https://simplify.jobs/p/64bdfb07-0be2-4a77-b815-566b269de368,Principal Frontend Engineer,ClickUp,Remote; Remote in Canada,,,,,,2026-09-04T22:45:01+00:00,2026-09-04T22:43:17+00:00,false,,remote,full_time,,,,,simplify,https://simplify.jobs/p/64bdfb07-0be2-4a77-b815-566b269de368,,simplify,"[{""site"": ""simplify"", ""url"": ""https://simplify.jobs/p/64bdfb07-0be2-4a77-b815-566b269de368""}]",[],[],"{""location"": [""Remote; Remote in Canada""]}",{},"{""location"": ""array_field""}",{}
https://simplify.jobs/p/d6668c8d-f042-4344-a81d-02ca9edf726e,Product Engineer - Frontend,Elly,"Remote; New York, NY, USA",150000.0,215000.0,USD,,,2026-09-04T09:42:02+00:00,2026-07-17T22:21:49+00:00,false,,remote,full_time,mid,,,,simplify,https://simplify.jobs/p/d6668c8d-f042-4344-a81d-02ca9edf726e,,simplify,"[{""site"": ""simplify"", ""url"": ""https://simplify.jobs/p/d6668c8d-f042-4344-a81d-02ca9edf726e""}]",[],[],"{""location"": [""Remote; New York, NY, USA""]}",{},"{""location"": ""array_field""}",{}
https://simplify.jobs/p/1bd81c8c-187f-4804-b1c0-f3873a7ce0ed,Frontend Software Engineer 3,Bidgely,"Remote; India; Bengaluru, Karnataka, India",,,,,,2026-09-03T13:00:33+00:00,2026-08-31T19:14:45+00:00,false,,remote,full_time,mid | senior,,,,simplify,https://simplify.jobs/p/1bd81c8c-187f-4804-b1c0-f3873a7ce0ed,,simplify,"[{""site"": ""simplify"", ""url"": ""https://simplify.jobs/p/1bd81c8c-187f-4804-b1c0-f3873a7ce0ed""}]",[],[],"{""location"": [""Remote; India; Bengaluru, Karnataka, India""]}",{},"{""location"": ""array_field""}",{}
https://simplify.jobs/p/ccfba66e-9ba9-4257-8bdb-1308e8004f7b,Front-End Developer,DecisionPoint,Remote; Remote in USA,,,,,,2026-09-04T10:54:01+00:00,2026-08-14T03:59:36+00:00,false,,remote,full_time,senior,,,,simplify,https://simplify.jobs/p/ccfba66e-9ba9-4257-8bdb-1308e8004f7b,,simplify,"[{""site"": ""simplify"", ""url"": ""https://simplify.jobs/p/ccfba66e-9ba9-4257-8bdb-1308e8004f7b""}]",[],[],"{""location"": [""Remote; Remote in USA""]}",{},"{""location"": ""array_field""}",{}
https://simplify.jobs/p/d54efe4a-2a40-40e5-9fad-d6c78d46cd41,Software Engineer - Frontend,SIFT,"San Francisco, CA, USA; Marina Del Rey, CA, USA",160000.0,200000.0,USD,,,2026-09-04T06:57:01+00:00,2026-08-04T22:20:15+00:00,false,,hybrid,full_time,mid,,,,simplify,https://simplify.jobs/p/d54efe4a-2a40-40e5-9fad-d6c78d46cd41,,simplify,"[{""site"": ""simplify"", ""url"": ""https://simplify.jobs/p/d54efe4a-2a40-40e5-9fad-d6c78d46cd41""}]",[],[],"{""location"": [""San Francisco, CA, USA; Marina Del Rey, CA, USA""]}",{},"{""location"": ""array_field""}",{}
https://simplify.jobs/p/3197d255-1780-47ff-8eeb-74f118a55d2c,Senior Technical Consultant - Front-end Development,Veeva Systems,"Remote; Boston, MA, USA",80000.0,200000.0,USD,,,2026-09-03T17:30:22+00:00,2026-01-26T23:21:38+00:00,false,,remote,full_time,senior,,,,simplify,https://simplify.jobs/p/3197d255-1780-47ff-8eeb-74f118a55d2c,,simplify,"[{""site"": ""simplify"", ""url"": ""https://simplify.jobs/p/3197d255-1780-47ff-8eeb-74f118a55d2c""}]",[],[],"{""location"": [""Remote; Boston, MA, USA""]}",{},"{""location"": ""array_field""}",{}
https://simplify.jobs/p/a9ba4547-5a39-4272-893f-1be0a16e4d61,Founding Frontend Engineer - AI-Native,Skiffra,"San Francisco, CA, USA; Los Angeles, CA, USA",180000.0,220000.0,USD,,,2026-09-04T10:06:01+00:00,2026-07-21T01:16:00+00:00,false,,hybrid,full_time,mid,,,,simplify,https://simplify.jobs/p/a9ba4547-5a39-4272-893f-1be0a16e4d61,,simplify,"[{""site"": ""simplify"", ""url"": ""https://simplify.jobs/p/a9ba4547-5a39-4272-893f-1be0a16e4d61""}]",[],[],"{""location"": [""San Francisco, CA, USA; Los Angeles, CA, USA""]}",{},"{""location"": ""array_field""}",{}
https://simplify.jobs/p/feccf19c-6c8a-4db4-8d06-6d6171cca217,Senior Frontend Engineer,Re:Build Manufacturing,"Remote; Seattle, WA, USA; Los Angeles, CA, USA; Remote in USA; Framingham, MA, USA",165000.0,200000.0,USD,,,2026-09-04T13:12:01+00:00,2026-09-01T14:38:15+00:00,false,,remote,full_time,senior,,,,simplify,https://simplify.jobs/p/feccf19c-6c8a-4db4-8d06-6d6171cca217,,simplify,"[{""site"": ""simplify"", ""url"": ""https://simplify.jobs/p/feccf19c-6c8a-4db4-8d06-6d6171cca217""}]",[],[],"{""location"": [""Remote; Seattle, WA, USA; Los Angeles, CA, USA; Remote in USA; Framingham, MA, USA""]}",{},"{""location"": ""array_field""}",{}
https://simplify.jobs/p/38d7d571-8191-455d-8df5-6e6d18218c45,Senior Frontend Developer,TELUS,"Remote; Winnipeg, MB, Canada; Toronto, ON, Canada; Victoria, BC, Canada; Calgary, AB, Canada; Edmonton, AB, Canada; Charlottetown, PE, Canada; St. John's, NL, Canada; Ottawa, ON, Canada; Vancouver, BC, Canada; Halifax Regional Municipality, NS, Canada",85000.0,110000.0,CAD,,,2026-09-04T12:00:01+00:00,2026-08-14T00:00:00+00:00,false,,remote,full_time,senior,,,,simplify,https://simplify.jobs/p/38d7d571-8191-455d-8df5-6e6d18218c45,,simplify,"[{""site"": ""simplify"", ""url"": ""https://simplify.jobs/p/38d7d571-8191-455d-8df5-6e6d18218c45""}]",[],[],"{""location"": [""Remote; Winnipeg, MB, Canada; Toronto, ON, Canada; Victoria, BC, Canada; Calgary, AB, Canada; Edmonton, AB, Canada; Charlottetown, PE, Canada; St. John's, NL, Canada; Ottawa, ON, Canada; Vancouver, BC, Canada; Halifax Regional Municipality, NS, Canada""]}",{},"{""location"": ""array_field""}",{}
https://simplify.jobs/p/00a5fe7e-f648-4e02-a2cd-5275a73470ea,Senior Frontend Software Engineer,Okendo,"Remote; Sydney NSW, Australia",,,,,,2026-09-04T01:30:21+00:00,2026-08-10T06:05:46+00:00,false,,remote,full_time,senior,,,,simplify,https://simplify.jobs/p/00a5fe7e-f648-4e02-a2cd-5275a73470ea,,simplify,"[{""site"": ""simplify"", ""url"": ""https://simplify.jobs/p/00a5fe7e-f648-4e02-a2cd-5275a73470ea""}]",[],[],"{""location"": [""Remote; Sydney NSW, Australia""]}",{},"{""location"": ""array_field""}",{}
https://simplify.jobs/p/2b3b312a-bc61-480d-af98-7a032691ae53,Staff Frontend Engineer,sound.xyz,"Remote; Remote in USA; New York, NY, USA",,,,,,2026-09-03T17:09:30+00:00,2026-03-27T01:11:33+00:00,false,,remote,full_time,senior,,,,simplify,https://simplify.jobs/p/2b3b312a-bc61-480d-af98-7a032691ae53,,simplify,"[{""site"": ""simplify"", ""url"": ""https://simplify.jobs/p/2b3b312a-bc61-480d-af98-7a032691ae53""}]",[],[],"{""location"": [""Remote; Remote in USA; New York, NY, USA""]}",{},"{""location"": ""array_field""}",{}
https://simplify.jobs/p/95992471-fc5d-49a1-81c5-3a6de8c3c406,Senior Frontend Engineer,Moniepoint Group,"Remote; Remote in UK; Bengaluru, Karnataka, India",,,,,,2026-09-16T09:56:40+00:00,2026-07-02T14:35:59+00:00,false,,remote,full_time,,,,,simplify,https://simplify.jobs/p/95992471-fc5d-49a1-81c5-3a6de8c3c406,,simplify,"[{""site"": ""simplify"", ""url"": ""https://simplify.jobs/p/95992471-fc5d-49a1-81c5-3a6de8c3c406""}]",[],[],"{""location"": [""Remote; Remote in UK; Bengaluru, Karnataka, India""]}",{},"{""location"": ""array_field""}",{}
https://simplify.jobs/p/67c3293f-f8cb-4a2f-aa79-da9019127d2a,Education Research - Frontend Developer-SLATE,Huron,"Remote; Chicago, IL, USA",,,,,,2026-09-04T01:39:21+00:00,2026-08-10T00:00:00+00:00,false,,remote,full_time,mid,,,,simplify,https://simplify.jobs/p/67c3293f-f8cb-4a2f-aa79-da9019127d2a,,simplify,"[{""site"": ""simplify"", ""url"": ""https://simplify.jobs/p/67c3293f-f8cb-4a2f-aa79-da9019127d2a""}]",[],[],"{""location"": [""Remote; Chicago, IL, USA""]}",{},"{""location"": ""array_field""}",{}
https://simplify.jobs/p/ab7ffec3-a9bc-4058-922a-0bb0db0e9eaf,Senior Frontend Engineer,Aragorn AI,Remote; Remote in USA,125000.0,160000.0,USD,,,2026-09-04T10:06:01+00:00,2026-07-21T01:18:49+00:00,false,,remote,full_time,senior,,,,simplify,https://simplify.jobs/p/ab7ffec3-a9bc-4058-922a-0bb0db0e9eaf,,simplify,"[{""site"": ""simplify"", ""url"": ""https://simplify.jobs/p/ab7ffec3-a9bc-4058-922a-0bb0db0e9eaf""}]",[],[],"{""location"": [""Remote; Remote in USA""]}",{},"{""location"": ""array_field""}",{}
https://simplify.jobs/p/af90fbea-9962-4d89-8254-708512bf58d8,Frontend Software Engineer,Wayflyer,Remote; Europe,,,,,,2026-09-18T10:18:27+00:00,2026-05-13T14:08:06+00:00,false,,remote,full_time,senior,,,,simplify,https://simplify.jobs/p/af90fbea-9962-4d89-8254-708512bf58d8,,simplify,"[{""site"": ""simplify"", ""url"": ""https://simplify.jobs/p/af90fbea-9962-4d89-8254-708512bf58d8""}]",[],[],"{""location"": [""Remote; Europe""]}",{},"{""location"": ""array_field""}",{}
https://simplify.jobs/p/a40e8058-83a9-4c02-bee1-c81a352fdfc9,Frontend Developer - TypeScript/ReactJS,Worldia,"Remote; Île-de-France, France",,,,,,2026-09-04T12:09:01+00:00,2026-08-18T01:14:23+00:00,false,,remote,full_time,senior,,,,simplify,https://simplify.jobs/p/a40e8058-83a9-4c02-bee1-c81a352fdfc9,,simplify,"[{""site"": ""simplify"", ""url"": ""https://simplify.jobs/p/a40e8058-83a9-4c02-bee1-c81a352fdfc9""}]",[],[],"{""location"": [""Remote; Île-de-France, France""]}",{},"{""location"": ""array_field""}",{}
https://simplify.jobs/p/1a569769-a371-4bfb-9571-26c6f30984bf,Staff Frontend Software Engineer - Frontend - Factory Software,Tesla,"Remote; Fremont, CA, USA; Austin, TX, USA; Reno, NV, USA",,,,,,2026-09-11T08:45:17+00:00,2026-07-10T01:11:17+00:00,false,,remote,full_time,mid | senior,,,,simplify,https://simplify.jobs/p/1a569769-a371-4bfb-9571-26c6f30984bf,,simplify,"[{""site"": ""simplify"", ""url"": ""https://simplify.jobs/p/1a569769-a371-4bfb-9571-26c6f30984bf""}]",[],[],"{""location"": [""Remote; Fremont, CA, USA; Austin, TX, USA; Reno, NV, USA""]}",{},"{""location"": ""array_field""}",{}
https://simplify.jobs/p/9a514edd-a886-4c72-ad35-499c517b5de3,Senior Frontend Engineer - Contractor,Hauler Hero,Remote; Europe,,,,,,2026-09-04T00:27:22+00:00,2026-08-05T22:20:33+00:00,false,,remote,contract,senior,,,,simplify,https://simplify.jobs/p/9a514edd-a886-4c72-ad35-499c517b5de3,,simplify,"[{""site"": ""simplify"", ""url"": ""https://simplify.jobs/p/9a514edd-a886-4c72-ad35-499c517b5de3""}]",[],[],"{""location"": [""Remote; Europe""]}",{},"{""location"": ""array_field""}",{}
https://simplify.jobs/p/6daf17fa-640a-4222-aeb3-bd1d74b28d46,Front-End Developer,Injective Foundation,Remote; Remote in USA,,,,,,2026-09-04T13:30:01+00:00,2026-06-02T22:08:18+00:00,false,,remote,full_time,mid,,,,simplify,https://simplify.jobs/p/6daf17fa-640a-4222-aeb3-bd1d74b28d46 | https://simplify.jobs/p/5c8f2e1f-b200-4499-8c72-d94401501cef,,simplify,"[{""site"": ""simplify"", ""url"": ""https://simplify.jobs/p/6daf17fa-640a-4222-aeb3-bd1d74b28d46""}, {""site"": ""simplify"", ""url"": ""https://simplify.jobs/p/5c8f2e1f-b200-4499-8c72-d94401501cef""}]",[],[],"{""location"": [""Remote; Remote in USA""]}",{},"{""location"": ""array_field""}",{}
https://simplify.jobs/p/28634bd8-4d20-4962-8a99-6a5e25b6e7d2,Senior Frontend Software Engineer - DogByte,Veterinary Emergency Group (VEG ER),Remote; Remote in USA,170000.0,200000.0,USD,,,2026-09-04T03:09:46+00:00,2026-09-03T23:16:03+00:00,false,,remote,full_time,senior,,,,simplify,https://simplify.jobs/p/28634bd8-4d20-4962-8a99-6a5e25b6e7d2,,simplify,"[{""site"": ""simplify"", ""url"": ""https://simplify.jobs/p/28634bd8-4d20-4962-8a99-6a5e25b6e7d2""}]",[],[],"{""location"": [""Remote; Remote in USA""]}",{},"{""location"": ""array_field""}",{}
https://simplify.jobs/p/c4c6f73b-2d8e-41e1-87b6-4f1f1a7b8f3f,Frontend Engineer - React,Sweed,Remote; North America,,,,,,2026-09-04T06:57:01+00:00,2026-07-08T06:12:33+00:00,false,,remote,full_time,mid,,,,simplify,https://simplify.jobs/p/c4c6f73b-2d8e-41e1-87b6-4f1f1a7b8f3f,,simplify,"[{""site"": ""simplify"", ""url"": ""https://simplify.jobs/p/c4c6f73b-2d8e-41e1-87b6-4f1f1a7b8f3f""}]",[],[],"{""location"": [""Remote; North America""]}",{},"{""location"": ""array_field""}",{}
https://simplify.jobs/p/37f3e8db-3497-4454-9436-ac08c145b2f3,Staff Frontend Engineer - Grafana Dataviz,Grafana Labs,Remote; Remote in Canada,186368.0,223642.0,CAD,,,2026-09-18T22:33:01+00:00,2026-09-16T22:29:40+00:00,false,,remote,full_time,senior,,,,simplify,https://simplify.jobs/p/37f3e8db-3497-4454-9436-ac08c145b2f3,,simplify,"[{""site"": ""simplify"", ""url"": ""https://simplify.jobs/p/37f3e8db-3497-4454-9436-ac08c145b2f3""}]",[],[],"{""location"": [""Remote; Remote in Canada""]}",{},"{""location"": ""array_field""}",{}
https://simplify.jobs/p/eb5d6e5b-0aa4-4e39-88ca-6ba584faab9d,Senior Angular Frontend Developer,MyTime,"Remote; Los Angeles, CA, USA",,,,,,2026-09-04T07:24:02+00:00,2026-02-25T02:13:38+00:00,false,,remote,full_time,senior,,,,simplify,https://simplify.jobs/p/eb5d6e5b-0aa4-4e39-88ca-6ba584faab9d,,simplify,"[{""site"": ""simplify"", ""url"": ""https://simplify.jobs/p/eb5d6e5b-0aa4-4e39-88ca-6ba584faab9d""}]",[],[],"{""location"": [""Remote; Los Angeles, CA, USA""]}",{},"{""location"": ""array_field""}",{}
https://simplify.jobs/p/51193bef-6195-454d-8eef-120dd2cf186c,Senior Frontend Engineer - Frontend - Product Engineering,TRM Labs,Remote in USA,180000.0,230000.0,USD,,,2026-09-19T09:00:14+00:00,2026-05-19T01:08:37+00:00,false,,hybrid,full_time,mid | senior,,,,simplify,https://simplify.jobs/p/51193bef-6195-454d-8eef-120dd2cf186c,,simplify,"[{""site"": ""simplify"", ""url"": ""https://simplify.jobs/p/51193bef-6195-454d-8eef-120dd2cf186c""}]",[],[],"{""location"": [""Remote in USA""]}",{},"{""location"": ""array_field""}",{}
https://simplify.jobs/p/6258fd6a-3c74-4f84-bc0e-9b72f47c1f16,Software Engineer 2 – Frontend,Netomi,"Remote; Gurugram, Haryana, India",,,,,,2026-09-16T09:17:16+00:00,2026-08-05T09:13:24+00:00,false,,remote,full_time,mid,,,,simplify,https://simplify.jobs/p/6258fd6a-3c74-4f84-bc0e-9b72f47c1f16,,simplify,"[{""site"": ""simplify"", ""url"": ""https://simplify.jobs/p/6258fd6a-3c74-4f84-bc0e-9b72f47c1f16""}]",[],[],"{""location"": [""Remote; Gurugram, Haryana, India""]}",{},"{""location"": ""array_field""}",{}
https://simplify.jobs/p/c9a2c5b0-384e-471a-97e8-1c6e57b343c7,Software Engineer - Frontend,SIFT,"Marina Del Rey, CA, USA",160000.0,200000.0,USD,,,2026-09-04T06:57:01+00:00,2026-08-04T22:20:15+00:00,false,,hybrid,full_time,mid,,,,simplify,https://simplify.jobs/p/c9a2c5b0-384e-471a-97e8-1c6e57b343c7,,simplify,"[{""site"": ""simplify"", ""url"": ""https://simplify.jobs/p/c9a2c5b0-384e-471a-97e8-1c6e57b343c7""}]",[],[],"{""location"": [""Marina Del Rey, CA, USA""]}",{},"{""location"": ""array_field""}",{}
https://simplify.jobs/p/9f8e5271-45fa-408f-844b-292c1e34d579,Senior Frontend Developer - Vue.js,Mytigate,"Remote; Eschborn, Germany",,,,,,2026-09-04T12:00:01+00:00,2026-08-18T01:12:15+00:00,false,,remote,full_time,junior,,,,simplify,https://simplify.jobs/p/9f8e5271-45fa-408f-844b-292c1e34d579,,simplify,"[{""site"": ""simplify"", ""url"": ""https://simplify.jobs/p/9f8e5271-45fa-408f-844b-292c1e34d579""}]",[],[],"{""location"": [""Remote; Eschborn, Germany""]}",{},"{""location"": ""array_field""}",{}
https://simplify.jobs/p/91504975-fdf4-4b31-8416-180a2b0b967e,Staff Software Engineer - Frontend,SigNoz,Remote; Remote in India,,,,,,2026-09-03T17:54:20+00:00,2026-03-02T07:11:44+00:00,false,,remote,full_time,senior,,,,simplify,https://simplify.jobs/p/91504975-fdf4-4b31-8416-180a2b0b967e,,simplify,"[{""site"": ""simplify"", ""url"": ""https://simplify.jobs/p/91504975-fdf4-4b31-8416-180a2b0b967e""}]",[],[],"{""location"": [""Remote; Remote in India""]}",{},"{""location"": ""array_field""}",{}
https://simplify.jobs/p/1689bb10-df5a-44ca-a62e-098017b916b8,Senior Software Engineer - Frontend Video Advertising,The New York Times,Remote; Remote in USA,140000.0,160000.0,USD,,,2026-09-08T22:39:27+00:00,2026-03-10T22:22:45+00:00,false,,remote,full_time,senior,,,,simplify,https://simplify.jobs/p/1689bb10-df5a-44ca-a62e-098017b916b8,,simplify,"[{""site"": ""simplify"", ""url"": ""https://simplify.jobs/p/1689bb10-df5a-44ca-a62e-098017b916b8""}]",[],[],"{""location"": [""Remote; Remote in USA""]}",{},"{""location"": ""array_field""}",{}
https://simplify.jobs/p/0731ff73-dd1e-4160-b89a-fa2b7c981e5b,Senior Frontend Engineer,Umbrel,Remote; Remote in USA,,,,,,2026-09-04T09:42:02+00:00,2026-07-21T01:15:11+00:00,false,,remote,full_time,mid | senior,,,,simplify,https://simplify.jobs/p/0731ff73-dd1e-4160-b89a-fa2b7c981e5b,,simplify,"[{""site"": ""simplify"", ""url"": ""https://simplify.jobs/p/0731ff73-dd1e-4160-b89a-fa2b7c981e5b""}]",[],[],"{""location"": [""Remote; Remote in USA""]}",{},"{""location"": ""array_field""}",{}
https://simplify.jobs/p/1a573593-8a95-41d6-9801-7bf35120132d,Front-End Developer - Mid-Level,Jobs for Humanity,"Remote; New York, NY, USA",,,,,,2026-09-04T07:24:02+00:00,2026-03-19T06:20:45+00:00,false,,remote,full_time,mid,,,,simplify,https://simplify.jobs/p/1a573593-8a95-41d6-9801-7bf35120132d,,simplify,"[{""site"": ""simplify"", ""url"": ""https://simplify.jobs/p/1a573593-8a95-41d6-9801-7bf35120132d""}]",[],[],"{""location"": [""Remote; New York, NY, USA""]}",{},"{""location"": ""array_field""}",{}
https://simplify.jobs/p/af6e5a8b-6316-46a7-b0e5-70c6a6d67008,Senior Frontend Engineer - React,Contra,"Remote; San Francisco, CA, USA",,,,,,2026-09-04T01:57:21+00:00,2026-08-12T01:15:17+00:00,false,,remote,full_time,senior,,,,simplify,https://simplify.jobs/p/af6e5a8b-6316-46a7-b0e5-70c6a6d67008,,simplify,"[{""site"": ""simplify"", ""url"": ""https://simplify.jobs/p/af6e5a8b-6316-46a7-b0e5-70c6a6d67008""}]",[],[],"{""location"": [""Remote; San Francisco, CA, USA""]}",{},"{""location"": ""array_field""}",{}
https://simplify.jobs/p/89bb7497-b231-4b74-8663-2230941f4b42,Senior Software Engineer - Front-End - CX Apps,Collectors,"Remote; California, USA",140971.0,228870.0,USD,,,2026-09-03T19:00:22+00:00,2026-06-27T10:10:25+00:00,false,,remote,full_time,senior,,,,simplify,https://simplify.jobs/p/89bb7497-b231-4b74-8663-2230941f4b42,,simplify,"[{""site"": ""simplify"", ""url"": ""https://simplify.jobs/p/89bb7497-b231-4b74-8663-2230941f4b42""}]",[],[],"{""location"": [""Remote; California, USA""]}",{},"{""location"": ""array_field""}",{}
https://simplify.jobs/p/dd5a8960-c0e7-45ca-baf8-db22d2c6ebd8,Staff Front-End Engineer - Design Systems,Canva,"Remote; Brisbane QLD, Australia",,,,,,2026-09-04T08:27:01+00:00,2026-06-29T06:03:42+00:00,false,,remote,full_time,,,,,simplify,https://simplify.jobs/p/dd5a8960-c0e7-45ca-baf8-db22d2c6ebd8,,simplify,"[{""site"": ""simplify"", ""url"": ""https://simplify.jobs/p/dd5a8960-c0e7-45ca-baf8-db22d2c6ebd8""}]",[],[],"{""location"": [""Remote; Brisbane QLD, Australia""]}",{},"{""location"": ""array_field""}",{}
https://simplify.jobs/p/3bdeef66-5cb3-4b4e-b4ab-0a3b814ec230,Senior Frontend Developer - AI Cloud Platform,Evergrid,Remote; Remote in USA,,,,,,2026-09-04T09:42:02+00:00,2026-07-21T01:14:48+00:00,false,,remote,full_time,senior,,,,simplify,https://simplify.jobs/p/3bdeef66-5cb3-4b4e-b4ab-0a3b814ec230,,simplify,"[{""site"": ""simplify"", ""url"": ""https://simplify.jobs/p/3bdeef66-5cb3-4b4e-b4ab-0a3b814ec230""}]",[],[],"{""location"": [""Remote; Remote in USA""]}",{},"{""location"": ""array_field""}",{}
https://simplify.jobs/p/2ff033e4-9ce8-4787-a210-e948c31d378f,Senior Frontend Engineer - React,Qonto,"Remote; Milan, Metropolitan City of Milan, Italy",,,,,,2026-09-18T09:15:04+00:00,2026-08-31T18:54:48+00:00,false,,remote,full_time,mid,,,,simplify,https://simplify.jobs/p/2ff033e4-9ce8-4787-a210-e948c31d378f,,simplify,"[{""site"": ""simplify"", ""url"": ""https://simplify.jobs/p/2ff033e4-9ce8-4787-a210-e948c31d378f""}]",[],[],"{""location"": [""Remote; Milan, Metropolitan City of Milan, Italy""]}",{},"{""location"": ""array_field""}",{}
https://simplify.jobs/p/f9f6c0a5-4292-4e7e-a65c-e2310895d099,Senior Frontend Engineer,Rush Street Interactive,Remote; Remote in Canada,103000.0,155000.0,CAD,,,2026-09-04T07:36:01+00:00,2026-04-10T22:13:43+00:00,false,,remote,full_time,senior,,,,simplify,https://simplify.jobs/p/f9f6c0a5-4292-4e7e-a65c-e2310895d099,,simplify,"[{""site"": ""simplify"", ""url"": ""https://simplify.jobs/p/f9f6c0a5-4292-4e7e-a65c-e2310895d099""}]",[],[],"{""location"": [""Remote; Remote in Canada""]}",{},"{""location"": ""array_field""}",{}
https://simplify.jobs/p/fa8122bc-0695-4e23-8987-a4043e8e77e0,E-EFMP Front-End Developer,DecisionPoint,Remote; Remote in USA,,,,,,2026-09-04T10:54:01+00:00,2026-08-14T03:59:41+00:00,false,,remote,full_time,senior,,,,simplify,https://simplify.jobs/p/fa8122bc-0695-4e23-8987-a4043e8e77e0,,simplify,"[{""site"": ""simplify"", ""url"": ""https://simplify.jobs/p/fa8122bc-0695-4e23-8987-a4043e8e77e0""}]",[],[],"{""location"": [""Remote; Remote in USA""]}",{},"{""location"": ""array_field""}",{}
https://simplify.jobs/p/d4fafe15-51d0-4884-b771-fb063dd8e2db,Front-End UI Developer,Jack Henry,"Remote; Allen, TX, USA; Louisville, KY, USA; Birmingham, AL, USA; Cedar Falls, IA, USA; Charlotte, NC, USA; Monett, MO, USA; Springfield, MO, USA; Overland Park, KS, USA",,,,,,2026-09-16T10:45:01+00:00,2026-09-14T19:55:47+00:00,false,,remote,full_time,junior,,,,simplify,https://simplify.jobs/p/d4fafe15-51d0-4884-b771-fb063dd8e2db,,simplify,"[{""site"": ""simplify"", ""url"": ""https://simplify.jobs/p/d4fafe15-51d0-4884-b771-fb063dd8e2db""}]",[],[],"{""location"": [""Remote; Allen, TX, USA; Louisville, KY, USA; Birmingham, AL, USA; Cedar Falls, IA, USA; Charlotte, NC, USA; Monett, MO, USA; Springfield, MO, USA; Overland Park, KS, USA""]}",{},"{""location"": ""array_field""}",{}
https://simplify.jobs/p/2c1678b2-becf-4001-99bb-f9438e2dd20f,Frontend Engineer - Architect,Tempo,"San Francisco, CA, USA; Remote in USA",,,,,,2026-09-03T19:51:22+00:00,2026-07-21T01:15:13+00:00,false,,hybrid,full_time,senior,,,,simplify,https://simplify.jobs/p/2c1678b2-becf-4001-99bb-f9438e2dd20f,,simplify,"[{""site"": ""simplify"", ""url"": ""https://simplify.jobs/p/2c1678b2-becf-4001-99bb-f9438e2dd20f""}]",[],[],"{""location"": [""San Francisco, CA, USA; Remote in USA""]}",{},"{""location"": ""array_field""}",{}
https://simplify.jobs/p/bef6cd4a-5f73-4a94-af42-88b1343ada05,Software Engineer 2 - Frontend,Greenlight,"Remote; Atlanta, GA, USA",140000.0,170000.0,USD,,,2026-09-03T11:19:20+00:00,2026-08-03T22:13:17+00:00,false,,remote,full_time,mid,,,,simplify,https://simplify.jobs/p/bef6cd4a-5f73-4a94-af42-88b1343ada05,,simplify,"[{""site"": ""simplify"", ""url"": ""https://simplify.jobs/p/bef6cd4a-5f73-4a94-af42-88b1343ada05""}]",[],[],"{""location"": [""Remote; Atlanta, GA, USA""]}",{},"{""location"": ""array_field""}",{}
https://simplify.jobs/p/52562b4c-a215-4989-8d2c-ad62834e5171,Senior Software Engineer: Front-End,LogicGate,"Remote in USA; Chicago, IL, USA; Bellevue, WA, USA",120000.0,160000.0,USD,,,2026-09-03T03:00:21+00:00,2026-08-31T23:51:40+00:00,false,,hybrid,full_time,senior,,,,simplify,https://simplify.jobs/p/52562b4c-a215-4989-8d2c-ad62834e5171,,simplify,"[{""site"": ""simplify"", ""url"": ""https://simplify.jobs/p/52562b4c-a215-4989-8d2c-ad62834e5171""}]",[],[],"{""location"": [""Remote in USA; Chicago, IL, USA; Bellevue, WA, USA""]}",{},"{""location"": ""array_field""}",{}
https://simplify.jobs/p/f5fc1ab0-3fe0-405f-9c8e-74a43e571002,Staff Frontend Engineer,Assured,"Remote; Palo Alto, CA, USA; Remote in USA",210000.0,270000.0,USD,,,2026-09-04T07:51:01+00:00,2026-05-13T22:09:32+00:00,false,,remote,full_time,senior,,,,simplify,https://simplify.jobs/p/f5fc1ab0-3fe0-405f-9c8e-74a43e571002,,simplify,"[{""site"": ""simplify"", ""url"": ""https://simplify.jobs/p/f5fc1ab0-3fe0-405f-9c8e-74a43e571002""}]",[],[],"{""location"": [""Remote; Palo Alto, CA, USA; Remote in USA""]}",{},"{""location"": ""array_field""}",{}
https://simplify.jobs/p/21b95fb5-d489-4032-af81-46650b0e2764,Frontend Engineer – New Grad,D3,"Los Angeles, CA, USA",,,,,,2025-12-11T23:28:29+00:00,2025-12-11T23:28:29+00:00,false,,hybrid,full_time,,,,,simplify,https://simplify.jobs/p/21b95fb5-d489-4032-af81-46650b0e2764,,simplify,"[{""site"": ""simplify"", ""url"": ""https://simplify.jobs/p/21b95fb5-d489-4032-af81-46650b0e2764""}]",[],[],"{""location"": [""Los Angeles, CA, USA""]}",{},"{""location"": ""array_field""}",{}
https://simplify.jobs/p/1200d9c3-8c18-4a2b-a55a-19887da19374,Frontend Engineer Intern,Centerfield,"Los Angeles, CA, USA",30.0,30.0,USD,,,2026-09-04T00:39:22+00:00,2026-08-06T22:18:16+00:00,true,,hybrid,internship,intern,,,,simplify,https://simplify.jobs/p/1200d9c3-8c18-4a2b-a55a-19887da19374,,simplify,"[{""site"": ""simplify"", ""url"": ""https://simplify.jobs/p/1200d9c3-8c18-4a2b-a55a-19887da19374""}]",[],[],"{""location"": [""Los Angeles, CA, USA""]}",{},"{""location"": ""array_field""}",{}
https://simplify.jobs/p/25f7ec37-481b-4a92-9c27-13b31f683b4f,Frontend Software Engineer - Multiple Teams,Hadrian,"Los Angeles, CA, USA; Torrance, CA, USA",120000.0,300000.0,USD,,,2026-09-18T08:45:36+00:00,2025-10-30T23:59:16+00:00,false,,onsite,full_time,mid,,,,simplify,https://simplify.jobs/p/25f7ec37-481b-4a92-9c27-13b31f683b4f,,simplify,"[{""site"": ""simplify"", ""url"": ""https://simplify.jobs/p/25f7ec37-481b-4a92-9c27-13b31f683b4f""}]",[],[],"{""location"": [""Los Angeles, CA, USA; Torrance, CA, USA""]}",{},"{""location"": ""array_field""}",{}
https://simplify.jobs/p/5ddbc013-9d31-4a2d-962d-1d5e1766571a,Software Engineers - Front-end & Back-end roles,Zepto,Remote; Remote in Australia,,,,,,2026-09-03T20:03:20+00:00,2026-07-24T06:22:27+00:00,false,,remote,full_time,mid,,,,simplify,https://simplify.jobs/p/5ddbc013-9d31-4a2d-962d-1d5e1766571a,,simplify,"[{""site"": ""simplify"", ""url"": ""https://simplify.jobs/p/5ddbc013-9d31-4a2d-962d-1d5e1766571a""}]",[],[],"{""location"": [""Remote; Remote in Australia""]}",{},"{""location"": ""array_field""}",{}
https://simplify.jobs/p/a948073b-9a15-42e6-b3ef-b4342c2c349e,Senior Staff Engineer Frontend,Lendistry,"Los Angeles, CA, USA; Dallas, TX, USA; Remote in USA; Tustin, CA, USA",111200.0,185000.0,USD,,,2026-09-04T03:12:21+00:00,2026-07-27T00:00:00+00:00,false,,hybrid,full_time,senior,,,,simplify,https://simplify.jobs/p/a948073b-9a15-42e6-b3ef-b4342c2c349e,,simplify,"[{""site"": ""simplify"", ""url"": ""https://simplify.jobs/p/a948073b-9a15-42e6-b3ef-b4342c2c349e""}]",[],[],"{""location"": [""Los Angeles, CA, USA; Dallas, TX, USA; Remote in USA; Tustin, CA, USA""]}",{},"{""location"": ""array_field""}",{}
https://simplify.jobs/p/46e54301-c314-4ff1-9bc8-11bad7566c8b,Frontend Software Engineer,Veilant,"Remote; Chantilly, VA, USA",100000.0,125000.0,USD,,,2026-09-17T22:14:46+00:00,2026-09-17T22:05:07+00:00,false,,remote,full_time,mid,,,,simplify,https://simplify.jobs/p/46e54301-c314-4ff1-9bc8-11bad7566c8b,,simplify,"[{""site"": ""simplify"", ""url"": ""https://simplify.jobs/p/46e54301-c314-4ff1-9bc8-11bad7566c8b""}]",[],[],"{""location"": [""Remote; Chantilly, VA, USA""]}",{},"{""location"": ""array_field""}",{}
https://simplify.jobs/p/98df9335-29a0-47e9-bc43-b8c426e47dc7,Senior React Frontend Developer / Lead Developer,Treehouse Strategy and Communications,"Remote; White Plains, NY, USA",,,,,,2026-09-04T07:24:02+00:00,2026-02-27T07:08:50+00:00,false,,remote,full_time,senior,,,,simplify,https://simplify.jobs/p/98df9335-29a0-47e9-bc43-b8c426e47dc7,,simplify,"[{""site"": ""simplify"", ""url"": ""https://simplify.jobs/p/98df9335-29a0-47e9-bc43-b8c426e47dc7""}]",[],[],"{""location"": [""Remote; White Plains, NY, USA""]}",{},"{""location"": ""array_field""}",{}
https://simplify.jobs/p/3aa5fd5a-a941-4939-8a19-e6389676af38,Frontend Developer,Photon,Remote; Remote in India,,,,,,2025-11-12T01:12:11+00:00,2025-10-31T07:57:28+00:00,false,,remote,full_time,senior,,,,simplify,https://simplify.jobs/p/3aa5fd5a-a941-4939-8a19-e6389676af38,,simplify,"[{""site"": ""simplify"", ""url"": ""https://simplify.jobs/p/3aa5fd5a-a941-4939-8a19-e6389676af38""}]",[],[],"{""location"": [""Remote; Remote in India""]}",{},"{""location"": ""array_field""}",{}
https://simplify.jobs/p/7c02b87d-9060-43d7-91b7-c1bf23c8b198,Senior Software Engineer - Frontend,Zoo,"Remote; Los Angeles, CA, USA",145000.0,195000.0,USD,,,2026-09-04T07:51:01+00:00,2026-04-29T22:20:14+00:00,false,,remote,full_time,senior,,,,simplify,https://simplify.jobs/p/7c02b87d-9060-43d7-91b7-c1bf23c8b198,,simplify,"[{""site"": ""simplify"", ""url"": ""https://simplify.jobs/p/7c02b87d-9060-43d7-91b7-c1bf23c8b198""}]",[],[],"{""location"": [""Remote; Los Angeles, CA, USA""]}",{},"{""location"": ""array_field""}",{}
https://simplify.jobs/p/a7504cd3-ec6e-4d91-b20b-bb6d5f95e1e9,Senior/Staff Frontend Engineer - Web Products,Machinify,Remote; Remote in USA,200000.0,250000.0,USD,,,2026-09-04T08:03:01+00:00,2026-05-19T01:15:10+00:00,false,,remote,full_time,senior,,,,simplify,https://simplify.jobs/p/a7504cd3-ec6e-4d91-b20b-bb6d5f95e1e9,,simplify,"[{""site"": ""simplify"", ""url"": ""https://simplify.jobs/p/a7504cd3-ec6e-4d91-b20b-bb6d5f95e1e9""}]",[],[],"{""location"": [""Remote; Remote in USA""]}",{},"{""location"": ""array_field""}",{}
https://simplify.jobs/p/57184400-c81e-4ede-b8a3-d47cfe8f2d1c,Frontend Engineer,Layer Financial Technologies,"Remote; San Francisco, CA, USA",,,,,,2026-09-18T09:33:12+00:00,2026-07-07T09:11:45+00:00,false,,remote,full_time,junior | mid,,,,simplify,https://simplify.jobs/p/57184400-c81e-4ede-b8a3-d47cfe8f2d1c,,simplify,"[{""site"": ""simplify"", ""url"": ""https://simplify.jobs/p/57184400-c81e-4ede-b8a3-d47cfe8f2d1c""}]",[],[],"{""location"": [""Remote; San Francisco, CA, USA""]}",{},"{""location"": ""array_field""}",{}
https://simplify.jobs/p/e03a23b2-ddce-4292-b70a-a64844dc5b01,Senior Frontend Engineer,ClickUp,Remote; Remote in USA,160000.0,210000.0,USD,,,2026-09-04T22:45:01+00:00,2026-09-04T22:43:18+00:00,false,,remote,full_time,senior,,,,simplify,https://simplify.jobs/p/e03a23b2-ddce-4292-b70a-a64844dc5b01,,simplify,"[{""site"": ""simplify"", ""url"": ""https://simplify.jobs/p/e03a23b2-ddce-4292-b70a-a64844dc5b01""}]",[],[],"{""location"": [""Remote; Remote in USA""]}",{},"{""location"": ""array_field""}",{}
https://simplify.jobs/p/4cfa085c-331c-42c7-be79-a01d3c3092c7,Frontend Engineer,Drivetrain,Remote; Remote in India,,,,,,2025-10-31T08:56:11+00:00,2025-10-31T08:56:11+00:00,false,,remote,full_time,junior | mid,,,,simplify,https://simplify.jobs/p/4cfa085c-331c-42c7-be79-a01d3c3092c7,,simplify,"[{""site"": ""simplify"", ""url"": ""https://simplify.jobs/p/4cfa085c-331c-42c7-be79-a01d3c3092c7""}]",[],[],"{""location"": [""Remote; Remote in India""]}",{},"{""location"": ""array_field""}",{}
https://simplify.jobs/p/4c513fa2-28d9-4007-8d8a-38c414122aeb,Staff Frontend Engineer,Trading212,Remote; Remote in Spain,,,,,,2026-09-04T12:54:01+00:00,2026-08-25T23:35:07+00:00,false,,remote,full_time,senior,,,,simplify,https://simplify.jobs/p/4c513fa2-28d9-4007-8d8a-38c414122aeb,,simplify,"[{""site"": ""simplify"", ""url"": ""https://simplify.jobs/p/4c513fa2-28d9-4007-8d8a-38c414122aeb""}]",[],[],"{""location"": [""Remote; Remote in Spain""]}",{},"{""location"": ""array_field""}",{}
https://simplify.jobs/p/ad1f90e1-592e-4d29-9efd-aa3287e2cd8f,Frontend Design Systems Engineer,Seeq,Remote; Remote in USA,144000.0,170000.0,USD,,,2026-09-04T01:18:24+00:00,2026-08-08T01:19:54+00:00,false,,remote,full_time,,,,,simplify,https://simplify.jobs/p/ad1f90e1-592e-4d29-9efd-aa3287e2cd8f,,simplify,"[{""site"": ""simplify"", ""url"": ""https://simplify.jobs/p/ad1f90e1-592e-4d29-9efd-aa3287e2cd8f""}]",[],[],"{""location"": [""Remote; Remote in USA""]}",{},"{""location"": ""array_field""}",{}
https://simplify.jobs/p/6b9d0444-e2ed-408e-8a8c-7a571c4c7b84,Senior Frontend Engineer - React,Qonto,"Remote; Berlin, Germany",,,,,,2026-09-18T09:15:04+00:00,2026-08-31T18:54:58+00:00,false,,remote,full_time,mid,,,,simplify,https://simplify.jobs/p/6b9d0444-e2ed-408e-8a8c-7a571c4c7b84,,simplify,"[{""site"": ""simplify"", ""url"": ""https://simplify.jobs/p/6b9d0444-e2ed-408e-8a8c-7a571c4c7b84""}]",[],[],"{""location"": [""Remote; Berlin, Germany""]}",{},"{""location"": ""array_field""}",{}
https://simplify.jobs/p/cdb3232e-122f-499b-8fb7-137d5b8035b0,Senior Front-end Developer,Blue Coding,Remote; South America,,,,,,2026-09-16T22:18:03+00:00,2026-09-16T22:11:19+00:00,false,,remote,full_time,senior,,,,simplify,https://simplify.jobs/p/cdb3232e-122f-499b-8fb7-137d5b8035b0,,simplify,"[{""site"": ""simplify"", ""url"": ""https://simplify.jobs/p/cdb3232e-122f-499b-8fb7-137d5b8035b0""}]",[],[],"{""location"": [""Remote; South America""]}",{},"{""location"": ""array_field""}",{}
https://simplify.jobs/p/3b0a5033-0452-4bdf-a862-dd0db170de9a,Staff Software Engineer - Frontend,Sigma Computing,"Remote; New York, NY, USA",240000.0,270000.0,USD,,,2026-09-04T08:15:01+00:00,2026-06-10T06:13:07+00:00,false,,remote,full_time,,,,,simplify,https://simplify.jobs/p/3b0a5033-0452-4bdf-a862-dd0db170de9a,,simplify,"[{""site"": ""simplify"", ""url"": ""https://simplify.jobs/p/3b0a5033-0452-4bdf-a862-dd0db170de9a""}]",[],[],"{""location"": [""Remote; New York, NY, USA""]}",{},"{""location"": ""array_field""}",{}
https://simplify.jobs/p/d44cf3f6-ef30-4c09-81b1-5249303e2a2c,Frontend Engineer & UI Designer - Developer Tooling,SearchApi,Remote; Remote in Germany; Remote in UK; Remote in Ireland; Remote in Australia; Remote in Spain; Remote in Canada; Remote in Italy; Remote in France,,,,,,2026-09-18T10:37:55+00:00,2026-06-29T22:08:08+00:00,false,,remote,full_time,mid,,,,simplify,https://simplify.jobs/p/d44cf3f6-ef30-4c09-81b1-5249303e2a2c,,simplify,"[{""site"": ""simplify"", ""url"": ""https://simplify.jobs/p/d44cf3f6-ef30-4c09-81b1-5249303e2a2c""}]",[],[],"{""location"": [""Remote; Remote in Germany; Remote in UK; Remote in Ireland; Remote in Australia; Remote in Spain; Remote in Canada; Remote in Italy; Remote in France""]}",{},"{""location"": ""array_field""}",{}
https://simplify.jobs/p/785cafc1-6967-4367-a708-3b21f07891ba,Senior Software Engineer - Frontend,Optimal Dynamics,Remote; Remote in USA,165000.0,195000.0,USD,,,2026-09-04T07:36:01+00:00,2026-04-14T22:09:37+00:00,false,,remote,full_time,senior,,,,simplify,https://simplify.jobs/p/785cafc1-6967-4367-a708-3b21f07891ba,,simplify,"[{""site"": ""simplify"", ""url"": ""https://simplify.jobs/p/785cafc1-6967-4367-a708-3b21f07891ba""}]",[],[],"{""location"": [""Remote; Remote in USA""]}",{},"{""location"": ""array_field""}",{}
https://simplify.jobs/p/510a2c33-377f-41ee-9c7b-a96cf7e563f3,Frontend Software Engineer - React,Babel,"Remote; Oviedo, Municipality of Oviedo, Asturias, Spain; Barcelona, Spain; Seville, Spain; Málaga, Spain; Madrid, Spain",,,,,,2026-09-03T09:57:19+00:00,2026-08-24T00:00:00+00:00,false,,remote,full_time,senior,,,,simplify,https://simplify.jobs/p/510a2c33-377f-41ee-9c7b-a96cf7e563f3,,simplify,"[{""site"": ""simplify"", ""url"": ""https://simplify.jobs/p/510a2c33-377f-41ee-9c7b-a96cf7e563f3""}]",[],[],"{""location"": [""Remote; Oviedo, Municipality of Oviedo, Asturias, Spain; Barcelona, Spain; Seville, Spain; Málaga, Spain; Madrid, Spain""]}",{},"{""location"": ""array_field""}",{}
https://simplify.jobs/p/53cf476d-d30a-4c40-a2ef-c3877af8eaa9,Senior Frontend Engineer,Canals AI,Remote; Remote in USA,,,,,,2026-09-04T07:12:12+00:00,2026-02-06T07:09:42+00:00,false,,remote,full_time,mid | senior,,,,simplify,https://simplify.jobs/p/53cf476d-d30a-4c40-a2ef-c3877af8eaa9,,simplify,"[{""site"": ""simplify"", ""url"": ""https://simplify.jobs/p/53cf476d-d30a-4c40-a2ef-c3877af8eaa9""}]",[],[],"{""location"": [""Remote; Remote in USA""]}",{},"{""location"": ""array_field""}",{}
https://simplify.jobs/p/f8d466ad-5664-4e75-83de-73a5595cf19d,Senior Frontend Engineer,Grid Technology,"Remote; Oakland, CA, USA; Remote in USA",135000.0,150000.0,USD,,,2026-09-04T07:36:01+00:00,2026-03-27T01:14:40+00:00,false,,remote,full_time,senior,,,,simplify,https://simplify.jobs/p/f8d466ad-5664-4e75-83de-73a5595cf19d,,simplify,"[{""site"": ""simplify"", ""url"": ""https://simplify.jobs/p/f8d466ad-5664-4e75-83de-73a5595cf19d""}]",[],[],"{""location"": [""Remote; Oakland, CA, USA; Remote in USA""]}",{},"{""location"": ""array_field""}",{}
https://simplify.jobs/p/3a1bb347-77be-442a-8236-431fb3d9dfce,Senior Front-End Developer,DecisionPoint,Remote; Remote in USA,,,,,,2026-09-04T10:54:01+00:00,2026-08-14T03:59:45+00:00,false,,remote,full_time,senior,,,,simplify,https://simplify.jobs/p/3a1bb347-77be-442a-8236-431fb3d9dfce,,simplify,"[{""site"": ""simplify"", ""url"": ""https://simplify.jobs/p/3a1bb347-77be-442a-8236-431fb3d9dfce""}]",[],[],"{""location"": [""Remote; Remote in USA""]}",{},"{""location"": ""array_field""}",{}
https://simplify.jobs/p/d57d9f60-bc74-4b0e-b550-e84bbcfea311,Associate Staff Engineer - Frontend React,Nagarro,Remote; Remote in India,,,,,,2026-09-03T17:09:30+00:00,2025-03-19T23:47:07+00:00,false,,remote,full_time,senior,,,,simplify,https://simplify.jobs/p/d57d9f60-bc74-4b0e-b550-e84bbcfea311,,simplify,"[{""site"": ""simplify"", ""url"": ""https://simplify.jobs/p/d57d9f60-bc74-4b0e-b550-e84bbcfea311""}]",[],[],"{""location"": [""Remote; Remote in India""]}",{},"{""location"": ""array_field""}",{}
https://simplify.jobs/p/e676db25-0aa0-495b-bac1-9ce0eda375af,Front-End Developer - Angular,Explorance,"Remote; Montreal, QC, Canada",,,,,,2026-09-04T02:24:21+00:00,2026-08-13T06:22:22+00:00,false,,remote,full_time,mid,,,,simplify,https://simplify.jobs/p/e676db25-0aa0-495b-bac1-9ce0eda375af,,simplify,"[{""site"": ""simplify"", ""url"": ""https://simplify.jobs/p/e676db25-0aa0-495b-bac1-9ce0eda375af""}]",[],[],"{""location"": [""Remote; Montreal, QC, Canada""]}",{},"{""location"": ""array_field""}",{}
https://simplify.jobs/p/ad9e908e-e9c8-4219-9587-abe4f0577d88,Senior Frontend Engineer,AlphaSights,"Remote; London, UK",,,,,,2026-09-15T10:12:02+00:00,2026-08-25T23:52:16+00:00,false,,remote,full_time,senior,,,,simplify,https://simplify.jobs/p/ad9e908e-e9c8-4219-9587-abe4f0577d88,,simplify,"[{""site"": ""simplify"", ""url"": ""https://simplify.jobs/p/ad9e908e-e9c8-4219-9587-abe4f0577d88""}]",[],[],"{""location"": [""Remote; London, UK""]}",{},"{""location"": ""array_field""}",{}
https://simplify.jobs/p/b50c1509-e2f7-4d51-a822-4b7be69d316a,Senior Software Engineer - Frontend,Affirm,Remote; Remote in Canada,153000.0,213000.0,CAD,,,2026-09-11T23:57:01+00:00,2026-08-21T22:12:13+00:00,false,,remote,full_time,mid | senior,,,,simplify,https://simplify.jobs/p/b50c1509-e2f7-4d51-a822-4b7be69d316a | https://simplify.jobs/p/b3269c44-de3c-48ab-9e87-11d033841101,,simplify,"[{""site"": ""simplify"", ""url"": ""https://simplify.jobs/p/b50c1509-e2f7-4d51-a822-4b7be69d316a""}, {""site"": ""simplify"", ""url"": ""https://simplify.jobs/p/b3269c44-de3c-48ab-9e87-11d033841101""}]",[],[],"{""location"": [""Remote; Remote in Canada""]}",{},"{""location"": ""array_field""}",{}
https://simplify.jobs/p/3587426b-3401-4d11-b49f-6c86b6dd12f8,Software Engineer - Frontend - Agentic AI,SIFT,"Marina Del Rey, CA, USA",160000.0,200000.0,USD,,,2026-09-03T16:57:18+00:00,2026-07-27T22:24:11+00:00,false,,hybrid,full_time,mid,,,,simplify,https://simplify.jobs/p/3587426b-3401-4d11-b49f-6c86b6dd12f8,,simplify,"[{""site"": ""simplify"", ""url"": ""https://simplify.jobs/p/3587426b-3401-4d11-b49f-6c86b6dd12f8""}]",[],[],"{""location"": [""Marina Del Rey, CA, USA""]}",{},"{""location"": ""array_field""}",{}
https://simplify.jobs/p/79041f34-0b97-4aee-a65e-d2da012b8795,Frontend Software Engineer,Maania Consultancy Services,"Remote; Laurel, MD, USA",,,,,,2026-09-04T01:03:21+00:00,2026-08-07T22:17:19+00:00,false,,remote,full_time,mid,,,,simplify,https://simplify.jobs/p/79041f34-0b97-4aee-a65e-d2da012b8795,,simplify,"[{""site"": ""simplify"", ""url"": ""https://simplify.jobs/p/79041f34-0b97-4aee-a65e-d2da012b8795""}]",[],[],"{""location"": [""Remote; Laurel, MD, USA""]}",{},"{""location"": ""array_field""}",{}
https://simplify.jobs/p/1b6dad46-d332-4d72-8ecb-494ea7b03366,Principal Software Engineer - Frontend,Palo Alto Networks,"Remote; Boston, MA, USA; San Francisco, CA, USA; Austin, TX, USA; Bridgeport, CT, USA; New York, NY, USA; Phoenix, AZ, USA; Denver, CO, USA; Jacksonville, FL, USA; Atlanta, GA, USA",,,,,,2026-09-04T09:15:01+00:00,2026-07-01T22:10:11+00:00,false,,remote,full_time,,,,,simplify,https://simplify.jobs/p/1b6dad46-d332-4d72-8ecb-494ea7b03366,,simplify,"[{""site"": ""simplify"", ""url"": ""https://simplify.jobs/p/1b6dad46-d332-4d72-8ecb-494ea7b03366""}]",[],[],"{""location"": [""Remote; Boston, MA, USA; San Francisco, CA, USA; Austin, TX, USA; Bridgeport, CT, USA; New York, NY, USA; Phoenix, AZ, USA; Denver, CO, USA; Jacksonville, FL, USA; Atlanta, GA, USA""]}",{},"{""location"": ""array_field""}",{}
https://simplify.jobs/p/38e44f94-69b2-4ea9-8b83-c6eb65a4810d,Senior Frontend Developer,Tempo ,Remote; Remote in UK; Remote in Spain; Remote in Canada,,,,,,2026-09-04T07:51:01+00:00,2026-07-22T22:13:51+00:00,false,,remote,full_time,mid | senior,,,,simplify,https://simplify.jobs/p/38e44f94-69b2-4ea9-8b83-c6eb65a4810d,,simplify,"[{""site"": ""simplify"", ""url"": ""https://simplify.jobs/p/38e44f94-69b2-4ea9-8b83-c6eb65a4810d""}]",[],[],"{""location"": [""Remote; Remote in UK; Remote in Spain; Remote in Canada""]}",{},"{""location"": ""array_field""}",{}
https://simplify.jobs/p/f37bd7ca-a534-4815-ab08-dd40af9ab42a,Senior Software Engineer - Frontend,Phantom,Remote; Remote in USA,180000.0,220000.0,USD,,,2026-09-04T12:33:01+00:00,2026-03-27T01:11:31+00:00,false,,remote,full_time,senior,,,,simplify,https://simplify.jobs/p/f37bd7ca-a534-4815-ab08-dd40af9ab42a,,simplify,"[{""site"": ""simplify"", ""url"": ""https://simplify.jobs/p/f37bd7ca-a534-4815-ab08-dd40af9ab42a""}]",[],[],"{""location"": [""Remote; Remote in USA""]}",{},"{""location"": ""array_field""}",{}
https://simplify.jobs/p/40eda1d7-ee7d-4f62-a628-ab9e5e1977d1,Senior Software Engineer - Frontend - Extensions Team,Cerby,Remote; Remote in USA,,,,,,2026-09-19T08:54:02+00:00,2026-07-21T01:17:30+00:00,false,,remote,full_time,senior,,,,simplify,https://simplify.jobs/p/40eda1d7-ee7d-4f62-a628-ab9e5e1977d1,,simplify,"[{""site"": ""simplify"", ""url"": ""https://simplify.jobs/p/40eda1d7-ee7d-4f62-a628-ab9e5e1977d1""}]",[],[],"{""location"": [""Remote; Remote in USA""]}",{},"{""location"": ""array_field""}",{}
https://simplify.jobs/p/ef8f653d-e883-4912-a58b-228da44a2c3f,Frontend Engineer,UpDoc,Remote; Remote in USA,,,,,,2026-09-04T09:54:01+00:00,2026-07-21T22:13:15+00:00,false,,remote,full_time,mid,,,,simplify,https://simplify.jobs/p/ef8f653d-e883-4912-a58b-228da44a2c3f,,simplify,"[{""site"": ""simplify"", ""url"": ""https://simplify.jobs/p/ef8f653d-e883-4912-a58b-228da44a2c3f""}]",[],[],"{""location"": [""Remote; Remote in USA""]}",{},"{""location"": ""array_field""}",{}
https://simplify.jobs/p/0c498709-2869-43c3-811e-ff140356bd90,Senior Frontend Software Engineer - AI Receptionist,Cresta,Remote; Remote in Canada,,,,,,2026-09-14T20:54:01+00:00,2026-07-28T22:17:51+00:00,false,,remote,full_time,senior,,,,simplify,https://simplify.jobs/p/0c498709-2869-43c3-811e-ff140356bd90,,simplify,"[{""site"": ""simplify"", ""url"": ""https://simplify.jobs/p/0c498709-2869-43c3-811e-ff140356bd90""}]",[],[],"{""location"": [""Remote; Remote in Canada""]}",{},"{""location"": ""array_field""}",{}
https://simplify.jobs/p/97e70bc4-0124-4cec-99a5-8f6e5011be09,Senior Front-End Web Developer/Engineer - React - NextJS,Integrity Web Consulting,"Remote; University City, MO, USA",,,,,,2026-09-04T07:24:02+00:00,2026-02-24T07:10:52+00:00,false,,remote,full_time,senior,,,,simplify,https://simplify.jobs/p/97e70bc4-0124-4cec-99a5-8f6e5011be09,,simplify,"[{""site"": ""simplify"", ""url"": ""https://simplify.jobs/p/97e70bc4-0124-4cec-99a5-8f6e5011be09""}]",[],[],"{""location"": [""Remote; University City, MO, USA""]}",{},"{""location"": ""array_field""}",{}
https://simplify.jobs/p/644ebe72-6597-44b6-be07-166cea20428a,Senior Front-End Engineer,Gallatin AI,"Palo Alto, CA, USA; Washington, DC, USA; San Francisco, CA, USA; Austin, TX, USA; New York, NY, USA; El Segundo, CA, USA",80000.0,210000.0,USD,,,2026-09-04T06:57:01+00:00,2025-10-31T07:23:02+00:00,false,,onsite,full_time,senior,,,,simplify,https://simplify.jobs/p/644ebe72-6597-44b6-be07-166cea20428a,,simplify,"[{""site"": ""simplify"", ""url"": ""https://simplify.jobs/p/644ebe72-6597-44b6-be07-166cea20428a""}]",[],[],"{""location"": [""Palo Alto, CA, USA; Washington, DC, USA; San Francisco, CA, USA; Austin, TX, USA; New York, NY, USA; El Segundo, CA, USA""]}",{},"{""location"": ""array_field""}",{}
https://simplify.jobs/p/f87368ea-638b-4f30-a7da-8dd684c03bff,Senior Product Software Engineer - Frontend,The Walt Disney Company,"Seattle, WA, USA; Santa Monica, CA, USA; New York, NY, USA",141900.0,199400.0,USD,,,2026-09-03T19:06:23+00:00,2026-08-13T22:32:56+00:00,false,,hybrid,full_time,senior,,,,simplify,https://simplify.jobs/p/f87368ea-638b-4f30-a7da-8dd684c03bff,,simplify,"[{""site"": ""simplify"", ""url"": ""https://simplify.jobs/p/f87368ea-638b-4f30-a7da-8dd684c03bff""}]",[],[],"{""location"": [""Seattle, WA, USA; Santa Monica, CA, USA; New York, NY, USA""]}",{},"{""location"": ""array_field""}",{}
https://simplify.jobs/p/0bba7d5f-0e21-4ecf-b1f6-065b75490dbc,React Frontend Engineer,Trimble,Remote; Remote in UK,,,,,,2026-09-11T22:15:05+00:00,2026-09-11T00:00:00+00:00,false,,remote,full_time,mid,,,,simplify,https://simplify.jobs/p/0bba7d5f-0e21-4ecf-b1f6-065b75490dbc,,simplify,"[{""site"": ""simplify"", ""url"": ""https://simplify.jobs/p/0bba7d5f-0e21-4ecf-b1f6-065b75490dbc""}]",[],[],"{""location"": [""Remote; Remote in UK""]}",{},"{""location"": ""array_field""}",{}
https://simplify.jobs/p/79e3e3ba-5ec0-4039-9630-346e6e27c2fe,Software Engineer - Front-End,TensorWave,"Remote; Las Vegas, NV, USA",,,,,,2026-09-03T19:00:22+00:00,2026-06-20T06:07:18+00:00,false,,remote,full_time,senior,,,,simplify,https://simplify.jobs/p/79e3e3ba-5ec0-4039-9630-346e6e27c2fe,,simplify,"[{""site"": ""simplify"", ""url"": ""https://simplify.jobs/p/79e3e3ba-5ec0-4039-9630-346e6e27c2fe""}]",[],[],"{""location"": [""Remote; Las Vegas, NV, USA""]}",{},"{""location"": ""array_field""}",{}
https://simplify.jobs/p/cb47437d-5c85-4979-992b-5d7c6956ca21,Software Engineer 1 - Frontend - Upfunnel,Affirm,Remote; Remote in Canada,101000.0,151000.0,CAD,,,2026-09-12T00:01:10+00:00,2026-09-11T23:56:22+00:00,false,,remote,full_time,junior,,,,simplify,https://simplify.jobs/p/cb47437d-5c85-4979-992b-5d7c6956ca21,,simplify,"[{""site"": ""simplify"", ""url"": ""https://simplify.jobs/p/cb47437d-5c85-4979-992b-5d7c6956ca21""}]",[],[],"{""location"": [""Remote; Remote in Canada""]}",{},"{""location"": ""array_field""}",{}
https://simplify.jobs/p/2130f213-18da-4b32-bbfe-0dbf6609aee2,Senior Software Engineer - Frontend - Coinbase Card,Coinbase,Remote in USA,186065.0,218900.0,USD,,,2026-09-03T20:09:21+00:00,2026-07-28T22:31:19+00:00,false,,hybrid,full_time,senior,,,,simplify,https://simplify.jobs/p/2130f213-18da-4b32-bbfe-0dbf6609aee2,,simplify,"[{""site"": ""simplify"", ""url"": ""https://simplify.jobs/p/2130f213-18da-4b32-bbfe-0dbf6609aee2""}]",[],[],"{""location"": [""Remote in USA""]}",{},"{""location"": ""array_field""}",{}
https://simplify.jobs/p/3e9efe58-f6ba-4287-a8ba-296b9d768f4e,Frontend Software Development Engineer 2,Slate Auto,Remote; Remote in USA,119662.0,179493.0,USD,,,2026-09-03T14:21:14+00:00,2026-08-18T00:00:00+00:00,false,,remote,full_time,mid,,,,simplify,https://simplify.jobs/p/3e9efe58-f6ba-4287-a8ba-296b9d768f4e,,simplify,"[{""site"": ""simplify"", ""url"": ""https://simplify.jobs/p/3e9efe58-f6ba-4287-a8ba-296b9d768f4e""}]",[],[],"{""location"": [""Remote; Remote in USA""]}",{},"{""location"": ""array_field""}",{}
https://simplify.jobs/p/dfdbea7e-e2a4-4971-8e41-03bbb42100f3,Frontend Engineer - Underwriting,Coalition,Remote; Remote in Canada,115600.0,160600.0,CAD,,,2026-09-16T22:45:02+00:00,2026-09-16T22:43:38+00:00,false,,remote,full_time,junior,,,,simplify,https://simplify.jobs/p/dfdbea7e-e2a4-4971-8e41-03bbb42100f3,,simplify,"[{""site"": ""simplify"", ""url"": ""https://simplify.jobs/p/dfdbea7e-e2a4-4971-8e41-03bbb42100f3""}]",[],[],"{""location"": [""Remote; Remote in Canada""]}",{},"{""location"": ""array_field""}",{}
https://simplify.jobs/p/3f81c801-b26c-4b49-a8cd-b994daa34e38,Senior Frontend Developer - React,Treehouse Strategy and Communications,"Remote; White Plains, NY, USA",,,,,,2026-09-04T07:24:02+00:00,2026-03-05T02:10:24+00:00,false,,remote,full_time,senior,,,,simplify,https://simplify.jobs/p/3f81c801-b26c-4b49-a8cd-b994daa34e38,,simplify,"[{""site"": ""simplify"", ""url"": ""https://simplify.jobs/p/3f81c801-b26c-4b49-a8cd-b994daa34e38""}]",[],[],"{""location"": [""Remote; White Plains, NY, USA""]}",{},"{""location"": ""array_field""}",{}
https://simplify.jobs/p/a5cc75b6-32d8-4853-80b9-d3e8099393e0,Senior Frontend Engineer,ClickUp,Remote; Remote in Canada,,,,,,2026-09-04T22:45:01+00:00,2026-09-04T22:43:18+00:00,false,,remote,full_time,senior,,,,simplify,https://simplify.jobs/p/a5cc75b6-32d8-4853-80b9-d3e8099393e0,,simplify,"[{""site"": ""simplify"", ""url"": ""https://simplify.jobs/p/a5cc75b6-32d8-4853-80b9-d3e8099393e0""}]",[],[],"{""location"": [""Remote; Remote in Canada""]}",{},"{""location"": ""array_field""}",{}
https://simplify.jobs/p/8f093ad0-1f3e-40c8-805c-78412862bef4,Front-End Developer - Front-End,The Publisher Desk,Remote; Remote in USA,,,,,,2025-11-12T03:25:56+00:00,2025-10-31T08:43:04+00:00,false,,remote,full_time,senior,,,,simplify,https://simplify.jobs/p/8f093ad0-1f3e-40c8-805c-78412862bef4,,simplify,"[{""site"": ""simplify"", ""url"": ""https://simplify.jobs/p/8f093ad0-1f3e-40c8-805c-78412862bef4""}]",[],[],"{""location"": [""Remote; Remote in USA""]}",{},"{""location"": ""array_field""}",{}
https://simplify.jobs/p/11b0fcd9-027f-471a-a6e8-c18f4ad35ffc,Staff Frontend Engineer,ClickUp,Remote; Remote in USA,200000.0,250000.0,USD,,,2026-09-04T22:45:01+00:00,2026-09-04T22:43:19+00:00,false,,remote,full_time,senior,,,,simplify,https://simplify.jobs/p/11b0fcd9-027f-471a-a6e8-c18f4ad35ffc,,simplify,"[{""site"": ""simplify"", ""url"": ""https://simplify.jobs/p/11b0fcd9-027f-471a-a6e8-c18f4ad35ffc""}]",[],[],"{""location"": [""Remote; Remote in USA""]}",{},"{""location"": ""array_field""}",{}
https://simplify.jobs/p/a049e140-2ce5-4674-b8e7-3ca2832d63c6,AEM EDS Developer - Front-End Developer - EDS Migration,Orion Innovation,Remote; Remote in India,,,,,,2026-09-03T05:03:06+00:00,2026-08-31T07:32:11+00:00,false,,remote,full_time,senior,,,,simplify,https://simplify.jobs/p/a049e140-2ce5-4674-b8e7-3ca2832d63c6,,simplify,"[{""site"": ""simplify"", ""url"": ""https://simplify.jobs/p/a049e140-2ce5-4674-b8e7-3ca2832d63c6""}]",[],[],"{""location"": [""Remote; Remote in India""]}",{},"{""location"": ""array_field""}",{}
https://simplify.jobs/p/7561d4ea-7ed4-4b7a-aca6-fc4db7970bcc,Frontend Engineer,BJAK,Remote; Remote in USA,,,,,,2026-09-10T01:28:18+00:00,2026-09-10T01:24:47+00:00,false,,remote,full_time,mid,,,,simplify,https://simplify.jobs/p/7561d4ea-7ed4-4b7a-aca6-fc4db7970bcc,,simplify,"[{""site"": ""simplify"", ""url"": ""https://simplify.jobs/p/7561d4ea-7ed4-4b7a-aca6-fc4db7970bcc""}]",[],[],"{""location"": [""Remote; Remote in USA""]}",{},"{""location"": ""array_field""}",{}
https://simplify.jobs/p/e37bc864-f5ab-44d9-949a-c99672f4e1ae,Senior Frontend Engineer,CircleIn,"Remote; Calverton, MD, USA",,,,,,2026-09-04T02:24:21+00:00,2026-08-13T06:13:23+00:00,false,,remote,full_time,mid | senior,,,,simplify,https://simplify.jobs/p/e37bc864-f5ab-44d9-949a-c99672f4e1ae,,simplify,"[{""site"": ""simplify"", ""url"": ""https://simplify.jobs/p/e37bc864-f5ab-44d9-949a-c99672f4e1ae""}]",[],[],"{""location"": [""Remote; Calverton, MD, USA""]}",{},"{""location"": ""array_field""}",{}
https://simplify.jobs/p/0df76ac4-b22e-4094-b093-3fec1a8aa109,Frontend Platform Engineer - Design Systems,LangChain,"Remote; Boston, MA, USA; Remote in USA; New York, NY, USA",180000.0,240000.0,USD,,,2026-09-12T08:36:30+00:00,2026-08-22T02:36:34+00:00,false,,remote,full_time,senior,,,,simplify,https://simplify.jobs/p/0df76ac4-b22e-4094-b093-3fec1a8aa109,,simplify,"[{""site"": ""simplify"", ""url"": ""https://simplify.jobs/p/0df76ac4-b22e-4094-b093-3fec1a8aa109""}]",[],[],"{""location"": [""Remote; Boston, MA, USA; Remote in USA; New York, NY, USA""]}",{},"{""location"": ""array_field""}",{}
https://simplify.jobs/p/efbb51f4-e993-4ca6-9b6f-a325d3da9b5e,Frontend Architect,Koch Industries,"Remote; Austin, TX, USA; Lisle, IL, USA",110000.0,160000.0,USD,,,2026-09-16T22:45:02+00:00,2026-09-16T22:32:53+00:00,false,,remote,full_time,senior,,,,simplify,https://simplify.jobs/p/efbb51f4-e993-4ca6-9b6f-a325d3da9b5e,,simplify,"[{""site"": ""simplify"", ""url"": ""https://simplify.jobs/p/efbb51f4-e993-4ca6-9b6f-a325d3da9b5e""}]",[],[],"{""location"": [""Remote; Austin, TX, USA; Lisle, IL, USA""]}",{},"{""location"": ""array_field""}",{}
https://simplify.jobs/p/8155272c-a45d-4aed-9e80-ed87e45052b9,Staff/Lead Front-end Engineer,Mimica,"Remote; London, UK; Barcelona, Spain; Remote in UK; Berlin, Germany; Dublin, Ireland",,,,,,2026-09-04T09:42:02+00:00,2026-07-09T14:09:55+00:00,false,,remote,full_time,senior,,,,simplify,https://simplify.jobs/p/8155272c-a45d-4aed-9e80-ed87e45052b9,,simplify,"[{""site"": ""simplify"", ""url"": ""https://simplify.jobs/p/8155272c-a45d-4aed-9e80-ed87e45052b9""}]",[],[],"{""location"": [""Remote; London, UK; Barcelona, Spain; Remote in UK; Berlin, Germany; Dublin, Ireland""]}",{},"{""location"": ""array_field""}",{}
https://simplify.jobs/p/b01aea50-a843-41ba-a86f-7bc6ab9d67ff,Software Engineer - Frontend,Metabase,Remote; Remote in USA,110000.0,210000.0,USD,,,2026-09-04T05:18:01+00:00,2026-03-27T01:08:32+00:00,false,,remote,full_time,mid,,,,simplify,https://simplify.jobs/p/b01aea50-a843-41ba-a86f-7bc6ab9d67ff,,simplify,"[{""site"": ""simplify"", ""url"": ""https://simplify.jobs/p/b01aea50-a843-41ba-a86f-7bc6ab9d67ff""}]",[],[],"{""location"": [""Remote; Remote in USA""]}",{},"{""location"": ""array_field""}",{}
https://simplify.jobs/p/fd69ba28-b52b-4489-a7b9-153194f7a5eb,Senior Frontend Web Developer,Tech Tammina,"Remote; New York, NY, USA",100000.0,135000.0,USD,,,2026-09-04T07:24:02+00:00,2026-02-27T02:10:28+00:00,false,,remote,full_time,mid | senior,,,,simplify,https://simplify.jobs/p/fd69ba28-b52b-4489-a7b9-153194f7a5eb | https://simplify.jobs/p/a9467192-a84e-4062-86cf-a6738d9bfa8e,,simplify,"[{""site"": ""simplify"", ""url"": ""https://simplify.jobs/p/fd69ba28-b52b-4489-a7b9-153194f7a5eb""}, {""site"": ""simplify"", ""url"": ""https://simplify.jobs/p/a9467192-a84e-4062-86cf-a6738d9bfa8e""}]",[],[],"{""location"": [""Remote; New York, NY, USA""]}",{},"{""location"": ""array_field""}",{}
https://simplify.jobs/p/7968e9d7-7253-4a84-b9de-fb117334609c,Senior Frontend Software Engineer,Firstup,Remote; Remote in UK,,,,,,2026-09-03T18:21:22+00:00,2026-04-17T22:03:58+00:00,false,,remote,full_time,senior,,,,simplify,https://simplify.jobs/p/7968e9d7-7253-4a84-b9de-fb117334609c,,simplify,"[{""site"": ""simplify"", ""url"": ""https://simplify.jobs/p/7968e9d7-7253-4a84-b9de-fb117334609c""}]",[],[],"{""location"": [""Remote; Remote in UK""]}",{},"{""location"": ""array_field""}",{}
https://simplify.jobs/p/fe449d23-e8d8-48fa-97ad-67989a3ed58c,Senior Frontend Engineer,Trading212,Remote; Remote in Spain,,,,,,2026-09-04T12:54:01+00:00,2026-08-25T23:35:06+00:00,false,,remote,full_time,senior,,,,simplify,https://simplify.jobs/p/fe449d23-e8d8-48fa-97ad-67989a3ed58c,,simplify,"[{""site"": ""simplify"", ""url"": ""https://simplify.jobs/p/fe449d23-e8d8-48fa-97ad-67989a3ed58c""}]",[],[],"{""location"": [""Remote; Remote in Spain""]}",{},"{""location"": ""array_field""}",{}
https://simplify.jobs/p/a1783f44-d650-400f-b566-3be1360d85d3,Senior/Mid Frontend Engineer - React,Sensor Tower,"Remote; Toronto, ON, Canada",,,,,,2026-09-15T10:09:08+00:00,2026-07-15T09:11:41+00:00,false,,remote,full_time,mid | senior,,,,simplify,https://simplify.jobs/p/a1783f44-d650-400f-b566-3be1360d85d3,,simplify,"[{""site"": ""simplify"", ""url"": ""https://simplify.jobs/p/a1783f44-d650-400f-b566-3be1360d85d3""}]",[],[],"{""location"": [""Remote; Toronto, ON, Canada""]}",{},"{""location"": ""array_field""}",{}
https://simplify.jobs/p/c8d6c8f3-6748-4fd0-9cc8-27ef294d03df,Staff Frontend Engineer - Feature Management,LaunchDarkly,Remote; Remote in USA,182600.0,295350.0,USD,,,2026-09-04T12:00:01+00:00,2026-08-17T19:20:21+00:00,false,,remote,full_time,senior,,,,simplify,https://simplify.jobs/p/c8d6c8f3-6748-4fd0-9cc8-27ef294d03df,,simplify,"[{""site"": ""simplify"", ""url"": ""https://simplify.jobs/p/c8d6c8f3-6748-4fd0-9cc8-27ef294d03df""}]",[],[],"{""location"": [""Remote; Remote in USA""]}",{},"{""location"": ""array_field""}",{}
https://simplify.jobs/p/01a4126b-ae62-47c9-87ea-e9281c9d261f,Senior Software Engineer - Frontend - Platform,Cresta,Remote; Remote in Canada,,,,,,2026-09-14T20:54:01+00:00,2026-02-06T23:13:21+00:00,false,,remote,full_time,senior,,,,simplify,https://simplify.jobs/p/01a4126b-ae62-47c9-87ea-e9281c9d261f,,simplify,"[{""site"": ""simplify"", ""url"": ""https://simplify.jobs/p/01a4126b-ae62-47c9-87ea-e9281c9d261f""}]",[],[],"{""location"": [""Remote; Remote in Canada""]}",{},"{""location"": ""array_field""}",{}
https://simplify.jobs/p/d891167d-e988-4260-94dc-bc2016dead84,Senior Frontend Software Engineer - Bridge,Learning Technologies Group,Remote; Remote in Canada,,,,,,2026-09-03T11:57:01+00:00,2026-08-21T12:11:20+00:00,false,,remote,full_time,senior,,,,simplify,https://simplify.jobs/p/d891167d-e988-4260-94dc-bc2016dead84,,simplify,"[{""site"": ""simplify"", ""url"": ""https://simplify.jobs/p/d891167d-e988-4260-94dc-bc2016dead84""}]",[],[],"{""location"": [""Remote; Remote in Canada""]}",{},"{""location"": ""array_field""}",{}
https://simplify.jobs/p/f921ba86-1ec0-4bcf-b5d3-a5414054331a,Senior Frontend Engineer,Made Card,Remote; Remote in India,,,,,,2026-09-04T07:12:12+00:00,2026-02-13T07:10:39+00:00,false,,remote,full_time,senior,,,,simplify,https://simplify.jobs/p/f921ba86-1ec0-4bcf-b5d3-a5414054331a,,simplify,"[{""site"": ""simplify"", ""url"": ""https://simplify.jobs/p/f921ba86-1ec0-4bcf-b5d3-a5414054331a""}]",[],[],"{""location"": [""Remote; Remote in India""]}",{},"{""location"": ""array_field""}",{}
https://simplify.jobs/p/7f4e29d9-75ed-4e85-80aa-edc842c8dfb2,Staff Frontend Engineer - Grafana Dataviz,Grafana Labs,Remote; Remote in USA,174986.0,209983.0,USD,,,2026-09-18T22:33:01+00:00,2026-09-16T22:29:40+00:00,false,,remote,full_time,senior,,,,simplify,https://simplify.jobs/p/7f4e29d9-75ed-4e85-80aa-edc842c8dfb2,,simplify,"[{""site"": ""simplify"", ""url"": ""https://simplify.jobs/p/7f4e29d9-75ed-4e85-80aa-edc842c8dfb2""}]",[],[],"{""location"": [""Remote; Remote in USA""]}",{},"{""location"": ""array_field""}",{}
https://simplify.jobs/p/a0ca246f-0680-466c-8464-28f63b1d728f,Frontend Engineer - User Interface,Nebius,Remote; Remote in USA,122880.0,184320.0,USD,,,2026-09-04T08:03:01+00:00,2026-05-22T22:10:55+00:00,false,,remote,full_time,mid,,,,simplify,https://simplify.jobs/p/a0ca246f-0680-466c-8464-28f63b1d728f,,simplify,"[{""site"": ""simplify"", ""url"": ""https://simplify.jobs/p/a0ca246f-0680-466c-8464-28f63b1d728f""}]",[],[],"{""location"": [""Remote; Remote in USA""]}",{},"{""location"": ""array_field""}",{}
https://simplify.jobs/p/fd888cc6-72ed-4db4-b4e5-acd331bc4c4c,"Lead Frontend Developer - 3, 6 month Contract",Inspired Thinking Group,"Remote; Remote in UK; Birmingham, UK",,,,,,2026-09-04T01:48:21+00:00,2026-08-11T22:19:53+00:00,false,,remote,contract,mid,,,,simplify,https://simplify.jobs/p/fd888cc6-72ed-4db4-b4e5-acd331bc4c4c,,simplify,"[{""site"": ""simplify"", ""url"": ""https://simplify.jobs/p/fd888cc6-72ed-4db4-b4e5-acd331bc4c4c""}]",[],[],"{""location"": [""Remote; Remote in UK; Birmingham, UK""]}",{},"{""location"": ""array_field""}",{}
https://simplify.jobs/p/72f971a3-91e0-4bbe-9420-88171a0b466b,Senior Frontend Engineer,Eltropy,Remote; Remote in India,,,,,,2026-09-04T08:42:09+00:00,2026-07-01T22:25:38+00:00,false,,remote,full_time,mid | senior,,,,simplify,https://simplify.jobs/p/72f971a3-91e0-4bbe-9420-88171a0b466b,,simplify,"[{""site"": ""simplify"", ""url"": ""https://simplify.jobs/p/72f971a3-91e0-4bbe-9420-88171a0b466b""}]",[],[],"{""location"": [""Remote; Remote in India""]}",{},"{""location"": ""array_field""}",{}
https://simplify.jobs/p/c7da830f-f4a2-4f1d-83f8-84c38ce02230,Senior Power Platform Developer - UI/UX - Front-End,Engineer Up,Remote; Remote in USA,,,,,,2026-09-03T20:21:27+00:00,2026-07-23T06:17:49+00:00,false,,remote,full_time,senior,,,,simplify,https://simplify.jobs/p/c7da830f-f4a2-4f1d-83f8-84c38ce02230,,simplify,"[{""site"": ""simplify"", ""url"": ""https://simplify.jobs/p/c7da830f-f4a2-4f1d-83f8-84c38ce02230""}]",[],[],"{""location"": [""Remote; Remote in USA""]}",{},"{""location"": ""array_field""}",{}
https://simplify.jobs/p/57ffeef6-313d-4c2f-9365-bf49d1fe6ce0,Frontend Developer,TexAu,"Remote; Mira Bhayandar, Maharashtra, India",,,,,,2026-09-04T01:57:21+00:00,2026-08-12T01:08:25+00:00,false,,remote,full_time,junior,,,,simplify,https://simplify.jobs/p/57ffeef6-313d-4c2f-9365-bf49d1fe6ce0,,simplify,"[{""site"": ""simplify"", ""url"": ""https://simplify.jobs/p/57ffeef6-313d-4c2f-9365-bf49d1fe6ce0""}]",[],[],"{""location"": [""Remote; Mira Bhayandar, Maharashtra, India""]}",{},"{""location"": ""array_field""}",{}
https://simplify.jobs/p/6506b226-4f46-4824-ae0e-e9c1545d2106,Frontend / UX Engineer,NTT Data,"Remote; Bethesda, MD, USA",68076.0,141826.0,USD,,,2026-09-03T18:48:22+00:00,2026-06-11T22:03:53+00:00,false,,remote,full_time,mid,,,,simplify,https://simplify.jobs/p/6506b226-4f46-4824-ae0e-e9c1545d2106,,simplify,"[{""site"": ""simplify"", ""url"": ""https://simplify.jobs/p/6506b226-4f46-4824-ae0e-e9c1545d2106""}]",[],[],"{""location"": [""Remote; Bethesda, MD, USA""]}",{},"{""location"": ""array_field""}",{}
https://simplify.jobs/p/0bece670-9263-49ce-9ffa-1b2cd486fd7d,Mission Software Engineer - Vehicle Software - Frontend,Anduril,"Seattle, WA, USA; Washington, DC, USA; Costa Mesa, CA, USA",166000.0,220000.0,USD,,,2026-09-04T07:36:01+00:00,2026-08-14T05:00:59+00:00,false,,onsite,full_time,mid,,,,simplify,https://simplify.jobs/p/0bece670-9263-49ce-9ffa-1b2cd486fd7d,,simplify,"[{""site"": ""simplify"", ""url"": ""https://simplify.jobs/p/0bece670-9263-49ce-9ffa-1b2cd486fd7d""}]",[],[],"{""location"": [""Seattle, WA, USA; Washington, DC, USA; Costa Mesa, CA, USA""]}",{},"{""location"": ""array_field""}",{}
https://simplify.jobs/p/9bd7dfc8-5439-4d9c-808b-0bc2f91ee017,WordPress Front-End Developer - Front-End Development,Ebeacon,Remote; Remote in USA,,,,,,2026-09-18T06:19:51+00:00,2026-09-18T06:16:55+00:00,false,,remote,part_time,mid,,,,simplify,https://simplify.jobs/p/9bd7dfc8-5439-4d9c-808b-0bc2f91ee017,,simplify,"[{""site"": ""simplify"", ""url"": ""https://simplify.jobs/p/9bd7dfc8-5439-4d9c-808b-0bc2f91ee017""}]",[],[],"{""location"": [""Remote; Remote in USA""]}",{},"{""location"": ""array_field""}",{}
https://simplify.jobs/p/c4321246-7a48-471e-95c1-b1d741d85b51,Staff Frontend Engineer,ClickUp,Remote; Remote in Ireland,,,,,,2026-09-04T08:03:01+00:00,2026-05-19T01:09:32+00:00,false,,remote,full_time,senior,,,,simplify,https://simplify.jobs/p/c4321246-7a48-471e-95c1-b1d741d85b51,,simplify,"[{""site"": ""simplify"", ""url"": ""https://simplify.jobs/p/c4321246-7a48-471e-95c1-b1d741d85b51""}]",[],[],"{""location"": [""Remote; Remote in Ireland""]}",{},"{""location"": ""array_field""}",{}
https://simplify.jobs/p/5fb649c6-fffe-491a-9014-a027807b549b,Senior Frontend Engineer,Moniepoint Group,Remote; Remote in Spain,,,,,,2026-09-16T09:56:47+00:00,2026-07-02T14:35:59+00:00,false,,remote,full_time,mid | senior,,,,simplify,https://simplify.jobs/p/5fb649c6-fffe-491a-9014-a027807b549b,,simplify,"[{""site"": ""simplify"", ""url"": ""https://simplify.jobs/p/5fb649c6-fffe-491a-9014-a027807b549b""}]",[],[],"{""location"": [""Remote; Remote in Spain""]}",{},"{""location"": ""array_field""}",{}
https://simplify.jobs/p/99f083c1-f77b-4a7d-b1e7-48b60deb489f,Frontend Engineer,Asteri AI,Remote; Remote in USA,,,,,,2026-09-04T09:42:02+00:00,2026-07-21T01:15:06+00:00,false,,remote,full_time,senior,,,,simplify,https://simplify.jobs/p/99f083c1-f77b-4a7d-b1e7-48b60deb489f,,simplify,"[{""site"": ""simplify"", ""url"": ""https://simplify.jobs/p/99f083c1-f77b-4a7d-b1e7-48b60deb489f""}]",[],[],"{""location"": [""Remote; Remote in USA""]}",{},"{""location"": ""array_field""}",{}
https://simplify.jobs/p/2c9a0ecd-db69-4640-903d-bc3bd82d8b2a,Senior Software Engineer - Frontend,SIFT,"San Francisco, CA, USA; Marina Del Rey, CA, USA",180000.0,230000.0,USD,,,2026-09-04T06:57:01+00:00,2026-08-04T22:20:15+00:00,false,,hybrid,full_time,senior,,,,simplify,https://simplify.jobs/p/2c9a0ecd-db69-4640-903d-bc3bd82d8b2a,,simplify,"[{""site"": ""simplify"", ""url"": ""https://simplify.jobs/p/2c9a0ecd-db69-4640-903d-bc3bd82d8b2a""}]",[],[],"{""location"": [""San Francisco, CA, USA; Marina Del Rey, CA, USA""]}",{},"{""location"": ""array_field""}",{}
https://simplify.jobs/p/d586f6d1-2960-41bb-8f6e-c17d2abaa03a,Senior Frontend Engineer,Reedsy,Remote; Remote in UK; Remote in Spain; Remote in France,60000.0,90000.0,GBP,,,2026-09-04T07:36:01+00:00,2026-03-27T01:12:18+00:00,false,,remote,full_time,mid | senior,,,,simplify,https://simplify.jobs/p/d586f6d1-2960-41bb-8f6e-c17d2abaa03a,,simplify,"[{""site"": ""simplify"", ""url"": ""https://simplify.jobs/p/d586f6d1-2960-41bb-8f6e-c17d2abaa03a""}]",[],[],"{""location"": [""Remote; Remote in UK; Remote in Spain; Remote in France""]}",{},"{""location"": ""array_field""}",{}
https://simplify.jobs/p/cedade19-55b4-4bee-8cb4-a7c8030cfc23,Junior Frontend Developer - AI & LLM Focus,Advision Development,"Remote; Austin, TX, USA",65000.0,80000.0,USD,,,2026-09-18T10:38:08+00:00,2026-07-21T01:16:31+00:00,false,,remote,full_time,junior,,,,simplify,https://simplify.jobs/p/cedade19-55b4-4bee-8cb4-a7c8030cfc23,,simplify,"[{""site"": ""simplify"", ""url"": ""https://simplify.jobs/p/cedade19-55b4-4bee-8cb4-a7c8030cfc23""}]",[],[],"{""location"": [""Remote; Austin, TX, USA""]}",{},"{""location"": ""array_field""}",{}
https://simplify.jobs/p/c77e7947-0977-4c0f-95a3-19ac1b6eb3d5,Lead Front-End Software Engineer - AI Products - React / Typescript,Alteryx,"Remote; Pennsylvania, USA; Remote in USA",145000.0,190000.0,USD,,,2026-09-17T14:27:01+00:00,2026-09-04T00:00:00+00:00,false,,remote,full_time,senior,,,,simplify,https://simplify.jobs/p/c77e7947-0977-4c0f-95a3-19ac1b6eb3d5,,simplify,"[{""site"": ""simplify"", ""url"": ""https://simplify.jobs/p/c77e7947-0977-4c0f-95a3-19ac1b6eb3d5""}]",[],[],"{""location"": [""Remote; Pennsylvania, USA; Remote in USA""]}",{},"{""location"": ""array_field""}",{}
https://simplify.jobs/p/eb4dc73b-4163-4d76-a937-39dfee6109ea,Staff Frontend Engineer,Vetcove,Remote; Remote in USA,190000.0,220000.0,USD,,,2026-09-04T13:00:41+00:00,2026-08-29T00:39:32+00:00,false,,remote,full_time,senior,,,,simplify,https://simplify.jobs/p/eb4dc73b-4163-4d76-a937-39dfee6109ea,,simplify,"[{""site"": ""simplify"", ""url"": ""https://simplify.jobs/p/eb4dc73b-4163-4d76-a937-39dfee6109ea""}]",[],[],"{""location"": [""Remote; Remote in USA""]}",{},"{""location"": ""array_field""}",{}
https://simplify.jobs/p/626cf603-6239-4157-adf1-6d88c293d1ad,Senior Frontend Engineer,Reddit,Remote; Remote in USA,190800.0,267100.0,USD,,,2026-09-12T01:09:03+00:00,2026-09-12T01:07:55+00:00,false,,remote,full_time,senior,,,,simplify,https://simplify.jobs/p/626cf603-6239-4157-adf1-6d88c293d1ad,,simplify,"[{""site"": ""simplify"", ""url"": ""https://simplify.jobs/p/626cf603-6239-4157-adf1-6d88c293d1ad""}]",[],[],"{""location"": [""Remote; Remote in USA""]}",{},"{""location"": ""array_field""}",{}
https://simplify.jobs/p/56e831df-721a-4239-a16d-df644658aa79,Senior Frontend Software Engineer,Okendo,"Remote; Melbourne VIC, Australia",,,,,,2026-09-03T22:36:21+00:00,2026-08-05T06:06:48+00:00,false,,remote,full_time,senior,,,,simplify,https://simplify.jobs/p/56e831df-721a-4239-a16d-df644658aa79,,simplify,"[{""site"": ""simplify"", ""url"": ""https://simplify.jobs/p/56e831df-721a-4239-a16d-df644658aa79""}]",[],[],"{""location"": [""Remote; Melbourne VIC, Australia""]}",{},"{""location"": ""array_field""}",{}
https://simplify.jobs/p/ee96e664-16f8-4f87-8e60-a76017e65a15,Frontend Engineer,Stedi,Remote; Remote in USA; Remote in Canada,,,,,,2026-09-11T12:03:16+00:00,2025-10-31T10:36:28+00:00,false,,remote,full_time,mid,,,,simplify,https://simplify.jobs/p/ee96e664-16f8-4f87-8e60-a76017e65a15,,simplify,"[{""site"": ""simplify"", ""url"": ""https://simplify.jobs/p/ee96e664-16f8-4f87-8e60-a76017e65a15""}]",[],[],"{""location"": [""Remote; Remote in USA; Remote in Canada""]}",{},"{""location"": ""array_field""}",{}
https://simplify.jobs/p/bad2bcd4-25cd-4d87-9ade-25cd4426e428,Senior Frontend Engineer,Zoom,"Remote; Seattle, WA, USA",197950.0,332200.0,USD,,,2026-09-04T08:27:01+00:00,2026-07-04T11:37:41+00:00,false,,remote,full_time,senior,,,,simplify,https://simplify.jobs/p/bad2bcd4-25cd-4d87-9ade-25cd4426e428,,simplify,"[{""site"": ""simplify"", ""url"": ""https://simplify.jobs/p/bad2bcd4-25cd-4d87-9ade-25cd4426e428""}]",[],[],"{""location"": [""Remote; Seattle, WA, USA""]}",{},"{""location"": ""array_field""}",{}
https://simplify.jobs/p/138e3e50-d76a-4a2a-b121-f4f717182277,Senior Frontend Engineer,Procurify,"Remote; Remote in Canada; Vancouver, BC, Canada",137000.0,152000.0,CAD,,,2026-09-04T08:27:01+00:00,2026-06-23T22:08:38+00:00,false,,remote,full_time,senior,,,,simplify,https://simplify.jobs/p/138e3e50-d76a-4a2a-b121-f4f717182277,,simplify,"[{""site"": ""simplify"", ""url"": ""https://simplify.jobs/p/138e3e50-d76a-4a2a-b121-f4f717182277""}]",[],[],"{""location"": [""Remote; Remote in Canada; Vancouver, BC, Canada""]}",{},"{""location"": ""array_field""}",{}
https://simplify.jobs/p/258d40f8-77fb-4227-b57e-c1d284825af4,Frontend Software Engineer,Lean TECHniques,Remote; Remote in USA,,,,,,2026-09-16T22:36:01+00:00,2026-09-16T22:20:28+00:00,false,,remote,full_time,mid,,,,simplify,https://simplify.jobs/p/258d40f8-77fb-4227-b57e-c1d284825af4,,simplify,"[{""site"": ""simplify"", ""url"": ""https://simplify.jobs/p/258d40f8-77fb-4227-b57e-c1d284825af4""}]",[],[],"{""location"": [""Remote; Remote in USA""]}",{},"{""location"": ""array_field""}",{}
https://simplify.jobs/p/58af8c96-0e5d-4edf-b7fd-621ec92dce4a,Senior Front-End Software Engineer 2 - Front End - Apex Platform,AXS,"Los Angeles, CA, USA",133309.0,150000.0,USD,,,2026-09-03T20:33:22+00:00,2026-07-30T22:35:26+00:00,false,,hybrid,full_time,senior,,,,simplify,https://simplify.jobs/p/58af8c96-0e5d-4edf-b7fd-621ec92dce4a,,simplify,"[{""site"": ""simplify"", ""url"": ""https://simplify.jobs/p/58af8c96-0e5d-4edf-b7fd-621ec92dce4a""}]",[],[],"{""location"": [""Los Angeles, CA, USA""]}",{},"{""location"": ""array_field""}",{}
https://simplify.jobs/p/772701de-0e6f-42a4-aeef-f56b9feec06d,Senior Staff Software Engineer - Frontend - Web Infra,Affirm,Remote; Remote in USA,236000.0,325000.0,USD,,,2026-09-10T14:39:01+00:00,2026-04-23T22:16:51+00:00,false,,remote,full_time,senior,,,,simplify,https://simplify.jobs/p/772701de-0e6f-42a4-aeef-f56b9feec06d,,simplify,"[{""site"": ""simplify"", ""url"": ""https://simplify.jobs/p/772701de-0e6f-42a4-aeef-f56b9feec06d""}]",[],[],"{""location"": [""Remote; Remote in USA""]}",{},"{""location"": ""array_field""}",{}
https://simplify.jobs/p/d1ab7331-1b40-4e67-8034-53ec8b0da320,Senior Frontend Engineer,Hire Hangar,"Remote; Mumbai, Maharashtra, India",1500.0,4000.0,USD,,,2026-09-05T11:57:01+00:00,2026-08-10T06:17:16+00:00,false,,remote,full_time,senior,,,,simplify,https://simplify.jobs/p/d1ab7331-1b40-4e67-8034-53ec8b0da320,,simplify,"[{""site"": ""simplify"", ""url"": ""https://simplify.jobs/p/d1ab7331-1b40-4e67-8034-53ec8b0da320""}]",[],[],"{""location"": [""Remote; Mumbai, Maharashtra, India""]}",{},"{""location"": ""array_field""}",{}
https://simplify.jobs/p/033ff831-f200-4b63-a52a-210bab14cbba,Software Development Engineer 2 - Frontend - Tasks,HighLevel,Remote; Remote in India,,,,,,2026-09-16T06:12:39+00:00,2026-09-16T06:07:51+00:00,false,,remote,full_time,mid,,,,simplify,https://simplify.jobs/p/033ff831-f200-4b63-a52a-210bab14cbba,,simplify,"[{""site"": ""simplify"", ""url"": ""https://simplify.jobs/p/033ff831-f200-4b63-a52a-210bab14cbba""}]",[],[],"{""location"": [""Remote; Remote in India""]}",{},"{""location"": ""array_field""}",{}
https://simplify.jobs/p/4a0077a8-b0b7-4840-9143-ad8bc68ba02f,Frontend Developer,Aretum,"Remote; Remote in USA; McLean, VA, USA",110000.0,130000.0,USD,,,2026-09-04T01:18:24+00:00,2026-08-08T01:18:23+00:00,false,,remote,full_time,mid,,,,simplify,https://simplify.jobs/p/4a0077a8-b0b7-4840-9143-ad8bc68ba02f,,simplify,"[{""site"": ""simplify"", ""url"": ""https://simplify.jobs/p/4a0077a8-b0b7-4840-9143-ad8bc68ba02f""}]",[],[],"{""location"": [""Remote; Remote in USA; McLean, VA, USA""]}",{},"{""location"": ""array_field""}",{}
https://simplify.jobs/p/7029a464-f407-4a19-8153-29a527e6713d,Junior Frontend Designer & Developer,The Aerospace Corporation,"El Segundo, CA, USA",86600.0,129800.0,USD,,,2026-09-11T01:09:01+00:00,2026-09-10T00:00:00+00:00,false,,onsite,full_time,junior | mid,,,,simplify,https://simplify.jobs/p/7029a464-f407-4a19-8153-29a527e6713d,,simplify,"[{""site"": ""simplify"", ""url"": ""https://simplify.jobs/p/7029a464-f407-4a19-8153-29a527e6713d""}]",[],[],"{""location"": [""El Segundo, CA, USA""]}",{},"{""location"": ""array_field""}",{}
https://simplify.jobs/p/e70b82c1-9447-450e-a0b0-6ffae0e3c673,Frontend Developer - React,Codekeeper,Remote; Europe,,,,,,2026-09-08T10:57:02+00:00,2026-09-08T10:56:42+00:00,false,,remote,full_time,senior,,,,simplify,https://simplify.jobs/p/e70b82c1-9447-450e-a0b0-6ffae0e3c673,,simplify,"[{""site"": ""simplify"", ""url"": ""https://simplify.jobs/p/e70b82c1-9447-450e-a0b0-6ffae0e3c673""}]",[],[],"{""location"": [""Remote; Europe""]}",{},"{""location"": ""array_field""}",{}
https://simplify.jobs/p/12b92879-437a-49b1-ae39-fee49b309961,Frontend Engineer - Angular/TypeScript,Get Covered,Remote; Remote in India,,,,,,2026-09-19T08:30:36+00:00,2026-07-21T01:16:17+00:00,false,,remote,full_time,mid,,,,simplify,https://simplify.jobs/p/12b92879-437a-49b1-ae39-fee49b309961,,simplify,"[{""site"": ""simplify"", ""url"": ""https://simplify.jobs/p/12b92879-437a-49b1-ae39-fee49b309961""}]",[],[],"{""location"": [""Remote; Remote in India""]}",{},"{""location"": ""array_field""}",{}
https://simplify.jobs/p/3e41917d-6b7c-4ca5-b6db-8d40b4faee5e,Frontend React Engineer - .NET,Trimble,Remote; Remote in UK,,,,,,2026-09-11T22:24:08+00:00,2026-09-11T00:00:00+00:00,false,,remote,full_time,mid,,,,simplify,https://simplify.jobs/p/3e41917d-6b7c-4ca5-b6db-8d40b4faee5e,,simplify,"[{""site"": ""simplify"", ""url"": ""https://simplify.jobs/p/3e41917d-6b7c-4ca5-b6db-8d40b4faee5e""}]",[],[],"{""location"": [""Remote; Remote in UK""]}",{},"{""location"": ""array_field""}",{}
https://simplify.jobs/p/06826c28-7905-4119-b05d-a3c9cae5d54e,Frontend Developer,Mujin,"Remote; Suwanee, GA, USA",,,,,,2026-09-04T12:21:02+00:00,2026-08-18T23:00:54+00:00,false,,remote,full_time,junior,,,,simplify,https://simplify.jobs/p/06826c28-7905-4119-b05d-a3c9cae5d54e,,simplify,"[{""site"": ""simplify"", ""url"": ""https://simplify.jobs/p/06826c28-7905-4119-b05d-a3c9cae5d54e""}]",[],[],"{""location"": [""Remote; Suwanee, GA, USA""]}",{},"{""location"": ""array_field""}",{}
https://simplify.jobs/p/0bd9ccf8-19d5-4531-b6d1-3af19d255c39,Senior Frontend Engineer - Performance,Multi Media,Remote; Remote in USA,180000.0,215000.0,USD,,,2026-09-05T08:24:01+00:00,2026-07-26T22:21:07+00:00,false,,remote,full_time,senior,,,,simplify,https://simplify.jobs/p/0bd9ccf8-19d5-4531-b6d1-3af19d255c39,,simplify,"[{""site"": ""simplify"", ""url"": ""https://simplify.jobs/p/0bd9ccf8-19d5-4531-b6d1-3af19d255c39""}]",[],[],"{""location"": [""Remote; Remote in USA""]}",{},"{""location"": ""array_field""}",{}
https://simplify.jobs/p/8bcb8e36-6810-4312-8782-f268bc4b001b,Frontend Engineer - Ads,Reddit,Remote; Remote in USA,164200.0,229900.0,USD,,,2026-09-11T06:09:01+00:00,2026-09-11T06:07:39+00:00,false,,remote,full_time,mid,,,,simplify,https://simplify.jobs/p/8bcb8e36-6810-4312-8782-f268bc4b001b,,simplify,"[{""site"": ""simplify"", ""url"": ""https://simplify.jobs/p/8bcb8e36-6810-4312-8782-f268bc4b001b""}]",[],[],"{""location"": [""Remote; Remote in USA""]}",{},"{""location"": ""array_field""}",{}
https://simplify.jobs/p/a8496b94-4c4d-4336-b288-e680f07071f8,Senior Frontend Engineer,Truv,Remote; Remote in Spain,,,,,,2026-09-04T13:00:41+00:00,2026-08-28T23:16:51+00:00,false,,remote,full_time,senior,,,,simplify,https://simplify.jobs/p/a8496b94-4c4d-4336-b288-e680f07071f8,,simplify,"[{""site"": ""simplify"", ""url"": ""https://simplify.jobs/p/a8496b94-4c4d-4336-b288-e680f07071f8""}]",[],[],"{""location"": [""Remote; Remote in Spain""]}",{},"{""location"": ""array_field""}",{}
https://simplify.jobs/p/f7843e36-e0e4-4531-866f-60aa4149321f,Frontend Engineer Intern,Certa,Remote; India,,,,,,2026-09-04T12:39:28+00:00,2026-09-03T03:55:17+00:00,true,,remote,internship,intern,,,,simplify,https://simplify.jobs/p/f7843e36-e0e4-4531-866f-60aa4149321f,,simplify,"[{""site"": ""simplify"", ""url"": ""https://simplify.jobs/p/f7843e36-e0e4-4531-866f-60aa4149321f""}]",[],[],"{""location"": [""Remote; India""]}",{},"{""location"": ""array_field""}",{}
https://simplify.jobs/p/a8ad40b9-e925-46ae-8e7c-e6f715a8104f,Frontend Developer - React/TypeScript,Avochato,Remote; Remote in USA,150000.0,150000.0,USD,,,2026-09-04T08:57:01+00:00,2026-07-03T22:23:27+00:00,false,,remote,full_time,mid,,,,simplify,https://simplify.jobs/p/a8ad40b9-e925-46ae-8e7c-e6f715a8104f,,simplify,"[{""site"": ""simplify"", ""url"": ""https://simplify.jobs/p/a8ad40b9-e925-46ae-8e7c-e6f715a8104f""}]",[],[],"{""location"": [""Remote; Remote in USA""]}",{},"{""location"": ""array_field""}",{}
https://simplify.jobs/p/6e2f76eb-e931-4fe4-b0ef-575e85fa8426,Senior Frontend Software Engineer - Cms Team,Canva,"Remote; Sydney NSW, Australia",,,,,,2026-09-03T19:45:19+00:00,2026-07-17T01:06:03+00:00,false,,remote,full_time,senior,,,,simplify,https://simplify.jobs/p/6e2f76eb-e931-4fe4-b0ef-575e85fa8426,,simplify,"[{""site"": ""simplify"", ""url"": ""https://simplify.jobs/p/6e2f76eb-e931-4fe4-b0ef-575e85fa8426""}]",[],[],"{""location"": [""Remote; Sydney NSW, Australia""]}",{},"{""location"": ""array_field""}",{}
https://simplify.jobs/p/f2ac3a6e-c73c-4daa-968b-3c5bffaec101,Staff Software Engineer - Frontend - Prisma AIRS,Palo Alto Networks,"Remote; Bengaluru, Karnataka, India",,,,,,2026-09-10T01:33:41+00:00,2026-09-10T00:00:00+00:00,false,,remote,full_time,mid | senior,,,,simplify,https://simplify.jobs/p/f2ac3a6e-c73c-4daa-968b-3c5bffaec101,,simplify,"[{""site"": ""simplify"", ""url"": ""https://simplify.jobs/p/f2ac3a6e-c73c-4daa-968b-3c5bffaec101""}]",[],[],"{""location"": [""Remote; Bengaluru, Karnataka, India""]}",{},"{""location"": ""array_field""}",{}
https://simplify.jobs/p/80a24e16-d483-4f6e-875f-f008c1a84525,Senior Frontend Engineer,Newfold Digital,Remote; Remote in USA; Remote in Canada,,,,,,2026-09-15T22:36:01+00:00,2026-09-15T00:00:00+00:00,false,,remote,full_time,senior,,,,simplify,https://simplify.jobs/p/80a24e16-d483-4f6e-875f-f008c1a84525,,simplify,"[{""site"": ""simplify"", ""url"": ""https://simplify.jobs/p/80a24e16-d483-4f6e-875f-f008c1a84525""}]",[],[],"{""location"": [""Remote; Remote in USA; Remote in Canada""]}",{},"{""location"": ""array_field""}",{}
https://simplify.jobs/p/fed30505-cc2b-4da0-86ae-aa1250ecee68,Senior Frontend Engineer,StackAI,"Remote; Madrid, Spain; Salamanca, Spain; Remote in Spain",89000.0,127000.0,EUR,,,2026-09-04T07:12:12+00:00,2026-06-09T22:08:14+00:00,false,,remote,full_time,mid | senior,,,,simplify,https://simplify.jobs/p/fed30505-cc2b-4da0-86ae-aa1250ecee68,,simplify,"[{""site"": ""simplify"", ""url"": ""https://simplify.jobs/p/fed30505-cc2b-4da0-86ae-aa1250ecee68""}]",[],[],"{""location"": [""Remote; Madrid, Spain; Salamanca, Spain; Remote in Spain""]}",{},"{""location"": ""array_field""}",{}
https://simplify.jobs/p/4ae68154-ba84-4b2f-89c1-aef1c533aef8,Staff Frontend Software Engineer,Archy,Remote; Remote in USA,190000.0,220000.0,USD,,,2026-09-12T14:39:01+00:00,2026-07-21T01:14:11+00:00,false,,remote,full_time,senior,,,,simplify,https://simplify.jobs/p/4ae68154-ba84-4b2f-89c1-aef1c533aef8,,simplify,"[{""site"": ""simplify"", ""url"": ""https://simplify.jobs/p/4ae68154-ba84-4b2f-89c1-aef1c533aef8""}]",[],[],"{""location"": [""Remote; Remote in USA""]}",{},"{""location"": ""array_field""}",{}
https://simplify.jobs/p/a6987035-4ae8-4720-9c2b-2c655c9e53bd,Senior Staff Software Engineer - Frontend - Web Infra,Affirm,Remote; Remote in Canada,209000.0,269000.0,USD,,,2026-09-10T14:39:01+00:00,2026-04-23T22:16:50+00:00,false,,remote,full_time,senior,,,,simplify,https://simplify.jobs/p/a6987035-4ae8-4720-9c2b-2c655c9e53bd,,simplify,"[{""site"": ""simplify"", ""url"": ""https://simplify.jobs/p/a6987035-4ae8-4720-9c2b-2c655c9e53bd""}]",[],[],"{""location"": [""Remote; Remote in Canada""]}",{},"{""location"": ""array_field""}",{}
https://simplify.jobs/p/c6073a97-e4dc-451b-a4a8-a99aa4d50dbf,Senior Frontend Software Engineer - Web Vault,Keeper Security,Remote; Remote in USA,,,,,,2026-09-10T22:24:01+00:00,2026-09-10T22:15:24+00:00,false,,remote,full_time,senior,,,,simplify,https://simplify.jobs/p/c6073a97-e4dc-451b-a4a8-a99aa4d50dbf,,simplify,"[{""site"": ""simplify"", ""url"": ""https://simplify.jobs/p/c6073a97-e4dc-451b-a4a8-a99aa4d50dbf""}]",[],[],"{""location"": [""Remote; Remote in USA""]}",{},"{""location"": ""array_field""}",{}
https://simplify.jobs/p/9ec805d5-9a56-43cb-b7b7-083886750970,Product Software Engineer 2 - Frontend,The Walt Disney Company,"Seattle, WA, USA; Santa Monica, CA, USA",117500.0,165000.0,USD,,,2026-09-11T22:18:59+00:00,2026-09-11T22:10:30+00:00,false,,hybrid,full_time,mid,,,,simplify,https://simplify.jobs/p/9ec805d5-9a56-43cb-b7b7-083886750970,,simplify,"[{""site"": ""simplify"", ""url"": ""https://simplify.jobs/p/9ec805d5-9a56-43cb-b7b7-083886750970""}]",[],[],"{""location"": [""Seattle, WA, USA; Santa Monica, CA, USA""]}",{},"{""location"": ""array_field""}",{}
https://simplify.jobs/p/eec45f83-6437-4cff-8ed7-b5dc98f4b918,Front-End Engineer,Cedar Innovations,Remote; Remote in USA; Remote in Canada,100000.0,150000.0,USD,,,2026-09-04T09:54:01+00:00,2026-07-22T14:14:08+00:00,false,,remote,full_time,mid,,,,simplify,https://simplify.jobs/p/eec45f83-6437-4cff-8ed7-b5dc98f4b918,,simplify,"[{""site"": ""simplify"", ""url"": ""https://simplify.jobs/p/eec45f83-6437-4cff-8ed7-b5dc98f4b918""}]",[],[],"{""location"": [""Remote; Remote in USA; Remote in Canada""]}",{},"{""location"": ""array_field""}",{}
https://simplify.jobs/p/fde37c68-9751-4660-8c47-e9a8f1aafb66,Senior Frontend Engineer - Analytics Product Lead,Capital Markets Gateway,Remote; Remote in Canada,150000.0,170000.0,CAD,,,2026-09-04T12:33:01+00:00,2026-08-20T22:16:05+00:00,false,,remote,full_time,senior,,,,simplify,https://simplify.jobs/p/fde37c68-9751-4660-8c47-e9a8f1aafb66,,simplify,"[{""site"": ""simplify"", ""url"": ""https://simplify.jobs/p/fde37c68-9751-4660-8c47-e9a8f1aafb66""}]",[],[],"{""location"": [""Remote; Remote in Canada""]}",{},"{""location"": ""array_field""}",{}
https://simplify.jobs/p/0268c00b-f06f-4328-9bcc-2730c0c9eb5a,Frontend Software Engineer,Okendo,Remote; Remote in Australia,,,,,,2026-09-03T22:03:21+00:00,2026-08-04T14:08:57+00:00,false,,remote,full_time,senior,,,,simplify,https://simplify.jobs/p/0268c00b-f06f-4328-9bcc-2730c0c9eb5a,,simplify,"[{""site"": ""simplify"", ""url"": ""https://simplify.jobs/p/0268c00b-f06f-4328-9bcc-2730c0c9eb5a""}]",[],[],"{""location"": [""Remote; Remote in Australia""]}",{},"{""location"": ""array_field""}",{}
https://simplify.jobs/p/5884e49e-550d-4786-86fe-6134bda12d6d,Senior Frontend Engineer,Pitchup.com,Remote; Remote in UK,75000.0,82000.0,GBP,,,2026-09-04T10:30:02+00:00,2026-08-03T06:17:19+00:00,false,,remote,full_time,mid | senior,,,,simplify,https://simplify.jobs/p/5884e49e-550d-4786-86fe-6134bda12d6d,,simplify,"[{""site"": ""simplify"", ""url"": ""https://simplify.jobs/p/5884e49e-550d-4786-86fe-6134bda12d6d""}]",[],[],"{""location"": [""Remote; Remote in UK""]}",{},"{""location"": ""array_field""}",{}
https://simplify.jobs/p/3c269951-de43-48fd-85c1-50c53beef848,Senior Software Engineer - Frontend,Filevine,"Remote; Salt Lake City, UT, USA; San Francisco, CA, USA; Chicago, IL, USA; New York, NY, USA",150000.0,250000.0,USD,,,2026-09-09T09:00:22+00:00,2026-01-21T00:43:39+00:00,false,,remote,full_time,senior,,,,simplify,https://simplify.jobs/p/3c269951-de43-48fd-85c1-50c53beef848,,simplify,"[{""site"": ""simplify"", ""url"": ""https://simplify.jobs/p/3c269951-de43-48fd-85c1-50c53beef848""}]",[],[],"{""location"": [""Remote; Salt Lake City, UT, USA; San Francisco, CA, USA; Chicago, IL, USA; New York, NY, USA""]}",{},"{""location"": ""array_field""}",{}
https://simplify.jobs/p/5e06ed50-74e8-4594-bfd8-6b99c9a11b96,Senior Frontend UX Engineer,Hubs.is,Remote; Remote in USA,,,,,,2026-09-03T19:57:26+00:00,2026-07-23T06:29:43+00:00,false,,remote,full_time,senior,,,,simplify,https://simplify.jobs/p/5e06ed50-74e8-4594-bfd8-6b99c9a11b96,,simplify,"[{""site"": ""simplify"", ""url"": ""https://simplify.jobs/p/5e06ed50-74e8-4594-bfd8-6b99c9a11b96""}]",[],[],"{""location"": [""Remote; Remote in USA""]}",{},"{""location"": ""array_field""}",{}
https://simplify.jobs/p/4ced6b05-c775-4fe9-9089-413db47832fc,Senior Frontend Angular Programmer,TEHORA,"Remote; Remote in Canada; Québec City, QC, Canada",,,,,,2026-09-03T22:03:21+00:00,2026-08-04T06:18:56+00:00,false,,remote,full_time,senior,,,,simplify,https://simplify.jobs/p/4ced6b05-c775-4fe9-9089-413db47832fc,,simplify,"[{""site"": ""simplify"", ""url"": ""https://simplify.jobs/p/4ced6b05-c775-4fe9-9089-413db47832fc""}]",[],[],"{""location"": [""Remote; Remote in Canada; Québec City, QC, Canada""]}",{},"{""location"": ""array_field""}",{}
https://simplify.jobs/p/8bb225c8-00f5-48c1-be12-696a38fbc200,Staff Frontend Engineer - m/f/d,ABOUT YOU,"Remote; Hamburg, Germany; Berlin, Germany",85000.0,85000.0,EUR,,,2026-09-15T14:09:08+00:00,2026-09-15T09:04:20+00:00,false,,remote,full_time,senior,,,,simplify,https://simplify.jobs/p/8bb225c8-00f5-48c1-be12-696a38fbc200,,simplify,"[{""site"": ""simplify"", ""url"": ""https://simplify.jobs/p/8bb225c8-00f5-48c1-be12-696a38fbc200""}]",[],[],"{""location"": [""Remote; Hamburg, Germany; Berlin, Germany""]}",{},"{""location"": ""array_field""}",{}
https://simplify.jobs/p/ee395a25-d3e0-4d73-9f6e-768bf4eedd56,Frontend Engineer,Nex,Remote; Remote in USA,120000.0,150000.0,USD,,,2026-09-15T01:09:04+00:00,2026-08-03T22:24:33+00:00,false,,remote,,mid,Conflicting employment_type across sites,,,simplify,https://simplify.jobs/p/ee395a25-d3e0-4d73-9f6e-768bf4eedd56 | https://simplify.jobs/p/cbc10d36-474c-4cc9-8429-fcb40eabc35c,,simplify,"[{""site"": ""simplify"", ""url"": ""https://simplify.jobs/p/ee395a25-d3e0-4d73-9f6e-768bf4eedd56""}, {""site"": ""simplify"", ""url"": ""https://simplify.jobs/p/cbc10d36-474c-4cc9-8429-fcb40eabc35c""}]",[],[],"{""location"": [""Remote; Remote in USA""]}",{},"{""location"": ""array_field""}",{}
https://simplify.jobs/p/2ad66481-31c6-4829-8d71-78ded1a7270a,Senior Software Engineer - Frontend - Agentic AI,SIFT,"Marina Del Rey, CA, USA",180000.0,230000.0,USD,,,2026-09-03T16:57:18+00:00,2026-07-27T22:24:11+00:00,false,,hybrid,full_time,senior,,,,simplify,https://simplify.jobs/p/2ad66481-31c6-4829-8d71-78ded1a7270a,,simplify,"[{""site"": ""simplify"", ""url"": ""https://simplify.jobs/p/2ad66481-31c6-4829-8d71-78ded1a7270a""}]",[],[],"{""location"": [""Marina Del Rey, CA, USA""]}",{},"{""location"": ""array_field""}",{}
https://simplify.jobs/p/49e7eb7b-aa74-4b9f-b26a-117fa4d67772,Software Engineer - Frontend,Ramp,"San Francisco, CA, USA; Miami, FL, USA; Remote in USA; New York, NY, USA; Remote in Canada",143200.0,284000.0,USD,,,2026-09-04T06:57:01+00:00,2025-10-31T01:02:09+00:00,false,,hybrid,full_time,junior | mid,,,,simplify,https://simplify.jobs/p/49e7eb7b-aa74-4b9f-b26a-117fa4d67772,,simplify,"[{""site"": ""simplify"", ""url"": ""https://simplify.jobs/p/49e7eb7b-aa74-4b9f-b26a-117fa4d67772""}]",[],[],"{""location"": [""San Francisco, CA, USA; Miami, FL, USA; Remote in USA; New York, NY, USA; Remote in Canada""]}",{},"{""location"": ""array_field""}",{}
https://simplify.jobs/p/dd8b9760-ddb9-4918-83f4-9f2b74080e55,Senior Frontend Engineer - React + Chrome Extension,TTEC Digital,"Remote; Hyderabad, Telangana, India",,,,,,2026-09-04T09:42:02+00:00,2026-07-17T22:04:42+00:00,false,,remote,full_time,senior,,,,simplify,https://simplify.jobs/p/dd8b9760-ddb9-4918-83f4-9f2b74080e55,,simplify,"[{""site"": ""simplify"", ""url"": ""https://simplify.jobs/p/dd8b9760-ddb9-4918-83f4-9f2b74080e55""}]",[],[],"{""location"": [""Remote; Hyderabad, Telangana, India""]}",{},"{""location"": ""array_field""}",{}
https://simplify.jobs/p/1433615c-ec60-4d88-a5b3-ad3a93674d7e,Frontend Engineer,BJAK,Remote; Remote in Ireland,,,,,,2026-09-10T01:28:18+00:00,2026-09-10T01:24:47+00:00,false,,remote,full_time,mid,,,,simplify,https://simplify.jobs/p/1433615c-ec60-4d88-a5b3-ad3a93674d7e,,simplify,"[{""site"": ""simplify"", ""url"": ""https://simplify.jobs/p/1433615c-ec60-4d88-a5b3-ad3a93674d7e""}]",[],[],"{""location"": [""Remote; Remote in Ireland""]}",{},"{""location"": ""array_field""}",{}
https://simplify.jobs/p/5c5fa30d-a444-4963-a85d-875412d13e41,Senior Software Engineer - Frontend,Flock Safety,Remote; Remote in USA,170000.0,190000.0,USD,,,2026-09-18T09:36:39+00:00,2026-07-29T22:23:50+00:00,false,,remote,full_time,senior,,,,simplify,https://simplify.jobs/p/5c5fa30d-a444-4963-a85d-875412d13e41,,simplify,"[{""site"": ""simplify"", ""url"": ""https://simplify.jobs/p/5c5fa30d-a444-4963-a85d-875412d13e41""}]",[],[],"{""location"": [""Remote; Remote in USA""]}",{},"{""location"": ""array_field""}",{}
https://simplify.jobs/p/bc4887c1-4ea5-4b0f-abaf-13a7dcb859e0,Front-End Engineer 2,Amazon,"Remote; Bengaluru, Karnataka, India",,,,,,2026-09-05T22:09:56+00:00,2026-09-05T22:05:17+00:00,false,,remote,full_time,junior | mid,,,,simplify,https://simplify.jobs/p/bc4887c1-4ea5-4b0f-abaf-13a7dcb859e0,,simplify,"[{""site"": ""simplify"", ""url"": ""https://simplify.jobs/p/bc4887c1-4ea5-4b0f-abaf-13a7dcb859e0""}]",[],[],"{""location"": [""Remote; Bengaluru, Karnataka, India""]}",{},"{""location"": ""array_field""}",{}
https://simplify.jobs/p/c6d770cf-ece1-4ec5-a16b-ca4c10e09c6d,SCADA Front-End Engineer,Divcon,Remote; Remote in USA,,,,,,2026-09-18T10:34:44+00:00,2026-07-22T22:13:48+00:00,false,,remote,full_time,mid,,,,simplify,https://simplify.jobs/p/c6d770cf-ece1-4ec5-a16b-ca4c10e09c6d,,simplify,"[{""site"": ""simplify"", ""url"": ""https://simplify.jobs/p/c6d770cf-ece1-4ec5-a16b-ca4c10e09c6d""}]",[],[],"{""location"": [""Remote; Remote in USA""]}",{},"{""location"": ""array_field""}",{}
https://simplify.jobs/p/f7c157cd-c9f0-48df-a3d8-4dca94f97005,Senior Software Engineer - Frontend,SIFT,"Marina Del Rey, CA, USA",180000.0,230000.0,USD,,,2026-09-04T06:57:01+00:00,2026-08-04T22:20:18+00:00,false,,hybrid,full_time,senior,,,,simplify,https://simplify.jobs/p/f7c157cd-c9f0-48df-a3d8-4dca94f97005,,simplify,"[{""site"": ""simplify"", ""url"": ""https://simplify.jobs/p/f7c157cd-c9f0-48df-a3d8-4dca94f97005""}]",[],[],"{""location"": [""Marina Del Rey, CA, USA""]}",{},"{""location"": ""array_field""}",{}
https://simplify.jobs/p/6452c0d3-a177-4ac5-9dfc-ca25962c32f8,Senior Software Engineer - Frontend - Access Management,Cerby,Remote; Remote in USA,,,,,,2026-09-18T09:39:27+00:00,2026-07-21T01:17:29+00:00,false,,remote,full_time,senior,,,,simplify,https://simplify.jobs/p/6452c0d3-a177-4ac5-9dfc-ca25962c32f8,,simplify,"[{""site"": ""simplify"", ""url"": ""https://simplify.jobs/p/6452c0d3-a177-4ac5-9dfc-ca25962c32f8""}]",[],[],"{""location"": [""Remote; Remote in USA""]}",{},"{""location"": ""array_field""}",{}
https://simplify.jobs/p/74a4dd56-1c2e-456d-9945-6b0155406fc0,Staff Software Engineer - Frontend,Ping Identity,Remote; Remote in USA,130000.0,170000.0,USD,,,2026-09-03T11:27:09+00:00,2026-08-20T22:26:15+00:00,false,,remote,full_time,,,,,simplify,https://simplify.jobs/p/74a4dd56-1c2e-456d-9945-6b0155406fc0,,simplify,"[{""site"": ""simplify"", ""url"": ""https://simplify.jobs/p/74a4dd56-1c2e-456d-9945-6b0155406fc0""}]",[],[],"{""location"": [""Remote; Remote in USA""]}",{},"{""location"": ""array_field""}",{}
https://simplify.jobs/p/9beebd4f-b90a-42e1-9ed7-0d27ba4910fa,Software Engineer 2 - Frontend,Chegg,"Remote; New Delhi, Delhi, India",,,,,,2026-09-03T14:54:13+00:00,2026-08-18T00:00:00+00:00,false,,remote,full_time,mid,,,,simplify,https://simplify.jobs/p/9beebd4f-b90a-42e1-9ed7-0d27ba4910fa,,simplify,"[{""site"": ""simplify"", ""url"": ""https://simplify.jobs/p/9beebd4f-b90a-42e1-9ed7-0d27ba4910fa""}]",[],[],"{""location"": [""Remote; New Delhi, Delhi, India""]}",{},"{""location"": ""array_field""}",{}
https://simplify.jobs/p/21ecb836-ce5b-4043-9f3b-88c3430418f6,Frontend Software Engineer - Financial Services & Loyalty,Coinbase,Remote; Remote in Canada,247737.0,247737.0,CAD,,,2026-09-16T14:25:37+00:00,2026-09-16T14:20:15+00:00,false,,remote,full_time,mid,,,,simplify,https://simplify.jobs/p/21ecb836-ce5b-4043-9f3b-88c3430418f6,,simplify,"[{""site"": ""simplify"", ""url"": ""https://simplify.jobs/p/21ecb836-ce5b-4043-9f3b-88c3430418f6""}]",[],[],"{""location"": [""Remote; Remote in Canada""]}",{},"{""location"": ""array_field""}",{}
https://simplify.jobs/p/57592ce0-0502-4a6b-aaba-9d8d32b9524b,Senior Software Engineer - Front-End,The Walt Disney Company,"Seattle, WA, USA; Bristol, CT, USA; Glendale, CA, USA; New York, NY, USA",141900.0,199400.0,USD,,,2026-09-03T05:57:06+00:00,2026-08-28T00:00:00+00:00,false,,onsite,full_time,mid | senior,,,,simplify,https://simplify.jobs/p/57592ce0-0502-4a6b-aaba-9d8d32b9524b,,simplify,"[{""site"": ""simplify"", ""url"": ""https://simplify.jobs/p/57592ce0-0502-4a6b-aaba-9d8d32b9524b""}]",[],[],"{""location"": [""Seattle, WA, USA; Bristol, CT, USA; Glendale, CA, USA; New York, NY, USA""]}",{},"{""location"": ""array_field""}",{}
https://simplify.jobs/p/b54608fc-c1aa-46d2-b9ec-429efbf0905e,Senior Frontend Developer,Mujin,"Remote; Suwanee, GA, USA",,,,,,2026-09-04T01:39:21+00:00,2026-08-10T22:34:12+00:00,false,,remote,full_time,senior,,,,simplify,https://simplify.jobs/p/b54608fc-c1aa-46d2-b9ec-429efbf0905e,,simplify,"[{""site"": ""simplify"", ""url"": ""https://simplify.jobs/p/b54608fc-c1aa-46d2-b9ec-429efbf0905e""}]",[],[],"{""location"": [""Remote; Suwanee, GA, USA""]}",{},"{""location"": ""array_field""}",{}
https://simplify.jobs/p/f5979ae7-8407-411a-b51a-99eda5bef62a,WordPress Front-End Developer / Engineer,Integrity Web Consulting,"Remote; University City, MO, USA",,,,,,2026-09-04T07:24:02+00:00,2026-02-24T07:10:59+00:00,false,,remote,full_time,mid,,,,simplify,https://simplify.jobs/p/f5979ae7-8407-411a-b51a-99eda5bef62a,,simplify,"[{""site"": ""simplify"", ""url"": ""https://simplify.jobs/p/f5979ae7-8407-411a-b51a-99eda5bef62a""}]",[],[],"{""location"": [""Remote; University City, MO, USA""]}",{},"{""location"": ""array_field""}",{}
https://simplify.jobs/p/87124499-b645-495c-aa58-6cf60c8a3598,Senior Frontend Engineer - Jtx,Jito Labs,Remote; Remote in USA,175000.0,195000.0,USD,,,2026-09-04T13:30:01+00:00,2026-07-29T14:08:46+00:00,false,,remote,full_time,senior,,,,simplify,https://simplify.jobs/p/87124499-b645-495c-aa58-6cf60c8a3598,,simplify,"[{""site"": ""simplify"", ""url"": ""https://simplify.jobs/p/87124499-b645-495c-aa58-6cf60c8a3598""}]",[],[],"{""location"": [""Remote; Remote in USA""]}",{},"{""location"": ""array_field""}",{}
https://simplify.jobs/p/27ae7b84-1a5b-4643-9133-40c67a25465a,Front-End Developer,Prodege,"El Segundo, CA, USA",124842.0,157500.0,USD,,,2026-09-04T10:54:01+00:00,2026-06-28T00:00:00+00:00,false,,onsite,full_time,mid,,,,simplify,https://simplify.jobs/p/27ae7b84-1a5b-4643-9133-40c67a25465a,,simplify,"[{""site"": ""simplify"", ""url"": ""https://simplify.jobs/p/27ae7b84-1a5b-4643-9133-40c67a25465a""}]",[],[],"{""location"": [""El Segundo, CA, USA""]}",{},"{""location"": ""array_field""}",{}
https://simplify.jobs/p/a5df2bf3-f55d-45d4-b17f-5d3b339c6e41,Staff Front-End Engineer - Design Systems,Canva,"Remote; Edinburgh, Australia",,,,,,2026-09-12T22:09:01+00:00,2026-06-29T06:03:43+00:00,false,,remote,full_time,,,,,simplify,https://simplify.jobs/p/a5df2bf3-f55d-45d4-b17f-5d3b339c6e41,,simplify,"[{""site"": ""simplify"", ""url"": ""https://simplify.jobs/p/a5df2bf3-f55d-45d4-b17f-5d3b339c6e41""}]",[],[],"{""location"": [""Remote; Edinburgh, Australia""]}",{},"{""location"": ""array_field""}",{}
https://simplify.jobs/p/996d343a-43bb-449e-a56d-5c3058fc0023,Tech Lead – Frontend Platform Team,Xsolla,"Remote; Montreal, QC, Canada",130000.0,150000.0,CAD,,,2026-03-20T08:20:25+00:00,2025-12-05T07:14:18+00:00,false,,remote,full_time,,,,,simplify,https://simplify.jobs/p/996d343a-43bb-449e-a56d-5c3058fc0023,,simplify,"[{""site"": ""simplify"", ""url"": ""https://simplify.jobs/p/996d343a-43bb-449e-a56d-5c3058fc0023""}]",[],[],"{""location"": [""Remote; Montreal, QC, Canada""]}",{},"{""location"": ""array_field""}",{}
https://simplify.jobs/p/c28e3d9b-1bfe-41a7-b104-e89ba7e95cc9,Frontend Software Engineer,Amplemarket,Remote; Remote in USA,,,,,,2026-09-03T18:09:19+00:00,2026-03-27T01:13:42+00:00,false,,remote,full_time,mid,,,,simplify,https://simplify.jobs/p/c28e3d9b-1bfe-41a7-b104-e89ba7e95cc9,,simplify,"[{""site"": ""simplify"", ""url"": ""https://simplify.jobs/p/c28e3d9b-1bfe-41a7-b104-e89ba7e95cc9""}]",[],[],"{""location"": [""Remote; Remote in USA""]}",{},"{""location"": ""array_field""}",{}
https://simplify.jobs/p/0ee42b3d-ad55-4b82-8372-5336b8abf8e3,Senior Software Engineer - Frontend - Consumer - Payments,Coinbase,Remote in USA,186065.0,218900.0,USD,,,2026-09-03T03:00:21+00:00,2026-06-25T22:26:45+00:00,false,,hybrid,full_time,senior,,,,simplify,https://simplify.jobs/p/0ee42b3d-ad55-4b82-8372-5336b8abf8e3,,simplify,"[{""site"": ""simplify"", ""url"": ""https://simplify.jobs/p/0ee42b3d-ad55-4b82-8372-5336b8abf8e3""}]",[],[],"{""location"": [""Remote in USA""]}",{},"{""location"": ""array_field""}",{}
https://simplify.jobs/p/74ad7876-46e8-4a39-a5e2-f8bbf7994d5c,Frontend Developer,Ollang,"Remote; Sarıyer/İstanbul, Türkiye",,,,,,2026-09-04T12:09:01+00:00,2026-08-18T01:13:37+00:00,false,,remote,full_time,junior,,,,simplify,https://simplify.jobs/p/74ad7876-46e8-4a39-a5e2-f8bbf7994d5c,,simplify,"[{""site"": ""simplify"", ""url"": ""https://simplify.jobs/p/74ad7876-46e8-4a39-a5e2-f8bbf7994d5c""}]",[],[],"{""location"": [""Remote; Sarıyer/İstanbul, Türkiye""]}",{},"{""location"": ""array_field""}",{}
https://simplify.jobs/p/5a6b4ff1-28ea-4ea2-ad3f-817e15ef03e3,Senior Frontend Developer - React,Bitlane,"Remote; Berlin, Germany",,,,,,2026-09-04T12:09:01+00:00,2026-08-18T01:13:52+00:00,false,,remote,full_time,mid,,,,simplify,https://simplify.jobs/p/5a6b4ff1-28ea-4ea2-ad3f-817e15ef03e3,,simplify,"[{""site"": ""simplify"", ""url"": ""https://simplify.jobs/p/5a6b4ff1-28ea-4ea2-ad3f-817e15ef03e3""}]",[],[],"{""location"": [""Remote; Berlin, Germany""]}",{},"{""location"": ""array_field""}",{}
https://simplify.jobs/p/525cfb34-7b50-4b05-824a-66a4412dcc7a,Frontend Engineer,Writesonic,Remote; Remote in India,,,,,,2026-09-04T01:18:24+00:00,2026-08-08T01:18:08+00:00,false,,remote,full_time,mid,,,,simplify,https://simplify.jobs/p/525cfb34-7b50-4b05-824a-66a4412dcc7a,,simplify,"[{""site"": ""simplify"", ""url"": ""https://simplify.jobs/p/525cfb34-7b50-4b05-824a-66a4412dcc7a""}]",[],[],"{""location"": [""Remote; Remote in India""]}",{},"{""location"": ""array_field""}",{}
https://simplify.jobs/p/242dbc2c-af4a-4441-bd80-701b7baa24c0,Staff Frontend Engineer - Performance Monitoring,Canva,"Remote; Sydney NSW, Australia",,,,,,2026-09-08T09:12:02+00:00,2026-07-06T06:04:54+00:00,false,,remote,full_time,senior,,,,simplify,https://simplify.jobs/p/242dbc2c-af4a-4441-bd80-701b7baa24c0,,simplify,"[{""site"": ""simplify"", ""url"": ""https://simplify.jobs/p/242dbc2c-af4a-4441-bd80-701b7baa24c0""}]",[],[],"{""location"": [""Remote; Sydney NSW, Australia""]}",{},"{""location"": ""array_field""}",{}
https://simplify.jobs/p/49ca0720-fb71-4f28-a1a2-1c161bc953d5,Senior Frontend Software Engineer,Affirm,Remote; Remote in USA,173000.0,255000.0,USD,,,2026-09-11T23:59:39+00:00,2026-09-11T01:03:00+00:00,false,,remote,full_time,mid,,,,simplify,https://simplify.jobs/p/49ca0720-fb71-4f28-a1a2-1c161bc953d5,,simplify,"[{""site"": ""simplify"", ""url"": ""https://simplify.jobs/p/49ca0720-fb71-4f28-a1a2-1c161bc953d5""}]",[],[],"{""location"": [""Remote; Remote in USA""]}",{},"{""location"": ""array_field""}",{}
https://simplify.jobs/p/de1303b2-5ecd-4949-b769-978227b0751b,Lead SAP Fiori / UI5 Frontend Engineer - Cloud & BTP,SAP Fioneer,Remote; Remote in Germany,,,,,,2026-09-04T00:27:22+00:00,2026-08-06T01:17:33+00:00,false,,remote,full_time,senior,,,,simplify,https://simplify.jobs/p/de1303b2-5ecd-4949-b769-978227b0751b,,simplify,"[{""site"": ""simplify"", ""url"": ""https://simplify.jobs/p/de1303b2-5ecd-4949-b769-978227b0751b""}]",[],[],"{""location"": [""Remote; Remote in Germany""]}",{},"{""location"": ""array_field""}",{}
https://simplify.jobs/p/6a0a8fb8-b46a-49fc-8eb1-71c821d9dc94,Frontend Software Engineer,Anduril,"Costa Mesa, CA, USA",129000.0,220000.0,USD,,,2026-09-04T08:42:09+00:00,2026-06-30T01:21:48+00:00,false,,onsite,full_time,mid,,,,simplify,https://simplify.jobs/p/6a0a8fb8-b46a-49fc-8eb1-71c821d9dc94,,simplify,"[{""site"": ""simplify"", ""url"": ""https://simplify.jobs/p/6a0a8fb8-b46a-49fc-8eb1-71c821d9dc94""}]",[],[],"{""location"": [""Costa Mesa, CA, USA""]}",{},"{""location"": ""array_field""}",{}
https://simplify.jobs/p/1e5b1b78-7bfa-4113-8b2b-da611d7db19d,Associate Principal Engineer - Frontend Angular,Nagarro,Remote; Remote in India,,,,,,2026-09-04T06:57:01+00:00,2025-12-16T16:16:01+00:00,false,,remote,full_time,,,,,simplify,https://simplify.jobs/p/1e5b1b78-7bfa-4113-8b2b-da611d7db19d,,simplify,"[{""site"": ""simplify"", ""url"": ""https://simplify.jobs/p/1e5b1b78-7bfa-4113-8b2b-da611d7db19d""}]",[],[],"{""location"": [""Remote; Remote in India""]}",{},"{""location"": ""array_field""}",{}
https://simplify.jobs/p/b69be7bf-f303-4009-9a5b-1486507bf724,Senior Frontend Architect - Multiple Teams,OleOle,"Remote; Austin, TX, USA",,,,,,2026-09-15T06:11:01+00:00,2026-09-15T06:06:38+00:00,false,,remote,full_time,senior,,,,simplify,https://simplify.jobs/p/b69be7bf-f303-4009-9a5b-1486507bf724,,simplify,"[{""site"": ""simplify"", ""url"": ""https://simplify.jobs/p/b69be7bf-f303-4009-9a5b-1486507bf724""}]",[],[],"{""location"": [""Remote; Austin, TX, USA""]}",{},"{""location"": ""array_field""}",{}
https://simplify.jobs/p/520f659c-7675-44c7-8d86-fa7ea787445c,Staff Frontend Engineer - Design Systems,Pleo,Remote; Remote in UK,,,,,,2026-09-04T09:30:01+00:00,2026-08-06T09:29:28+00:00,false,,remote,full_time,senior,,,,simplify,https://simplify.jobs/p/520f659c-7675-44c7-8d86-fa7ea787445c,,simplify,"[{""site"": ""simplify"", ""url"": ""https://simplify.jobs/p/520f659c-7675-44c7-8d86-fa7ea787445c""}]",[],[],"{""location"": [""Remote; Remote in UK""]}",{},"{""location"": ""array_field""}",{}
https://simplify.jobs/p/c3a7e4d0-21de-4fa6-9ecc-bdc37ac5af11,Frontend Software Engineer,NetBird,"Remote in Germany; Berlin, Germany",,,,,,2026-09-04T08:27:01+00:00,2026-06-26T14:07:32+00:00,false,,hybrid,full_time,mid,,,,simplify,https://simplify.jobs/p/c3a7e4d0-21de-4fa6-9ecc-bdc37ac5af11,,simplify,"[{""site"": ""simplify"", ""url"": ""https://simplify.jobs/p/c3a7e4d0-21de-4fa6-9ecc-bdc37ac5af11""}]",[],[],"{""location"": [""Remote in Germany; Berlin, Germany""]}",{},"{""location"": ""array_field""}",{}
https://simplify.jobs/p/34ff3019-dddf-45f3-8e01-8f6f0bc7035f,Software Engineer - Frontend - Agentic AI,SIFT,"San Francisco, CA, USA; Marina Del Rey, CA, USA",160000.0,200000.0,USD,,,2026-09-03T16:57:18+00:00,2026-07-27T22:24:11+00:00,false,,hybrid,full_time,mid,,,,simplify,https://simplify.jobs/p/34ff3019-dddf-45f3-8e01-8f6f0bc7035f,,simplify,"[{""site"": ""simplify"", ""url"": ""https://simplify.jobs/p/34ff3019-dddf-45f3-8e01-8f6f0bc7035f""}]",[],[],"{""location"": [""San Francisco, CA, USA; Marina Del Rey, CA, USA""]}",{},"{""location"": ""array_field""}",{}
https://simplify.jobs/p/35afad60-38d9-4310-a365-61e5de17fafa,Senior Frontend Engineer - Ads Creative,Reddit,Remote; Remote in USA,190800.0,267100.0,USD,,,2026-09-04T13:18:01+00:00,2026-09-03T02:42:43+00:00,false,,remote,full_time,senior,,,,simplify,https://simplify.jobs/p/35afad60-38d9-4310-a365-61e5de17fafa,,simplify,"[{""site"": ""simplify"", ""url"": ""https://simplify.jobs/p/35afad60-38d9-4310-a365-61e5de17fafa""}]",[],[],"{""location"": [""Remote; Remote in USA""]}",{},"{""location"": ""array_field""}",{}
https://simplify.jobs/p/85254dba-1afe-4ff4-a6e3-b1daffc120df,Frontend Software Engineer,KoBold Metals,Remote in USA; Remote in Canada,160000.0,240000.0,USD,,,2026-09-14T18:12:15+00:00,2026-06-30T22:15:27+00:00,false,,hybrid,full_time,mid,,,,simplify,https://simplify.jobs/p/85254dba-1afe-4ff4-a6e3-b1daffc120df,,simplify,"[{""site"": ""simplify"", ""url"": ""https://simplify.jobs/p/85254dba-1afe-4ff4-a6e3-b1daffc120df""}]",[],[],"{""location"": [""Remote in USA; Remote in Canada""]}",{},"{""location"": ""array_field""}",{}
https://simplify.jobs/p/9291799c-e919-4792-849b-76411e4efc31,Frontend Engineer,Capsule Video,"Los Angeles, CA, USA",100000.0,170000.0,USD,,,2026-09-04T06:57:01+00:00,2025-07-09T07:36:48+00:00,false,,hybrid,full_time,mid | senior,,,,simplify,https://simplify.jobs/p/9291799c-e919-4792-849b-76411e4efc31,,simplify,"[{""site"": ""simplify"", ""url"": ""https://simplify.jobs/p/9291799c-e919-4792-849b-76411e4efc31""}]",[],[],"{""location"": [""Los Angeles, CA, USA""]}",{},"{""location"": ""array_field""}",{}
https://simplify.jobs/p/21f3c6ec-6ba6-4ec2-b552-686215a9413c,Senior Frontend Software Engineer,Okendo,"Remote; Brisbane QLD, Australia",,,,,,2026-09-03T22:36:21+00:00,2026-08-05T06:06:47+00:00,false,,remote,full_time,senior,,,,simplify,https://simplify.jobs/p/21f3c6ec-6ba6-4ec2-b552-686215a9413c,,simplify,"[{""site"": ""simplify"", ""url"": ""https://simplify.jobs/p/21f3c6ec-6ba6-4ec2-b552-686215a9413c""}]",[],[],"{""location"": [""Remote; Brisbane QLD, Australia""]}",{},"{""location"": ""array_field""}",{}
https://simplify.jobs/p/3f032f65-281d-45fd-b49c-98a331110c84,Senior Software Engineer - Frontend - Agentic AI,SIFT,"San Francisco, CA, USA; Marina Del Rey, CA, USA",180000.0,230000.0,USD,,,2026-09-03T16:57:18+00:00,2026-07-27T22:24:12+00:00,false,,hybrid,full_time,senior,,,,simplify,https://simplify.jobs/p/3f032f65-281d-45fd-b49c-98a331110c84,,simplify,"[{""site"": ""simplify"", ""url"": ""https://simplify.jobs/p/3f032f65-281d-45fd-b49c-98a331110c84""}]",[],[],"{""location"": [""San Francisco, CA, USA; Marina Del Rey, CA, USA""]}",{},"{""location"": ""array_field""}",{}
https://simplify.jobs/p/6f4c50f9-9b37-4b36-ad58-0357483e2a9d,Senior Frontend Engineer,Coinspaid Solutions,Remote; Europe,,,,,,2026-09-17T09:24:02+00:00,2026-09-17T09:06:03+00:00,false,,remote,full_time,mid,,,,simplify,https://simplify.jobs/p/6f4c50f9-9b37-4b36-ad58-0357483e2a9d,,simplify,"[{""site"": ""simplify"", ""url"": ""https://simplify.jobs/p/6f4c50f9-9b37-4b36-ad58-0357483e2a9d""}]",[],[],"{""location"": [""Remote; Europe""]}",{},"{""location"": ""array_field""}",{}
https://simplify.jobs/p/69a56262-3720-4e2d-bd25-3e9c54b23865,Principal Frontend Software Engineer,Atlassian,"Remote; Sydney NSW, Australia",,,,,,2026-09-10T09:06:01+00:00,2026-09-10T09:05:41+00:00,false,,remote,full_time,senior,,,,simplify,https://simplify.jobs/p/69a56262-3720-4e2d-bd25-3e9c54b23865,,simplify,"[{""site"": ""simplify"", ""url"": ""https://simplify.jobs/p/69a56262-3720-4e2d-bd25-3e9c54b23865""}]",[],[],"{""location"": [""Remote; Sydney NSW, Australia""]}",{},"{""location"": ""array_field""}",{}
https://simplify.jobs/p/1a435e20-1705-43bc-940c-164a50cb1fb7,Principal Frontend Engineer,ClickUp,Remote; Remote in USA,250000.0,300000.0,USD,,,2026-09-04T22:45:01+00:00,2026-09-04T22:43:18+00:00,false,,remote,full_time,senior,,,,simplify,https://simplify.jobs/p/1a435e20-1705-43bc-940c-164a50cb1fb7,,simplify,"[{""site"": ""simplify"", ""url"": ""https://simplify.jobs/p/1a435e20-1705-43bc-940c-164a50cb1fb7""}]",[],[],"{""location"": [""Remote; Remote in USA""]}",{},"{""location"": ""array_field""}",{}
https://simplify.jobs/p/c4ea4a74-d683-487a-9c45-df778bfd7606,Front-End Software Engineer,Acclaim Technical Services,"Remote; Chantilly, VA, USA",170000.0,200000.0,USD,,,2026-09-05T11:49:25+00:00,2026-08-21T23:04:17+00:00,false,,remote,full_time,senior,,,,simplify,https://simplify.jobs/p/c4ea4a74-d683-487a-9c45-df778bfd7606,,simplify,"[{""site"": ""simplify"", ""url"": ""https://simplify.jobs/p/c4ea4a74-d683-487a-9c45-df778bfd7606""}]",[],[],"{""location"": [""Remote; Chantilly, VA, USA""]}",{},"{""location"": ""array_field""}",{}
https://simplify.jobs/p/67e6fece-2d8c-4512-b217-8d27cbfbb0fe,JavaScript Developer - Frontend UI/UX,Mapjects,"Remote; Chennai, Tamil Nadu, India",,,,,,2026-09-04T02:15:20+00:00,2026-08-13T06:12:35+00:00,false,,remote,full_time,mid,,,,simplify,https://simplify.jobs/p/67e6fece-2d8c-4512-b217-8d27cbfbb0fe,,simplify,"[{""site"": ""simplify"", ""url"": ""https://simplify.jobs/p/67e6fece-2d8c-4512-b217-8d27cbfbb0fe""}]",[],[],"{""location"": [""Remote; Chennai, Tamil Nadu, India""]}",{},"{""location"": ""array_field""}",{}
https://simplify.jobs/p/1b4f86fa-7fba-4317-a77c-401a5cf8fdbc,Frontend Web Developer,Air Apps,"Remote; Dublin, Ireland",47000.0,58000.0,EUR,,,2026-09-04T07:51:01+00:00,2026-08-29T00:45:00+00:00,false,,remote,full_time,mid,,,,simplify,https://simplify.jobs/p/1b4f86fa-7fba-4317-a77c-401a5cf8fdbc,,simplify,"[{""site"": ""simplify"", ""url"": ""https://simplify.jobs/p/1b4f86fa-7fba-4317-a77c-401a5cf8fdbc""}]",[],[],"{""location"": [""Remote; Dublin, Ireland""]}",{},"{""location"": ""array_field""}",{}
https://simplify.jobs/p/d1c0cbfe-c7f8-4c47-901c-f68acb50d379,Senior Frontend Engineer,Weave,Remote; Remote in India,,,,,,2026-09-16T14:21:02+00:00,2026-09-03T03:52:17+00:00,false,,remote,full_time,mid | senior,,,,simplify,https://simplify.jobs/p/d1c0cbfe-c7f8-4c47-901c-f68acb50d379,,simplify,"[{""site"": ""simplify"", ""url"": ""https://simplify.jobs/p/d1c0cbfe-c7f8-4c47-901c-f68acb50d379""}]",[],[],"{""location"": [""Remote; Remote in India""]}",{},"{""location"": ""array_field""}",{}
https://simplify.jobs/p/6d38a0c3-5618-4895-95c8-c0234094ca6a,Software Development Engineer 2 - Frontend - Contacts,HighLevel,Remote; Remote in India,,,,,,2026-09-16T06:12:40+00:00,2026-09-16T06:07:50+00:00,false,,remote,full_time,mid,,,,simplify,https://simplify.jobs/p/6d38a0c3-5618-4895-95c8-c0234094ca6a,,simplify,"[{""site"": ""simplify"", ""url"": ""https://simplify.jobs/p/6d38a0c3-5618-4895-95c8-c0234094ca6a""}]",[],[],"{""location"": [""Remote; Remote in India""]}",{},"{""location"": ""array_field""}",{}
https://simplify.jobs/p/25c416b9-05b0-457d-a78b-3e327d5ad2be,Frontend Engineer,Hercules,"San Francisco, CA, USA; Remote in USA",100000.0,250000.0,USD,,,2026-09-04T09:42:02+00:00,2026-07-21T01:15:39+00:00,false,,hybrid,full_time,mid | senior,,,,simplify,https://simplify.jobs/p/25c416b9-05b0-457d-a78b-3e327d5ad2be,,simplify,"[{""site"": ""simplify"", ""url"": ""https://simplify.jobs/p/25c416b9-05b0-457d-a78b-3e327d5ad2be""}]",[],[],"{""location"": [""San Francisco, CA, USA; Remote in USA""]}",{},"{""location"": ""array_field""}",{}
https://simplify.jobs/p/89a68372-bcd7-46e5-893e-211aea1ba50a,Senior Front-End Developer 4,Jobsbridge,"Santa Monica, CA, USA",,,,,,2026-09-04T07:24:02+00:00,2026-02-24T07:20:00+00:00,false,,onsite,full_time,senior,,,,simplify,https://simplify.jobs/p/89a68372-bcd7-46e5-893e-211aea1ba50a,,simplify,"[{""site"": ""simplify"", ""url"": ""https://simplify.jobs/p/89a68372-bcd7-46e5-893e-211aea1ba50a""}]",[],[],"{""location"": [""Santa Monica, CA, USA""]}",{},"{""location"": ""array_field""}",{}
https://simplify.jobs/p/bdd08269-7358-4353-84e8-6b575322249a,Frontend Engineer - Editor and Graphics,Slate,Remote; Remote in USA,95000.0,200000.0,USD,,,2026-09-04T09:42:02+00:00,2026-07-21T01:14:55+00:00,false,,remote,full_time,senior,,,,simplify,https://simplify.jobs/p/bdd08269-7358-4353-84e8-6b575322249a,,simplify,"[{""site"": ""simplify"", ""url"": ""https://simplify.jobs/p/bdd08269-7358-4353-84e8-6b575322249a""}]",[],[],"{""location"": [""Remote; Remote in USA""]}",{},"{""location"": ""array_field""}",{}
https://simplify.jobs/p/943276d6-dcfa-42dd-b7ae-ff386984b49f,Frontend Engineer,Drivetrain,Remote; Remote in USA,,,,,,2025-10-31T11:21:41+00:00,2025-10-31T11:21:41+00:00,false,,remote,full_time,junior | mid,,,,simplify,https://simplify.jobs/p/943276d6-dcfa-42dd-b7ae-ff386984b49f,,simplify,"[{""site"": ""simplify"", ""url"": ""https://simplify.jobs/p/943276d6-dcfa-42dd-b7ae-ff386984b49f""}]",[],[],"{""location"": [""Remote; Remote in USA""]}",{},"{""location"": ""array_field""}",{}
https://simplify.jobs/p/6e2a3640-1e42-4940-8ad1-abf6599dbf63,Senior Frontend Engineer,Crogl,"Remote; Los Ranchos De Albuquerque, NM, USA",,,,,,2026-09-04T10:18:01+00:00,2026-07-31T22:26:23+00:00,false,,remote,full_time,mid | senior,,,,simplify,https://simplify.jobs/p/6e2a3640-1e42-4940-8ad1-abf6599dbf63,,simplify,"[{""site"": ""simplify"", ""url"": ""https://simplify.jobs/p/6e2a3640-1e42-4940-8ad1-abf6599dbf63""}]",[],[],"{""location"": [""Remote; Los Ranchos De Albuquerque, NM, USA""]}",{},"{""location"": ""array_field""}",{}
https://simplify.jobs/p/2a81c7eb-bb3d-448c-ae5f-a308642c5842,Staff Frontend Engineer - Front End,Scout Motors,Remote in USA,165000.0,220000.0,USD,,,2026-09-18T14:39:19+00:00,2026-09-18T14:38:54+00:00,false,,hybrid,full_time,senior,,,,simplify,https://simplify.jobs/p/2a81c7eb-bb3d-448c-ae5f-a308642c5842,,simplify,"[{""site"": ""simplify"", ""url"": ""https://simplify.jobs/p/2a81c7eb-bb3d-448c-ae5f-a308642c5842""}]",[],[],"{""location"": [""Remote in USA""]}",{},"{""location"": ""array_field""}",{}
https://simplify.jobs/p/c91217fb-4c03-4529-a4bc-e126d7a71f9c,Frontend Engineer - SaaS Maintenance,Marrina Decisions,Remote; Remote in India,,,,,,2026-09-04T12:09:01+00:00,2026-08-18T06:17:44+00:00,false,,remote,full_time,junior | mid,,,,simplify,https://simplify.jobs/p/c91217fb-4c03-4529-a4bc-e126d7a71f9c,,simplify,"[{""site"": ""simplify"", ""url"": ""https://simplify.jobs/p/c91217fb-4c03-4529-a4bc-e126d7a71f9c""}]",[],[],"{""location"": [""Remote; Remote in India""]}",{},"{""location"": ""array_field""}",{}
https://simplify.jobs/p/59905194-7a87-4e61-b225-b7ccef23b1de,Senior Software Engineer - Frontend,Circle,"Remote; Salt Lake City, UT, USA; Seattle, WA, USA; Washington, DC, USA; San Francisco, CA, USA; Austin, TX, USA; Tampa, FL, USA; Raleigh, NC, USA; Chicago, IL, USA; New York, NY, USA; Phoenix, AZ, USA; San Diego, CA, USA",152500.0,205000.0,USD,,,2026-09-18T13:39:28+00:00,2026-08-31T00:00:00+00:00,false,,remote,full_time,mid | senior,,,,simplify,https://simplify.jobs/p/59905194-7a87-4e61-b225-b7ccef23b1de,,simplify,"[{""site"": ""simplify"", ""url"": ""https://simplify.jobs/p/59905194-7a87-4e61-b225-b7ccef23b1de""}]",[],[],"{""location"": [""Remote; Salt Lake City, UT, USA; Seattle, WA, USA; Washington, DC, USA; San Francisco, CA, USA; Austin, TX, USA; Tampa, FL, USA; Raleigh, NC, USA; Chicago, IL, USA; New York, NY, USA; Phoenix, AZ, USA; San Diego, CA, USA""]}",{},"{""location"": ""array_field""}",{}
https://simplify.jobs/p/80073bca-d032-4758-8ea7-0bb4adc2467b,Software Engineer 1 – Frontend,Netomi,"Remote; Gurugram, Haryana, India",,,,,,2026-09-16T09:34:42+00:00,2026-06-26T09:07:33+00:00,false,,remote,full_time,junior | mid,,,,simplify,https://simplify.jobs/p/80073bca-d032-4758-8ea7-0bb4adc2467b,,simplify,"[{""site"": ""simplify"", ""url"": ""https://simplify.jobs/p/80073bca-d032-4758-8ea7-0bb4adc2467b""}]",[],[],"{""location"": [""Remote; Gurugram, Haryana, India""]}",{},"{""location"": ""array_field""}",{}
https://simplify.jobs/p/631e05f4-d9bb-44b8-aaa6-23ff74f73b1d,Senior Frontend Engineer,Amboss,"Remote in Germany; Berlin, Germany",,,,,,2026-09-04T01:30:21+00:00,2026-08-10T19:10:09+00:00,false,,hybrid,full_time,senior,,,,simplify,https://simplify.jobs/p/631e05f4-d9bb-44b8-aaa6-23ff74f73b1d,,simplify,"[{""site"": ""simplify"", ""url"": ""https://simplify.jobs/p/631e05f4-d9bb-44b8-aaa6-23ff74f73b1d""}]",[],[],"{""location"": [""Remote in Germany; Berlin, Germany""]}",{},"{""location"": ""array_field""}",{}
https://simplify.jobs/p/091aac0a-16e7-4c81-adec-16382c6fc6c1,Web Frontend Engineer - Multiple Teams,Canonical,Remote; Remote in UK,48000.0,70000.0,USD,,,2026-09-04T06:57:01+00:00,2026-03-27T01:18:43+00:00,false,,remote,full_time,,,,,simplify,https://simplify.jobs/p/091aac0a-16e7-4c81-adec-16382c6fc6c1,,simplify,"[{""site"": ""simplify"", ""url"": ""https://simplify.jobs/p/091aac0a-16e7-4c81-adec-16382c6fc6c1""}]",[],[],"{""location"": [""Remote; Remote in UK""]}",{},"{""location"": ""array_field""}",{}
https://simplify.jobs/p/58982157-9706-4f29-9548-565873e252c6,Frontend Engineer,Deepslate,"Remote; Remote in Germany; Berlin, Germany",50000.0,70000.0,EUR,,,2026-09-18T09:30:25+00:00,2026-07-21T01:15:24+00:00,false,,remote,full_time,mid,,,,simplify,https://simplify.jobs/p/58982157-9706-4f29-9548-565873e252c6,,simplify,"[{""site"": ""simplify"", ""url"": ""https://simplify.jobs/p/58982157-9706-4f29-9548-565873e252c6""}]",[],[],"{""location"": [""Remote; Remote in Germany; Berlin, Germany""]}",{},"{""location"": ""array_field""}",{}
https://simplify.jobs/p/88de15b9-1e57-4109-84a6-5823fe15963b,Senior Frontend Engineer,Taekus,Remote; Remote in USA,190000.0,210000.0,USD,,,2026-09-04T12:21:02+00:00,2026-08-20T00:54:12+00:00,false,,remote,full_time,senior,,,,simplify,https://simplify.jobs/p/88de15b9-1e57-4109-84a6-5823fe15963b,,simplify,"[{""site"": ""simplify"", ""url"": ""https://simplify.jobs/p/88de15b9-1e57-4109-84a6-5823fe15963b""}]",[],[],"{""location"": [""Remote; Remote in USA""]}",{},"{""location"": ""array_field""}",{}
https://simplify.jobs/p/92e6a419-164c-4252-9b3c-e8c1ced696c8,Senior Frontend Engineer,ClickUp,Remote; Remote in Ireland,,,,,,2026-09-04T08:03:01+00:00,2026-05-19T01:09:31+00:00,false,,remote,full_time,senior,,,,simplify,https://simplify.jobs/p/92e6a419-164c-4252-9b3c-e8c1ced696c8,,simplify,"[{""site"": ""simplify"", ""url"": ""https://simplify.jobs/p/92e6a419-164c-4252-9b3c-e8c1ced696c8""}]",[],[],"{""location"": [""Remote; Remote in Ireland""]}",{},"{""location"": ""array_field""}",{}
https://simplify.jobs/p/aead489a-f4ef-4259-880d-1f68e390dfeb,Senior Front-End Agentic AI Engineer,LTS,Remote; Remote in USA,,,,,,2026-09-03T20:33:22+00:00,2026-07-30T22:27:50+00:00,false,,remote,full_time,senior,,,,simplify,https://simplify.jobs/p/aead489a-f4ef-4259-880d-1f68e390dfeb,,simplify,"[{""site"": ""simplify"", ""url"": ""https://simplify.jobs/p/aead489a-f4ef-4259-880d-1f68e390dfeb""}]",[],[],"{""location"": [""Remote; Remote in USA""]}",{},"{""location"": ""array_field""}",{}
https://simplify.jobs/p/ceae889b-ada6-4ed0-8a2f-27251a8ee630,Junior Frontend Angular Programmer - Euse,TEHORA,"Remote; Remote in Canada; Québec City, QC, Canada",,,,,,2026-09-03T22:03:21+00:00,2026-08-04T06:18:55+00:00,false,,remote,full_time,junior | mid,,,,simplify,https://simplify.jobs/p/ceae889b-ada6-4ed0-8a2f-27251a8ee630,,simplify,"[{""site"": ""simplify"", ""url"": ""https://simplify.jobs/p/ceae889b-ada6-4ed0-8a2f-27251a8ee630""}]",[],[],"{""location"": [""Remote; Remote in Canada; Québec City, QC, Canada""]}",{},"{""location"": ""array_field""}",{}
https://simplify.jobs/p/893674cb-30c9-442d-b2b8-0ec15bb15ff1,Staff Engineer - Frontend,Primer.io,Remote; Remote in UK; Remote in Ireland,,,,,,2026-09-04T01:30:21+00:00,2026-08-10T19:09:57+00:00,false,,remote,full_time,senior,,,,simplify,https://simplify.jobs/p/893674cb-30c9-442d-b2b8-0ec15bb15ff1,,simplify,"[{""site"": ""simplify"", ""url"": ""https://simplify.jobs/p/893674cb-30c9-442d-b2b8-0ec15bb15ff1""}]",[],[],"{""location"": [""Remote; Remote in UK; Remote in Ireland""]}",{},"{""location"": ""array_field""}",{}
https://simplify.jobs/p/aa206575-69cd-4326-b510-cd6a6c04409c,Frontend Engineer,BJAK,"Remote; London, UK; Remote in UK",,,,,,2026-09-04T13:00:41+00:00,2026-08-28T23:01:57+00:00,false,,remote,full_time,mid,,,,simplify,https://simplify.jobs/p/aa206575-69cd-4326-b510-cd6a6c04409c,,simplify,"[{""site"": ""simplify"", ""url"": ""https://simplify.jobs/p/aa206575-69cd-4326-b510-cd6a6c04409c""}]",[],[],"{""location"": [""Remote; London, UK; Remote in UK""]}",{},"{""location"": ""array_field""}",{}
https://simplify.jobs/p/d37be1cd-86e4-4447-a707-f7c41f7e082f,Senior Front-End Software Engineer,Bask Health,"Remote; Remote in USA; New York, NY, USA",,,,,,2026-09-04T00:51:21+00:00,2026-08-07T06:18:46+00:00,false,,remote,full_time,senior,,,,simplify,https://simplify.jobs/p/d37be1cd-86e4-4447-a707-f7c41f7e082f,,simplify,"[{""site"": ""simplify"", ""url"": ""https://simplify.jobs/p/d37be1cd-86e4-4447-a707-f7c41f7e082f""}]",[],[],"{""location"": [""Remote; Remote in USA; New York, NY, USA""]}",{},"{""location"": ""array_field""}",{}
https://simplify.jobs/p/05c53e5d-e702-4991-99a8-a096794db73b,Engineering Manager - Frontend Platform & Mobile,Zocdoc,Remote; Remote in USA,210000.0,270000.0,USD,,,2026-09-14T19:21:01+00:00,2026-07-14T22:11:51+00:00,false,,remote,full_time,mid | senior,,,,simplify,https://simplify.jobs/p/05c53e5d-e702-4991-99a8-a096794db73b,,simplify,"[{""site"": ""simplify"", ""url"": ""https://simplify.jobs/p/05c53e5d-e702-4991-99a8-a096794db73b""}]",[],[],"{""location"": [""Remote; Remote in USA""]}",{},"{""location"": ""array_field""}",{}
https://simplify.jobs/p/b59f3889-0a39-44dc-be5a-4d2d7351698a,Senior Engineering Manager - Grafana Frontend,Grafana Labs,Remote; Remote in Germany,124571.0,149485.0,EUR,,,2026-09-18T22:42:19+00:00,2026-09-18T22:29:44+00:00,false,,remote,full_time,senior,,,,simplify,https://simplify.jobs/p/b59f3889-0a39-44dc-be5a-4d2d7351698a,,simplify,"[{""site"": ""simplify"", ""url"": ""https://simplify.jobs/p/b59f3889-0a39-44dc-be5a-4d2d7351698a""}]",[],[],"{""location"": [""Remote; Remote in Germany""]}",{},"{""location"": ""array_field""}",{}
https://simplify.jobs/p/e46528d8-2321-4e3b-9f5a-5acc8e3c29c7,Senior Engineering Manager - Grafana Frontend,Grafana Labs,Remote; Remote in Canada,211450.0,253740.0,CAD,,,2026-09-18T22:42:19+00:00,2026-09-18T22:29:44+00:00,false,,remote,full_time,senior,,,,simplify,https://simplify.jobs/p/e46528d8-2321-4e3b-9f5a-5acc8e3c29c7,,simplify,"[{""site"": ""simplify"", ""url"": ""https://simplify.jobs/p/e46528d8-2321-4e3b-9f5a-5acc8e3c29c7""}]",[],[],"{""location"": [""Remote; Remote in Canada""]}",{},"{""location"": ""array_field""}",{}
https://simplify.jobs/p/0366ae86-3b4f-4c73-8330-36ea045c03a5,Frontend Engineer,Brown Brothers Harriman,"Remote; Boston, MA, USA; Jersey City, NJ, USA; New York, NY, USA",85000.0,135000.0,USD,,,2026-09-12T08:33:38+00:00,2026-08-06T00:00:00+00:00,false,,remote,full_time,mid,,,,simplify,https://simplify.jobs/p/0366ae86-3b4f-4c73-8330-36ea045c03a5,,simplify,"[{""site"": ""simplify"", ""url"": ""https://simplify.jobs/p/0366ae86-3b4f-4c73-8330-36ea045c03a5""}]",[],[],"{""location"": [""Remote; Boston, MA, USA; Jersey City, NJ, USA; New York, NY, USA""]}",{},"{""location"": ""array_field""}",{}
https://simplify.jobs/p/a4449bf6-34a2-4134-a45c-a68f063e8774,Engineering Manager - Frontend,ClickUp,Remote; Remote in USA,200000.0,250000.0,USD,,,2026-09-03T18:27:21+00:00,2026-05-19T01:09:31+00:00,false,,remote,full_time,senior,,,,simplify,https://simplify.jobs/p/a4449bf6-34a2-4134-a45c-a68f063e8774,,simplify,"[{""site"": ""simplify"", ""url"": ""https://simplify.jobs/p/a4449bf6-34a2-4134-a45c-a68f063e8774""}]",[],[],"{""location"": [""Remote; Remote in USA""]}",{},"{""location"": ""array_field""}",{}
https://simplify.jobs/p/82164d58-40f4-4d9d-8e4d-811fe008a2c2,Senior Frontend Engineer,Ignition,"Toronto, ON, Canada; Remote in Canada",160000.0,190000.0,CAD,,,2026-09-03T23:39:21+00:00,2026-08-05T22:17:24+00:00,false,,hybrid,full_time,mid | senior,,,,simplify,https://simplify.jobs/p/82164d58-40f4-4d9d-8e4d-811fe008a2c2,,simplify,"[{""site"": ""simplify"", ""url"": ""https://simplify.jobs/p/82164d58-40f4-4d9d-8e4d-811fe008a2c2""}]",[],[],"{""location"": [""Toronto, ON, Canada; Remote in Canada""]}",{},"{""location"": ""array_field""}",{}
https://simplify.jobs/p/7cfc682a-039c-4944-b1d7-3fdf78cf2c04,Frontend Software Engineer 3 - Mobile,Captain Fresh,"Remote; Bengaluru, Karnataka, India",,,,,,2026-09-03T15:03:13+00:00,2026-08-18T01:36:22+00:00,false,,remote,full_time,mid | senior,,,,simplify,https://simplify.jobs/p/7cfc682a-039c-4944-b1d7-3fdf78cf2c04,,simplify,"[{""site"": ""simplify"", ""url"": ""https://simplify.jobs/p/7cfc682a-039c-4944-b1d7-3fdf78cf2c04""}]",[],[],"{""location"": [""Remote; Bengaluru, Karnataka, India""]}",{},"{""location"": ""array_field""}",{}
https://simplify.jobs/p/466108ca-7a9f-4787-8a2b-eb4893e77c9a,Healthcare Financial Transformation - Front-End Revenue Cycle/Patient Access,Guidehouse,Remote; Remote in USA,102000.0,170000.0,USD,,,2026-09-03T17:54:20+00:00,2026-07-17T22:14:44+00:00,false,,remote,full_time,senior,,,,simplify,https://simplify.jobs/p/466108ca-7a9f-4787-8a2b-eb4893e77c9a,,simplify,"[{""site"": ""simplify"", ""url"": ""https://simplify.jobs/p/466108ca-7a9f-4787-8a2b-eb4893e77c9a""}]",[],[],"{""location"": [""Remote; Remote in USA""]}",{},"{""location"": ""array_field""}",{}
https://simplify.jobs/p/7442b23c-58e5-404f-b842-1a53dad88b37,Senior Engineering Manager - Grafana Frontend,Grafana Labs,Remote; Remote in Spain,106680.0,128016.0,EUR,,,2026-09-18T22:42:19+00:00,2026-09-18T22:29:44+00:00,false,,remote,full_time,senior,,,,simplify,https://simplify.jobs/p/7442b23c-58e5-404f-b842-1a53dad88b37,,simplify,"[{""site"": ""simplify"", ""url"": ""https://simplify.jobs/p/7442b23c-58e5-404f-b842-1a53dad88b37""}]",[],[],"{""location"": [""Remote; Remote in Spain""]}",{},"{""location"": ""array_field""}",{}
https://simplify.jobs/p/f867ef9c-7d8a-4760-8853-2b29ae4c49ac,Technical Program Manager - Front-End Planning and Pre-Construction,Google,"Remote; London, UK; Dublin, Ireland",118000.0,120000.0,EUR,,,2026-09-04T09:15:01+00:00,2026-09-04T09:06:29+00:00,false,,remote,full_time,senior,,,,simplify,https://simplify.jobs/p/f867ef9c-7d8a-4760-8853-2b29ae4c49ac,,simplify,"[{""site"": ""simplify"", ""url"": ""https://simplify.jobs/p/f867ef9c-7d8a-4760-8853-2b29ae4c49ac""}]",[],[],"{""location"": [""Remote; London, UK; Dublin, Ireland""]}",{},"{""location"": ""array_field""}",{}
https://simplify.jobs/p/99241df9-142a-4ba1-9516-6119f8d4b0fa,Service Delivery Center - Workflow Platform Frontend Engineer - Analyst,Ernst & Young,"Remote; Dallas, TX, USA; Alpharetta, GA, USA",55400.0,128500.0,USD,,,2026-09-18T22:12:11+00:00,2026-09-11T22:12:53+00:00,false,,remote,full_time,junior | mid,,,,simplify,https://simplify.jobs/p/99241df9-142a-4ba1-9516-6119f8d4b0fa,,simplify,"[{""site"": ""simplify"", ""url"": ""https://simplify.jobs/p/99241df9-142a-4ba1-9516-6119f8d4b0fa""}]",[],[],"{""location"": [""Remote; Dallas, TX, USA; Alpharetta, GA, USA""]}",{},"{""location"": ""array_field""}",{}
https://simplify.jobs/p/831d07e8-2803-41dc-8104-1391a644fefb,Senior Full Stack JavaScript Developer - SSR / Front-End Leaning,Social News Desk,Remote; Remote in USA,,,,,,2026-09-04T09:42:02+00:00,2026-07-21T01:15:55+00:00,false,,remote,full_time,senior,,,,simplify,https://simplify.jobs/p/831d07e8-2803-41dc-8104-1391a644fefb,,simplify,"[{""site"": ""simplify"", ""url"": ""https://simplify.jobs/p/831d07e8-2803-41dc-8104-1391a644fefb""}]",[],[],"{""location"": [""Remote; Remote in USA""]}",{},"{""location"": ""array_field""}",{}
https://simplify.jobs/p/1980240a-8306-45e9-b825-7621794703f5,Technical Consultant - Front-end Development,Veeva Systems,"Remote; Raleigh, NC, USA",75000.0,150000.0,USD,,,2026-09-04T02:51:24+00:00,2026-09-03T22:31:31+00:00,false,,remote,full_time,mid,,,,simplify,https://simplify.jobs/p/1980240a-8306-45e9-b825-7621794703f5,,simplify,"[{""site"": ""simplify"", ""url"": ""https://simplify.jobs/p/1980240a-8306-45e9-b825-7621794703f5""}]",[],[],"{""location"": [""Remote; Raleigh, NC, USA""]}",{},"{""location"": ""array_field""}",{}
https://simplify.jobs/p/2cd12ae6-328a-40e8-8e17-4086d0867044,Full-Stack Engineer - Front-End Leaning,ElevenLabs,"Remote; Boston, MA, USA; London, UK; Washington, DC, USA; Los Angeles, CA, USA; Remote in UK; Remote in Ireland; New York, NY, USA; Dublin, Ireland",,,,,,2026-09-03T09:33:09+00:00,2025-10-31T02:08:19+00:00,false,,remote,full_time,,,,,simplify,https://simplify.jobs/p/2cd12ae6-328a-40e8-8e17-4086d0867044,,simplify,"[{""site"": ""simplify"", ""url"": ""https://simplify.jobs/p/2cd12ae6-328a-40e8-8e17-4086d0867044""}]",[],[],"{""location"": [""Remote; Boston, MA, USA; London, UK; Washington, DC, USA; Los Angeles, CA, USA; Remote in UK; Remote in Ireland; New York, NY, USA; Dublin, Ireland""]}",{},"{""location"": ""array_field""}",{}
https://simplify.jobs/p/0cbaaf33-2983-474c-9041-93fb17c46dc4,Front-end Developer,Jobs for Humanity,"Remote; Florence, Metropolitan City of Florence, Italy",,,,,,2026-09-04T07:24:02+00:00,2026-02-24T07:25:04+00:00,false,,remote,full_time,mid,,,,simplify,https://simplify.jobs/p/0cbaaf33-2983-474c-9041-93fb17c46dc4,,simplify,"[{""site"": ""simplify"", ""url"": ""https://simplify.jobs/p/0cbaaf33-2983-474c-9041-93fb17c46dc4""}]",[],[],"{""location"": [""Remote; Florence, Metropolitan City of Florence, Italy""]}",{},"{""location"": ""array_field""}",{}
https://simplify.jobs/p/be408de4-9641-4866-b75a-9fdc74b5879d,"Full-Stack Software Engineer - Frontend, Backend & Cloud - Applied & Agentic AI Systems",Roche,"Remote; Hyderabad, Telangana, India",,,,,,2026-09-13T19:06:01+00:00,2026-08-13T00:00:00+00:00,false,,remote,full_time,senior,,,,simplify,https://simplify.jobs/p/be408de4-9641-4866-b75a-9fdc74b5879d,,simplify,"[{""site"": ""simplify"", ""url"": ""https://simplify.jobs/p/be408de4-9641-4866-b75a-9fdc74b5879d""}]",[],[],"{""location"": [""Remote; Hyderabad, Telangana, India""]}",{},"{""location"": ""array_field""}",{}
https://simplify.jobs/p/b6092f7f-a9cd-4706-9ffd-79cc090e6bec,Solidity Compiler Frontend Engineer,Certik,Remote; Remote in USA,140000.0,220000.0,USD,,,2026-09-04T13:18:01+00:00,2025-10-31T02:04:12+00:00,false,,remote,full_time,mid | senior,,,,simplify,https://simplify.jobs/p/b6092f7f-a9cd-4706-9ffd-79cc090e6bec,,simplify,"[{""site"": ""simplify"", ""url"": ""https://simplify.jobs/p/b6092f7f-a9cd-4706-9ffd-79cc090e6bec""}]",[],[],"{""location"": [""Remote; Remote in USA""]}",{},"{""location"": ""array_field""}",{}
https://simplify.jobs/p/841a6c0f-15cd-4cb5-b654-fa744d83b404,Engineering Manager - Front-End - UI/UX,StackBlitz,Remote; Remote in USA,,,,,,2026-09-03T18:09:19+00:00,2026-03-27T01:25:12+00:00,false,,remote,full_time,mid | senior,,,,simplify,https://simplify.jobs/p/841a6c0f-15cd-4cb5-b654-fa744d83b404,,simplify,"[{""site"": ""simplify"", ""url"": ""https://simplify.jobs/p/841a6c0f-15cd-4cb5-b654-fa744d83b404""}]",[],[],"{""location"": [""Remote; Remote in USA""]}",{},"{""location"": ""array_field""}",{}
https://simplify.jobs/p/6376c399-bab8-4948-981b-3f65f3c27529,Senior Frontend Engineer - Multiple Teams,Canva,"Remote; Sydney NSW, Australia",,,,,,2026-09-18T09:18:01+00:00,2026-08-12T01:13:22+00:00,false,,remote,full_time,senior,,,,simplify,https://simplify.jobs/p/6376c399-bab8-4948-981b-3f65f3c27529,,simplify,"[{""site"": ""simplify"", ""url"": ""https://simplify.jobs/p/6376c399-bab8-4948-981b-3f65f3c27529""}]",[],[],"{""location"": [""Remote; Sydney NSW, Australia""]}",{},"{""location"": ""array_field""}",{}
https://simplify.jobs/p/5bf8e98b-b6ea-4fb3-9b06-97261b8ae259,Lead Platform Engineer - Frontend Platform,Lighthouse,"Remote; Barcelona, Spain",,,,,,2026-09-04T01:57:21+00:00,2026-08-11T22:27:19+00:00,false,,remote,full_time,senior,,,,simplify,https://simplify.jobs/p/5bf8e98b-b6ea-4fb3-9b06-97261b8ae259,,simplify,"[{""site"": ""simplify"", ""url"": ""https://simplify.jobs/p/5bf8e98b-b6ea-4fb3-9b06-97261b8ae259""}]",[],[],"{""location"": [""Remote; Barcelona, Spain""]}",{},"{""location"": ""array_field""}",{}
https://simplify.jobs/p/804ed168-2f17-4246-988b-41529ee99f94,Frontend Developer - WPF/XAML,RealDefense,"Remote; Pasadena, CA, USA",,,,,,2026-09-04T07:24:02+00:00,2026-02-26T07:15:25+00:00,false,,remote,full_time,junior,,,,simplify,https://simplify.jobs/p/804ed168-2f17-4246-988b-41529ee99f94,,simplify,"[{""site"": ""simplify"", ""url"": ""https://simplify.jobs/p/804ed168-2f17-4246-988b-41529ee99f94""}]",[],[],"{""location"": [""Remote; Pasadena, CA, USA""]}",{},"{""location"": ""array_field""}",{}
https://simplify.jobs/p/0c0167e8-d75f-4678-8361-c8c27919844f,Frontend Engineer - React Native,Tempo,Remote; Remote in India,40000.0,60000.0,USD,,,2026-09-04T07:24:02+00:00,2026-03-05T15:21:03+00:00,false,,remote,full_time,mid,,,,simplify,https://simplify.jobs/p/0c0167e8-d75f-4678-8361-c8c27919844f,,simplify,"[{""site"": ""simplify"", ""url"": ""https://simplify.jobs/p/0c0167e8-d75f-4678-8361-c8c27919844f""}]",[],[],"{""location"": [""Remote; Remote in India""]}",{},"{""location"": ""array_field""}",{}
https://simplify.jobs/p/086d3910-8105-4920-872d-c0e517e29dc1,Senior Frontend Software Engineer - Consumer Engineering,Reddit,Remote; Remote in USA,190800.0,267100.0,USD,,,2026-09-17T22:54:01+00:00,2026-09-17T22:30:25+00:00,false,,remote,full_time,senior,,,,simplify,https://simplify.jobs/p/086d3910-8105-4920-872d-c0e517e29dc1,,simplify,"[{""site"": ""simplify"", ""url"": ""https://simplify.jobs/p/086d3910-8105-4920-872d-c0e517e29dc1""}]",[],[],"{""location"": [""Remote; Remote in USA""]}",{},"{""location"": ""array_field""}",{}
https://simplify.jobs/p/2754135e-5ece-4631-99ab-8ae9a7626b2a,Software Development Engineer 2 - Frontend - Opportunities,HighLevel,Remote; Remote in India,,,,,,2026-09-19T08:42:02+00:00,2026-09-17T06:09:00+00:00,false,,remote,full_time,mid,,,,simplify,https://simplify.jobs/p/2754135e-5ece-4631-99ab-8ae9a7626b2a,,simplify,"[{""site"": ""simplify"", ""url"": ""https://simplify.jobs/p/2754135e-5ece-4631-99ab-8ae9a7626b2a""}]",[],[],"{""location"": [""Remote; Remote in India""]}",{},"{""location"": ""array_field""}",{}
https://simplify.jobs/p/ce303fb3-0876-4b61-bee6-66e538389113,Technical Consultant - Front-end Development,Veeva Systems,"Remote; Washington, DC, USA",75000.0,150000.0,USD,,,2026-09-04T02:51:24+00:00,2026-09-03T22:31:31+00:00,false,,remote,full_time,mid,,,,simplify,https://simplify.jobs/p/ce303fb3-0876-4b61-bee6-66e538389113,,simplify,"[{""site"": ""simplify"", ""url"": ""https://simplify.jobs/p/ce303fb3-0876-4b61-bee6-66e538389113""}]",[],[],"{""location"": [""Remote; Washington, DC, USA""]}",{},"{""location"": ""array_field""}",{}
https://simplify.jobs/p/b2a9f2bc-88cf-4b4a-90bb-38e0ba9bb916,Senior Engineering Manager - Frontend,Faraday Future,"Gardena, CA, USA",160000.0,200000.0,USD,,,2026-09-04T06:57:01+00:00,2025-11-07T16:45:59+00:00,false,,onsite,full_time,,,,,simplify,https://simplify.jobs/p/b2a9f2bc-88cf-4b4a-90bb-38e0ba9bb916,,simplify,"[{""site"": ""simplify"", ""url"": ""https://simplify.jobs/p/b2a9f2bc-88cf-4b4a-90bb-38e0ba9bb916""}]",[],[],"{""location"": [""Gardena, CA, USA""]}",{},"{""location"": ""array_field""}",{}
https://simplify.jobs/p/ccaf72f3-af3c-44d7-9453-e04509cb3015,Senior Fullstack Developer - Frontend,Ströer,"Remote; Düsseldorf, Germany",,,,,,2026-09-04T13:18:01+00:00,2026-09-03T14:06:37+00:00,false,,remote,full_time,senior,,,,simplify,https://simplify.jobs/p/ccaf72f3-af3c-44d7-9453-e04509cb3015,,simplify,"[{""site"": ""simplify"", ""url"": ""https://simplify.jobs/p/ccaf72f3-af3c-44d7-9453-e04509cb3015""}]",[],[],"{""location"": [""Remote; Düsseldorf, Germany""]}",{},"{""location"": ""array_field""}",{}
https://simplify.jobs/p/1fe784bf-4510-4605-8e35-80fe885e3f3c,Software Engineer - Frontend,Dust,"Remote; Île-de-France, France",60000.0,150000.0,EUR,,,2026-09-04T08:57:01+00:00,2026-03-16T14:10:21+00:00,false,,remote,full_time,mid,,,,simplify,https://simplify.jobs/p/1fe784bf-4510-4605-8e35-80fe885e3f3c,,simplify,"[{""site"": ""simplify"", ""url"": ""https://simplify.jobs/p/1fe784bf-4510-4605-8e35-80fe885e3f3c""}]",[],[],"{""location"": [""Remote; Île-de-France, France""]}",{},"{""location"": ""array_field""}",{}
https://simplify.jobs/p/f51bb6ff-8eff-4987-8b46-214179e5c1b5,Senior Software Engineering Manager - Frontend and API,Ford Motor Company,Remote; Remote in USA,141700.0,281700.0,USD,,,2026-09-03T12:09:01+00:00,2026-08-21T22:11:50+00:00,false,,remote,full_time,senior,,,,simplify,https://simplify.jobs/p/f51bb6ff-8eff-4987-8b46-214179e5c1b5,,simplify,"[{""site"": ""simplify"", ""url"": ""https://simplify.jobs/p/f51bb6ff-8eff-4987-8b46-214179e5c1b5""}]",[],[],"{""location"": [""Remote; Remote in USA""]}",{},"{""location"": ""array_field""}",{}
https://simplify.jobs/p/7995f4e6-e8a0-49a4-b38a-bb31eec02b09,Senior Front-End Engineer,The Trade Desk,"Ventura, CA, USA",174782.0,249700.0,USD,,,2026-09-12T00:01:27+00:00,2026-07-27T22:32:22+00:00,false,,hybrid,full_time,mid,,,,simplify,https://simplify.jobs/p/7995f4e6-e8a0-49a4-b38a-bb31eec02b09,,simplify,"[{""site"": ""simplify"", ""url"": ""https://simplify.jobs/p/7995f4e6-e8a0-49a4-b38a-bb31eec02b09""}]",[],[],"{""location"": [""Ventura, CA, USA""]}",{},"{""location"": ""array_field""}",{}
https://simplify.jobs/p/49520bf5-94ff-4aa2-8ce9-bbc1831a8b7c,Frontend Outsystems Manager,Axos Bank,"Remote; Las Vegas, NV, USA; Centennial, CO, USA; Irvine, CA, USA; San Diego, CA, USA",110000.0,140000.0,USD,,,2026-09-04T06:57:01+00:00,2026-06-27T11:27:22+00:00,false,,remote,full_time,senior,,,,simplify,https://simplify.jobs/p/49520bf5-94ff-4aa2-8ce9-bbc1831a8b7c,,simplify,"[{""site"": ""simplify"", ""url"": ""https://simplify.jobs/p/49520bf5-94ff-4aa2-8ce9-bbc1831a8b7c""}]",[],[],"{""location"": [""Remote; Las Vegas, NV, USA; Centennial, CO, USA; Irvine, CA, USA; San Diego, CA, USA""]}",{},"{""location"": ""array_field""}",{}
https://simplify.jobs/p/20e8390a-7220-4074-872e-d961dea3144c,Frontend Engineering Manager,Wrapbook,Remote; Remote in USA; Remote in Canada,,,,,,2026-09-19T08:36:08+00:00,2026-06-08T14:08:06+00:00,false,,remote,full_time,mid,,,,simplify,https://simplify.jobs/p/20e8390a-7220-4074-872e-d961dea3144c,,simplify,"[{""site"": ""simplify"", ""url"": ""https://simplify.jobs/p/20e8390a-7220-4074-872e-d961dea3144c""}]",[],[],"{""location"": [""Remote; Remote in USA; Remote in Canada""]}",{},"{""location"": ""array_field""}",{}
https://simplify.jobs/p/4f787b2a-3dc1-4a0e-9d60-0b53b244dd38,Engineering Manager - Front-end background,Pigment,"Remote; London, UK",90000.0,140000.0,GBP,,,2026-09-08T09:51:02+00:00,2026-09-01T09:30:20+00:00,false,,remote,full_time,mid | senior,,,,simplify,https://simplify.jobs/p/4f787b2a-3dc1-4a0e-9d60-0b53b244dd38,,simplify,"[{""site"": ""simplify"", ""url"": ""https://simplify.jobs/p/4f787b2a-3dc1-4a0e-9d60-0b53b244dd38""}]",[],[],"{""location"": [""Remote; London, UK""]}",{},"{""location"": ""array_field""}",{}
https://simplify.jobs/p/9f629542-6173-4a92-8172-0f3ffbce3c5f,Senior Engineering Manager - Grafana Frontend,Grafana Labs,Remote; Remote in Ireland,133600.0,160320.0,EUR,,,2026-09-18T22:42:19+00:00,2026-09-18T22:29:44+00:00,false,,remote,full_time,senior,,,,simplify,https://simplify.jobs/p/9f629542-6173-4a92-8172-0f3ffbce3c5f,,simplify,"[{""site"": ""simplify"", ""url"": ""https://simplify.jobs/p/9f629542-6173-4a92-8172-0f3ffbce3c5f""}]",[],[],"{""location"": [""Remote; Remote in Ireland""]}",{},"{""location"": ""array_field""}",{}
https://simplify.jobs/p/5e94cfe1-b27a-43a9-b093-4998ebf874f5,Senior Software Engineer - Frontend,Sardine,Remote; Remote in Canada,160000.0,210000.0,CAD,,,2026-09-03T18:54:19+00:00,2026-06-16T19:43:06+00:00,false,,remote,full_time,senior,,,,simplify,https://simplify.jobs/p/5e94cfe1-b27a-43a9-b093-4998ebf874f5,,simplify,"[{""site"": ""simplify"", ""url"": ""https://simplify.jobs/p/5e94cfe1-b27a-43a9-b093-4998ebf874f5""}]",[],[],"{""location"": [""Remote; Remote in Canada""]}",{},"{""location"": ""array_field""}",{}
https://simplify.jobs/p/7723da22-02b9-4a90-8aa3-7f4f9e062255,Technical Consultant - Front-end Development,Veeva Systems,"Remote; Princeton, NJ, USA",75000.0,150000.0,USD,,,2026-09-04T03:00:35+00:00,2026-09-03T22:31:32+00:00,false,,remote,full_time,mid,,,,simplify,https://simplify.jobs/p/7723da22-02b9-4a90-8aa3-7f4f9e062255,,simplify,"[{""site"": ""simplify"", ""url"": ""https://simplify.jobs/p/7723da22-02b9-4a90-8aa3-7f4f9e062255""}]",[],[],"{""location"": [""Remote; Princeton, NJ, USA""]}",{},"{""location"": ""array_field""}",{}
https://simplify.jobs/p/d3430cc1-fc53-406f-bcec-6c1b40a18c64,Full Stack Front-End Developer,Information Technology Partners,"Remote; Chicago, IL, USA",75000.0,100000.0,USD,,,2026-09-04T02:15:20+00:00,2026-08-13T06:09:54+00:00,false,,remote,full_time,senior,,,,simplify,https://simplify.jobs/p/d3430cc1-fc53-406f-bcec-6c1b40a18c64,,simplify,"[{""site"": ""simplify"", ""url"": ""https://simplify.jobs/p/d3430cc1-fc53-406f-bcec-6c1b40a18c64""}]",[],[],"{""location"": [""Remote; Chicago, IL, USA""]}",{},"{""location"": ""array_field""}",{}
https://simplify.jobs/p/c5e8c92a-bfd5-4025-9140-4d6d66654236,Frontend Engineer - React Native - Expo / JSI,"Ando Technologies, Inc",Remote; South America,28.0,58.0,USD,,,2026-09-04T09:42:02+00:00,2026-08-16T23:20:27+00:00,false,,remote,contract,mid,,,,simplify,https://simplify.jobs/p/c5e8c92a-bfd5-4025-9140-4d6d66654236,,simplify,"[{""site"": ""simplify"", ""url"": ""https://simplify.jobs/p/c5e8c92a-bfd5-4025-9140-4d6d66654236""}]",[],[],"{""location"": [""Remote; South America""]}",{},"{""location"": ""array_field""}",{}
https://simplify.jobs/p/807f10ac-4bf1-4621-a280-9d583243a470,Full Stack Engineer - .NET + Front-End,NetSpeek,Remote; Remote in USA,,,,,,2026-09-04T01:39:21+00:00,2026-08-11T01:32:01+00:00,false,,remote,full_time,mid | senior,,,,simplify,https://simplify.jobs/p/807f10ac-4bf1-4621-a280-9d583243a470,,simplify,"[{""site"": ""simplify"", ""url"": ""https://simplify.jobs/p/807f10ac-4bf1-4621-a280-9d583243a470""}]",[],[],"{""location"": [""Remote; Remote in USA""]}",{},"{""location"": ""array_field""}",{}
https://simplify.jobs/p/51859e39-2877-4caa-9b60-9eb462bf8b5f,Frontend Engineer - Mobile,betr,Remote; Remote in Canada,,,,,,2026-09-04T07:12:12+00:00,2026-04-22T22:05:20+00:00,false,,remote,full_time,mid,,,,simplify,https://simplify.jobs/p/51859e39-2877-4caa-9b60-9eb462bf8b5f,,simplify,"[{""site"": ""simplify"", ""url"": ""https://simplify.jobs/p/51859e39-2877-4caa-9b60-9eb462bf8b5f""}]",[],[],"{""location"": [""Remote; Remote in Canada""]}",{},"{""location"": ""array_field""}",{}
https://simplify.jobs/p/84b26636-e0df-4cc1-9f2b-122dca968b43,Director of Frontend Engineering - Digital Enablement,Fidelity Investments,"Remote; Westlake, TX, USA",,,,,,2026-09-18T10:26:03+00:00,2026-08-31T00:00:00+00:00,false,,remote,full_time,,,,,simplify,https://simplify.jobs/p/84b26636-e0df-4cc1-9f2b-122dca968b43,,simplify,"[{""site"": ""simplify"", ""url"": ""https://simplify.jobs/p/84b26636-e0df-4cc1-9f2b-122dca968b43""}]",[],[],"{""location"": [""Remote; Westlake, TX, USA""]}",{},"{""location"": ""array_field""}",{}
https://simplify.jobs/p/e0e9206d-afcd-4ffc-9676-fc732e8f04b0,Senior RF Front-End Module Design Engineer - Radio Frequency IC Engineering,SpaceX,"Irvine, CA, USA",160000.0,225000.0,USD,,,2026-09-04T05:18:01+00:00,2026-05-22T22:10:22+00:00,false,,onsite,full_time,senior,,,,simplify,https://simplify.jobs/p/e0e9206d-afcd-4ffc-9676-fc732e8f04b0,,simplify,"[{""site"": ""simplify"", ""url"": ""https://simplify.jobs/p/e0e9206d-afcd-4ffc-9676-fc732e8f04b0""}]",[],[],"{""location"": [""Irvine, CA, USA""]}",{},"{""location"": ""array_field""}",{}
https://simplify.jobs/p/e5ddc42d-dcb8-4c98-9406-1cfc64133d90,Senior Engineering Manager - Grafana Frontend,Grafana Labs,Remote; Remote in UK,117949.0,141539.0,GBP,,,2026-09-18T22:42:19+00:00,2026-09-18T22:29:44+00:00,false,,remote,full_time,senior,,,,simplify,https://simplify.jobs/p/e5ddc42d-dcb8-4c98-9406-1cfc64133d90,,simplify,"[{""site"": ""simplify"", ""url"": ""https://simplify.jobs/p/e5ddc42d-dcb8-4c98-9406-1cfc64133d90""}]",[],[],"{""location"": [""Remote; Remote in UK""]}",{},"{""location"": ""array_field""}",{}
https://simplify.jobs/p/4a0b39d9-fb03-4a64-87e9-73b7fe99d90b,Front-End Developer - React Native,Photon,Remote; India,,,,,,2026-09-04T07:36:01+00:00,2026-04-01T14:06:40+00:00,false,,remote,full_time,mid | senior,,,,simplify,https://simplify.jobs/p/4a0b39d9-fb03-4a64-87e9-73b7fe99d90b,,simplify,"[{""site"": ""simplify"", ""url"": ""https://simplify.jobs/p/4a0b39d9-fb03-4a64-87e9-73b7fe99d90b""}]",[],[],"{""location"": [""Remote; India""]}",{},"{""location"": ""array_field""}",{}
https://simplify.jobs/p/54944d27-b7c9-472e-ada3-ffd047501227,Front-End Software Engineer,Bask Health,Remote; Remote in USA,,,,,,2026-09-04T00:51:21+00:00,2026-08-07T06:18:31+00:00,false,,remote,full_time,senior,,,,simplify,https://simplify.jobs/p/54944d27-b7c9-472e-ada3-ffd047501227,,simplify,"[{""site"": ""simplify"", ""url"": ""https://simplify.jobs/p/54944d27-b7c9-472e-ada3-ffd047501227""}]",[],[],"{""location"": [""Remote; Remote in USA""]}",{},"{""location"": ""array_field""}",{}
https://simplify.jobs/p/8bdefcad-3370-4ff7-8773-558207e48a7e,Developer - Full Stack / Frontend - Operational Portal and Dashboards,TEHORA,"Remote; Remote in Canada; Québec City, QC, Canada",,,,,,2026-09-04T10:42:01+00:00,2026-08-04T06:19:16+00:00,false,,remote,full_time,senior,,,,simplify,https://simplify.jobs/p/8bdefcad-3370-4ff7-8773-558207e48a7e,,simplify,"[{""site"": ""simplify"", ""url"": ""https://simplify.jobs/p/8bdefcad-3370-4ff7-8773-558207e48a7e""}]",[],[],"{""location"": [""Remote; Remote in Canada; Québec City, QC, Canada""]}",{},"{""location"": ""array_field""}",{}
https://simplify.jobs/p/7a823ae0-d2e9-43d6-834b-b2d430a076a7,Healthcare Financial Transformation – Senior Consultant - Front-End Revenue Cycle/Patient Access,Guidehouse,Remote; Remote in USA,89000.0,148000.0,USD,,,2026-09-03T17:45:23+00:00,2026-07-17T22:14:45+00:00,false,,remote,full_time,mid | senior,,,,simplify,https://simplify.jobs/p/7a823ae0-d2e9-43d6-834b-b2d430a076a7,,simplify,"[{""site"": ""simplify"", ""url"": ""https://simplify.jobs/p/7a823ae0-d2e9-43d6-834b-b2d430a076a7""}]",[],[],"{""location"": [""Remote; Remote in USA""]}",{},"{""location"": ""array_field""}",{}
https://simplify.jobs/p/f814a5ed-306d-4c21-a942-e8ed6e05852f,Senior Engineering Manager - Grafana Frontend,Grafana Labs,Remote; Remote in USA,208602.0,250322.0,USD,,,2026-09-18T22:42:19+00:00,2026-09-18T22:29:44+00:00,false,,remote,full_time,senior,,,,simplify,https://simplify.jobs/p/f814a5ed-306d-4c21-a942-e8ed6e05852f,,simplify,"[{""site"": ""simplify"", ""url"": ""https://simplify.jobs/p/f814a5ed-306d-4c21-a942-e8ed6e05852f""}]",[],[],"{""location"": [""Remote; Remote in USA""]}",{},"{""location"": ""array_field""}",{}
https://simplify.jobs/p/7e0b85f0-c3d2-4896-879a-f2eacc6beb0b,Software Engineer 3 - Service Monetization,Crunchyroll,"Los Angeles, CA, USA",152400.0,190500.0,USD,,,2026-09-03T21:51:21+00:00,2026-08-03T22:15:40+00:00,false,,hybrid,full_time,senior,,,,simplify,https://simplify.jobs/p/7e0b85f0-c3d2-4896-879a-f2eacc6beb0b,,simplify,"[{""site"": ""simplify"", ""url"": ""https://simplify.jobs/p/7e0b85f0-c3d2-4896-879a-f2eacc6beb0b""}]",[],[],"{""location"": [""Los Angeles, CA, USA""]}",{},"{""location"": ""array_field""}",{}
https://simplify.jobs/p/cd25c4f8-f530-4777-ba54-029078da5d39,Applications Developer - Programmable Cloud Laboratory Initiative - Materials Research Institute,Pennsylvania State University,"Remote; University Park, State College, PA, USA",81312.0,137280.0,USD,,,2026-09-18T11:18:27+00:00,2026-09-11T00:00:00+00:00,false,,remote,full_time,mid | senior,,,,simplify,https://simplify.jobs/p/cd25c4f8-f530-4777-ba54-029078da5d39,,simplify,"[{""site"": ""simplify"", ""url"": ""https://simplify.jobs/p/cd25c4f8-f530-4777-ba54-029078da5d39""}]",[],[],"{""location"": [""Remote; University Park, State College, PA, USA""]}",{},"{""location"": ""array_field""}",{}
https://simplify.jobs/p/09b4bf75-077c-4786-8898-b626de8fd88a,JavaScript/HTML Developer,Jobsbridge,"Los Angeles, CA, USA",,,,,,2026-09-04T07:24:02+00:00,2026-02-24T07:19:30+00:00,false,,onsite,full_time,senior,,,,simplify,https://simplify.jobs/p/09b4bf75-077c-4786-8898-b626de8fd88a,,simplify,"[{""site"": ""simplify"", ""url"": ""https://simplify.jobs/p/09b4bf75-077c-4786-8898-b626de8fd88a""}]",[],[],"{""location"": [""Los Angeles, CA, USA""]}",{},"{""location"": ""array_field""}",{}
https://simplify.jobs/p/04812a11-b008-4ed1-83d8-1f2534344965,Design Engineer,Ashby,"Remote; London, UK; Cambridge, UK; Remote in UK; Oxford, UK; Manchester, UK",56000.0,149000.0,GBP,,,2026-09-04T08:15:01+00:00,2026-06-12T22:08:59+00:00,false,,remote,full_time,junior | mid | senior,,,,simplify,https://simplify.jobs/p/04812a11-b008-4ed1-83d8-1f2534344965,,simplify,"[{""site"": ""simplify"", ""url"": ""https://simplify.jobs/p/04812a11-b008-4ed1-83d8-1f2534344965""}]",[],[],"{""location"": [""Remote; London, UK; Cambridge, UK; Remote in UK; Oxford, UK; Manchester, UK""]}",{},"{""location"": ""array_field""}",{}
https://simplify.jobs/p/e49ce2ea-7949-4dc0-aab7-729df52f9ede,Principal Experience Design Engineer - AI Frameworks,Autodesk,"Remote; Toronto, ON, Canada; Vancouver, BC, Canada",131000.0,191400.0,CAD,,,2026-09-03T11:42:23+00:00,2026-08-20T00:00:00+00:00,false,,remote,full_time,senior,,,,simplify,https://simplify.jobs/p/e49ce2ea-7949-4dc0-aab7-729df52f9ede,,simplify,"[{""site"": ""simplify"", ""url"": ""https://simplify.jobs/p/e49ce2ea-7949-4dc0-aab7-729df52f9ede""}]",[],[],"{""location"": [""Remote; Toronto, ON, Canada; Vancouver, BC, Canada""]}",{},"{""location"": ""array_field""}",{}
https://simplify.jobs/p/0cf4be6b-d27c-4842-bb52-766aae028759,Senior UX Engineer - Design Systems,Google,"Remote; San Francisco, CA, USA; San Jose, CA, USA; Kirkland, WA, USA",159000.0,230000.0,USD,,,2026-09-05T08:27:01+00:00,2026-08-31T22:37:22+00:00,false,,remote,full_time,senior,,,,simplify,https://simplify.jobs/p/0cf4be6b-d27c-4842-bb52-766aae028759,,simplify,"[{""site"": ""simplify"", ""url"": ""https://simplify.jobs/p/0cf4be6b-d27c-4842-bb52-766aae028759""}]",[],[],"{""location"": [""Remote; San Francisco, CA, USA; San Jose, CA, USA; Kirkland, WA, USA""]}",{},"{""location"": ""array_field""}",{}
https://simplify.jobs/p/5d0a4c7a-5b63-4c6d-b0bf-9a918475ae3c,Front End/Web Developer,Jobsbridge,"Remote; San Francisco, CA, USA",,,,,,2026-09-04T07:24:02+00:00,2026-02-24T07:20:38+00:00,false,,remote,full_time,mid,,,,simplify,https://simplify.jobs/p/5d0a4c7a-5b63-4c6d-b0bf-9a918475ae3c,,simplify,"[{""site"": ""simplify"", ""url"": ""https://simplify.jobs/p/5d0a4c7a-5b63-4c6d-b0bf-9a918475ae3c""}]",[],[],"{""location"": [""Remote; San Francisco, CA, USA""]}",{},"{""location"": ""array_field""}",{}
https://simplify.jobs/p/3bd1b569-2850-4c00-9515-add952c707d4,Staff Software Engineer,Higharc,"Remote; Durham, NC, USA; New York, NY, USA",,,,,,2026-09-16T01:20:26+00:00,2026-09-16T01:17:38+00:00,false,,remote,full_time,senior,,,,simplify,https://simplify.jobs/p/3bd1b569-2850-4c00-9515-add952c707d4,,simplify,"[{""site"": ""simplify"", ""url"": ""https://simplify.jobs/p/3bd1b569-2850-4c00-9515-add952c707d4""}]",[],[],"{""location"": [""Remote; Durham, NC, USA; New York, NY, USA""]}",{},"{""location"": ""array_field""}",{}
https://simplify.jobs/p/ba2fc0ea-54d2-41c8-8af5-55f9b55a209c,Senior Front End Software Engineer - React,Anduril,"Remote; Arlington County, Arlington, VA, USA",191000.0,253000.0,USD,,,2026-09-15T01:15:01+00:00,2026-09-15T01:06:02+00:00,false,,remote,full_time,mid | senior,,,,simplify,https://simplify.jobs/p/ba2fc0ea-54d2-41c8-8af5-55f9b55a209c,,simplify,"[{""site"": ""simplify"", ""url"": ""https://simplify.jobs/p/ba2fc0ea-54d2-41c8-8af5-55f9b55a209c""}]",[],[],"{""location"": [""Remote; Arlington County, Arlington, VA, USA""]}",{},"{""location"": ""array_field""}",{}
https://simplify.jobs/p/67faa6d1-1cb1-477a-9f3a-38e0b49117f3,Senior Software Developer - Web,Autodesk,"Boston, MA, USA; Connecticut, USA; Florida, USA; Raleigh, NC, USA; Plano, TX, USA; Georgia, USA; Minnesota, USA; Maryland, USA; Maine, USA; Massachusetts, USA; Remote in Canada; Ohio, USA; Indiana, USA; Michigan, USA; Illinois, USA",107000.0,157300.0,USD,,,2026-09-16T13:39:01+00:00,2026-09-11T22:09:50+00:00,false,,hybrid,full_time,mid | senior,,,,simplify,https://simplify.jobs/p/67faa6d1-1cb1-477a-9f3a-38e0b49117f3,,simplify,"[{""site"": ""simplify"", ""url"": ""https://simplify.jobs/p/67faa6d1-1cb1-477a-9f3a-38e0b49117f3""}]",[],[],"{""location"": [""Boston, MA, USA; Connecticut, USA; Florida, USA; Raleigh, NC, USA; Plano, TX, USA; Georgia, USA; Minnesota, USA; Maryland, USA; Maine, USA; Massachusetts, USA; Remote in Canada; Ohio, USA; Indiana, USA; Michigan, USA; Illinois, USA""]}",{},"{""location"": ""array_field""}",{}
https://simplify.jobs/p/3c6f5e09-025e-40ae-aeb7-21cd104a5d1a,Website Experience Manager,Loopio,"Remote; Toronto, ON, Canada",88000.0,120000.0,CAD,,,2026-09-11T23:57:46+00:00,2026-09-11T23:51:27+00:00,false,,remote,full_time,mid,,,,simplify,https://simplify.jobs/p/3c6f5e09-025e-40ae-aeb7-21cd104a5d1a,,simplify,"[{""site"": ""simplify"", ""url"": ""https://simplify.jobs/p/3c6f5e09-025e-40ae-aeb7-21cd104a5d1a""}]",[],[],"{""location"": [""Remote; Toronto, ON, Canada""]}",{},"{""location"": ""array_field""}",{}
https://simplify.jobs/p/64db6d71-d6bb-4f08-a605-9104faa4f386,SAP UI5 Developer,Bright Vision Technologies,Remote; Remote in USA,,,,,,2026-09-18T22:33:01+00:00,2026-09-15T22:24:25+00:00,false,,remote,full_time,senior,,,,simplify,https://simplify.jobs/p/64db6d71-d6bb-4f08-a605-9104faa4f386 | https://simplify.jobs/p/b836f2a6-a806-4469-8f47-41e7cfb468a4,,simplify,"[{""site"": ""simplify"", ""url"": ""https://simplify.jobs/p/64db6d71-d6bb-4f08-a605-9104faa4f386""}, {""site"": ""simplify"", ""url"": ""https://simplify.jobs/p/b836f2a6-a806-4469-8f47-41e7cfb468a4""}]",[],[],"{""location"": [""Remote; Remote in USA""]}",{},"{""location"": ""array_field""}",{}
https://simplify.jobs/p/1e0378d1-c5de-4b30-afaf-8f624be86a68,Staff Software Engineer - Trading Platform - Charts,Topstep,Remote; United States,200000.0,250000.0,USD,,,2026-09-04T08:27:01+00:00,2026-06-23T22:14:52+00:00,false,,remote,full_time,senior,,,,simplify,https://simplify.jobs/p/1e0378d1-c5de-4b30-afaf-8f624be86a68,,simplify,"[{""site"": ""simplify"", ""url"": ""https://simplify.jobs/p/1e0378d1-c5de-4b30-afaf-8f624be86a68""}]",[],[],"{""location"": [""Remote; United States""]}",{},"{""location"": ""array_field""}",{}
https://simplify.jobs/p/746fb811-08e6-4c6a-bc43-864b7fb95548,Senior JavaScript Developer - React.js,Stadium,Remote; Remote in India,,,,,,2026-09-04T02:06:24+00:00,2026-08-12T20:12:38+00:00,false,,remote,full_time,senior,,,,simplify,https://simplify.jobs/p/746fb811-08e6-4c6a-bc43-864b7fb95548,,simplify,"[{""site"": ""simplify"", ""url"": ""https://simplify.jobs/p/746fb811-08e6-4c6a-bc43-864b7fb95548""}]",[],[],"{""location"": [""Remote; Remote in India""]}",{},"{""location"": ""array_field""}",{}
https://simplify.jobs/p/94d8d750-9308-4811-bdc7-8413ef188455,Sr. Software Engineer,GoodRx,Remote; Remote in USA,121000.0,257000.0,USD,,,2026-09-03T18:42:29+00:00,2026-07-29T14:12:50+00:00,false,,remote,full_time,senior,,,,simplify,https://simplify.jobs/p/94d8d750-9308-4811-bdc7-8413ef188455,,simplify,"[{""site"": ""simplify"", ""url"": ""https://simplify.jobs/p/94d8d750-9308-4811-bdc7-8413ef188455""}]",[],[],"{""location"": [""Remote; Remote in USA""]}",{},"{""location"": ""array_field""}",{}
https://simplify.jobs/p/4201dc4e-bc6c-4551-9561-0f0f38012d2d,Front End Engineer,EventMobi,"Remote; Bengaluru, Karnataka, India",40000.0,65000.0,CAD,,,2026-09-04T02:24:21+00:00,2026-08-13T06:24:11+00:00,false,,remote,full_time,mid,,,,simplify,https://simplify.jobs/p/4201dc4e-bc6c-4551-9561-0f0f38012d2d,,simplify,"[{""site"": ""simplify"", ""url"": ""https://simplify.jobs/p/4201dc4e-bc6c-4551-9561-0f0f38012d2d""}]",[],[],"{""location"": [""Remote; Bengaluru, Karnataka, India""]}",{},"{""location"": ""array_field""}",{}
https://simplify.jobs/p/ab862bf1-eb91-4b96-82bf-09a06ba4c35f,Mobile / Web Architect - React - React Native,Jobs for Humanity,Remote; Riyadh Saudi Arabia,,,,,,2026-09-04T07:24:02+00:00,2026-03-19T06:20:24+00:00,false,,remote,full_time,senior,,,,simplify,https://simplify.jobs/p/ab862bf1-eb91-4b96-82bf-09a06ba4c35f,,simplify,"[{""site"": ""simplify"", ""url"": ""https://simplify.jobs/p/ab862bf1-eb91-4b96-82bf-09a06ba4c35f""}]",[],[],"{""location"": [""Remote; Riyadh Saudi Arabia""]}",{},"{""location"": ""array_field""}",{}
https://simplify.jobs/p/83563ea0-5441-4398-ba4b-339435823a48,Software Developer 3 - Next.js and Sanity,Cleveland Clinic,Remote; Remote in USA,,,,,,2026-09-17T22:29:20+00:00,2026-09-17T22:12:37+00:00,false,,remote,full_time,mid | senior,,,,simplify,https://simplify.jobs/p/83563ea0-5441-4398-ba4b-339435823a48,,simplify,"[{""site"": ""simplify"", ""url"": ""https://simplify.jobs/p/83563ea0-5441-4398-ba4b-339435823a48""}]",[],[],"{""location"": [""Remote; Remote in USA""]}",{},"{""location"": ""array_field""}",{}
https://simplify.jobs/p/77477168-006c-4d4f-aedc-a5ab835f83a4,Staff Design Engineer - Americas,Ashby,"Remote; Boston, MA, USA; Seattle, WA, USA; Austin, TX, USA; Los Angeles, CA, USA; Remote in USA; Chicago, IL, USA; New York, NY, USA; Denver, CO, USA; Portland, OR, USA",232000.0,323000.0,USD,,,2026-09-04T07:12:12+00:00,2025-11-14T02:34:05+00:00,false,,remote,full_time,senior,,,,simplify,https://simplify.jobs/p/77477168-006c-4d4f-aedc-a5ab835f83a4,,simplify,"[{""site"": ""simplify"", ""url"": ""https://simplify.jobs/p/77477168-006c-4d4f-aedc-a5ab835f83a4""}]",[],[],"{""location"": [""Remote; Boston, MA, USA; Seattle, WA, USA; Austin, TX, USA; Los Angeles, CA, USA; Remote in USA; Chicago, IL, USA; New York, NY, USA; Denver, CO, USA; Portland, OR, USA""]}",{},"{""location"": ""array_field""}",{}
https://simplify.jobs/p/a3864108-79f7-492b-b234-ecfb05fac554,Web Developer,Careerswift,Remote; Remote in USA,,,,,,2026-09-18T10:13:51+00:00,2026-08-21T20:09:10+00:00,false,,remote,full_time,mid,,,,simplify,https://simplify.jobs/p/a3864108-79f7-492b-b234-ecfb05fac554,,simplify,"[{""site"": ""simplify"", ""url"": ""https://simplify.jobs/p/a3864108-79f7-492b-b234-ecfb05fac554""}]",[],[],"{""location"": [""Remote; Remote in USA""]}",{},"{""location"": ""array_field""}",{}
https://simplify.jobs/p/214f2fe3-2b2c-4a40-904d-fa0ed21c4801,Staff Front End Engineer,Motional,"Boston, MA, USA; Las Vegas, NV, USA; Remote in USA; Pittsburgh, PA, USA",172000.0,229000.0,USD,,,2026-09-11T08:46:25+00:00,2026-07-20T22:15:48+00:00,false,,hybrid,full_time,senior,,,,simplify,https://simplify.jobs/p/214f2fe3-2b2c-4a40-904d-fa0ed21c4801,,simplify,"[{""site"": ""simplify"", ""url"": ""https://simplify.jobs/p/214f2fe3-2b2c-4a40-904d-fa0ed21c4801""}]",[],[],"{""location"": [""Boston, MA, USA; Las Vegas, NV, USA; Remote in USA; Pittsburgh, PA, USA""]}",{},"{""location"": ""array_field""}",{}
https://simplify.jobs/p/a98f5339-533a-411d-aa09-a477720a30c8,Web Developer-Contract,SpecterOps,Remote; Remote in USA,75.0,85.0,USD,,,2026-09-04T09:15:01+00:00,2026-07-22T22:37:52+00:00,false,,remote,full_time,senior,,,,simplify,https://simplify.jobs/p/a98f5339-533a-411d-aa09-a477720a30c8,,simplify,"[{""site"": ""simplify"", ""url"": ""https://simplify.jobs/p/a98f5339-533a-411d-aa09-a477720a30c8""}]",[],[],"{""location"": [""Remote; Remote in USA""]}",{},"{""location"": ""array_field""}",{}
https://simplify.jobs/p/4960e3eb-b5e1-48bf-8a7f-91811f411a18,Senior Software Engineer,The J. Paul Getty Trust,"Los Angeles, CA, USA",,,,,,2026-09-19T09:00:43+00:00,2026-07-23T22:08:32+00:00,false,,hybrid,full_time,senior,,,,simplify,https://simplify.jobs/p/4960e3eb-b5e1-48bf-8a7f-91811f411a18,,simplify,"[{""site"": ""simplify"", ""url"": ""https://simplify.jobs/p/4960e3eb-b5e1-48bf-8a7f-91811f411a18""}]",[],[],"{""location"": [""Los Angeles, CA, USA""]}",{},"{""location"": ""array_field""}",{}
https://simplify.jobs/p/da5c74ec-bc4e-4c4b-9ee6-354d6d7a9673,Front End Architect - Angular,NewPage Solutions,"Remote; Chennai, Tamil Nadu, India",,,,,,2026-09-03T17:26:10+00:00,2025-10-31T01:18:56+00:00,false,,remote,full_time,senior,,,,simplify,https://simplify.jobs/p/da5c74ec-bc4e-4c4b-9ee6-354d6d7a9673,,simplify,"[{""site"": ""simplify"", ""url"": ""https://simplify.jobs/p/da5c74ec-bc4e-4c4b-9ee6-354d6d7a9673""}]",[],[],"{""location"": [""Remote; Chennai, Tamil Nadu, India""]}",{},"{""location"": ""array_field""}",{}
https://simplify.jobs/p/2efd642e-11e4-418c-af77-61e3c031442f,Principal Software Engineer - Front End Web UI Platform,GitHub,Remote; Remote in USA,160200.0,425000.0,USD,,,2026-09-03T20:48:22+00:00,2026-07-14T22:09:35+00:00,false,,remote,full_time,,,,,simplify,https://simplify.jobs/p/2efd642e-11e4-418c-af77-61e3c031442f,,simplify,"[{""site"": ""simplify"", ""url"": ""https://simplify.jobs/p/2efd642e-11e4-418c-af77-61e3c031442f""}]",[],[],"{""location"": [""Remote; Remote in USA""]}",{},"{""location"": ""array_field""}",{}
https://simplify.jobs/p/f658f42e-4668-456a-89dc-4ff8eda7388f,Design Engineer - Web & Brand,Linear,Remote; Remote in USA; Europe; Remote in UK; Remote in Canada,,,,,,2026-09-15T23:00:28+00:00,2026-09-15T22:23:04+00:00,false,,remote,full_time,mid,,,,simplify,https://simplify.jobs/p/f658f42e-4668-456a-89dc-4ff8eda7388f,,simplify,"[{""site"": ""simplify"", ""url"": ""https://simplify.jobs/p/f658f42e-4668-456a-89dc-4ff8eda7388f""}]",[],[],"{""location"": [""Remote; Remote in USA; Europe; Remote in UK; Remote in Canada""]}",{},"{""location"": ""array_field""}",{}
https://simplify.jobs/p/ee38c8cc-b68d-4897-ae8b-5545ea14b008,Senior Software Engineer - Patching,NinjaOne,"Remote; Washington, USA; Kansas, USA; Oregon, USA; California, USA; Connecticut, USA; Texas, USA; Florida, USA; Georgia, USA; Tennessee, USA; Virginia, USA; Colorado, USA; New York, NY, USA; Maryland, USA; Maine, USA; Massachusetts, USA; North Carolina, USA; Ohio, USA; New Jersey, USA; Illinois, USA",140000.0,200000.0,USD,,,2026-09-09T22:57:18+00:00,2026-09-09T22:35:15+00:00,false,,remote,full_time,mid | senior,,,,simplify,https://simplify.jobs/p/ee38c8cc-b68d-4897-ae8b-5545ea14b008,,simplify,"[{""site"": ""simplify"", ""url"": ""https://simplify.jobs/p/ee38c8cc-b68d-4897-ae8b-5545ea14b008""}]",[],[],"{""location"": [""Remote; Washington, USA; Kansas, USA; Oregon, USA; California, USA; Connecticut, USA; Texas, USA; Florida, USA; Georgia, USA; Tennessee, USA; Virginia, USA; Colorado, USA; New York, NY, USA; Maryland, USA; Maine, USA; Massachusetts, USA; North Carolina, USA; Ohio, USA; New Jersey, USA; Illinois, USA""]}",{},"{""location"": ""array_field""}",{}
https://simplify.jobs/p/9beb2388-c795-46bb-be57-6c9ac885a981,Senior ConfirmIT Programmer - Professional Authoring - Survey Programmer,M3USA,"Remote; Bengaluru, Karnataka, India",,,,,,2026-09-03T19:33:19+00:00,2026-07-14T22:02:44+00:00,false,,remote,full_time,senior,,,,simplify,https://simplify.jobs/p/9beb2388-c795-46bb-be57-6c9ac885a981,,simplify,"[{""site"": ""simplify"", ""url"": ""https://simplify.jobs/p/9beb2388-c795-46bb-be57-6c9ac885a981""}]",[],[],"{""location"": [""Remote; Bengaluru, Karnataka, India""]}",{},"{""location"": ""array_field""}",{}
https://simplify.jobs/p/200c6420-407c-45de-b54e-9a09e7603e63,Lead Web Developer,Ex Parte,"Remote; Bethesda, MD, USA",,,,,,2026-09-04T07:24:02+00:00,2026-02-23T07:10:11+00:00,false,,remote,full_time,senior,,,,simplify,https://simplify.jobs/p/200c6420-407c-45de-b54e-9a09e7603e63,,simplify,"[{""site"": ""simplify"", ""url"": ""https://simplify.jobs/p/200c6420-407c-45de-b54e-9a09e7603e63""}]",[],[],"{""location"": [""Remote; Bethesda, MD, USA""]}",{},"{""location"": ""array_field""}",{}
https://simplify.jobs/p/353e81bd-bf2c-4fc2-b0b1-2f90b98cad4a,Senior HTML/CSS Developer,Prolific,Remote; Remote in UK,40.0,40.0,USD,,,2026-09-17T14:17:09+00:00,2026-09-17T14:11:35+00:00,false,,remote,full_time,senior,,,,simplify,https://simplify.jobs/p/353e81bd-bf2c-4fc2-b0b1-2f90b98cad4a,,simplify,"[{""site"": ""simplify"", ""url"": ""https://simplify.jobs/p/353e81bd-bf2c-4fc2-b0b1-2f90b98cad4a""}]",[],[],"{""location"": [""Remote; Remote in UK""]}",{},"{""location"": ""array_field""}",{}
https://simplify.jobs/p/51bc26d1-ff30-4bf2-a372-c50ad449085a,Senior Front End Engineer,One Stop Halal,"Walnut, CA, USA",,,,,,2026-09-04T00:27:22+00:00,2026-08-06T01:05:44+00:00,false,,onsite,full_time,senior,,,,simplify,https://simplify.jobs/p/51bc26d1-ff30-4bf2-a372-c50ad449085a,,simplify,"[{""site"": ""simplify"", ""url"": ""https://simplify.jobs/p/51bc26d1-ff30-4bf2-a372-c50ad449085a""}]",[],[],"{""location"": [""Walnut, CA, USA""]}",{},"{""location"": ""array_field""}",{}
https://simplify.jobs/p/2944741b-25fe-4d04-b27b-f336058e4c7f,Marketing Web Developer,Presence,Remote; Remote in USA,115000.0,135000.0,USD,,,2026-09-04T13:00:41+00:00,2026-08-28T22:23:28+00:00,false,,remote,full_time,senior,,,,simplify,https://simplify.jobs/p/2944741b-25fe-4d04-b27b-f336058e4c7f,,simplify,"[{""site"": ""simplify"", ""url"": ""https://simplify.jobs/p/2944741b-25fe-4d04-b27b-f336058e4c7f""}]",[],[],"{""location"": [""Remote; Remote in USA""]}",{},"{""location"": ""array_field""}",{}
https://simplify.jobs/p/fce25974-ff34-42f4-a583-0da1a6178768,Web Developer - .NET - Kentico,Sensiple,"Remote; Oregon, USA",,,,,,2026-09-04T07:24:02+00:00,2026-02-23T07:06:22+00:00,false,,remote,full_time,mid,,,,simplify,https://simplify.jobs/p/fce25974-ff34-42f4-a583-0da1a6178768,,simplify,"[{""site"": ""simplify"", ""url"": ""https://simplify.jobs/p/fce25974-ff34-42f4-a583-0da1a6178768""}]",[],[],"{""location"": [""Remote; Oregon, USA""]}",{},"{""location"": ""array_field""}",{}
https://simplify.jobs/p/9f123a7c-bf8e-4e5e-8f1e-0a32bd7d35f9,Senior Software Engineer,GoDaddy,Remote; Remote in Canada,128500.0,192500.0,CAD,,,2026-09-03T15:39:14+00:00,2026-08-16T22:09:31+00:00,false,,remote,full_time,senior,,,,simplify,https://simplify.jobs/p/9f123a7c-bf8e-4e5e-8f1e-0a32bd7d35f9,,simplify,"[{""site"": ""simplify"", ""url"": ""https://simplify.jobs/p/9f123a7c-bf8e-4e5e-8f1e-0a32bd7d35f9""}]",[],[],"{""location"": [""Remote; Remote in Canada""]}",{},"{""location"": ""array_field""}",{}
https://simplify.jobs/p/5b1effb1-58ee-42d0-926f-75ca6443800a,Software Engineer,Addepar,"Remote; New York, NY, USA",114000.0,178000.0,USD,,,2026-09-18T01:30:01+00:00,2026-08-25T18:19:59+00:00,false,,remote,full_time,junior,,,,simplify,https://simplify.jobs/p/5b1effb1-58ee-42d0-926f-75ca6443800a,,simplify,"[{""site"": ""simplify"", ""url"": ""https://simplify.jobs/p/5b1effb1-58ee-42d0-926f-75ca6443800a""}]",[],[],"{""location"": [""Remote; New York, NY, USA""]}",{},"{""location"": ""array_field""}",{}
https://simplify.jobs/p/29225945-5264-4385-8a12-cc788d84dce8,Senior .NET Blazor Developer,Integral Federal,"Remote; Virginia, USA",138000.0,160000.0,USD,,,2026-09-03T13:48:18+00:00,2026-08-19T22:16:09+00:00,false,,remote,full_time,senior,,,,simplify,https://simplify.jobs/p/29225945-5264-4385-8a12-cc788d84dce8,,simplify,"[{""site"": ""simplify"", ""url"": ""https://simplify.jobs/p/29225945-5264-4385-8a12-cc788d84dce8""}]",[],[],"{""location"": [""Remote; Virginia, USA""]}",{},"{""location"": ""array_field""}",{}
https://simplify.jobs/p/6f254bc2-82c8-4066-ac13-1bc0cae2f529,Senior Staff Software Engineer - Client Architecture,Reddit,Remote; Remote in USA,279000.0,390000.0,USD,,,2026-09-09T22:09:08+00:00,2026-07-13T22:16:12+00:00,false,,remote,full_time,senior,,,,simplify,https://simplify.jobs/p/6f254bc2-82c8-4066-ac13-1bc0cae2f529,,simplify,"[{""site"": ""simplify"", ""url"": ""https://simplify.jobs/p/6f254bc2-82c8-4066-ac13-1bc0cae2f529""}]",[],[],"{""location"": [""Remote; Remote in USA""]}",{},"{""location"": ""array_field""}",{}
https://simplify.jobs/p/23d177b4-b0ec-4b7b-9f32-74e0c340efed,Senior UI Developer - UI,LPL Financial Holdings,"Remote; Fort Mill, SC, USA; Charlotte, NC, USA",106100.0,176900.0,USD,,,2026-09-18T22:39:38+00:00,2026-09-18T00:00:00+00:00,false,,remote,full_time,senior,,,,simplify,https://simplify.jobs/p/23d177b4-b0ec-4b7b-9f32-74e0c340efed,,simplify,"[{""site"": ""simplify"", ""url"": ""https://simplify.jobs/p/23d177b4-b0ec-4b7b-9f32-74e0c340efed""}]",[],[],"{""location"": [""Remote; Fort Mill, SC, USA; Charlotte, NC, USA""]}",{},"{""location"": ""array_field""}",{}
https://simplify.jobs/p/ff3b25e5-dde5-4a34-8c37-5c62bb639ed1,Web Development Specialist,The Digital Ring,"Remote; Madison, WI, USA",,,,,,2026-09-04T12:54:01+00:00,2026-08-27T22:08:05+00:00,false,,remote,full_time,mid,,,,simplify,https://simplify.jobs/p/ff3b25e5-dde5-4a34-8c37-5c62bb639ed1,,simplify,"[{""site"": ""simplify"", ""url"": ""https://simplify.jobs/p/ff3b25e5-dde5-4a34-8c37-5c62bb639ed1""}]",[],[],"{""location"": [""Remote; Madison, WI, USA""]}",{},"{""location"": ""array_field""}",{}
https://simplify.jobs/p/d5827c4c-8588-4076-b618-d2ae8bed2a58,Software Engineer,HiPeople,Remote; Remote in Germany,,,,,,2026-09-03T19:51:22+00:00,2026-07-21T01:15:42+00:00,false,,remote,full_time,mid,,,,simplify,https://simplify.jobs/p/d5827c4c-8588-4076-b618-d2ae8bed2a58,,simplify,"[{""site"": ""simplify"", ""url"": ""https://simplify.jobs/p/d5827c4c-8588-4076-b618-d2ae8bed2a58""}]",[],[],"{""location"": [""Remote; Remote in Germany""]}",{},"{""location"": ""array_field""}",{}
https://simplify.jobs/p/b68dbd13-5262-4230-9462-bd0d4bb9815d,Lead Web Engineer,Genki,Remote; Remote in Germany,10000.0,10000.0,EUR,,,2026-09-04T01:39:21+00:00,2026-08-11T01:32:18+00:00,false,,remote,full_time,senior,,,,simplify,https://simplify.jobs/p/b68dbd13-5262-4230-9462-bd0d4bb9815d,,simplify,"[{""site"": ""simplify"", ""url"": ""https://simplify.jobs/p/b68dbd13-5262-4230-9462-bd0d4bb9815d""}]",[],[],"{""location"": [""Remote; Remote in Germany""]}",{},"{""location"": ""array_field""}",{}
https://simplify.jobs/p/4499bcfb-9a90-4afa-8b53-31196df408c8,SAP Fiori Solutions Engineer,Bright Vision Technologies,Remote; Remote in USA,100000.0,150000.0,USD,,,2026-09-04T00:27:22+00:00,2026-08-06T14:15:53+00:00,false,,remote,full_time,senior,,,,simplify,https://simplify.jobs/p/4499bcfb-9a90-4afa-8b53-31196df408c8,,simplify,"[{""site"": ""simplify"", ""url"": ""https://simplify.jobs/p/4499bcfb-9a90-4afa-8b53-31196df408c8""}]",[],[],"{""location"": [""Remote; Remote in USA""]}",{},"{""location"": ""array_field""}",{}
https://simplify.jobs/p/4ff48097-f464-4848-b6e8-2bc6f24b9ae1,Senior UX Engineer - Search Ads,Google,"Remote; Seattle, WA, USA; New York, NY, USA",159000.0,230000.0,USD,,,2026-09-03T09:33:09+00:00,2026-08-24T22:52:10+00:00,false,,remote,full_time,senior,,,,simplify,https://simplify.jobs/p/4ff48097-f464-4848-b6e8-2bc6f24b9ae1,,simplify,"[{""site"": ""simplify"", ""url"": ""https://simplify.jobs/p/4ff48097-f464-4848-b6e8-2bc6f24b9ae1""}]",[],[],"{""location"": [""Remote; Seattle, WA, USA; New York, NY, USA""]}",{},"{""location"": ""array_field""}",{}
https://simplify.jobs/p/2d60eebe-fbb9-45a5-8b0e-cba58f0afedc,Front End Developer - React,Webtellect,"Remote; Seattle, WA, USA",,,,,,2026-09-03T17:54:20+00:00,2026-03-02T07:04:40+00:00,false,,remote,full_time,senior,,,,simplify,https://simplify.jobs/p/2d60eebe-fbb9-45a5-8b0e-cba58f0afedc,,simplify,"[{""site"": ""simplify"", ""url"": ""https://simplify.jobs/p/2d60eebe-fbb9-45a5-8b0e-cba58f0afedc""}]",[],[],"{""location"": [""Remote; Seattle, WA, USA""]}",{},"{""location"": ""array_field""}",{}
https://simplify.jobs/p/7455805f-edf7-48eb-b5ce-3f8ea6d18668,Design Engineer - Creative & Studio,ElevenLabs,"Remote; London, UK; Remote in Germany; Remote in USA; Europe; Remote in UK; Remote in Ireland; New York, NY, USA; Remote in Spain; Remote in Canada; Dublin, Ireland; Remote in Italy; Remote in France",,,,,,2026-09-15T09:36:01+00:00,2026-09-09T15:07:37+00:00,false,,remote,full_time,mid,,,,simplify,https://simplify.jobs/p/7455805f-edf7-48eb-b5ce-3f8ea6d18668,,simplify,"[{""site"": ""simplify"", ""url"": ""https://simplify.jobs/p/7455805f-edf7-48eb-b5ce-3f8ea6d18668""}]",[],[],"{""location"": [""Remote; London, UK; Remote in Germany; Remote in USA; Europe; Remote in UK; Remote in Ireland; New York, NY, USA; Remote in Spain; Remote in Canada; Dublin, Ireland; Remote in Italy; Remote in France""]}",{},"{""location"": ""array_field""}",{}
https://simplify.jobs/p/69fbce36-3782-4035-9f0a-d72963983327,Lead Software Engineer - Front End,Capital One,"Remote; McLean, VA, USA; New York, NY, USA",197300.0,245600.0,USD,,,2026-09-11T23:54:01+00:00,2026-09-11T00:00:00+00:00,false,,remote,full_time,mid,,,,simplify,https://simplify.jobs/p/69fbce36-3782-4035-9f0a-d72963983327,,simplify,"[{""site"": ""simplify"", ""url"": ""https://simplify.jobs/p/69fbce36-3782-4035-9f0a-d72963983327""}]",[],[],"{""location"": [""Remote; McLean, VA, USA; New York, NY, USA""]}",{},"{""location"": ""array_field""}",{}
https://simplify.jobs/p/60943e9d-18e5-491d-82ad-e373568b74f5,UI/UX Engineer Specialist,Guidehouse,"Remote in USA; McLean, VA, USA",98000.0,163000.0,USD,,,2026-09-03T07:33:06+00:00,2026-08-26T00:00:00+00:00,false,,hybrid,full_time,senior,,,,simplify,https://simplify.jobs/p/60943e9d-18e5-491d-82ad-e373568b74f5,,simplify,"[{""site"": ""simplify"", ""url"": ""https://simplify.jobs/p/60943e9d-18e5-491d-82ad-e373568b74f5""}]",[],[],"{""location"": [""Remote in USA; McLean, VA, USA""]}",{},"{""location"": ""array_field""}",{}
https://simplify.jobs/p/9414609c-2316-4b29-8bbd-48271e06ff5a,Angular Developer,ClearlyAgile,"Remote; Tampa, FL, USA; Remote in USA",,,,,,2026-09-04T01:18:24+00:00,2026-08-08T01:18:59+00:00,false,,remote,full_time,mid,,,,simplify,https://simplify.jobs/p/9414609c-2316-4b29-8bbd-48271e06ff5a,,simplify,"[{""site"": ""simplify"", ""url"": ""https://simplify.jobs/p/9414609c-2316-4b29-8bbd-48271e06ff5a""}]",[],[],"{""location"": [""Remote; Tampa, FL, USA; Remote in USA""]}",{},"{""location"": ""array_field""}",{}
https://simplify.jobs/p/eaff98f7-b026-4004-a1bc-d717f83f8ca4,Design System/UX Engineer,TTEC Digital,"Remote; Hyderabad, Telangana, India",,,,,,2026-09-03T20:27:22+00:00,2026-07-17T22:04:43+00:00,false,,remote,full_time,senior,,,,simplify,https://simplify.jobs/p/eaff98f7-b026-4004-a1bc-d717f83f8ca4,,simplify,"[{""site"": ""simplify"", ""url"": ""https://simplify.jobs/p/eaff98f7-b026-4004-a1bc-d717f83f8ca4""}]",[],[],"{""location"": [""Remote; Hyderabad, Telangana, India""]}",{},"{""location"": ""array_field""}",{}
https://simplify.jobs/p/1734694a-9cca-4fe9-b0c0-1374957798de,Fullstack / Front End Developer,Jobsbridge,"Remote; San Jose, CA, USA",,,,,,2026-09-04T07:24:02+00:00,2026-02-24T07:17:48+00:00,false,,remote,full_time,mid,,,,simplify,https://simplify.jobs/p/1734694a-9cca-4fe9-b0c0-1374957798de,,simplify,"[{""site"": ""simplify"", ""url"": ""https://simplify.jobs/p/1734694a-9cca-4fe9-b0c0-1374957798de""}]",[],[],"{""location"": [""Remote; San Jose, CA, USA""]}",{},"{""location"": ""array_field""}",{}
https://simplify.jobs/p/a70caee6-1643-4b22-890f-6c3d230c82ac,Angular Developer,Leidos,Remote; Remote in USA,87100.0,157450.0,USD,,,2026-09-18T14:34:31+00:00,2026-09-18T00:00:00+00:00,false,,remote,full_time,senior,,,,simplify,https://simplify.jobs/p/a70caee6-1643-4b22-890f-6c3d230c82ac,,simplify,"[{""site"": ""simplify"", ""url"": ""https://simplify.jobs/p/a70caee6-1643-4b22-890f-6c3d230c82ac""}]",[],[],"{""location"": [""Remote; Remote in USA""]}",{},"{""location"": ""array_field""}",{}
https://simplify.jobs/p/b8c8022a-cd8e-4bb4-9caf-7a21c0259b50,Vue.js Developer,Reevolt,"Remote; Austin, TX, USA",,,,,,2026-09-04T02:15:20+00:00,2026-08-13T06:11:43+00:00,false,,remote,full_time,mid,,,,simplify,https://simplify.jobs/p/b8c8022a-cd8e-4bb4-9caf-7a21c0259b50,,simplify,"[{""site"": ""simplify"", ""url"": ""https://simplify.jobs/p/b8c8022a-cd8e-4bb4-9caf-7a21c0259b50""}]",[],[],"{""location"": [""Remote; Austin, TX, USA""]}",{},"{""location"": ""array_field""}",{}
https://simplify.jobs/p/f0982ddb-cf22-4ba3-8f81-8626636ab189,Staff Front End Engineer - Angular React,Capital One,"Remote; McLean, VA, USA; Richmond, VA, USA; New York, NY, USA",244700.0,335100.0,USD,,,2026-09-04T12:00:01+00:00,2026-08-14T00:00:00+00:00,false,,remote,full_time,senior,,,,simplify,https://simplify.jobs/p/f0982ddb-cf22-4ba3-8f81-8626636ab189,,simplify,"[{""site"": ""simplify"", ""url"": ""https://simplify.jobs/p/f0982ddb-cf22-4ba3-8f81-8626636ab189""}]",[],[],"{""location"": [""Remote; McLean, VA, USA; Richmond, VA, USA; New York, NY, USA""]}",{},"{""location"": ""array_field""}",{}
https://simplify.jobs/p/8c3c7ccd-5b89-4f43-80d1-7cf49168f3dd,High-Functioning Psychopath - Front End,XION,Remote; Remote in USA,,,,,,2026-09-03T18:09:19+00:00,2026-07-21T22:44:58+00:00,false,,remote,full_time,mid,,,,simplify,https://simplify.jobs/p/8c3c7ccd-5b89-4f43-80d1-7cf49168f3dd,,simplify,"[{""site"": ""simplify"", ""url"": ""https://simplify.jobs/p/8c3c7ccd-5b89-4f43-80d1-7cf49168f3dd""}]",[],[],"{""location"": [""Remote; Remote in USA""]}",{},"{""location"": ""array_field""}",{}
https://simplify.jobs/p/8ba65665-6893-4404-8f44-0ff8f2ed19b2,AngularJS/UX Engineer,Jobsbridge,"Irvine, CA, USA",,,,,,2026-09-03T17:45:23+00:00,2026-02-24T07:17:40+00:00,false,,onsite,full_time,mid,,,,simplify,https://simplify.jobs/p/8ba65665-6893-4404-8f44-0ff8f2ed19b2,,simplify,"[{""site"": ""simplify"", ""url"": ""https://simplify.jobs/p/8ba65665-6893-4404-8f44-0ff8f2ed19b2""}]",[],[],"{""location"": [""Irvine, CA, USA""]}",{},"{""location"": ""array_field""}",{}
https://simplify.jobs/p/e6ebe543-5956-4c0f-b9a3-92c2d5c092ac,Senior Software Development Engineer - Web Developer,Esri,"Redlands, CA, USA",123136.0,202488.0,USD,,,2026-09-04T07:24:02+00:00,2026-02-19T23:21:40+00:00,false,,onsite,full_time,senior,,,,simplify,https://simplify.jobs/p/e6ebe543-5956-4c0f-b9a3-92c2d5c092ac,,simplify,"[{""site"": ""simplify"", ""url"": ""https://simplify.jobs/p/e6ebe543-5956-4c0f-b9a3-92c2d5c092ac""}]",[],[],"{""location"": [""Redlands, CA, USA""]}",{},"{""location"": ""array_field""}",{}
https://simplify.jobs/p/c969188f-9671-4998-a13e-c1fec521ff8a,Data Engineer 2 - Palantir MSS,Deloitte,"Remote; Baltimore, MD, USA",84400.0,140600.0,USD,,,2026-09-03T07:33:06+00:00,2026-08-26T22:34:46+00:00,false,,remote,full_time,mid,,,,simplify,https://simplify.jobs/p/c969188f-9671-4998-a13e-c1fec521ff8a,,simplify,"[{""site"": ""simplify"", ""url"": ""https://simplify.jobs/p/c969188f-9671-4998-a13e-c1fec521ff8a""}]",[],[],"{""location"": [""Remote; Baltimore, MD, USA""]}",{},"{""location"": ""array_field""}",{}
https://simplify.jobs/p/f89ba108-57ff-4c46-98d4-106e2da6cc19,Senior React Engineer,CodeRoad,Remote; North America,,,,,,2026-09-04T01:48:21+00:00,2026-08-11T22:11:40+00:00,false,,remote,full_time,senior,,,,simplify,https://simplify.jobs/p/f89ba108-57ff-4c46-98d4-106e2da6cc19,,simplify,"[{""site"": ""simplify"", ""url"": ""https://simplify.jobs/p/f89ba108-57ff-4c46-98d4-106e2da6cc19""}]",[],[],"{""location"": [""Remote; North America""]}",{},"{""location"": ""array_field""}",{}
https://simplify.jobs/p/78e1001c-ac11-4553-8d51-1f5644c2580a,Front End Developer,Dotzoe,"Los Angeles, CA, USA",,,,,,2026-09-04T12:00:01+00:00,2026-08-18T01:11:13+00:00,false,,onsite,full_time,mid,,,,simplify,https://simplify.jobs/p/78e1001c-ac11-4553-8d51-1f5644c2580a,,simplify,"[{""site"": ""simplify"", ""url"": ""https://simplify.jobs/p/78e1001c-ac11-4553-8d51-1f5644c2580a""}]",[],[],"{""location"": [""Los Angeles, CA, USA""]}",{},"{""location"": ""array_field""}",{}
https://simplify.jobs/p/83fd92f8-fc5b-4145-beff-cae9a131f0ce,Software Engineer - Front End,Google,"Remote; New York, NY, USA; Mountain View, CA, USA",147000.0,210000.0,USD,,,2026-09-16T22:18:03+00:00,2026-09-16T22:14:19+00:00,false,,remote,full_time,junior | mid,,,,simplify,https://simplify.jobs/p/83fd92f8-fc5b-4145-beff-cae9a131f0ce,,simplify,"[{""site"": ""simplify"", ""url"": ""https://simplify.jobs/p/83fd92f8-fc5b-4145-beff-cae9a131f0ce""}]",[],[],"{""location"": [""Remote; New York, NY, USA; Mountain View, CA, USA""]}",{},"{""location"": ""array_field""}",{}
https://simplify.jobs/p/475099bc-2700-4835-9fec-2eec9ecf25cb,Web Developer Magnolia,Act Digital,"Remote; Versailles, France",,,,,,2026-09-03T18:09:19+00:00,2026-03-27T01:07:47+00:00,false,,remote,full_time,mid,,,,simplify,https://simplify.jobs/p/475099bc-2700-4835-9fec-2eec9ecf25cb,,simplify,"[{""site"": ""simplify"", ""url"": ""https://simplify.jobs/p/475099bc-2700-4835-9fec-2eec9ecf25cb""}]",[],[],"{""location"": [""Remote; Versailles, France""]}",{},"{""location"": ""array_field""}",{}
https://simplify.jobs/p/e2eb9d07-e1a6-425d-aa5f-e4e3bd906c2a,Principal Software Engineer - Front End Web UI Platform,GitHub,Remote; Remote in Canada,,,,,,2026-09-03T15:24:12+00:00,2026-08-18T01:17:46+00:00,false,,remote,full_time,,,,,simplify,https://simplify.jobs/p/e2eb9d07-e1a6-425d-aa5f-e4e3bd906c2a | https://simplify.jobs/p/0652d45c-19e4-403a-a2e6-b22480233501,,simplify,"[{""site"": ""simplify"", ""url"": ""https://simplify.jobs/p/e2eb9d07-e1a6-425d-aa5f-e4e3bd906c2a""}, {""site"": ""simplify"", ""url"": ""https://simplify.jobs/p/0652d45c-19e4-403a-a2e6-b22480233501""}]",[],[],"{""location"": [""Remote; Remote in Canada""]}",{},"{""location"": ""array_field""}",{}
https://simplify.jobs/p/6d7799d8-8452-471a-ab68-2c5052b7a71b,AngularJS/UX Engineer,Jobsbridge,"Irvine, CA, USA",,,,,,2026-09-03T17:45:23+00:00,2026-02-24T07:17:52+00:00,false,,onsite,full_time,mid | senior,,,,simplify,https://simplify.jobs/p/6d7799d8-8452-471a-ab68-2c5052b7a71b,,simplify,"[{""site"": ""simplify"", ""url"": ""https://simplify.jobs/p/6d7799d8-8452-471a-ab68-2c5052b7a71b""}]",[],[],"{""location"": [""Irvine, CA, USA""]}",{},"{""location"": ""array_field""}",{}
https://simplify.jobs/p/8c526fc5-2826-4f61-9f6d-c39ad285f6de,Developer – Web Extension,1Password,Remote; Remote in USA; Remote in Canada,111000.0,172000.0,USD,,,2026-09-12T01:21:01+00:00,2026-09-12T01:20:48+00:00,false,,remote,full_time,junior,,,,simplify,https://simplify.jobs/p/8c526fc5-2826-4f61-9f6d-c39ad285f6de,,simplify,"[{""site"": ""simplify"", ""url"": ""https://simplify.jobs/p/8c526fc5-2826-4f61-9f6d-c39ad285f6de""}]",[],[],"{""location"": [""Remote; Remote in USA; Remote in Canada""]}",{},"{""location"": ""array_field""}",{}
https://simplify.jobs/p/36da75bd-7ec3-4530-b184-9f8857667595,Junior SharePoint Developer - Microsoft Certified Solutions,HarmonyTech,"Remote; Washington, DC, USA",,,,,,2026-09-03T16:46:02+00:00,2026-09-03T16:28:47+00:00,false,,remote,full_time,junior,,,,simplify,https://simplify.jobs/p/36da75bd-7ec3-4530-b184-9f8857667595,,simplify,"[{""site"": ""simplify"", ""url"": ""https://simplify.jobs/p/36da75bd-7ec3-4530-b184-9f8857667595""}]",[],[],"{""location"": [""Remote; Washington, DC, USA""]}",{},"{""location"": ""array_field""}",{}
https://simplify.jobs/p/07ebf644-5d50-42ae-8898-9c01ac09a3bc,Software Engineer 4 - TV Product UI,Netflix,"Remote; Leavenworth, WA, USA",,,,,,2026-09-15T08:27:02+00:00,2026-08-18T22:09:33+00:00,false,,remote,full_time,mid,,,,simplify,https://simplify.jobs/p/07ebf644-5d50-42ae-8898-9c01ac09a3bc,,simplify,"[{""site"": ""simplify"", ""url"": ""https://simplify.jobs/p/07ebf644-5d50-42ae-8898-9c01ac09a3bc""}]",[],[],"{""location"": [""Remote; Leavenworth, WA, USA""]}",{},"{""location"": ""array_field""}",{}
https://simplify.jobs/p/52a1a9a6-5983-4b2e-bd7c-e1f365c21189,Senior Design Engineer - Design Systems,Clipboard Health,"Remote; San Francisco, CA, USA; Remote in USA",180000.0,250000.0,USD,,,2026-09-19T06:15:01+00:00,2026-09-19T06:14:56+00:00,false,,remote,full_time,senior,,,,simplify,https://simplify.jobs/p/52a1a9a6-5983-4b2e-bd7c-e1f365c21189,,simplify,"[{""site"": ""simplify"", ""url"": ""https://simplify.jobs/p/52a1a9a6-5983-4b2e-bd7c-e1f365c21189""}]",[],[],"{""location"": [""Remote; San Francisco, CA, USA; Remote in USA""]}",{},"{""location"": ""array_field""}",{}
https://simplify.jobs/p/1f30a8f4-3c65-44e7-94da-e4ecc86dfca2,Junior User Interface Developer 2,Jobsbridge,"Los Angeles, CA, USA",,,,,,2026-09-03T17:53:55+00:00,2026-02-24T07:18:40+00:00,false,,onsite,full_time,junior,,,,simplify,https://simplify.jobs/p/1f30a8f4-3c65-44e7-94da-e4ecc86dfca2,,simplify,"[{""site"": ""simplify"", ""url"": ""https://simplify.jobs/p/1f30a8f4-3c65-44e7-94da-e4ecc86dfca2""}]",[],[],"{""location"": [""Los Angeles, CA, USA""]}",{},"{""location"": ""array_field""}",{}
https://simplify.jobs/p/06cc9f3d-0863-4066-945a-7a66c84d0653,Software Developer 1,CPI Card Group,"Remote; Norwich, UK",,,,,,2026-09-03T16:39:14+00:00,2026-08-14T04:00:16+00:00,false,,remote,full_time,junior,,,,simplify,https://simplify.jobs/p/06cc9f3d-0863-4066-945a-7a66c84d0653,,simplify,"[{""site"": ""simplify"", ""url"": ""https://simplify.jobs/p/06cc9f3d-0863-4066-945a-7a66c84d0653""}]",[],[],"{""location"": [""Remote; Norwich, UK""]}",{},"{""location"": ""array_field""}",{}
https://simplify.jobs/p/b83a1f02-477e-4a15-a67f-9394c9f5158b,Senior Front End Software Developer - Multiple Teams,Revvity,"Remote; Waltham, MA, USA",130000.0,158000.0,USD,,,2026-09-04T08:03:01+00:00,2026-05-27T22:10:23+00:00,false,,remote,full_time,mid | senior,,,,simplify,https://simplify.jobs/p/b83a1f02-477e-4a15-a67f-9394c9f5158b,,simplify,"[{""site"": ""simplify"", ""url"": ""https://simplify.jobs/p/b83a1f02-477e-4a15-a67f-9394c9f5158b""}]",[],[],"{""location"": [""Remote; Waltham, MA, USA""]}",{},"{""location"": ""array_field""}",{}
https://simplify.jobs/p/5e93f802-4031-4fc9-9200-4fa158d98d5f,Staff Design Engineer,Vetcove,Remote; Remote in USA,145000.0,195000.0,USD,,,2026-09-03T19:57:26+00:00,2026-07-21T22:13:25+00:00,false,,remote,full_time,mid | senior,,,,simplify,https://simplify.jobs/p/5e93f802-4031-4fc9-9200-4fa158d98d5f,,simplify,"[{""site"": ""simplify"", ""url"": ""https://simplify.jobs/p/5e93f802-4031-4fc9-9200-4fa158d98d5f""}]",[],[],"{""location"": [""Remote; Remote in USA""]}",{},"{""location"": ""array_field""}",{}
https://simplify.jobs/p/5820454d-89f5-4cc1-a8de-a738479fdf79,Senior UI Engineer,Atolio,"Remote; Vancouver, BC, Canada",,,,,,2026-09-17T22:36:03+00:00,2026-09-17T22:19:53+00:00,false,,remote,full_time,senior,,,,simplify,https://simplify.jobs/p/5820454d-89f5-4cc1-a8de-a738479fdf79,,simplify,"[{""site"": ""simplify"", ""url"": ""https://simplify.jobs/p/5820454d-89f5-4cc1-a8de-a738479fdf79""}]",[],[],"{""location"": [""Remote; Vancouver, BC, Canada""]}",{},"{""location"": ""array_field""}",{}
https://simplify.jobs/p/fba53844-a833-4897-95b6-f81857cb9261,Software Development Engineer - Front End,United Talent Agency,"Los Angeles, CA, USA",150000.0,160000.0,USD,,,2026-09-03T07:18:06+00:00,2026-08-27T16:38:07+00:00,false,,onsite,full_time,senior,,,,simplify,https://simplify.jobs/p/fba53844-a833-4897-95b6-f81857cb9261,,simplify,"[{""site"": ""simplify"", ""url"": ""https://simplify.jobs/p/fba53844-a833-4897-95b6-f81857cb9261""}]",[],[],"{""location"": [""Los Angeles, CA, USA""]}",{},"{""location"": ""array_field""}",{}
https://simplify.jobs/p/a8828ee1-3307-4415-9ce5-055c00c75a46,Ecommerce Engineer,Signet Jewelers,"Remote; Akron, OH, USA",88000.0,135000.0,USD,,,2026-09-03T20:03:20+00:00,2026-07-23T00:00:00+00:00,false,,remote,full_time,senior,,,,simplify,https://simplify.jobs/p/a8828ee1-3307-4415-9ce5-055c00c75a46,,simplify,"[{""site"": ""simplify"", ""url"": ""https://simplify.jobs/p/a8828ee1-3307-4415-9ce5-055c00c75a46""}]",[],[],"{""location"": [""Remote; Akron, OH, USA""]}",{},"{""location"": ""array_field""}",{}
https://simplify.jobs/p/c4120eab-6df6-49fb-ae29-56ccf7a69ed2,Design Engineer - Web/Brand,LiveKit,Remote; Remote in USA,184000.0,250000.0,USD,,,2026-09-15T22:24:01+00:00,2026-09-15T22:22:28+00:00,false,,remote,full_time,mid,,,,simplify,https://simplify.jobs/p/c4120eab-6df6-49fb-ae29-56ccf7a69ed2,,simplify,"[{""site"": ""simplify"", ""url"": ""https://simplify.jobs/p/c4120eab-6df6-49fb-ae29-56ccf7a69ed2""}]",[],[],"{""location"": [""Remote; Remote in USA""]}",{},"{""location"": ""array_field""}",{}
https://simplify.jobs/p/62373b59-3638-4802-b94b-c8f93027a793,Website Developer,Dream Three,"Los Angeles, CA, USA; New York, NY, USA",60.0,90.0,USD,,,2026-09-19T01:15:01+00:00,2026-09-19T01:14:37+00:00,false,,hybrid,contract,mid,,,,simplify,https://simplify.jobs/p/62373b59-3638-4802-b94b-c8f93027a793,,simplify,"[{""site"": ""simplify"", ""url"": ""https://simplify.jobs/p/62373b59-3638-4802-b94b-c8f93027a793""}]",[],[],"{""location"": [""Los Angeles, CA, USA; New York, NY, USA""]}",{},"{""location"": ""array_field""}",{}
https://simplify.jobs/p/a8f2eaa5-a481-4f8c-9e4a-0c9baed8f931,Software Engineer ArcGIS Web & Mobile,Capgemini,"Remote; Issy-les-Moulineaux, France",,,,,,2026-09-18T09:58:59+00:00,2026-09-03T22:25:18+00:00,false,,remote,full_time,mid,,,,simplify,https://simplify.jobs/p/a8f2eaa5-a481-4f8c-9e4a-0c9baed8f931,,simplify,"[{""site"": ""simplify"", ""url"": ""https://simplify.jobs/p/a8f2eaa5-a481-4f8c-9e4a-0c9baed8f931""}]",[],[],"{""location"": [""Remote; Issy-les-Moulineaux, France""]}",{},"{""location"": ""array_field""}",{}
https://simplify.jobs/p/d09a7d50-665a-4d01-8e8a-60e64d01b80b,Principal UX Engineer - Ads,Reddit,Remote; Remote in USA,245800.0,344100.0,USD,,,2026-09-04T01:57:21+00:00,2026-08-11T22:42:51+00:00,false,,remote,full_time,,,,,simplify,https://simplify.jobs/p/d09a7d50-665a-4d01-8e8a-60e64d01b80b,,simplify,"[{""site"": ""simplify"", ""url"": ""https://simplify.jobs/p/d09a7d50-665a-4d01-8e8a-60e64d01b80b""}]",[],[],"{""location"": [""Remote; Remote in USA""]}",{},"{""location"": ""array_field""}",{}
https://simplify.jobs/p/0c25570d-e1eb-4d32-a8a1-88b0f4eac451,Staff Software Engineer - Front End,Parkade,Remote; Remote in USA,180000.0,200000.0,USD,,,2026-09-10T08:24:01+00:00,2026-08-07T22:17:56+00:00,false,,remote,full_time,senior,,,,simplify,https://simplify.jobs/p/0c25570d-e1eb-4d32-a8a1-88b0f4eac451,,simplify,"[{""site"": ""simplify"", ""url"": ""https://simplify.jobs/p/0c25570d-e1eb-4d32-a8a1-88b0f4eac451""}]",[],[],"{""location"": [""Remote; Remote in USA""]}",{},"{""location"": ""array_field""}",{}
https://simplify.jobs/p/90d68f19-fcfe-4af2-b762-b400357ec5bd,Staff JavaScript Developer - Web SDK,Oscilar,Remote; Remote in India; Remote in UK; Remote in Canada,393800.0,574300.0,BRL,,,2026-09-04T07:36:01+00:00,2026-03-27T01:11:10+00:00,false,,remote,full_time,senior,,,,simplify,https://simplify.jobs/p/90d68f19-fcfe-4af2-b762-b400357ec5bd,,simplify,"[{""site"": ""simplify"", ""url"": ""https://simplify.jobs/p/90d68f19-fcfe-4af2-b762-b400357ec5bd""}]",[],[],"{""location"": [""Remote; Remote in India; Remote in UK; Remote in Canada""]}",{},"{""location"": ""array_field""}",{}
https://simplify.jobs/p/3661d77d-1d6a-458e-8cce-9a40793073f7,SharePoint Developer,Leidos,Remote; Remote in USA,87100.0,157450.0,USD,,,2026-09-18T11:45:14+00:00,2026-07-21T00:00:00+00:00,false,,remote,full_time,senior,,,,simplify,https://simplify.jobs/p/3661d77d-1d6a-458e-8cce-9a40793073f7,,simplify,"[{""site"": ""simplify"", ""url"": ""https://simplify.jobs/p/3661d77d-1d6a-458e-8cce-9a40793073f7""}]",[],[],"{""location"": [""Remote; Remote in USA""]}",{},"{""location"": ""array_field""}",{}
https://simplify.jobs/p/c5f3ca67-dda1-4628-9426-d48887b37e51,Front End Engineer,Outpatient App,Remote; Remote in USA,,,,,,2026-09-04T09:54:01+00:00,2026-07-23T06:18:05+00:00,false,,remote,full_time,mid,,,,simplify,https://simplify.jobs/p/c5f3ca67-dda1-4628-9426-d48887b37e51,,simplify,"[{""site"": ""simplify"", ""url"": ""https://simplify.jobs/p/c5f3ca67-dda1-4628-9426-d48887b37e51""}]",[],[],"{""location"": [""Remote; Remote in USA""]}",{},"{""location"": ""array_field""}",{}
https://simplify.jobs/p/3c0de753-d38d-4616-8710-1c9680213b7f,Web Developer,Steady Vision,"Remote; Boston, MA, USA; Remote in USA",,,,,,2026-09-04T01:39:21+00:00,2026-08-11T01:32:43+00:00,false,,remote,full_time,mid,,,,simplify,https://simplify.jobs/p/3c0de753-d38d-4616-8710-1c9680213b7f,,simplify,"[{""site"": ""simplify"", ""url"": ""https://simplify.jobs/p/3c0de753-d38d-4616-8710-1c9680213b7f""}]",[],[],"{""location"": [""Remote; Boston, MA, USA; Remote in USA""]}",{},"{""location"": ""array_field""}",{}
https://simplify.jobs/p/ea8d10b5-1bd6-497b-9e2e-cd54dd0a32a3,Senior Software Engineer,The Walt Disney Company,"Bristol, CT, USA; Burbank, CA, USA; Glendale, CA, USA",141900.0,190300.0,USD,,,2026-09-03T19:12:22+00:00,2026-07-04T12:20:28+00:00,false,,onsite,full_time,senior,,,,simplify,https://simplify.jobs/p/ea8d10b5-1bd6-497b-9e2e-cd54dd0a32a3,,simplify,"[{""site"": ""simplify"", ""url"": ""https://simplify.jobs/p/ea8d10b5-1bd6-497b-9e2e-cd54dd0a32a3""}]",[],[],"{""location"": [""Bristol, CT, USA; Burbank, CA, USA; Glendale, CA, USA""]}",{},"{""location"": ""array_field""}",{}
https://simplify.jobs/p/da5cf7f1-ca91-48ef-af65-6d4c8e7eb09b,Founding Engineer - Boltwise,BoltWise,Remote; Remote in USA,120000.0,200000.0,USD,,,2025-03-14T02:03:26+00:00,2024-06-27T20:32:18+00:00,false,,remote,full_time,mid,,,,simplify,https://simplify.jobs/p/da5cf7f1-ca91-48ef-af65-6d4c8e7eb09b,,simplify,"[{""site"": ""simplify"", ""url"": ""https://simplify.jobs/p/da5cf7f1-ca91-48ef-af65-6d4c8e7eb09b""}]",[],[],"{""location"": [""Remote; Remote in USA""]}",{},"{""location"": ""array_field""}",{}
https://simplify.jobs/p/27ec9690-52b7-4818-a6f2-49df36a1417b,UI Developer - Agentic Security Platform,Pragmatike,Remote; Remote in India,,,,,,2026-09-17T14:27:01+00:00,2026-09-17T14:22:12+00:00,false,,remote,full_time,mid,,,,simplify,https://simplify.jobs/p/27ec9690-52b7-4818-a6f2-49df36a1417b,,simplify,"[{""site"": ""simplify"", ""url"": ""https://simplify.jobs/p/27ec9690-52b7-4818-a6f2-49df36a1417b""}]",[],[],"{""location"": [""Remote; Remote in India""]}",{},"{""location"": ""array_field""}",{}
https://simplify.jobs/p/86789a60-111d-4616-8ebd-8410d402ddda,SharePoint Developer,Comtech,"Los Angeles, CA, USA",,,,,,2026-09-03T17:45:23+00:00,2026-02-20T07:15:05+00:00,false,,onsite,full_time,senior,,,,simplify,https://simplify.jobs/p/86789a60-111d-4616-8ebd-8410d402ddda,,simplify,"[{""site"": ""simplify"", ""url"": ""https://simplify.jobs/p/86789a60-111d-4616-8ebd-8410d402ddda""}]",[],[],"{""location"": [""Los Angeles, CA, USA""]}",{},"{""location"": ""array_field""}",{}
https://simplify.jobs/p/ab437872-5e00-4b0f-be44-1b3953c98089,Senior/Staff Software Engineer - Interactives,Brilliant,"Remote; San Francisco, CA, USA; Remote in USA; New York, NY, USA",180000.0,250000.0,USD,,,2026-09-03T18:54:19+00:00,2026-06-17T22:08:42+00:00,false,,remote,full_time,senior,,,,simplify,https://simplify.jobs/p/ab437872-5e00-4b0f-be44-1b3953c98089,,simplify,"[{""site"": ""simplify"", ""url"": ""https://simplify.jobs/p/ab437872-5e00-4b0f-be44-1b3953c98089""}]",[],[],"{""location"": [""Remote; San Francisco, CA, USA; Remote in USA; New York, NY, USA""]}",{},"{""location"": ""array_field""}",{}
https://simplify.jobs/p/e1df9d57-a9b7-4a35-ba7c-864fe30bc733,Senior Web Engineer - Fan Monetization,SoundCloud,"Remote; New York, NY, USA",150000.0,195000.0,USD,,,2026-09-04T09:30:01+00:00,2026-07-09T22:42:29+00:00,false,,remote,full_time,mid | senior,,,,simplify,https://simplify.jobs/p/e1df9d57-a9b7-4a35-ba7c-864fe30bc733,,simplify,"[{""site"": ""simplify"", ""url"": ""https://simplify.jobs/p/e1df9d57-a9b7-4a35-ba7c-864fe30bc733""}]",[],[],"{""location"": [""Remote; New York, NY, USA""]}",{},"{""location"": ""array_field""}",{}
https://simplify.jobs/p/d2888ba3-3e6c-40a2-86b6-03b0b42e0f05,Senior Shopify Developer,DemandPDX,Remote; Remote in USA,,,,,,2026-09-18T10:38:10+00:00,2026-07-21T01:17:43+00:00,false,,remote,full_time,senior,,,,simplify,https://simplify.jobs/p/d2888ba3-3e6c-40a2-86b6-03b0b42e0f05,,simplify,"[{""site"": ""simplify"", ""url"": ""https://simplify.jobs/p/d2888ba3-3e6c-40a2-86b6-03b0b42e0f05""}]",[],[],"{""location"": [""Remote; Remote in USA""]}",{},"{""location"": ""array_field""}",{}
https://simplify.jobs/p/2396a8c3-bc52-4a86-9d7a-ccad8a9d03cf,Senior Front End Software Engineer - Vault,Bitwarden,Remote; Remote in USA,140000.0,200000.0,USD,,,2026-09-04T00:27:22+00:00,2026-08-06T14:15:09+00:00,false,,remote,full_time,senior,,,,simplify,https://simplify.jobs/p/2396a8c3-bc52-4a86-9d7a-ccad8a9d03cf,,simplify,"[{""site"": ""simplify"", ""url"": ""https://simplify.jobs/p/2396a8c3-bc52-4a86-9d7a-ccad8a9d03cf""}]",[],[],"{""location"": [""Remote; Remote in USA""]}",{},"{""location"": ""array_field""}",{}
https://simplify.jobs/p/223ecdb3-1c44-42a5-94a8-9c337ec71a37,Senior Staff Principal Software Engineer (Frontend/Fullstack),Voltaiq,Remote; Remote in USA,120000.0,180000.0,USD,,,2025-11-12T01:56:37+00:00,2025-10-31T12:03:44+00:00,false,,remote,full_time,mid | senior,,,,simplify,https://simplify.jobs/p/223ecdb3-1c44-42a5-94a8-9c337ec71a37,,simplify,"[{""site"": ""simplify"", ""url"": ""https://simplify.jobs/p/223ecdb3-1c44-42a5-94a8-9c337ec71a37""}]",[],[],"{""location"": [""Remote; Remote in USA""]}",{},"{""location"": ""array_field""}",{}
https://simplify.jobs/p/6e4d27f4-071f-4dfd-af8a-c98d6d4daf5c,Senior UI/UX Developer,upstream,Remote; Remote in India,,,,,,2026-09-18T09:42:53+00:00,2026-08-21T14:42:23+00:00,false,,remote,full_time,senior,,,,simplify,https://simplify.jobs/p/6e4d27f4-071f-4dfd-af8a-c98d6d4daf5c,,simplify,"[{""site"": ""simplify"", ""url"": ""https://simplify.jobs/p/6e4d27f4-071f-4dfd-af8a-c98d6d4daf5c""}]",[],[],"{""location"": [""Remote; Remote in India""]}",{},"{""location"": ""array_field""}",{}
https://simplify.jobs/p/46e5bbbd-4c40-4f47-b05a-6273e9d4b76b,Senior Web Software Engineer - Data Science Prototyping,Airbnb,"Remote; San Francisco, CA, USA",196000.0,227000.0,USD,,,2026-09-18T22:42:19+00:00,2026-09-18T22:39:59+00:00,false,,remote,full_time,senior,,,,simplify,https://simplify.jobs/p/46e5bbbd-4c40-4f47-b05a-6273e9d4b76b,,simplify,"[{""site"": ""simplify"", ""url"": ""https://simplify.jobs/p/46e5bbbd-4c40-4f47-b05a-6273e9d4b76b""}]",[],[],"{""location"": [""Remote; San Francisco, CA, USA""]}",{},"{""location"": ""array_field""}",{}
https://simplify.jobs/p/afe65252-1cf4-4d01-b345-adb1ba24229f,Principal Software Engineer - Models,CoreWeave,"Remote; San Francisco, CA, USA; Livingston, NJ, USA; New York, NY, USA; Bellevue, WA, USA; Sunnyvale, CA, USA",227000.0,303000.0,USD,,,2026-09-18T22:12:11+00:00,2026-09-18T22:08:34+00:00,false,,remote,full_time,senior,,,,simplify,https://simplify.jobs/p/afe65252-1cf4-4d01-b345-adb1ba24229f,,simplify,"[{""site"": ""simplify"", ""url"": ""https://simplify.jobs/p/afe65252-1cf4-4d01-b345-adb1ba24229f""}]",[],[],"{""location"": [""Remote; San Francisco, CA, USA; Livingston, NJ, USA; New York, NY, USA; Bellevue, WA, USA; Sunnyvale, CA, USA""]}",{},"{""location"": ""array_field""}",{}
https://simplify.jobs/p/0bbe949e-2d92-46d6-b060-e10014d20471,Applications Systems Development Engineer 1,Shure,"Remote; Niles, IL, USA",76200.0,122000.0,USD,,,2026-09-11T22:30:57+00:00,2026-09-11T22:19:54+00:00,false,,remote,full_time,mid,,,,simplify,https://simplify.jobs/p/0bbe949e-2d92-46d6-b060-e10014d20471,,simplify,"[{""site"": ""simplify"", ""url"": ""https://simplify.jobs/p/0bbe949e-2d92-46d6-b060-e10014d20471""}]",[],[],"{""location"": [""Remote; Niles, IL, USA""]}",{},"{""location"": ""array_field""}",{}
https://simplify.jobs/p/d0129996-7095-4cdb-8e2a-a57c71752543,Software Engineer,Akima,"Remote; Ashburn, VA, USA",110000.0,120000.0,USD,,,2026-09-04T13:12:01+00:00,2026-09-02T00:00:19+00:00,false,,remote,full_time,senior,,,,simplify,https://simplify.jobs/p/d0129996-7095-4cdb-8e2a-a57c71752543,,simplify,"[{""site"": ""simplify"", ""url"": ""https://simplify.jobs/p/d0129996-7095-4cdb-8e2a-a57c71752543""}]",[],[],"{""location"": [""Remote; Ashburn, VA, USA""]}",{},"{""location"": ""array_field""}",{}
https://simplify.jobs/p/c2ca6c6b-0573-4006-9aba-bd5fa7de61d0,Senior SharePoint Developer,HarmonyTech,Remote; Remote in USA,,,,,,2026-09-03T16:46:13+00:00,2026-09-03T16:28:48+00:00,false,,remote,full_time,senior,,,,simplify,https://simplify.jobs/p/c2ca6c6b-0573-4006-9aba-bd5fa7de61d0,,simplify,"[{""site"": ""simplify"", ""url"": ""https://simplify.jobs/p/c2ca6c6b-0573-4006-9aba-bd5fa7de61d0""}]",[],[],"{""location"": [""Remote; Remote in USA""]}",{},"{""location"": ""array_field""}",{}
https://simplify.jobs/p/bf65b6c2-f47c-440e-99c7-f22018b04de7,Senior Software Engineer,Prescryptive Health,Remote; Remote in USA,165000.0,215000.0,USD,,,2026-09-03T05:42:07+00:00,2026-08-28T00:00:00+00:00,false,,remote,full_time,senior,,,,simplify,https://simplify.jobs/p/bf65b6c2-f47c-440e-99c7-f22018b04de7,,simplify,"[{""site"": ""simplify"", ""url"": ""https://simplify.jobs/p/bf65b6c2-f47c-440e-99c7-f22018b04de7""}]",[],[],"{""location"": [""Remote; Remote in USA""]}",{},"{""location"": ""array_field""}",{}
https://simplify.jobs/p/66e65102-0a75-4538-9493-81ca5b2fa845,.NET Front End Developer,Jobsbridge,"Los Angeles, CA, USA",,,,,,2026-09-04T07:24:02+00:00,2026-02-24T07:18:58+00:00,false,,onsite,full_time,mid,,,,simplify,https://simplify.jobs/p/66e65102-0a75-4538-9493-81ca5b2fa845,,simplify,"[{""site"": ""simplify"", ""url"": ""https://simplify.jobs/p/66e65102-0a75-4538-9493-81ca5b2fa845""}]",[],[],"{""location"": [""Los Angeles, CA, USA""]}",{},"{""location"": ""array_field""}",{}
https://simplify.jobs/p/bd37d4da-de51-40ce-832e-2259211f07cd,Senior Software Architect - Browser Extension Platform,Keeper Security,Remote; Remote in USA,,,,,,2026-09-04T13:12:01+00:00,2026-09-01T14:20:50+00:00,false,,remote,full_time,,,,,simplify,https://simplify.jobs/p/bd37d4da-de51-40ce-832e-2259211f07cd,,simplify,"[{""site"": ""simplify"", ""url"": ""https://simplify.jobs/p/bd37d4da-de51-40ce-832e-2259211f07cd""}]",[],[],"{""location"": [""Remote; Remote in USA""]}",{},"{""location"": ""array_field""}",{}
https://simplify.jobs/p/3740d215-3df9-420c-b880-3f6fe9bfb446,Sr. UI Developer - Ecommerce - Hoka,Deckers Brands,"Remote; Oregon, USA; California, USA; Texas, USA; Jackson Township, NJ, USA; Waterbury, CT, USA; Arizona, USA; Minnesota, USA; Colorado, USA; New York, NY, USA; Wisconsin, USA; Massachusetts, USA",96600.0,130400.0,USD,,,2026-09-03T18:15:29+00:00,2026-05-16T14:09:32+00:00,false,,remote,full_time,senior,,,,simplify,https://simplify.jobs/p/3740d215-3df9-420c-b880-3f6fe9bfb446,,simplify,"[{""site"": ""simplify"", ""url"": ""https://simplify.jobs/p/3740d215-3df9-420c-b880-3f6fe9bfb446""}]",[],[],"{""location"": [""Remote; Oregon, USA; California, USA; Texas, USA; Jackson Township, NJ, USA; Waterbury, CT, USA; Arizona, USA; Minnesota, USA; Colorado, USA; New York, NY, USA; Wisconsin, USA; Massachusetts, USA""]}",{},"{""location"": ""array_field""}",{}
https://simplify.jobs/p/8329942b-1545-4dd7-9382-f791fffd7e6e,Front End Developer,Alpha Numero,"Irvine, CA, USA",,,,,,2026-09-04T12:09:01+00:00,2026-08-18T01:14:23+00:00,false,,onsite,full_time,mid,,,,simplify,https://simplify.jobs/p/8329942b-1545-4dd7-9382-f791fffd7e6e,,simplify,"[{""site"": ""simplify"", ""url"": ""https://simplify.jobs/p/8329942b-1545-4dd7-9382-f791fffd7e6e""}]",[],[],"{""location"": [""Irvine, CA, USA""]}",{},"{""location"": ""array_field""}",{}
https://simplify.jobs/p/03a02d5a-519a-499d-9d52-f1f3a6ed53fb,Senior Software Engineer - Ctv,Paramount Global,"Burbank, CA, USA; New York, NY, USA",124000.0,186000.0,USD,,,2026-09-03T18:36:19+00:00,2026-05-22T01:07:04+00:00,false,,onsite,full_time,senior,,,,simplify,https://simplify.jobs/p/03a02d5a-519a-499d-9d52-f1f3a6ed53fb,,simplify,"[{""site"": ""simplify"", ""url"": ""https://simplify.jobs/p/03a02d5a-519a-499d-9d52-f1f3a6ed53fb""}]",[],[],"{""location"": [""Burbank, CA, USA; New York, NY, USA""]}",{},"{""location"": ""array_field""}",{}
https://simplify.jobs/p/2b0826fc-0882-4e3f-ba08-f5a60197f859,Website Growth Engineer,ElevenLabs,"Remote; London, UK; Remote in USA; Remote in UK; Remote in Spain",,,,,,2026-09-04T01:39:21+00:00,2026-08-10T22:32:03+00:00,false,,remote,full_time,mid,,,,simplify,https://simplify.jobs/p/2b0826fc-0882-4e3f-ba08-f5a60197f859,,simplify,"[{""site"": ""simplify"", ""url"": ""https://simplify.jobs/p/2b0826fc-0882-4e3f-ba08-f5a60197f859""}]",[],[],"{""location"": [""Remote; London, UK; Remote in USA; Remote in UK; Remote in Spain""]}",{},"{""location"": ""array_field""}",{}
https://simplify.jobs/p/268da7e9-70b5-4d8e-8c9d-befeabdcfbab,Web Development Senior Professional 1,Fiserv,"Remote; Washington, USA",84000.0,134400.0,USD,,,2026-09-15T22:45:09+00:00,2026-09-15T00:00:00+00:00,false,,remote,full_time,mid,,,,simplify,https://simplify.jobs/p/268da7e9-70b5-4d8e-8c9d-befeabdcfbab,,simplify,"[{""site"": ""simplify"", ""url"": ""https://simplify.jobs/p/268da7e9-70b5-4d8e-8c9d-befeabdcfbab""}]",[],[],"{""location"": [""Remote; Washington, USA""]}",{},"{""location"": ""array_field""}",{}
https://simplify.jobs/p/18b16f68-5abf-449e-a4d2-5eec877f6ef0,Junior Mobile and Front End Developer - Systems Administration - Innovation and Technology,Lap of Love,"Remote; Remote in USA; Lutz, FL, USA",95000.0,95000.0,USD,,,2026-09-04T00:39:22+00:00,2026-08-06T22:18:41+00:00,false,,remote,full_time,junior,,,,simplify,https://simplify.jobs/p/18b16f68-5abf-449e-a4d2-5eec877f6ef0,,simplify,"[{""site"": ""simplify"", ""url"": ""https://simplify.jobs/p/18b16f68-5abf-449e-a4d2-5eec877f6ef0""}]",[],[],"{""location"": [""Remote; Remote in USA; Lutz, FL, USA""]}",{},"{""location"": ""array_field""}",{}
https://simplify.jobs/p/51188ab1-b3f5-4e4a-8527-604f9f1b5342,Drupal Developer,Jobsbridge,"Los Angeles, CA, USA",,,,,,2026-09-03T17:45:23+00:00,2026-02-24T07:17:49+00:00,false,,onsite,full_time,mid | senior,,,,simplify,https://simplify.jobs/p/51188ab1-b3f5-4e4a-8527-604f9f1b5342,,simplify,"[{""site"": ""simplify"", ""url"": ""https://simplify.jobs/p/51188ab1-b3f5-4e4a-8527-604f9f1b5342""}]",[],[],"{""location"": [""Los Angeles, CA, USA""]}",{},"{""location"": ""array_field""}",{}
https://simplify.jobs/p/9e908786-d619-4f40-84ce-d8f3a37b9d88,Lead Product Engineer,Plural Everything,Remote; Remote in USA,,,,,,2026-09-04T13:18:01+00:00,2026-02-17T15:18:16+00:00,false,,remote,full_time,mid,,,,simplify,https://simplify.jobs/p/9e908786-d619-4f40-84ce-d8f3a37b9d88,,simplify,"[{""site"": ""simplify"", ""url"": ""https://simplify.jobs/p/9e908786-d619-4f40-84ce-d8f3a37b9d88""}]",[],[],"{""location"": [""Remote; Remote in USA""]}",{},"{""location"": ""array_field""}",{}
https://simplify.jobs/p/434a8293-45df-4768-8a20-8a2cfcdffcf1,Senior Software Engineer - Front End,Axle Health,"Santa Monica, CA, USA",170000.0,200000.0,USD,,,2026-09-04T00:27:22+00:00,2026-08-06T01:14:29+00:00,false,,onsite,full_time,senior,,,,simplify,https://simplify.jobs/p/434a8293-45df-4768-8a20-8a2cfcdffcf1,,simplify,"[{""site"": ""simplify"", ""url"": ""https://simplify.jobs/p/434a8293-45df-4768-8a20-8a2cfcdffcf1""}]",[],[],"{""location"": [""Santa Monica, CA, USA""]}",{},"{""location"": ""array_field""}",{}
https://simplify.jobs/p/f7d4706d-b6b1-4745-88c5-1e61f29776c3,UI Front End Developer,Jobsbridge,"Long Beach, CA, USA",,,,,,2026-09-04T07:24:02+00:00,2026-02-24T07:18:44+00:00,false,,onsite,full_time,mid,,,,simplify,https://simplify.jobs/p/f7d4706d-b6b1-4745-88c5-1e61f29776c3,,simplify,"[{""site"": ""simplify"", ""url"": ""https://simplify.jobs/p/f7d4706d-b6b1-4745-88c5-1e61f29776c3""}]",[],[],"{""location"": [""Long Beach, CA, USA""]}",{},"{""location"": ""array_field""}",{}
https://simplify.jobs/p/a62c43e1-0ee1-4c48-b7a4-d0a822abe7d5,Senior Software Development Front End Engineer,CVS Health,"Remote; Florida, USA",92700.0,185400.0,USD,,,2026-09-15T22:12:02+00:00,2026-08-26T00:00:00+00:00,false,,remote,full_time,senior,,,,simplify,https://simplify.jobs/p/a62c43e1-0ee1-4c48-b7a4-d0a822abe7d5,,simplify,"[{""site"": ""simplify"", ""url"": ""https://simplify.jobs/p/a62c43e1-0ee1-4c48-b7a4-d0a822abe7d5""}]",[],[],"{""location"": [""Remote; Florida, USA""]}",{},"{""location"": ""array_field""}",{}
https://simplify.jobs/p/cdf9972b-c982-4aae-9abd-4c62956dd85e,Senior UX Engineer - Search AI,Google,"Remote; San Francisco, CA, USA; New York, NY, USA; Mountain View, CA, USA",159000.0,230000.0,USD,,,2026-09-10T14:15:06+00:00,2026-09-10T14:13:42+00:00,false,,remote,full_time,mid | senior,,,,simplify,https://simplify.jobs/p/cdf9972b-c982-4aae-9abd-4c62956dd85e,,simplify,"[{""site"": ""simplify"", ""url"": ""https://simplify.jobs/p/cdf9972b-c982-4aae-9abd-4c62956dd85e""}]",[],[],"{""location"": [""Remote; San Francisco, CA, USA; New York, NY, USA; Mountain View, CA, USA""]}",{},"{""location"": ""array_field""}",{}
https://simplify.jobs/p/537ffcde-ab21-4802-8953-8fba345392b6,Data Visualization Software Engineer - Data Visualization,General Matter,"Los Angeles, CA, USA",125000.0,200000.0,USD,,,2026-09-19T01:39:25+00:00,2026-09-01T18:36:57+00:00,false,,onsite,full_time,senior,,,,simplify,https://simplify.jobs/p/537ffcde-ab21-4802-8953-8fba345392b6,,simplify,"[{""site"": ""simplify"", ""url"": ""https://simplify.jobs/p/537ffcde-ab21-4802-8953-8fba345392b6""}]",[],[],"{""location"": [""Los Angeles, CA, USA""]}",{},"{""location"": ""array_field""}",{}
https://simplify.jobs/p/8e5cc1c2-2964-4c59-9577-b9eb46b8fcd1,Senior Software Engineer,Mercury,"San Francisco, CA, USA; Remote in USA; New York, NY, USA; Portland, OR, USA; Remote in Canada",189700.0,250900.0,USD,,,2026-09-04T09:42:02+00:00,2026-07-15T22:30:09+00:00,false,,hybrid,full_time,senior,,,,simplify,https://simplify.jobs/p/8e5cc1c2-2964-4c59-9577-b9eb46b8fcd1,,simplify,"[{""site"": ""simplify"", ""url"": ""https://simplify.jobs/p/8e5cc1c2-2964-4c59-9577-b9eb46b8fcd1""}]",[],[],"{""location"": [""San Francisco, CA, USA; Remote in USA; New York, NY, USA; Portland, OR, USA; Remote in Canada""]}",{},"{""location"": ""array_field""}",{}
https://simplify.jobs/p/c9e6b880-b9c9-4f1a-b0c8-63b0217b4e0b,Web Developer,Aptive Resources,Remote; Remote in USA,,,,,,2026-09-04T12:54:01+00:00,2026-08-26T19:35:59+00:00,false,,remote,full_time,mid,,,,simplify,https://simplify.jobs/p/c9e6b880-b9c9-4f1a-b0c8-63b0217b4e0b,,simplify,"[{""site"": ""simplify"", ""url"": ""https://simplify.jobs/p/c9e6b880-b9c9-4f1a-b0c8-63b0217b4e0b""}]",[],[],"{""location"": [""Remote; Remote in USA""]}",{},"{""location"": ""array_field""}",{}
https://simplify.jobs/p/50010523-1705-46b1-886f-490d5f1bf968,Front End Developer,Jobsbridge,"Los Angeles, CA, USA",,,,,,2026-09-04T07:24:02+00:00,2026-04-08T09:04:05+00:00,false,,onsite,full_time,mid,,,,simplify,https://simplify.jobs/p/50010523-1705-46b1-886f-490d5f1bf968,,simplify,"[{""site"": ""simplify"", ""url"": ""https://simplify.jobs/p/50010523-1705-46b1-886f-490d5f1bf968""}]",[],[],"{""location"": [""Los Angeles, CA, USA""]}",{},"{""location"": ""array_field""}",{}
https://simplify.jobs/p/ad9cc010-02bc-47df-99ae-9d92e7e90b26,Dashboard Developer,Xcellent Technology Solutions,Remote; Remote in USA,65000.0,75000.0,USD,,,2026-09-18T10:21:01+00:00,2026-08-27T00:25:36+00:00,false,,remote,full_time,senior,,,,simplify,https://simplify.jobs/p/ad9cc010-02bc-47df-99ae-9d92e7e90b26,,simplify,"[{""site"": ""simplify"", ""url"": ""https://simplify.jobs/p/ad9cc010-02bc-47df-99ae-9d92e7e90b26""}]",[],[],"{""location"": [""Remote; Remote in USA""]}",{},"{""location"": ""array_field""}",{}
https://simplify.jobs/p/8d26bf74-5182-45c8-a91a-fc2ad08a1b4e,CMS Development and Architecture Lead,DecisionPoint,Remote; Remote in USA,,,,,,2026-09-03T16:39:14+00:00,2026-08-14T03:59:56+00:00,false,,remote,full_time,senior,,,,simplify,https://simplify.jobs/p/8d26bf74-5182-45c8-a91a-fc2ad08a1b4e,,simplify,"[{""site"": ""simplify"", ""url"": ""https://simplify.jobs/p/8d26bf74-5182-45c8-a91a-fc2ad08a1b4e""}]",[],[],"{""location"": [""Remote; Remote in USA""]}",{},"{""location"": ""array_field""}",{}
https://simplify.jobs/p/981e32c4-ec28-4156-b946-d2214468d082,React Software Engineer,GovCIO,Remote; Remote in USA,90000.0,105000.0,USD,,,2026-09-09T22:18:08+00:00,2026-09-09T22:09:08+00:00,false,,remote,full_time,senior,,,,simplify,https://simplify.jobs/p/981e32c4-ec28-4156-b946-d2214468d082,,simplify,"[{""site"": ""simplify"", ""url"": ""https://simplify.jobs/p/981e32c4-ec28-4156-b946-d2214468d082""}]",[],[],"{""location"": [""Remote; Remote in USA""]}",{},"{""location"": ""array_field""}",{}
https://simplify.jobs/p/4093214e-5dce-465b-be2f-d1f9329cf8d1,Web Developer,Blackbaud,"Remote; Hyderabad, Telangana, India",,,,,,2026-09-04T07:24:02+00:00,2026-08-12T20:10:40+00:00,false,,remote,full_time,junior | mid,,,,simplify,https://simplify.jobs/p/4093214e-5dce-465b-be2f-d1f9329cf8d1,,simplify,"[{""site"": ""simplify"", ""url"": ""https://simplify.jobs/p/4093214e-5dce-465b-be2f-d1f9329cf8d1""}]",[],[],"{""location"": [""Remote; Hyderabad, Telangana, India""]}",{},"{""location"": ""array_field""}",{}
https://simplify.jobs/p/272cb1de-278a-45fe-87a1-7215f39bdd32,Web Developer Intern - WordPress - WooCommerce,Codeage,"Beverly Hills, CA, USA",,,,,,2026-09-04T07:24:02+00:00,2026-02-20T07:10:35+00:00,true,,onsite,internship,intern,,,,simplify,https://simplify.jobs/p/272cb1de-278a-45fe-87a1-7215f39bdd32,,simplify,"[{""site"": ""simplify"", ""url"": ""https://simplify.jobs/p/272cb1de-278a-45fe-87a1-7215f39bdd32""}]",[],[],"{""location"": [""Beverly Hills, CA, USA""]}",{},"{""location"": ""array_field""}",{}
https://simplify.jobs/p/a77f742d-9716-4482-be5b-44b84fdc1570,Senior 3D Engineer,Moon,"Glendale, CA, USA",160000.0,200000.0,USD,,,2026-09-18T10:21:01+00:00,2026-07-27T01:20:06+00:00,false,,onsite,full_time,senior,,,,simplify,https://simplify.jobs/p/a77f742d-9716-4482-be5b-44b84fdc1570,,simplify,"[{""site"": ""simplify"", ""url"": ""https://simplify.jobs/p/a77f742d-9716-4482-be5b-44b84fdc1570""}]",[],[],"{""location"": [""Glendale, CA, USA""]}",{},"{""location"": ""array_field""}",{}
https://simplify.jobs/p/2dbe5fcd-f78f-481a-8b84-2f678b519d09,Developer 3 - Application Development,IEHP,"Rancho Cucamonga, CA, USA",118601.6,157144.0,USD,,,2026-09-03T17:45:23+00:00,2026-02-12T02:06:52+00:00,false,,hybrid,full_time,senior,,,,simplify,https://simplify.jobs/p/2dbe5fcd-f78f-481a-8b84-2f678b519d09,,simplify,"[{""site"": ""simplify"", ""url"": ""https://simplify.jobs/p/2dbe5fcd-f78f-481a-8b84-2f678b519d09""}]",[],[],"{""location"": [""Rancho Cucamonga, CA, USA""]}",{},"{""location"": ""array_field""}",{}
https://simplify.jobs/p/36381c38-8d03-4764-a476-c9a3cf784599,Displays Software Engineer - C/C++,Reliable Robotics,"Remote in USA; Mountain View, CA, USA; San Diego, CA, USA",185000.0,245000.0,USD,,,2026-09-04T08:27:01+00:00,2026-06-24T22:09:04+00:00,false,,hybrid,full_time,senior,,,,simplify,https://simplify.jobs/p/36381c38-8d03-4764-a476-c9a3cf784599,,simplify,"[{""site"": ""simplify"", ""url"": ""https://simplify.jobs/p/36381c38-8d03-4764-a476-c9a3cf784599""}]",[],[],"{""location"": [""Remote in USA; Mountain View, CA, USA; San Diego, CA, USA""]}",{},"{""location"": ""array_field""}",{}
https://simplify.jobs/p/b9eb6f8e-d969-4d4b-9607-2769fe1b9797,Senior Web Engineer,Polymarket,"Remote in USA; New York, NY, USA",250000.0,500000.0,USD,,,2026-09-04T12:00:01+00:00,2026-04-29T06:08:20+00:00,false,,hybrid,full_time,mid | senior,,,,simplify,https://simplify.jobs/p/b9eb6f8e-d969-4d4b-9607-2769fe1b9797,,simplify,"[{""site"": ""simplify"", ""url"": ""https://simplify.jobs/p/b9eb6f8e-d969-4d4b-9607-2769fe1b9797""}]",[],[],"{""location"": [""Remote in USA; New York, NY, USA""]}",{},"{""location"": ""array_field""}",{}
https://simplify.jobs/p/bb56b19c-a51f-4ad5-8635-7e0624fab826,Front End Software Engineer - Consumer Engineering,Reddit,Remote; Remote in USA,164200.0,229900.0,USD,,,2026-09-17T22:27:09+00:00,2026-09-17T22:13:18+00:00,false,,remote,full_time,senior,,,,simplify,https://simplify.jobs/p/bb56b19c-a51f-4ad5-8635-7e0624fab826,,simplify,"[{""site"": ""simplify"", ""url"": ""https://simplify.jobs/p/bb56b19c-a51f-4ad5-8635-7e0624fab826""}]",[],[],"{""location"": [""Remote; Remote in USA""]}",{},"{""location"": ""array_field""}",{}
https://simplify.jobs/p/b3372bff-b18a-4547-8e23-4d87121da533,JavaScript HTML Developer,Mapjects,"Remote; Washington, DC, USA",,,,,,2026-09-04T02:15:20+00:00,2026-08-13T06:13:00+00:00,false,,remote,full_time,mid,,,,simplify,https://simplify.jobs/p/b3372bff-b18a-4547-8e23-4d87121da533,,simplify,"[{""site"": ""simplify"", ""url"": ""https://simplify.jobs/p/b3372bff-b18a-4547-8e23-4d87121da533""}]",[],[],"{""location"": [""Remote; Washington, DC, USA""]}",{},"{""location"": ""array_field""}",{}
https://simplify.jobs/p/b5d63fca-6319-4f27-949e-1ff83691e1f7,Senior Staff Software Engineer - iOS Search and Shopping Journeys,Pinterest,"San Francisco, CA, USA; Remote in USA",208592.0,429454.0,USD,,,2026-09-04T09:15:01+00:00,2026-07-07T22:30:10+00:00,false,,hybrid,full_time,,,,,simplify,https://simplify.jobs/p/b5d63fca-6319-4f27-949e-1ff83691e1f7,,simplify,"[{""site"": ""simplify"", ""url"": ""https://simplify.jobs/p/b5d63fca-6319-4f27-949e-1ff83691e1f7""}]",[],[],"{""location"": [""San Francisco, CA, USA; Remote in USA""]}",{},"{""location"": ""array_field""}",{}
https://simplify.jobs/p/f3d5df09-af20-45a0-8b80-25f9040cd11d,Staff Engineer - Web,Ground News,"Remote; Remote in USA; Remote in Canada; Kitchener, ON, Canada",,,,,,2026-09-03T20:33:22+00:00,2026-07-30T22:23:06+00:00,false,,remote,full_time,senior,,,,simplify,https://simplify.jobs/p/f3d5df09-af20-45a0-8b80-25f9040cd11d,,simplify,"[{""site"": ""simplify"", ""url"": ""https://simplify.jobs/p/f3d5df09-af20-45a0-8b80-25f9040cd11d""}]",[],[],"{""location"": [""Remote; Remote in USA; Remote in Canada; Kitchener, ON, Canada""]}",{},"{""location"": ""array_field""}",{}
https://simplify.jobs/p/1a7bf541-59fd-4f6f-867b-5708886765e4,Software Engineer,Deep Sky,"Remote; Los Angeles, CA, USA",,,,,,2025-12-06T11:41:59+00:00,2025-11-25T04:31:02+00:00,false,,remote,full_time,mid,,,,simplify,https://simplify.jobs/p/1a7bf541-59fd-4f6f-867b-5708886765e4,,simplify,"[{""site"": ""simplify"", ""url"": ""https://simplify.jobs/p/1a7bf541-59fd-4f6f-867b-5708886765e4""}]",[],[],"{""location"": [""Remote; Los Angeles, CA, USA""]}",{},"{""location"": ""array_field""}",{}
https://simplify.jobs/p/5ee8704f-8893-495c-a087-abe6b363aae5,React Engineer - Remote - Latin America,Bluelight Consulting,Remote; South America,,,,,,2026-09-03T18:42:29+00:00,2026-06-03T06:06:53+00:00,false,,remote,full_time,mid,,,,simplify,https://simplify.jobs/p/5ee8704f-8893-495c-a087-abe6b363aae5,,simplify,"[{""site"": ""simplify"", ""url"": ""https://simplify.jobs/p/5ee8704f-8893-495c-a087-abe6b363aae5""}]",[],[],"{""location"": [""Remote; South America""]}",{},"{""location"": ""array_field""}",{}
https://simplify.jobs/p/da79d843-c883-4569-b00f-40f317bc7273,Webmaster or Web Developer,NewPage Solutions,"Remote; New York, NY, USA",,,,,,2026-09-04T06:57:01+00:00,2025-08-13T05:38:49+00:00,false,,remote,full_time,mid,,,,simplify,https://simplify.jobs/p/da79d843-c883-4569-b00f-40f317bc7273,,simplify,"[{""site"": ""simplify"", ""url"": ""https://simplify.jobs/p/da79d843-c883-4569-b00f-40f317bc7273""}]",[],[],"{""location"": [""Remote; New York, NY, USA""]}",{},"{""location"": ""array_field""}",{}
https://simplify.jobs/p/0010212f-4d87-4db1-9890-65232f6e7ae9,UI/UX Engineer,General Dynamics Information Technology,Remote; Remote in USA,128039.0,173229.0,USD,,,2026-09-03T14:06:30+00:00,2026-08-18T00:00:00+00:00,false,,remote,full_time,,,,,simplify,https://simplify.jobs/p/0010212f-4d87-4db1-9890-65232f6e7ae9,,simplify,"[{""site"": ""simplify"", ""url"": ""https://simplify.jobs/p/0010212f-4d87-4db1-9890-65232f6e7ae9""}]",[],[],"{""location"": [""Remote; Remote in USA""]}",{},"{""location"": ""array_field""}",{}
https://simplify.jobs/p/93ed64f1-c176-4c0d-89eb-eaf0727fd2da,Web UI Developer,Jobsbridge,"Los Angeles, CA, USA",,,,,,2026-09-03T17:54:20+00:00,2026-02-24T07:20:26+00:00,false,,onsite,full_time,mid,,,,simplify,https://simplify.jobs/p/93ed64f1-c176-4c0d-89eb-eaf0727fd2da | https://simplify.jobs/p/1a8351d1-67b9-42cf-8432-463d0001e001,,simplify,"[{""site"": ""simplify"", ""url"": ""https://simplify.jobs/p/93ed64f1-c176-4c0d-89eb-eaf0727fd2da""}, {""site"": ""simplify"", ""url"": ""https://simplify.jobs/p/1a8351d1-67b9-42cf-8432-463d0001e001""}]",[],[],"{""location"": [""Los Angeles, CA, USA""]}",{},"{""location"": ""array_field""}",{}
https://simplify.jobs/p/6ea3f0d4-54eb-4f8a-a1fa-d6c87982e2b3,Design Technologist 2 - Creative X,Amazon,"Seattle, WA, USA; Santa Monica, CA, USA; New York, NY, USA",131800.0,196100.0,USD,,,2026-09-04T00:39:22+00:00,2026-08-06T22:13:21+00:00,false,,onsite,full_time,senior,,,,simplify,https://simplify.jobs/p/6ea3f0d4-54eb-4f8a-a1fa-d6c87982e2b3,,simplify,"[{""site"": ""simplify"", ""url"": ""https://simplify.jobs/p/6ea3f0d4-54eb-4f8a-a1fa-d6c87982e2b3""}]",[],[],"{""location"": [""Seattle, WA, USA; Santa Monica, CA, USA; New York, NY, USA""]}",{},"{""location"": ""array_field""}",{}
https://simplify.jobs/p/89986e29-776f-44ee-8199-54b66504907d,Staff Engineer - Store/Digital,Papa John's,"Remote; Atlanta, GA, USA",,,,,,2026-09-17T22:43:36+00:00,2026-09-17T00:00:00+00:00,false,,remote,full_time,senior,,,,simplify,https://simplify.jobs/p/89986e29-776f-44ee-8199-54b66504907d,,simplify,"[{""site"": ""simplify"", ""url"": ""https://simplify.jobs/p/89986e29-776f-44ee-8199-54b66504907d""}]",[],[],"{""location"": [""Remote; Atlanta, GA, USA""]}",{},"{""location"": ""array_field""}",{}
https://simplify.jobs/p/5f9c99d8-03a9-45d8-9140-04aace5283ed,Senior UI Engineer - Electronic Warfare,Anduril,"Costa Mesa, CA, USA",191000.0,253000.0,USD,,,2026-09-04T07:51:01+00:00,2026-05-11T22:14:28+00:00,false,,onsite,full_time,senior,,,,simplify,https://simplify.jobs/p/5f9c99d8-03a9-45d8-9140-04aace5283ed,,simplify,"[{""site"": ""simplify"", ""url"": ""https://simplify.jobs/p/5f9c99d8-03a9-45d8-9140-04aace5283ed""}]",[],[],"{""location"": [""Costa Mesa, CA, USA""]}",{},"{""location"": ""array_field""}",{}
https://simplify.jobs/p/057f73be-ae96-4150-b970-feee2a59385b,Senior Software Engineer - Web,Binance,"Remote; Remote in Canada; Vancouver, BC, Canada",174487.0,205332.0,CAD,,,2026-09-03T15:12:19+00:00,2026-08-18T06:17:46+00:00,false,,remote,full_time,senior,,,,simplify,https://simplify.jobs/p/057f73be-ae96-4150-b970-feee2a59385b,,simplify,"[{""site"": ""simplify"", ""url"": ""https://simplify.jobs/p/057f73be-ae96-4150-b970-feee2a59385b""}]",[],[],"{""location"": [""Remote; Remote in Canada; Vancouver, BC, Canada""]}",{},"{""location"": ""array_field""}",{}
https://simplify.jobs/p/b5c581b7-b771-4a84-aff6-e6da50c98ff2,Senior Web Engineer,Canonical,Remote; Europe,,,,,,2026-03-19T06:23:52+00:00,2026-03-19T06:23:52+00:00,false,,remote,full_time,senior,,,,simplify,https://simplify.jobs/p/b5c581b7-b771-4a84-aff6-e6da50c98ff2,,simplify,"[{""site"": ""simplify"", ""url"": ""https://simplify.jobs/p/b5c581b7-b771-4a84-aff6-e6da50c98ff2""}]",[],[],"{""location"": [""Remote; Europe""]}",{},"{""location"": ""array_field""}",{}
https://simplify.jobs/p/205c1c13-4a29-4ded-8516-87792e075633,Software Engineer - C++,Figma,"Remote; San Francisco, CA, USA; Remote in USA; New York, NY, USA",153000.0,376000.0,USD,,,2026-09-04T06:57:01+00:00,2025-06-02T20:09:20+00:00,false,,remote,full_time,mid,,,,simplify,https://simplify.jobs/p/205c1c13-4a29-4ded-8516-87792e075633,,simplify,"[{""site"": ""simplify"", ""url"": ""https://simplify.jobs/p/205c1c13-4a29-4ded-8516-87792e075633""}]",[],[],"{""location"": [""Remote; San Francisco, CA, USA; Remote in USA; New York, NY, USA""]}",{},"{""location"": ""array_field""}",{}
https://simplify.jobs/p/d8704237-85ed-41fb-973e-c503b4134920,Web Developer 2 - EverPro,EverCommerce,Remote; United States,75000.0,80000.0,USD,,,2026-09-16T14:37:51+00:00,2026-09-16T00:00:00+00:00,false,,remote,full_time,junior | mid,,,,simplify,https://simplify.jobs/p/d8704237-85ed-41fb-973e-c503b4134920,,simplify,"[{""site"": ""simplify"", ""url"": ""https://simplify.jobs/p/d8704237-85ed-41fb-973e-c503b4134920""}]",[],[],"{""location"": [""Remote; United States""]}",{},"{""location"": ""array_field""}",{}
https://simplify.jobs/p/b927732f-7671-4ef4-b8a1-284be00f9e1c,Application Developer - JavaScript,Esri,"Remote; Louisville, KY, USA; Denver, CO, USA",83720.0,141440.0,USD,,,2026-09-04T10:06:01+00:00,2026-07-30T01:32:07+00:00,false,,remote,full_time,junior,,,,simplify,https://simplify.jobs/p/b927732f-7671-4ef4-b8a1-284be00f9e1c,,simplify,"[{""site"": ""simplify"", ""url"": ""https://simplify.jobs/p/b927732f-7671-4ef4-b8a1-284be00f9e1c""}]",[],[],"{""location"": [""Remote; Louisville, KY, USA; Denver, CO, USA""]}",{},"{""location"": ""array_field""}",{}
https://simplify.jobs/p/905654a1-e0bf-4660-be7c-81951df808a4,Staff Design Engineer - UK,Ashby,"Remote; London, UK; Cambridge, UK; Remote in UK; Oxford, UK; Manchester, UK",151000.0,246000.0,GBP,,,2026-09-04T07:12:12+00:00,2026-01-25T02:14:18+00:00,false,,remote,full_time,senior,,,,simplify,https://simplify.jobs/p/905654a1-e0bf-4660-be7c-81951df808a4,,simplify,"[{""site"": ""simplify"", ""url"": ""https://simplify.jobs/p/905654a1-e0bf-4660-be7c-81951df808a4""}]",[],[],"{""location"": [""Remote; London, UK; Cambridge, UK; Remote in UK; Oxford, UK; Manchester, UK""]}",{},"{""location"": ""array_field""}",{}
https://simplify.jobs/p/52880f5e-0417-4fb1-9629-9b24435dc5b7,Shopify Developer & Designer - TP-Link D2C & Omada D2B,TP-Link Systems,"Irvine, CA, USA",80000.0,100000.0,USD,,,2026-09-04T00:51:21+00:00,2026-08-07T06:15:24+00:00,false,,onsite,full_time,junior,,,,simplify,https://simplify.jobs/p/52880f5e-0417-4fb1-9629-9b24435dc5b7,,simplify,"[{""site"": ""simplify"", ""url"": ""https://simplify.jobs/p/52880f5e-0417-4fb1-9629-9b24435dc5b7""}]",[],[],"{""location"": [""Irvine, CA, USA""]}",{},"{""location"": ""array_field""}",{}
https://simplify.jobs/p/0f7948d6-eb64-4883-bb1e-aa4902b4edc6,Design Engineer - Growth,Ambrook,"San Francisco, CA, USA; Remote in USA; New York, NY, USA; Denver, CO, USA",115000.0,280000.0,USD,,,2026-09-03T07:33:06+00:00,2026-08-27T06:57:27+00:00,false,,hybrid,full_time,mid,,,,simplify,https://simplify.jobs/p/0f7948d6-eb64-4883-bb1e-aa4902b4edc6,,simplify,"[{""site"": ""simplify"", ""url"": ""https://simplify.jobs/p/0f7948d6-eb64-4883-bb1e-aa4902b4edc6""}]",[],[],"{""location"": [""San Francisco, CA, USA; Remote in USA; New York, NY, USA; Denver, CO, USA""]}",{},"{""location"": ""array_field""}",{}
https://simplify.jobs/p/fa45790d-61fd-45ad-8a11-68fbd632cc82,Senior Software Engineer - CTV,Paramount Global,"San Francisco, CA, USA; Los Angeles, CA, USA; Burbank, CA, USA; Fort Lauderdale, FL, USA; New York, NY, USA",124000.0,186000.0,USD,,,2026-09-03T18:36:19+00:00,2026-05-22T01:07:07+00:00,false,,onsite,full_time,senior,,,,simplify,https://simplify.jobs/p/fa45790d-61fd-45ad-8a11-68fbd632cc82,,simplify,"[{""site"": ""simplify"", ""url"": ""https://simplify.jobs/p/fa45790d-61fd-45ad-8a11-68fbd632cc82""}]",[],[],"{""location"": [""San Francisco, CA, USA; Los Angeles, CA, USA; Burbank, CA, USA; Fort Lauderdale, FL, USA; New York, NY, USA""]}",{},"{""location"": ""array_field""}",{}
https://simplify.jobs/p/1fdc3736-2fd9-4049-8f6a-416f13e5b740,Three.js Front End Engineer,Bask Health,Remote; Remote in USA,,,,,,2026-09-04T12:21:02+00:00,2026-08-20T00:53:56+00:00,false,,remote,full_time,mid,,,,simplify,https://simplify.jobs/p/1fdc3736-2fd9-4049-8f6a-416f13e5b740,,simplify,"[{""site"": ""simplify"", ""url"": ""https://simplify.jobs/p/1fdc3736-2fd9-4049-8f6a-416f13e5b740""}]",[],[],"{""location"": [""Remote; Remote in USA""]}",{},"{""location"": ""array_field""}",{}
https://simplify.jobs/p/2c0e06bb-a474-4f3d-9748-6ae975c7de84,Staff Design Engineer,Ashby,"Remote; Montreal, QC, Canada; Toronto, ON, Canada; Remote in Canada; Vancouver, BC, Canada",256000.0,380000.0,CAD,,,2026-09-04T07:12:12+00:00,2025-11-14T02:34:04+00:00,false,,remote,full_time,senior,,,,simplify,https://simplify.jobs/p/2c0e06bb-a474-4f3d-9748-6ae975c7de84,,simplify,"[{""site"": ""simplify"", ""url"": ""https://simplify.jobs/p/2c0e06bb-a474-4f3d-9748-6ae975c7de84""}]",[],[],"{""location"": [""Remote; Montreal, QC, Canada; Toronto, ON, Canada; Remote in Canada; Vancouver, BC, Canada""]}",{},"{""location"": ""array_field""}",{}
https://simplify.jobs/p/64d70eae-1117-40e2-b0f4-4aa803986d2b,UI Engineer - Mocks and Wireframes,Centric Software,"Remote; London, UK",,,,,,2026-09-03T21:57:21+00:00,2026-04-13T00:00:00+00:00,false,,remote,full_time,mid,,,,simplify,https://simplify.jobs/p/64d70eae-1117-40e2-b0f4-4aa803986d2b,,simplify,"[{""site"": ""simplify"", ""url"": ""https://simplify.jobs/p/64d70eae-1117-40e2-b0f4-4aa803986d2b""}]",[],[],"{""location"": [""Remote; London, UK""]}",{},"{""location"": ""array_field""}",{}
https://simplify.jobs/p/09cbee1a-d8b3-4161-848b-0c003ced7856,Senior Software Engineer - Design,Loancrate,"Remote; Los Angeles, CA, USA; Remote in USA",170000.0,300000.0,USD,,,2026-09-04T07:24:02+00:00,2026-08-20T15:12:09+00:00,false,,remote,full_time,mid | senior,,,,simplify,https://simplify.jobs/p/09cbee1a-d8b3-4161-848b-0c003ced7856,,simplify,"[{""site"": ""simplify"", ""url"": ""https://simplify.jobs/p/09cbee1a-d8b3-4161-848b-0c003ced7856""}]",[],[],"{""location"": [""Remote; Los Angeles, CA, USA; Remote in USA""]}",{},"{""location"": ""array_field""}",{}
https://simplify.jobs/p/6ea6fb78-275d-4b10-8568-64080ebd34ac,UI/UX Front End Engineer,Lynker,"Remote; Boulder, CO, USA",78000.0,117000.0,USD,,,2026-09-04T12:21:02+00:00,2026-08-18T23:00:01+00:00,false,,remote,full_time,senior,,,,simplify,https://simplify.jobs/p/6ea6fb78-275d-4b10-8568-64080ebd34ac,,simplify,"[{""site"": ""simplify"", ""url"": ""https://simplify.jobs/p/6ea6fb78-275d-4b10-8568-64080ebd34ac""}]",[],[],"{""location"": [""Remote; Boulder, CO, USA""]}",{},"{""location"": ""array_field""}",{}
https://simplify.jobs/p/7798a505-fd08-4b50-9361-7a9dec3f4f84,Senior Front End Application Developer - Multiple Teams,Digital Forge Cyber Assurance Group,"Remote; Lehi, UT, USA",,,,,,2026-09-04T07:24:02+00:00,2026-02-20T15:07:26+00:00,false,,remote,full_time,senior,,,,simplify,https://simplify.jobs/p/7798a505-fd08-4b50-9361-7a9dec3f4f84,,simplify,"[{""site"": ""simplify"", ""url"": ""https://simplify.jobs/p/7798a505-fd08-4b50-9361-7a9dec3f4f84""}]",[],[],"{""location"": [""Remote; Lehi, UT, USA""]}",{},"{""location"": ""array_field""}",{}
https://simplify.jobs/p/ddc36d77-eabe-4aa2-b080-6995eb22f93c,Senior PHP Developer,Jobsbridge,"Los Angeles, CA, USA",,,,,,2026-09-03T17:45:23+00:00,2026-02-24T07:17:58+00:00,false,,onsite,full_time,senior,,,,simplify,https://simplify.jobs/p/ddc36d77-eabe-4aa2-b080-6995eb22f93c,,simplify,"[{""site"": ""simplify"", ""url"": ""https://simplify.jobs/p/ddc36d77-eabe-4aa2-b080-6995eb22f93c""}]",[],[],"{""location"": [""Los Angeles, CA, USA""]}",{},"{""location"": ""array_field""}",{}
https://simplify.jobs/p/fd785deb-4b80-4025-8a7f-d85233ce49f0,Web Application Developer,Xcellent Technology Solutions,Remote; Remote in USA,65000.0,75000.0,USD,,,2026-09-18T10:54:01+00:00,2026-09-14T21:08:24+00:00,false,,remote,full_time,senior,,,,simplify,https://simplify.jobs/p/fd785deb-4b80-4025-8a7f-d85233ce49f0,,simplify,"[{""site"": ""simplify"", ""url"": ""https://simplify.jobs/p/fd785deb-4b80-4025-8a7f-d85233ce49f0""}]",[],[],"{""location"": [""Remote; Remote in USA""]}",{},"{""location"": ""array_field""}",{}
https://simplify.jobs/p/9a5c8460-9195-4091-9dde-051263df4af3,Web Developer,Goldbelt,"Remote; Arlington County, Arlington, VA, USA",100000.0,108000.0,USD,,,2026-09-10T22:06:04+00:00,2026-09-10T22:05:08+00:00,false,,remote,full_time,senior,,,,simplify,https://simplify.jobs/p/9a5c8460-9195-4091-9dde-051263df4af3,,simplify,"[{""site"": ""simplify"", ""url"": ""https://simplify.jobs/p/9a5c8460-9195-4091-9dde-051263df4af3""}]",[],[],"{""location"": [""Remote; Arlington County, Arlington, VA, USA""]}",{},"{""location"": ""array_field""}",{}
https://simplify.jobs/p/b33587a5-fe37-49e9-91eb-8a2e0a7e8afe,Intermediate Web Developer - Application Development,University of Ottawa,"Remote; Ottawa, ON, Canada",82450.0,102514.0,CAD,,,2026-09-10T22:06:04+00:00,2026-09-10T00:00:00+00:00,false,,remote,full_time,mid,,,,simplify,https://simplify.jobs/p/b33587a5-fe37-49e9-91eb-8a2e0a7e8afe,,simplify,"[{""site"": ""simplify"", ""url"": ""https://simplify.jobs/p/b33587a5-fe37-49e9-91eb-8a2e0a7e8afe""}]",[],[],"{""location"": [""Remote; Ottawa, ON, Canada""]}",{},"{""location"": ""array_field""}",{}
https://simplify.jobs/p/ca588516-9853-483a-a503-2213f803b77f,Lead Developer,Sevaa Group,"Remote; Alpharetta, GA, USA",,,,,,2026-09-04T01:57:21+00:00,2026-08-12T01:07:14+00:00,false,,remote,full_time,mid,,,,simplify,https://simplify.jobs/p/ca588516-9853-483a-a503-2213f803b77f,,simplify,"[{""site"": ""simplify"", ""url"": ""https://simplify.jobs/p/ca588516-9853-483a-a503-2213f803b77f""}]",[],[],"{""location"": [""Remote; Alpharetta, GA, USA""]}",{},"{""location"": ""array_field""}",{}
https://simplify.jobs/p/2528109f-019c-4732-ac00-12596861f771,Junior Front End Developer Intern,Inbulks,"Remote; Long Island City, Queens, NY, USA",,,,,,2026-09-04T02:24:21+00:00,2026-08-13T06:13:36+00:00,true,,remote,internship,intern,,,,simplify,https://simplify.jobs/p/2528109f-019c-4732-ac00-12596861f771,,simplify,"[{""site"": ""simplify"", ""url"": ""https://simplify.jobs/p/2528109f-019c-4732-ac00-12596861f771""}]",[],[],"{""location"": [""Remote; Long Island City, Queens, NY, USA""]}",{},"{""location"": ""array_field""}",{}
https://simplify.jobs/p/c94e1700-f381-4190-9115-8ee2e5ef2a31,UI Developer,Photon,"Remote; Dallas, TX, USA",38000.0,135000.0,USD,,,2026-09-15T06:19:11+00:00,2026-09-15T06:15:12+00:00,false,,remote,full_time,senior,,,,simplify,https://simplify.jobs/p/c94e1700-f381-4190-9115-8ee2e5ef2a31,,simplify,"[{""site"": ""simplify"", ""url"": ""https://simplify.jobs/p/c94e1700-f381-4190-9115-8ee2e5ef2a31""}]",[],[],"{""location"": [""Remote; Dallas, TX, USA""]}",{},"{""location"": ""array_field""}",{}
https://simplify.jobs/p/046eed9b-d869-4ba6-bdf2-c22279e509f0,UI/UX Developer,Prometheus Federal Services,Remote; Remote in USA,115000.0,140000.0,USD,,,2026-09-14T22:33:01+00:00,2026-09-14T22:32:28+00:00,false,,remote,full_time,mid,,,,simplify,https://simplify.jobs/p/046eed9b-d869-4ba6-bdf2-c22279e509f0,,simplify,"[{""site"": ""simplify"", ""url"": ""https://simplify.jobs/p/046eed9b-d869-4ba6-bdf2-c22279e509f0""}]",[],[],"{""location"": [""Remote; Remote in USA""]}",{},"{""location"": ""array_field""}",{}
https://simplify.jobs/p/ab27919d-2cc1-4be8-b770-07c44f059ab2,Figma to WordPress Developer,MaxAccelerate,Remote; Remote in United Arab Emirates,,,,,,2026-09-03T21:57:21+00:00,2026-08-04T06:15:19+00:00,false,,remote,full_time,mid,,,,simplify,https://simplify.jobs/p/ab27919d-2cc1-4be8-b770-07c44f059ab2,,simplify,"[{""site"": ""simplify"", ""url"": ""https://simplify.jobs/p/ab27919d-2cc1-4be8-b770-07c44f059ab2""}]",[],[],"{""location"": [""Remote; Remote in United Arab Emirates""]}",{},"{""location"": ""array_field""}",{}
https://simplify.jobs/p/04121e46-26b1-4128-b65e-553263254a91,Senior Front End Engineer,EventMobi,"Remote; Bengaluru, Karnataka, India",50000.0,85000.0,CAD,,,2026-09-04T02:24:21+00:00,2026-08-13T06:24:17+00:00,false,,remote,full_time,senior,,,,simplify,https://simplify.jobs/p/04121e46-26b1-4128-b65e-553263254a91,,simplify,"[{""site"": ""simplify"", ""url"": ""https://simplify.jobs/p/04121e46-26b1-4128-b65e-553263254a91""}]",[],[],"{""location"": [""Remote; Bengaluru, Karnataka, India""]}",{},"{""location"": ""array_field""}",{}
https://simplify.jobs/p/5b46f32d-c849-4fab-be24-4f3e4319f802,UI Developer,Jobsbridge,"Irvine, CA, USA",,,,,,2026-09-03T17:54:20+00:00,2026-02-24T07:21:39+00:00,false,,onsite,full_time,mid,,,,simplify,https://simplify.jobs/p/5b46f32d-c849-4fab-be24-4f3e4319f802,,simplify,"[{""site"": ""simplify"", ""url"": ""https://simplify.jobs/p/5b46f32d-c849-4fab-be24-4f3e4319f802""}]",[],[],"{""location"": [""Irvine, CA, USA""]}",{},"{""location"": ""array_field""}",{}
https://simplify.jobs/p/90b29c57-9b34-415f-9859-26cb9f4f2fcc,UX Engineer,Clover Health,Remote; Remote in USA,157000.0,205000.0,USD,,,2026-09-04T07:51:01+00:00,2026-05-08T22:21:08+00:00,false,,remote,full_time,mid,,,,simplify,https://simplify.jobs/p/90b29c57-9b34-415f-9859-26cb9f4f2fcc,,simplify,"[{""site"": ""simplify"", ""url"": ""https://simplify.jobs/p/90b29c57-9b34-415f-9859-26cb9f4f2fcc""}]",[],[],"{""location"": [""Remote; Remote in USA""]}",{},"{""location"": ""array_field""}",{}
https://simplify.jobs/p/7c8a947e-55b0-41e4-8bd8-e81c58f74f60,UX/UI Developer,Mobomo,Remote; Remote in USA,,,,,,2026-09-03T21:39:22+00:00,2026-08-03T06:16:35+00:00,false,,remote,full_time,mid,,,,simplify,https://simplify.jobs/p/7c8a947e-55b0-41e4-8bd8-e81c58f74f60,,simplify,"[{""site"": ""simplify"", ""url"": ""https://simplify.jobs/p/7c8a947e-55b0-41e4-8bd8-e81c58f74f60""}]",[],[],"{""location"": [""Remote; Remote in USA""]}",{},"{""location"": ""array_field""}",{}
https://simplify.jobs/p/05b3642e-a1c8-4a0a-b252-24530e109900,User Experience Engineer Intern - PhD - Summer 2027,Google,"Palo Alto, CA, USA; Cambridge, MA, USA; Madison, WI, USA; Seattle, WA, USA; Washington, DC, USA; San Francisco, CA, USA; Austin, TX, USA; Los Angeles, CA, USA; Irvine, CA, USA; San Bruno, CA, USA; Redmond, WA, USA; Santa Cruz, CA, USA; Chicago, IL, USA; Goleta, CA, USA; Pittsburgh, PA, USA; Kirkland, WA, USA; Reston, VA, USA; New York, NY, USA; Bellevue, WA, USA; Sunnyvale, CA, USA; Mountain View, CA, USA; Portland, OR, USA; Boulder, CO, USA; Atlanta, GA, USA; San Diego, CA, USA",50.96153846153846,67.78846153846153,USD,,,2026-09-14T20:27:01+00:00,2026-09-14T20:24:24+00:00,true,,onsite,internship,intern,,,,simplify,https://simplify.jobs/p/05b3642e-a1c8-4a0a-b252-24530e109900,,simplify,"[{""site"": ""simplify"", ""url"": ""https://simplify.jobs/p/05b3642e-a1c8-4a0a-b252-24530e109900""}]",[],[],"{""location"": [""Palo Alto, CA, USA; Cambridge, MA, USA; Madison, WI, USA; Seattle, WA, USA; Washington, DC, USA; San Francisco, CA, USA; Austin, TX, USA; Los Angeles, CA, USA; Irvine, CA, USA; San Bruno, CA, USA; Redmond, WA, USA; Santa Cruz, CA, USA; Chicago, IL, USA; Goleta, CA, USA; Pittsburgh, PA, USA; Kirkland, WA, USA; Reston, VA, USA; New York, NY, USA; Bellevue, WA, USA; Sunnyvale, CA, USA; Mountain View, CA, USA; Portland, OR, USA; Boulder, CO, USA; Atlanta, GA, USA; San Diego, CA, USA""]}",{},"{""location"": ""array_field""}",{}
https://simplify.jobs/p/825f1071-04dd-4d04-8f44-533ee28909c6,Senior UI Software Engineer - React,Mathspace,"Remote; Sydney NSW, Australia; Remote in Australia",,,,,,2026-09-04T01:18:24+00:00,2026-08-08T01:18:04+00:00,false,,remote,full_time,senior,,,,simplify,https://simplify.jobs/p/825f1071-04dd-4d04-8f44-533ee28909c6,,simplify,"[{""site"": ""simplify"", ""url"": ""https://simplify.jobs/p/825f1071-04dd-4d04-8f44-533ee28909c6""}]",[],[],"{""location"": [""Remote; Sydney NSW, Australia; Remote in Australia""]}",{},"{""location"": ""array_field""}",{}
https://simplify.jobs/p/73d46b55-aa83-4ac1-a992-83a28d41ce1d,AngularJS Developer,Jobsbridge,"Los Angeles, CA, USA",,,,,,2026-09-03T17:45:23+00:00,2026-02-24T07:18:52+00:00,false,,onsite,full_time,mid | senior,,,,simplify,https://simplify.jobs/p/73d46b55-aa83-4ac1-a992-83a28d41ce1d,,simplify,"[{""site"": ""simplify"", ""url"": ""https://simplify.jobs/p/73d46b55-aa83-4ac1-a992-83a28d41ce1d""}]",[],[],"{""location"": [""Los Angeles, CA, USA""]}",{},"{""location"": ""array_field""}",{}
https://simplify.jobs/p/e1b3e1a1-56bb-4337-b22c-57061aa2a9e4,Front End Developer,Medable,"Remote; Bengaluru, Karnataka, India",,,,,,2026-09-04T05:18:01+00:00,2026-05-16T14:27:57+00:00,false,,remote,full_time,junior | mid,,,,simplify,https://simplify.jobs/p/e1b3e1a1-56bb-4337-b22c-57061aa2a9e4,,simplify,"[{""site"": ""simplify"", ""url"": ""https://simplify.jobs/p/e1b3e1a1-56bb-4337-b22c-57061aa2a9e4""}]",[],[],"{""location"": [""Remote; Bengaluru, Karnataka, India""]}",{},"{""location"": ""array_field""}",{}
https://simplify.jobs/p/85c79edc-89dc-4424-8f39-e3cf72ceff8e,Staff Design Engineer - EU,Ashby,"Remote; Barcelona, Spain; Remote in Ireland; Remote in Spain; Berlin, Germany; Remote in Italy",154000.0,250000.0,EUR,,,2026-09-04T07:12:12+00:00,2026-01-22T10:36:53+00:00,false,,remote,full_time,senior,,,,simplify,https://simplify.jobs/p/85c79edc-89dc-4424-8f39-e3cf72ceff8e,,simplify,"[{""site"": ""simplify"", ""url"": ""https://simplify.jobs/p/85c79edc-89dc-4424-8f39-e3cf72ceff8e""}]",[],[],"{""location"": [""Remote; Barcelona, Spain; Remote in Ireland; Remote in Spain; Berlin, Germany; Remote in Italy""]}",{},"{""location"": ""array_field""}",{}
https://simplify.jobs/p/8292bb1e-27aa-4868-b366-4ff639a3a84d,Webflow Website Developer - Landing Pages,MaxAccelerate,Remote; Remote in United Arab Emirates,,,,,,2026-09-03T21:57:21+00:00,2026-08-04T06:15:20+00:00,false,,remote,full_time,mid,,,,simplify,https://simplify.jobs/p/8292bb1e-27aa-4868-b366-4ff639a3a84d,,simplify,"[{""site"": ""simplify"", ""url"": ""https://simplify.jobs/p/8292bb1e-27aa-4868-b366-4ff639a3a84d""}]",[],[],"{""location"": [""Remote; Remote in United Arab Emirates""]}",{},"{""location"": ""array_field""}",{}
https://simplify.jobs/p/9952db01-3ca5-4bb4-a0dd-4f9f0279de76,Senior React Engineer - Online Banking,First Citizens BancShares,"Remote; Austin, TX, USA; Arizona, USA; North Carolina, USA",,,,,,2026-09-03T21:21:21+00:00,2026-08-01T09:05:42+00:00,false,,remote,full_time,mid | senior,,,,simplify,https://simplify.jobs/p/9952db01-3ca5-4bb4-a0dd-4f9f0279de76,,simplify,"[{""site"": ""simplify"", ""url"": ""https://simplify.jobs/p/9952db01-3ca5-4bb4-a0dd-4f9f0279de76""}]",[],[],"{""location"": [""Remote; Austin, TX, USA; Arizona, USA; North Carolina, USA""]}",{},"{""location"": ""array_field""}",{}
https://simplify.jobs/p/66d7e80d-8db1-48c5-b040-86b2fccc7016,Product Engineer,Improbable,Remote; Remote in UK,,,,,,2026-09-04T13:30:01+00:00,2026-07-31T14:23:04+00:00,false,,remote,full_time,mid,,,,simplify,https://simplify.jobs/p/66d7e80d-8db1-48c5-b040-86b2fccc7016,,simplify,"[{""site"": ""simplify"", ""url"": ""https://simplify.jobs/p/66d7e80d-8db1-48c5-b040-86b2fccc7016""}]",[],[],"{""location"": [""Remote; Remote in UK""]}",{},"{""location"": ""array_field""}",{}
https://simplify.jobs/p/084a82c4-3c58-407f-b7b8-4d4dce8d8350,React Engineer - Remote - Latin America,Bluelight Consulting,"Remote; Guanacaste Province, Liberia, Costa Rica",,,,,,2026-09-03T18:42:29+00:00,2026-06-03T06:06:51+00:00,false,,remote,full_time,mid,,,,simplify,https://simplify.jobs/p/084a82c4-3c58-407f-b7b8-4d4dce8d8350,,simplify,"[{""site"": ""simplify"", ""url"": ""https://simplify.jobs/p/084a82c4-3c58-407f-b7b8-4d4dce8d8350""}]",[],[],"{""location"": [""Remote; Guanacaste Province, Liberia, Costa Rica""]}",{},"{""location"": ""array_field""}",{}
https://simplify.jobs/p/71d223ec-26aa-4eda-9162-ad7a5a78aa2f,Lead Software Engineer - Ctv,Paramount Global,"San Francisco, CA, USA; Los Angeles, CA, USA; Burbank, CA, USA; Fort Lauderdale, FL, USA; New York, NY, USA",156800.0,235200.0,USD,,,2026-09-03T18:21:22+00:00,2026-05-16T09:05:18+00:00,false,,onsite,full_time,senior,,,,simplify,https://simplify.jobs/p/71d223ec-26aa-4eda-9162-ad7a5a78aa2f,,simplify,"[{""site"": ""simplify"", ""url"": ""https://simplify.jobs/p/71d223ec-26aa-4eda-9162-ad7a5a78aa2f""}]",[],[],"{""location"": [""San Francisco, CA, USA; Los Angeles, CA, USA; Burbank, CA, USA; Fort Lauderdale, FL, USA; New York, NY, USA""]}",{},"{""location"": ""array_field""}",{}
https://simplify.jobs/p/a4315a7f-b573-43e9-9b3f-d29f7b5966ad,Angular Developer - Java Backend,Bright Vision Technologies,Remote; Remote in USA,120000.0,180000.0,USD,,,2026-09-15T22:51:01+00:00,2026-09-15T22:24:25+00:00,false,,remote,full_time,senior,,,,simplify,https://simplify.jobs/p/a4315a7f-b573-43e9-9b3f-d29f7b5966ad,,simplify,"[{""site"": ""simplify"", ""url"": ""https://simplify.jobs/p/a4315a7f-b573-43e9-9b3f-d29f7b5966ad""}]",[],[],"{""location"": [""Remote; Remote in USA""]}",{},"{""location"": ""array_field""}",{}
https://simplify.jobs/p/7ba4aaa2-b96e-4f75-9ff8-46fa606b4904,Senior Software Development Engineer,BeyondTrust,Remote; Remote in USA; Remote in Canada,,,,,,2026-09-03T17:03:18+00:00,2026-07-24T22:05:38+00:00,false,,remote,full_time,senior,,,,simplify,https://simplify.jobs/p/7ba4aaa2-b96e-4f75-9ff8-46fa606b4904,,simplify,"[{""site"": ""simplify"", ""url"": ""https://simplify.jobs/p/7ba4aaa2-b96e-4f75-9ff8-46fa606b4904""}]",[],[],"{""location"": [""Remote; Remote in USA; Remote in Canada""]}",{},"{""location"": ""array_field""}",{}
https://simplify.jobs/p/ad5c3ca9-6619-499f-a5c9-e1776db1c6d8,Software Development Co-op - Later Influence,Later,"Remote; Vancouver, BC, Canada",23.076967455706647,23.076967455706647,USD,,,2026-09-04T17:39:01+00:00,2026-07-23T01:10:37+00:00,true,,remote,internship,intern,,,,simplify,https://simplify.jobs/p/ad5c3ca9-6619-499f-a5c9-e1776db1c6d8,,simplify,"[{""site"": ""simplify"", ""url"": ""https://simplify.jobs/p/ad5c3ca9-6619-499f-a5c9-e1776db1c6d8""}]",[],[],"{""location"": [""Remote; Vancouver, BC, Canada""]}",{},"{""location"": ""array_field""}",{}
https://simplify.jobs/p/b739e943-8b11-4138-8f95-e9ec291b64cc,Front End Developer,Alipes,"Remote; Boston, MA, USA",,,,,,2026-09-04T02:15:20+00:00,2026-08-13T06:04:16+00:00,false,,remote,full_time,mid,,,,simplify,https://simplify.jobs/p/b739e943-8b11-4138-8f95-e9ec291b64cc,,simplify,"[{""site"": ""simplify"", ""url"": ""https://simplify.jobs/p/b739e943-8b11-4138-8f95-e9ec291b64cc""}]",[],[],"{""location"": [""Remote; Boston, MA, USA""]}",{},"{""location"": ""array_field""}",{}
https://simplify.jobs/p/1be51885-7a83-4d76-854d-ef97a64ec808,Senior Software Engineer - UI,Ontrak Health,"Santa Monica, CA, USA",,,,,,2026-09-03T17:50:43+00:00,2026-02-20T07:10:10+00:00,false,,onsite,full_time,mid | senior,,,,simplify,https://simplify.jobs/p/1be51885-7a83-4d76-854d-ef97a64ec808,,simplify,"[{""site"": ""simplify"", ""url"": ""https://simplify.jobs/p/1be51885-7a83-4d76-854d-ef97a64ec808""}]",[],[],"{""location"": [""Santa Monica, CA, USA""]}",{},"{""location"": ""array_field""}",{}
https://simplify.jobs/p/f95c5dad-6eb7-4f29-9487-a88fd0db7c68,Senior Front End Developer,Jobsbridge,"Torrance, CA, USA",,,,,,2026-09-04T07:24:02+00:00,2026-02-24T07:19:42+00:00,false,,onsite,full_time,mid,,,,simplify,https://simplify.jobs/p/f95c5dad-6eb7-4f29-9487-a88fd0db7c68,,simplify,"[{""site"": ""simplify"", ""url"": ""https://simplify.jobs/p/f95c5dad-6eb7-4f29-9487-a88fd0db7c68""}]",[],[],"{""location"": [""Torrance, CA, USA""]}",{},"{""location"": ""array_field""}",{}
https://simplify.jobs/p/fa68b17c-f3f0-4831-ad04-8e1a6fd21584,Senior Staff Engineer - Fullstack/Frontend,hims & hers,Remote; Remote in USA,240000.0,280000.0,USD,,,2026-09-04T09:42:02+00:00,2026-07-15T22:10:17+00:00,false,,remote,full_time,,,,,simplify,https://simplify.jobs/p/fa68b17c-f3f0-4831-ad04-8e1a6fd21584,,simplify,"[{""site"": ""simplify"", ""url"": ""https://simplify.jobs/p/fa68b17c-f3f0-4831-ad04-8e1a6fd21584""}]",[],[],"{""location"": [""Remote; Remote in USA""]}",{},"{""location"": ""array_field""}",{}
https://simplify.jobs/p/886de8e8-0263-43a7-9067-c4af69f280d5,Senior Front End Engineer,Populate,"Remote in USA; New York, NY, USA",,,,,,2025-11-18T09:11:45+00:00,2025-11-18T09:11:45+00:00,false,,hybrid,full_time,senior,,,,simplify,https://simplify.jobs/p/886de8e8-0263-43a7-9067-c4af69f280d5,,simplify,"[{""site"": ""simplify"", ""url"": ""https://simplify.jobs/p/886de8e8-0263-43a7-9067-c4af69f280d5""}]",[],[],"{""location"": [""Remote in USA; New York, NY, USA""]}",{},"{""location"": ""array_field""}",{}
https://simplify.jobs/p/d5dd6910-441f-4b3d-9885-3389abbf24e7,Principal Software Engineer,Creative Chaos,Remote; Remote in India,,,,,,2026-09-03T22:03:21+00:00,2026-08-04T06:17:53+00:00,false,,remote,full_time,senior,,,,simplify,https://simplify.jobs/p/d5dd6910-441f-4b3d-9885-3389abbf24e7,,simplify,"[{""site"": ""simplify"", ""url"": ""https://simplify.jobs/p/d5dd6910-441f-4b3d-9885-3389abbf24e7""}]",[],[],"{""location"": [""Remote; Remote in India""]}",{},"{""location"": ""array_field""}",{}
https://simplify.jobs/p/4473970f-6042-4c36-923c-1873b7d775ff,Lead Software Engineer - Ctv,Paramount Global,"San Francisco, CA, USA; Los Angeles, CA, USA; Fort Lauderdale, FL, USA; New York, NY, USA",156800.0,235200.0,USD,,,2026-09-03T17:03:18+00:00,2026-05-16T09:05:18+00:00,false,,onsite,full_time,senior,,,,simplify,https://simplify.jobs/p/4473970f-6042-4c36-923c-1873b7d775ff,,simplify,"[{""site"": ""simplify"", ""url"": ""https://simplify.jobs/p/4473970f-6042-4c36-923c-1873b7d775ff""}]",[],[],"{""location"": [""San Francisco, CA, USA; Los Angeles, CA, USA; Fort Lauderdale, FL, USA; New York, NY, USA""]}",{},"{""location"": ""array_field""}",{}
https://simplify.jobs/p/e3e1c188-3701-48b3-85a1-7d4b5e1576d4,SAP Fiori Developer,Bright Vision Technologies,Remote; Remote in USA,84000.0,109000.0,USD,,,2026-09-16T22:45:02+00:00,2026-09-16T22:22:02+00:00,false,,remote,full_time,senior,,,,simplify,https://simplify.jobs/p/e3e1c188-3701-48b3-85a1-7d4b5e1576d4,,simplify,"[{""site"": ""simplify"", ""url"": ""https://simplify.jobs/p/e3e1c188-3701-48b3-85a1-7d4b5e1576d4""}]",[],[],"{""location"": [""Remote; Remote in USA""]}",{},"{""location"": ""array_field""}",{}
https://simplify.jobs/p/e56e786f-022c-47a8-b037-46e41627a0c0,Software Engineer 2 - Ceres Adaptive Learning,McGraw Hill,Remote; Remote in USA,93900.0,125000.0,USD,,,2026-09-03T04:45:04+00:00,2026-08-31T19:15:39+00:00,false,,remote,full_time,mid,,,,simplify,https://simplify.jobs/p/e56e786f-022c-47a8-b037-46e41627a0c0,,simplify,"[{""site"": ""simplify"", ""url"": ""https://simplify.jobs/p/e56e786f-022c-47a8-b037-46e41627a0c0""}]",[],[],"{""location"": [""Remote; Remote in USA""]}",{},"{""location"": ""array_field""}",{}
https://simplify.jobs/p/656d267d-d1a0-41ef-91df-c846371bc9b9,Member of Technical Staff - Microsoft Office Integrations,GC AI,"California, USA; San Mateo, CA, USA; Remote in USA; Remote in Canada",165000.0,350000.0,USD,,,2026-09-04T08:15:01+00:00,2026-07-28T22:23:56+00:00,false,,hybrid,full_time,senior,,,,simplify,https://simplify.jobs/p/656d267d-d1a0-41ef-91df-c846371bc9b9,,simplify,"[{""site"": ""simplify"", ""url"": ""https://simplify.jobs/p/656d267d-d1a0-41ef-91df-c846371bc9b9""}]",[],[],"{""location"": [""California, USA; San Mateo, CA, USA; Remote in USA; Remote in Canada""]}",{},"{""location"": ""array_field""}",{}
https://simplify.jobs/p/2f14b773-ad60-4412-a286-f206a9591790,Lead Software Engineer - Web,Paramount Global,"Burbank, CA, USA; New York, NY, USA",156800.0,235200.0,USD,,,2026-09-03T18:36:19+00:00,2026-05-22T01:06:56+00:00,false,,onsite,full_time,senior,,,,simplify,https://simplify.jobs/p/2f14b773-ad60-4412-a286-f206a9591790,,simplify,"[{""site"": ""simplify"", ""url"": ""https://simplify.jobs/p/2f14b773-ad60-4412-a286-f206a9591790""}]",[],[],"{""location"": [""Burbank, CA, USA; New York, NY, USA""]}",{},"{""location"": ""array_field""}",{}
https://simplify.jobs/p/dde6052b-fe1e-4af0-b87f-610c69780eb5,Staff Software Engineer - Multiple Teams,Coinbase,Remote in USA,218025.0,256500.0,USD,,,2026-09-04T07:24:02+00:00,2026-06-08T22:21:26+00:00,false,,hybrid,full_time,senior,,,,simplify,https://simplify.jobs/p/dde6052b-fe1e-4af0-b87f-610c69780eb5,,simplify,"[{""site"": ""simplify"", ""url"": ""https://simplify.jobs/p/dde6052b-fe1e-4af0-b87f-610c69780eb5""}]",[],[],"{""location"": [""Remote in USA""]}",{},"{""location"": ""array_field""}",{}
https://simplify.jobs/p/78a2a9a6-044b-4b0f-87c9-937e4ae5a5ef,Lead Software Engineer - CTV,Paramount Global,"Burbank, CA, USA; New York, NY, USA",,,,,,2026-09-03T18:36:19+00:00,2026-05-22T01:06:58+00:00,false,,onsite,full_time,senior,,,,simplify,https://simplify.jobs/p/78a2a9a6-044b-4b0f-87c9-937e4ae5a5ef,,simplify,"[{""site"": ""simplify"", ""url"": ""https://simplify.jobs/p/78a2a9a6-044b-4b0f-87c9-937e4ae5a5ef""}]",[],[],"{""location"": [""Burbank, CA, USA; New York, NY, USA""]}",{},"{""location"": ""array_field""}",{}
https://simplify.jobs/p/ff1f9ced-4d6d-400f-a0cf-ac068213a682,Information Technology Specialist/Multimedia Designer 1,GovCIO,"Remote; Pensacola, FL, USA",60240.0,60240.0,USD,,,2026-09-10T01:15:50+00:00,2026-09-10T01:06:49+00:00,false,,remote,full_time,junior,,,,simplify,https://simplify.jobs/p/ff1f9ced-4d6d-400f-a0cf-ac068213a682,,simplify,"[{""site"": ""simplify"", ""url"": ""https://simplify.jobs/p/ff1f9ced-4d6d-400f-a0cf-ac068213a682""}]",[],[],"{""location"": [""Remote; Pensacola, FL, USA""]}",{},"{""location"": ""array_field""}",{}
https://simplify.jobs/p/43f1ae72-bf67-4cb4-9f8b-cfeb2895490b,Front End Developer,Helios WorldWide,Remote; Remote in USA,,,,,,2026-09-04T10:30:02+00:00,2026-08-03T06:11:49+00:00,false,,remote,full_time,senior,,,,simplify,https://simplify.jobs/p/43f1ae72-bf67-4cb4-9f8b-cfeb2895490b,,simplify,"[{""site"": ""simplify"", ""url"": ""https://simplify.jobs/p/43f1ae72-bf67-4cb4-9f8b-cfeb2895490b""}]",[],[],"{""location"": [""Remote; Remote in USA""]}",{},"{""location"": ""array_field""}",{}
https://simplify.jobs/p/529ef5f5-acc2-484a-b6b6-242b6518bfc2,Lead Svelte Software Engineer,Array,Remote; Remote in USA,80.0,100.0,USD,,,2026-09-03T17:24:21+00:00,2026-03-24T22:10:56+00:00,false,,remote,full_time,senior,,,,simplify,https://simplify.jobs/p/529ef5f5-acc2-484a-b6b6-242b6518bfc2,,simplify,"[{""site"": ""simplify"", ""url"": ""https://simplify.jobs/p/529ef5f5-acc2-484a-b6b6-242b6518bfc2""}]",[],[],"{""location"": [""Remote; Remote in USA""]}",{},"{""location"": ""array_field""}",{}
https://simplify.jobs/p/311bf589-2a7c-403a-89e6-2b8a2ff94732,Software Development Engineer – UI/UX,Dragos,Remote; Remote in USA,135000.0,135000.0,USD,,,2026-09-03T18:21:22+00:00,2026-07-28T14:27:28+00:00,false,,remote,full_time,mid,,,,simplify,https://simplify.jobs/p/311bf589-2a7c-403a-89e6-2b8a2ff94732,,simplify,"[{""site"": ""simplify"", ""url"": ""https://simplify.jobs/p/311bf589-2a7c-403a-89e6-2b8a2ff94732""}]",[],[],"{""location"": [""Remote; Remote in USA""]}",{},"{""location"": ""array_field""}",{}
https://simplify.jobs/p/d3396f93-741b-4490-8933-8c4da1fd881b,SharePoint Developer,TD Synnex,"Remote; Remote in USA; Pune, Maharashtra, India",,,,,,2026-09-03T19:24:26+00:00,2026-07-10T00:00:00+00:00,false,,remote,full_time,mid,,,,simplify,https://simplify.jobs/p/d3396f93-741b-4490-8933-8c4da1fd881b,,simplify,"[{""site"": ""simplify"", ""url"": ""https://simplify.jobs/p/d3396f93-741b-4490-8933-8c4da1fd881b""}]",[],[],"{""location"": [""Remote; Remote in USA; Pune, Maharashtra, India""]}",{},"{""location"": ""array_field""}",{}
https://simplify.jobs/p/9f91a912-400b-4d7d-b56c-87560d22d3a6,Senior UI/UX Developer,Jobsbridge,"Irvine, CA, USA",,,,,,2026-09-03T17:45:23+00:00,2026-02-24T07:17:24+00:00,false,,onsite,full_time,senior,,,,simplify,https://simplify.jobs/p/9f91a912-400b-4d7d-b56c-87560d22d3a6 | https://simplify.jobs/p/512ebee7-0cc8-42eb-8f8a-98441ef57ea7,,simplify,"[{""site"": ""simplify"", ""url"": ""https://simplify.jobs/p/9f91a912-400b-4d7d-b56c-87560d22d3a6""}, {""site"": ""simplify"", ""url"": ""https://simplify.jobs/p/512ebee7-0cc8-42eb-8f8a-98441ef57ea7""}]",[],[],"{""location"": [""Irvine, CA, USA""]}",{},"{""location"": ""array_field""}",{}
https://simplify.jobs/p/af310d45-e0b0-4466-bb45-8250925bbd96,Angular Web Developer,Edgewater IT,Remote; Remote in USA,,,,,,2026-09-04T11:24:01+00:00,2026-08-14T04:59:24+00:00,false,,remote,full_time,junior,,,,simplify,https://simplify.jobs/p/af310d45-e0b0-4466-bb45-8250925bbd96,,simplify,"[{""site"": ""simplify"", ""url"": ""https://simplify.jobs/p/af310d45-e0b0-4466-bb45-8250925bbd96""}]",[],[],"{""location"": [""Remote; Remote in USA""]}",{},"{""location"": ""array_field""}",{}
https://simplify.jobs/p/16bb0734-5824-4d97-99b9-41e495a9ac25,AI Web Framework Lead Software Engineer - Octagon Framework,JP Morgan Chase,"Remote; Columbus, OH, USA; New York, NY, USA",156750.0,215000.0,USD,,,2026-09-03T20:15:22+00:00,2026-07-23T22:10:02+00:00,false,,remote,full_time,,,,,simplify,https://simplify.jobs/p/16bb0734-5824-4d97-99b9-41e495a9ac25,,simplify,"[{""site"": ""simplify"", ""url"": ""https://simplify.jobs/p/16bb0734-5824-4d97-99b9-41e495a9ac25""}]",[],[],"{""location"": [""Remote; Columbus, OH, USA; New York, NY, USA""]}",{},"{""location"": ""array_field""}",{}
https://simplify.jobs/p/619f41ca-675c-4703-a316-ecfaa8471172,Senior Software Engineer,eVisit,"Remote; Remote in USA; Phoenix, AZ, USA",,,,,,2026-09-04T01:48:21+00:00,2026-08-11T22:21:07+00:00,false,,remote,full_time,senior,,,,simplify,https://simplify.jobs/p/619f41ca-675c-4703-a316-ecfaa8471172,,simplify,"[{""site"": ""simplify"", ""url"": ""https://simplify.jobs/p/619f41ca-675c-4703-a316-ecfaa8471172""}]",[],[],"{""location"": [""Remote; Remote in USA; Phoenix, AZ, USA""]}",{},"{""location"": ""array_field""}",{}
https://simplify.jobs/p/0499f15a-142c-4147-b5a1-812badd9e4b0,Product Design Engineer Audio,Stability AI,Remote; Remote in USA,,,,,,2026-09-04T09:42:02+00:00,2026-07-21T01:19:45+00:00,false,,remote,full_time,mid,,,,simplify,https://simplify.jobs/p/0499f15a-142c-4147-b5a1-812badd9e4b0,,simplify,"[{""site"": ""simplify"", ""url"": ""https://simplify.jobs/p/0499f15a-142c-4147-b5a1-812badd9e4b0""}]",[],[],"{""location"": [""Remote; Remote in USA""]}",{},"{""location"": ""array_field""}",{}
https://simplify.jobs/p/d452544d-787e-44d5-a43d-55d13ea96659,SAP UX Developer,Bright Vision Technologies,Remote; Remote in USA,125000.0,145000.0,USD,,,2026-09-17T14:27:01+00:00,2026-09-17T14:23:57+00:00,false,,remote,full_time,senior,,,,simplify,https://simplify.jobs/p/d452544d-787e-44d5-a43d-55d13ea96659,,simplify,"[{""site"": ""simplify"", ""url"": ""https://simplify.jobs/p/d452544d-787e-44d5-a43d-55d13ea96659""}]",[],[],"{""location"": [""Remote; Remote in USA""]}",{},"{""location"": ""array_field""}",{}
https://simplify.jobs/p/f1aceb27-87fe-45c6-a8b8-1a7e8814c4fc,UI/UX Engineer - Case Management Modernization,General Dynamics Information Technology,Remote; Remote in USA,127500.0,172500.0,USD,,,2026-09-03T05:57:06+00:00,2026-08-28T00:00:00+00:00,false,,remote,full_time,,,,,simplify,https://simplify.jobs/p/f1aceb27-87fe-45c6-a8b8-1a7e8814c4fc,,simplify,"[{""site"": ""simplify"", ""url"": ""https://simplify.jobs/p/f1aceb27-87fe-45c6-a8b8-1a7e8814c4fc""}]",[],[],"{""location"": [""Remote; Remote in USA""]}",{},"{""location"": ""array_field""}",{}
https://simplify.jobs/p/95bfdd53-7363-424d-a984-e81f30718bb2,UX Engineer 4,Applied Materials,"Remote; Salt Lake City, UT, USA; Austin, TX, USA; Santa Clara, CA, USA; Tempe, AZ, USA",156000.0,214500.0,USD,,,2026-09-18T22:08:55+00:00,2026-07-13T00:00:00+00:00,false,,remote,full_time,senior,,,,simplify,https://simplify.jobs/p/95bfdd53-7363-424d-a984-e81f30718bb2,,simplify,"[{""site"": ""simplify"", ""url"": ""https://simplify.jobs/p/95bfdd53-7363-424d-a984-e81f30718bb2""}]",[],[],"{""location"": [""Remote; Salt Lake City, UT, USA; Austin, TX, USA; Santa Clara, CA, USA; Tempe, AZ, USA""]}",{},"{""location"": ""array_field""}",{}
https://simplify.jobs/p/8940b790-e431-4736-9536-310b198948f3,Front End Contentful CMS Developer,BayRock Labs,"Remote; Newark, CA, USA",85.0,95.0,USD,,,2026-02-02T23:20:00+00:00,2026-02-02T23:20:00+00:00,false,,remote,full_time,senior,,,,simplify,https://simplify.jobs/p/8940b790-e431-4736-9536-310b198948f3,,simplify,"[{""site"": ""simplify"", ""url"": ""https://simplify.jobs/p/8940b790-e431-4736-9536-310b198948f3""}]",[],[],"{""location"": [""Remote; Newark, CA, USA""]}",{},"{""location"": ""array_field""}",{}
https://simplify.jobs/p/381d314e-1a5d-49bf-abfd-ea95dff02f33,Ground Software Engineer 2 - Arc Vehicle,Inversion Space,"Culver City, CA, USA",101000.0,160000.0,USD,,,2026-09-03T18:48:22+00:00,2026-06-12T22:16:52+00:00,false,,onsite,full_time,junior,,,,simplify,https://simplify.jobs/p/381d314e-1a5d-49bf-abfd-ea95dff02f33,,simplify,"[{""site"": ""simplify"", ""url"": ""https://simplify.jobs/p/381d314e-1a5d-49bf-abfd-ea95dff02f33""}]",[],[],"{""location"": [""Culver City, CA, USA""]}",{},"{""location"": ""array_field""}",{}
https://simplify.jobs/p/8e0652f8-a3c1-448e-9815-c599449a65cc,Lead Front End Engineer - Adobe Edge Delivery Services,Blue Acorn iCi,Remote; Remote in USA,150000.0,180000.0,USD,,,2026-09-03T23:39:21+00:00,2026-08-05T22:16:54+00:00,false,,remote,full_time,mid,,,,simplify,https://simplify.jobs/p/8e0652f8-a3c1-448e-9815-c599449a65cc,,simplify,"[{""site"": ""simplify"", ""url"": ""https://simplify.jobs/p/8e0652f8-a3c1-448e-9815-c599449a65cc""}]",[],[],"{""location"": [""Remote; Remote in USA""]}",{},"{""location"": ""array_field""}",{}
https://simplify.jobs/p/c9e3e3c0-1112-44dc-8778-53b33f468a9d,Web Engineer,Hightouch,"Remote; La Ronge, SK, Canada",170000.0,220000.0,USD,,,2026-09-04T05:18:01+00:00,2026-03-19T06:27:56+00:00,false,,remote,full_time,senior,,,,simplify,https://simplify.jobs/p/c9e3e3c0-1112-44dc-8778-53b33f468a9d,,simplify,"[{""site"": ""simplify"", ""url"": ""https://simplify.jobs/p/c9e3e3c0-1112-44dc-8778-53b33f468a9d""}]",[],[],"{""location"": [""Remote; La Ronge, SK, Canada""]}",{},"{""location"": ""array_field""}",{}
https://simplify.jobs/p/ef30c80a-1269-43a5-909a-ea94c6668c6d,Senior UX/UI Engineer,TaxRise,"Irvine, CA, USA",150000.0,175000.0,USD,,,2026-09-10T22:36:01+00:00,2026-09-10T22:12:16+00:00,false,,onsite,full_time,senior,,,,simplify,https://simplify.jobs/p/ef30c80a-1269-43a5-909a-ea94c6668c6d,,simplify,"[{""site"": ""simplify"", ""url"": ""https://simplify.jobs/p/ef30c80a-1269-43a5-909a-ea94c6668c6d""}]",[],[],"{""location"": [""Irvine, CA, USA""]}",{},"{""location"": ""array_field""}",{}
https://simplify.jobs/p/b10b79d6-df14-4895-85af-e65d1a1fdc75,Mid-Level Developer - CMS,DecisionPoint,Remote; Remote in USA,105000.0,110000.0,USD,,,2026-09-03T16:39:14+00:00,2026-08-14T03:59:12+00:00,false,,remote,full_time,senior,,,,simplify,https://simplify.jobs/p/b10b79d6-df14-4895-85af-e65d1a1fdc75,,simplify,"[{""site"": ""simplify"", ""url"": ""https://simplify.jobs/p/b10b79d6-df14-4895-85af-e65d1a1fdc75""}]",[],[],"{""location"": [""Remote; Remote in USA""]}",{},"{""location"": ""array_field""}",{}
https://simplify.jobs/p/c6496985-ba92-418a-9cb3-8314a78585ed,Application Developer - Javascript,Esri,"Redlands, CA, USA",83720.0,141440.0,USD,,,2026-09-04T10:06:01+00:00,2026-07-30T01:32:08+00:00,false,,onsite,full_time,junior,,,,simplify,https://simplify.jobs/p/c6496985-ba92-418a-9cb3-8314a78585ed,,simplify,"[{""site"": ""simplify"", ""url"": ""https://simplify.jobs/p/c6496985-ba92-418a-9cb3-8314a78585ed""}]",[],[],"{""location"": [""Redlands, CA, USA""]}",{},"{""location"": ""array_field""}",{}
https://simplify.jobs/p/e8cb56ab-76af-49eb-8bb8-2b361eb83038,Senior JavaScript UI Engineer - React or Angular,Walter Bacon,"Remote; San Francisco, CA, USA",160000.0,180000.0,USD,,,2026-09-04T06:57:01+00:00,2025-08-13T22:01:22+00:00,false,,remote,full_time,,,,,simplify,https://simplify.jobs/p/e8cb56ab-76af-49eb-8bb8-2b361eb83038,,simplify,"[{""site"": ""simplify"", ""url"": ""https://simplify.jobs/p/e8cb56ab-76af-49eb-8bb8-2b361eb83038""}]",[],[],"{""location"": [""Remote; San Francisco, CA, USA""]}",{},"{""location"": ""array_field""}",{}
https://simplify.jobs/p/826df6ce-4c37-4dfa-b3a9-b8e63ed68d93,Web Developer React / Angular,ALTEN Mexico,"Remote; Munich, Germany",,,,,,2026-09-09T09:57:31+00:00,2026-08-12T01:16:13+00:00,false,,remote,full_time,mid,,,,simplify,https://simplify.jobs/p/826df6ce-4c37-4dfa-b3a9-b8e63ed68d93,,simplify,"[{""site"": ""simplify"", ""url"": ""https://simplify.jobs/p/826df6ce-4c37-4dfa-b3a9-b8e63ed68d93""}]",[],[],"{""location"": [""Remote; Munich, Germany""]}",{},"{""location"": ""array_field""}",{}
https://simplify.jobs/p/fe148996-f126-4541-99c0-2839697416fd,Front End AI Engineer,Outmarket AI,Remote; Remote in India; Remote in USA,,,,,,2026-09-03T19:06:23+00:00,2026-06-26T22:08:00+00:00,false,,remote,full_time,junior,,,,simplify,https://simplify.jobs/p/fe148996-f126-4541-99c0-2839697416fd,,simplify,"[{""site"": ""simplify"", ""url"": ""https://simplify.jobs/p/fe148996-f126-4541-99c0-2839697416fd""}]",[],[],"{""location"": [""Remote; Remote in India; Remote in USA""]}",{},"{""location"": ""array_field""}",{}
https://simplify.jobs/p/7563c38f-7d95-4310-9637-b167df6662e6,Senior Software Engineer - Multiple Teams,Coinbase,Remote in USA,186065.0,218900.0,USD,,,2026-09-03T05:57:06+00:00,2026-08-28T21:08:00+00:00,false,,hybrid,full_time,senior,,,,simplify,https://simplify.jobs/p/7563c38f-7d95-4310-9637-b167df6662e6,,simplify,"[{""site"": ""simplify"", ""url"": ""https://simplify.jobs/p/7563c38f-7d95-4310-9637-b167df6662e6""}]",[],[],"{""location"": [""Remote in USA""]}",{},"{""location"": ""array_field""}",{}
https://simplify.jobs/p/882f96f6-3bab-46e4-bd3c-cd4d49cf7b09,Lead Front End Engineer,Capital One,"Remote; McLean, VA, USA; New York, NY, USA",197300.0,245600.0,USD,,,2026-09-08T22:15:32+00:00,2026-09-08T00:00:00+00:00,false,,remote,full_time,mid | senior,,,,simplify,https://simplify.jobs/p/882f96f6-3bab-46e4-bd3c-cd4d49cf7b09,,simplify,"[{""site"": ""simplify"", ""url"": ""https://simplify.jobs/p/882f96f6-3bab-46e4-bd3c-cd4d49cf7b09""}]",[],[],"{""location"": [""Remote; McLean, VA, USA; New York, NY, USA""]}",{},"{""location"": ""array_field""}",{}
https://simplify.jobs/p/c79d1ccf-dac7-4dad-883f-6164369ba602,Senior Front End Engineer,EarnIn,Remote; Remote in USA,228000.0,279200.0,USD,,,2026-09-04T22:09:01+00:00,2026-08-17T22:29:47+00:00,false,,remote,full_time,mid | senior,,,,simplify,https://simplify.jobs/p/c79d1ccf-dac7-4dad-883f-6164369ba602,,simplify,"[{""site"": ""simplify"", ""url"": ""https://simplify.jobs/p/c79d1ccf-dac7-4dad-883f-6164369ba602""}]",[],[],"{""location"": [""Remote; Remote in USA""]}",{},"{""location"": ""array_field""}",{}
https://simplify.jobs/p/e71b9beb-70f9-4f1f-ba0a-7703505565c2,Website Software Engineer - Website,360Learning,"Remote; Paris, France",,,,,,2026-09-03T18:03:18+00:00,2026-03-09T22:11:43+00:00,false,,remote,full_time,mid,,,,simplify,https://simplify.jobs/p/e71b9beb-70f9-4f1f-ba0a-7703505565c2,,simplify,"[{""site"": ""simplify"", ""url"": ""https://simplify.jobs/p/e71b9beb-70f9-4f1f-ba0a-7703505565c2""}]",[],[],"{""location"": [""Remote; Paris, France""]}",{},"{""location"": ""array_field""}",{}
https://simplify.jobs/p/85e3152e-8e8e-438c-b5ca-4ecd97ba9c17,Senior Software Engineer - UGG,Deckers Brands,"Remote; Oregon, USA; California, USA; Connecticut, USA; Texas, USA; Arizona, USA; Minnesota, USA; Colorado, USA; New York, NY, USA; Wisconsin, USA; Massachusetts, USA; New Jersey, USA",96600.0,130400.0,USD,,,2026-09-03T04:12:07+00:00,2026-08-31T00:00:00+00:00,false,,remote,full_time,senior,,,,simplify,https://simplify.jobs/p/85e3152e-8e8e-438c-b5ca-4ecd97ba9c17,,simplify,"[{""site"": ""simplify"", ""url"": ""https://simplify.jobs/p/85e3152e-8e8e-438c-b5ca-4ecd97ba9c17""}]",[],[],"{""location"": [""Remote; Oregon, USA; California, USA; Connecticut, USA; Texas, USA; Arizona, USA; Minnesota, USA; Colorado, USA; New York, NY, USA; Wisconsin, USA; Massachusetts, USA; New Jersey, USA""]}",{},"{""location"": ""array_field""}",{}
https://simplify.jobs/p/170cb277-3152-40bc-83b6-357b1eafddc3,UI Developer - Ext.js - Sencha,Sensiple,"Remote; San Jose, CA, USA",,,,,,2026-09-03T17:45:23+00:00,2026-02-23T07:06:53+00:00,false,,remote,full_time,junior | mid,,,,simplify,https://simplify.jobs/p/170cb277-3152-40bc-83b6-357b1eafddc3,,simplify,"[{""site"": ""simplify"", ""url"": ""https://simplify.jobs/p/170cb277-3152-40bc-83b6-357b1eafddc3""}]",[],[],"{""location"": [""Remote; San Jose, CA, USA""]}",{},"{""location"": ""array_field""}",{}
https://simplify.jobs/p/52a4fdc5-7f04-4d20-bba5-763756ee9b5c,Senior Software Engineer - Front End Developer,Arcfield,"Remote; Virginia, USA",90570.0,178205.19,USD,,,2026-09-18T09:09:04+00:00,2026-08-14T04:03:17+00:00,false,,remote,full_time,senior,,,,simplify,https://simplify.jobs/p/52a4fdc5-7f04-4d20-bba5-763756ee9b5c,,simplify,"[{""site"": ""simplify"", ""url"": ""https://simplify.jobs/p/52a4fdc5-7f04-4d20-bba5-763756ee9b5c""}]",[],[],"{""location"": [""Remote; Virginia, USA""]}",{},"{""location"": ""array_field""}",{}
https://simplify.jobs/p/4c8a2012-f5a2-4334-b818-3f3dcf9a7720,Design Engineer,Celigo,Remote; Remote in USA,150000.0,200000.0,USD,,,2026-09-16T14:45:01+00:00,2026-08-24T20:36:30+00:00,false,,remote,full_time,senior,,,,simplify,https://simplify.jobs/p/4c8a2012-f5a2-4334-b818-3f3dcf9a7720,,simplify,"[{""site"": ""simplify"", ""url"": ""https://simplify.jobs/p/4c8a2012-f5a2-4334-b818-3f3dcf9a7720""}]",[],[],"{""location"": [""Remote; Remote in USA""]}",{},"{""location"": ""array_field""}",{}
https://simplify.jobs/p/a77e9942-62fb-40af-b857-bbc21dbc50f0,Staff JavaScript Developer - Web SDK,Oscilar,Remote; Remote in USA,180000.0,262500.0,USD,,,2026-09-04T06:57:01+00:00,2025-10-31T02:44:28+00:00,false,,remote,full_time,senior,,,,simplify,https://simplify.jobs/p/a77e9942-62fb-40af-b857-bbc21dbc50f0,,simplify,"[{""site"": ""simplify"", ""url"": ""https://simplify.jobs/p/a77e9942-62fb-40af-b857-bbc21dbc50f0""}]",[],[],"{""location"": [""Remote; Remote in USA""]}",{},"{""location"": ""array_field""}",{}
https://simplify.jobs/p/f2f29a8f-b4e8-4550-8afb-b2caf3d43daa,Front End Developer,Lingaro,Remote; Remote in India,,,,,,2026-09-07T11:48:01+00:00,2026-08-01T01:09:32+00:00,false,,remote,full_time,senior,,,,simplify,https://simplify.jobs/p/f2f29a8f-b4e8-4550-8afb-b2caf3d43daa,,simplify,"[{""site"": ""simplify"", ""url"": ""https://simplify.jobs/p/f2f29a8f-b4e8-4550-8afb-b2caf3d43daa""}]",[],[],"{""location"": [""Remote; Remote in India""]}",{},"{""location"": ""array_field""}",{}
https://simplify.jobs/p/d7679e2c-eaf5-4702-9d39-1e7e95e6a011,AI UX/UI Engineer,Capgemini,"Los Angeles, CA, USA",,,,,,2026-09-03T21:45:21+00:00,2026-08-03T09:19:08+00:00,false,,hybrid,full_time,senior,,,,simplify,https://simplify.jobs/p/d7679e2c-eaf5-4702-9d39-1e7e95e6a011,,simplify,"[{""site"": ""simplify"", ""url"": ""https://simplify.jobs/p/d7679e2c-eaf5-4702-9d39-1e7e95e6a011""}]",[],[],"{""location"": [""Los Angeles, CA, USA""]}",{},"{""location"": ""array_field""}",{}
https://simplify.jobs/p/e71e06d8-b521-49fb-8ef6-ed209ba619f0,React Developer,Bright Vision Technologies,Remote; Remote in USA,120000.0,180000.0,USD,,,2026-09-15T22:51:01+00:00,2026-09-15T22:24:23+00:00,false,,remote,full_time,senior,,,,simplify,https://simplify.jobs/p/e71e06d8-b521-49fb-8ef6-ed209ba619f0,,simplify,"[{""site"": ""simplify"", ""url"": ""https://simplify.jobs/p/e71e06d8-b521-49fb-8ef6-ed209ba619f0""}]",[],[],"{""location"": [""Remote; Remote in USA""]}",{},"{""location"": ""array_field""}",{}
https://simplify.jobs/p/bd2444f2-71c3-4255-b07f-efa09bb56b19,Senior React.js Engineer,Punch,"Remote; San Francisco, CA, USA",150000.0,150000.0,USD,,,2026-09-03T15:30:12+00:00,2026-08-18T01:10:56+00:00,false,,remote,full_time,senior,,,,simplify,https://simplify.jobs/p/bd2444f2-71c3-4255-b07f-efa09bb56b19,,simplify,"[{""site"": ""simplify"", ""url"": ""https://simplify.jobs/p/bd2444f2-71c3-4255-b07f-efa09bb56b19""}]",[],[],"{""location"": [""Remote; San Francisco, CA, USA""]}",{},"{""location"": ""array_field""}",{}
https://simplify.jobs/p/7074c372-4f94-4370-bceb-6b64c72bf689,UI/UX Developer,Accenture,"Remote; Chantilly, VA, USA",130200.0,265300.0,USD,,,2026-09-11T22:24:01+00:00,2026-09-11T22:19:15+00:00,false,,remote,full_time,senior,,,,simplify,https://simplify.jobs/p/7074c372-4f94-4370-bceb-6b64c72bf689,,simplify,"[{""site"": ""simplify"", ""url"": ""https://simplify.jobs/p/7074c372-4f94-4370-bceb-6b64c72bf689""}]",[],[],"{""location"": [""Remote; Chantilly, VA, USA""]}",{},"{""location"": ""array_field""}",{}
https://simplify.jobs/p/5da29201-836e-49fb-a3b9-31e75b36f48f,Front End Developer,iFLIP4,"Remote; East Hanover, NJ, USA",,,,,,2026-09-04T12:00:01+00:00,2026-08-18T01:11:38+00:00,false,,remote,full_time,junior,,,,simplify,https://simplify.jobs/p/5da29201-836e-49fb-a3b9-31e75b36f48f,,simplify,"[{""site"": ""simplify"", ""url"": ""https://simplify.jobs/p/5da29201-836e-49fb-a3b9-31e75b36f48f""}]",[],[],"{""location"": [""Remote; East Hanover, NJ, USA""]}",{},"{""location"": ""array_field""}",{}
https://simplify.jobs/p/ab55e2eb-f9dc-4a05-92b0-9ebb4696f5ab,Senior Design Engineer,RevenueCat,Remote; Remote in USA; Europe; North America,220000.0,220000.0,USD,,,2026-09-18T22:33:01+00:00,2026-09-18T22:23:08+00:00,false,,remote,full_time,senior,,,,simplify,https://simplify.jobs/p/ab55e2eb-f9dc-4a05-92b0-9ebb4696f5ab,,simplify,"[{""site"": ""simplify"", ""url"": ""https://simplify.jobs/p/ab55e2eb-f9dc-4a05-92b0-9ebb4696f5ab""}]",[],[],"{""location"": [""Remote; Remote in USA; Europe; North America""]}",{},"{""location"": ""array_field""}",{}
https://simplify.jobs/p/f87d3456-e836-4285-a25a-0b1db773c018,Design Engineer - Americas,Ashby,"Remote; Boston, MA, USA; Seattle, WA, USA; San Francisco, CA, USA; Austin, TX, USA; Los Angeles, CA, USA; Remote in USA; Chicago, IL, USA; New York, NY, USA; Denver, CO, USA; Portland, OR, USA",126000.0,250000.0,USD,,,2026-09-04T08:15:01+00:00,2026-06-12T22:08:55+00:00,false,,remote,full_time,junior | mid | senior,,,,simplify,https://simplify.jobs/p/f87d3456-e836-4285-a25a-0b1db773c018,,simplify,"[{""site"": ""simplify"", ""url"": ""https://simplify.jobs/p/f87d3456-e836-4285-a25a-0b1db773c018""}]",[],[],"{""location"": [""Remote; Boston, MA, USA; Seattle, WA, USA; San Francisco, CA, USA; Austin, TX, USA; Los Angeles, CA, USA; Remote in USA; Chicago, IL, USA; New York, NY, USA; Denver, CO, USA; Portland, OR, USA""]}",{},"{""location"": ""array_field""}",{}
https://simplify.jobs/p/709433ac-42c3-4c44-a25b-c31b22c52054,User Experience Engineer Intern,Google,"Palo Alto, CA, USA; Cambridge, MA, USA; Madison, WI, USA; Seattle, WA, USA; Washington, DC, USA; San Francisco, CA, USA; Austin, TX, USA; Los Angeles, CA, USA; Irvine, CA, USA; San Bruno, CA, USA; Redmond, WA, USA; Santa Cruz, CA, USA; Chicago, IL, USA; Goleta, CA, USA; Pittsburgh, PA, USA; Kirkland, WA, USA; Reston, VA, USA; New York, NY, USA; Bellevue, WA, USA; Sunnyvale, CA, USA; Mountain View, CA, USA; Portland, OR, USA; Boulder, CO, USA; Atlanta, GA, USA; San Diego, CA, USA",42.30769230769231,56.25,USD,,,2026-09-14T20:24:01+00:00,2026-09-14T20:23:32+00:00,true,,onsite,internship,intern,,,,simplify,https://simplify.jobs/p/709433ac-42c3-4c44-a25b-c31b22c52054,,simplify,"[{""site"": ""simplify"", ""url"": ""https://simplify.jobs/p/709433ac-42c3-4c44-a25b-c31b22c52054""}]",[],[],"{""location"": [""Palo Alto, CA, USA; Cambridge, MA, USA; Madison, WI, USA; Seattle, WA, USA; Washington, DC, USA; San Francisco, CA, USA; Austin, TX, USA; Los Angeles, CA, USA; Irvine, CA, USA; San Bruno, CA, USA; Redmond, WA, USA; Santa Cruz, CA, USA; Chicago, IL, USA; Goleta, CA, USA; Pittsburgh, PA, USA; Kirkland, WA, USA; Reston, VA, USA; New York, NY, USA; Bellevue, WA, USA; Sunnyvale, CA, USA; Mountain View, CA, USA; Portland, OR, USA; Boulder, CO, USA; Atlanta, GA, USA; San Diego, CA, USA""]}",{},"{""location"": ""array_field""}",{}
https://simplify.jobs/p/b0089a74-570f-4972-8e07-62003b8fc331,Senior Design Engineer,Spear AI,"Remote; Washington, DC, USA; Remote in USA",,,,,,2026-09-04T08:03:01+00:00,2026-09-01T04:55:47+00:00,false,,remote,full_time,senior,,,,simplify,https://simplify.jobs/p/b0089a74-570f-4972-8e07-62003b8fc331,,simplify,"[{""site"": ""simplify"", ""url"": ""https://simplify.jobs/p/b0089a74-570f-4972-8e07-62003b8fc331""}]",[],[],"{""location"": [""Remote; Washington, DC, USA; Remote in USA""]}",{},"{""location"": ""array_field""}",{}
https://simplify.jobs/p/963be445-e6c1-4ff9-b1a4-90c0cbebf413,Principal Engineer - Real-Time Visualization,Swarm Aero,Remote; North America,250000.0,325000.0,USD,,,2026-09-12T17:03:01+00:00,2026-09-03T03:51:30+00:00,false,,remote,full_time,senior,,,,simplify,https://simplify.jobs/p/963be445-e6c1-4ff9-b1a4-90c0cbebf413,,simplify,"[{""site"": ""simplify"", ""url"": ""https://simplify.jobs/p/963be445-e6c1-4ff9-b1a4-90c0cbebf413""}]",[],[],"{""location"": [""Remote; North America""]}",{},"{""location"": ""array_field""}",{}
https://simplify.jobs/p/45005ead-c312-4cf6-9939-8e06c96be98d,Design Engineer - Site,Infisical,Remote; Remote in USA; Remote in Canada,100000.0,180000.0,USD,,,2026-09-07T22:39:01+00:00,2026-09-07T22:38:38+00:00,false,,remote,full_time,mid,,,,simplify,https://simplify.jobs/p/45005ead-c312-4cf6-9939-8e06c96be98d,,simplify,"[{""site"": ""simplify"", ""url"": ""https://simplify.jobs/p/45005ead-c312-4cf6-9939-8e06c96be98d""}]",[],[],"{""location"": [""Remote; Remote in USA; Remote in Canada""]}",{},"{""location"": ""array_field""}",{}
https://simplify.jobs/p/3ca6a747-9266-4ffa-a720-063048c017a1,Design Technologist 2 - Prime Video,Amazon,"Remote; Seattle, WA, USA; San Francisco, CA, USA; Culver City, CA, USA",131800.0,205000.0,USD,,,2026-09-03T13:33:16+00:00,2026-08-20T06:20:42+00:00,false,,remote,full_time,junior,,,,simplify,https://simplify.jobs/p/3ca6a747-9266-4ffa-a720-063048c017a1,,simplify,"[{""site"": ""simplify"", ""url"": ""https://simplify.jobs/p/3ca6a747-9266-4ffa-a720-063048c017a1""}]",[],[],"{""location"": [""Remote; Seattle, WA, USA; San Francisco, CA, USA; Culver City, CA, USA""]}",{},"{""location"": ""array_field""}",{}
https://simplify.jobs/p/5c930b22-a332-4aa0-a7b6-7470bc6bd9f4,Senior Front End Engineer,Gametime,Remote; Remote in USA,170925.0,240000.0,USD,,,2026-09-15T22:24:01+00:00,2026-06-18T22:12:09+00:00,false,,remote,full_time,senior,,,,simplify,https://simplify.jobs/p/5c930b22-a332-4aa0-a7b6-7470bc6bd9f4,,simplify,"[{""site"": ""simplify"", ""url"": ""https://simplify.jobs/p/5c930b22-a332-4aa0-a7b6-7470bc6bd9f4""}]",[],[],"{""location"": [""Remote; Remote in USA""]}",{},"{""location"": ""array_field""}",{}
https://simplify.jobs/p/0fd19cd9-dba2-42ee-ae4f-e4ab59550726,WordPress Support Developer,WP Buffs,"Remote; Washington, DC, USA; Remote in USA",22.0,22.0,USD,,,2026-09-04T01:39:21+00:00,2026-08-11T01:32:07+00:00,false,,remote,full_time,junior,,,,simplify,https://simplify.jobs/p/0fd19cd9-dba2-42ee-ae4f-e4ab59550726,,simplify,"[{""site"": ""simplify"", ""url"": ""https://simplify.jobs/p/0fd19cd9-dba2-42ee-ae4f-e4ab59550726""}]",[],[],"{""location"": [""Remote; Washington, DC, USA; Remote in USA""]}",{},"{""location"": ""array_field""}",{}
https://simplify.jobs/p/2aaa2200-37c4-4e8f-843c-cc7f9b429edc,Senior Software Engineer - Marketing,Close,Remote; Remote in USA,,,,,,2026-09-03T05:42:07+00:00,2026-08-29T00:37:46+00:00,false,,remote,full_time,senior,,,,simplify,https://simplify.jobs/p/2aaa2200-37c4-4e8f-843c-cc7f9b429edc,,simplify,"[{""site"": ""simplify"", ""url"": ""https://simplify.jobs/p/2aaa2200-37c4-4e8f-843c-cc7f9b429edc""}]",[],[],"{""location"": [""Remote; Remote in USA""]}",{},"{""location"": ""array_field""}",{}
https://simplify.jobs/p/5b41e50c-bc76-42f1-9909-844b74bd29bc,SharePoint Developer,Jobsbridge,"Whittier, CA, USA",,,,,,2026-09-03T17:54:20+00:00,2026-02-24T07:21:20+00:00,false,,onsite,full_time,mid,,,,simplify,https://simplify.jobs/p/5b41e50c-bc76-42f1-9909-844b74bd29bc,,simplify,"[{""site"": ""simplify"", ""url"": ""https://simplify.jobs/p/5b41e50c-bc76-42f1-9909-844b74bd29bc""}]",[],[],"{""location"": [""Whittier, CA, USA""]}",{},"{""location"": ""array_field""}",{}
https://simplify.jobs/p/04487936-911e-47f2-ae2f-3ad569abc9f0,Senior Specialist Developer - Webops - Core Maintenance,Google,"Remote; Bengaluru, Karnataka, India",,,,,,2026-09-08T08:46:31+00:00,2026-08-07T00:00:00+00:00,false,,remote,full_time,senior,,,,simplify,https://simplify.jobs/p/04487936-911e-47f2-ae2f-3ad569abc9f0,,simplify,"[{""site"": ""simplify"", ""url"": ""https://simplify.jobs/p/04487936-911e-47f2-ae2f-3ad569abc9f0""}]",[],[],"{""location"": [""Remote; Bengaluru, Karnataka, India""]}",{},"{""location"": ""array_field""}",{}
https://simplify.jobs/p/47a2edf1-2dfe-4a19-aa9f-13c39130f9e7,Senior Shopify Developer - Professional Services,Shopify,Remote; Remote in Canada,,,,,,2026-09-03T20:27:22+00:00,2026-07-30T22:09:00+00:00,false,,remote,full_time,senior,,,,simplify,https://simplify.jobs/p/47a2edf1-2dfe-4a19-aa9f-13c39130f9e7 | https://simplify.jobs/p/6d8fe5e3-2c0f-4243-8fbb-27ed281a3ce1,,simplify,"[{""site"": ""simplify"", ""url"": ""https://simplify.jobs/p/47a2edf1-2dfe-4a19-aa9f-13c39130f9e7""}, {""site"": ""simplify"", ""url"": ""https://simplify.jobs/p/6d8fe5e3-2c0f-4243-8fbb-27ed281a3ce1""}]",[],[],"{""location"": [""Remote; Remote in Canada""]}",{},"{""location"": ""array_field""}",{}
https://simplify.jobs/p/0394fa84-c124-43f8-9418-770e3b385922,Web Developer,Strategic Association Solutions,Remote; Remote in USA,65000.0,75000.0,USD,,,2026-09-19T08:21:24+00:00,2025-12-12T23:21:52+00:00,false,,remote,full_time,junior | mid,,,,simplify,https://simplify.jobs/p/0394fa84-c124-43f8-9418-770e3b385922,,simplify,"[{""site"": ""simplify"", ""url"": ""https://simplify.jobs/p/0394fa84-c124-43f8-9418-770e3b385922""}]",[],[],"{""location"": [""Remote; Remote in USA""]}",{},"{""location"": ""array_field""}",{}
https://simplify.jobs/p/8f814ad4-09cc-4b37-bbbf-8e9ad861bf2c,Junior JavaScript Engineer,Jobsbridge,"Los Angeles, CA, USA",,,,,,2026-09-04T07:24:02+00:00,2026-02-24T07:18:35+00:00,false,,onsite,full_time,mid,,,,simplify,https://simplify.jobs/p/8f814ad4-09cc-4b37-bbbf-8e9ad861bf2c,,simplify,"[{""site"": ""simplify"", ""url"": ""https://simplify.jobs/p/8f814ad4-09cc-4b37-bbbf-8e9ad861bf2c""}]",[],[],"{""location"": [""Los Angeles, CA, USA""]}",{},"{""location"": ""array_field""}",{}
https://simplify.jobs/p/6a2a0236-9f32-4a03-a475-4cadaa98ac7c,Front End Developer - React,Webtellect,"Remote; Boston, MA, USA",,,,,,2026-09-03T17:54:20+00:00,2026-03-02T07:04:46+00:00,false,,remote,full_time,senior,,,,simplify,https://simplify.jobs/p/6a2a0236-9f32-4a03-a475-4cadaa98ac7c,,simplify,"[{""site"": ""simplify"", ""url"": ""https://simplify.jobs/p/6a2a0236-9f32-4a03-a475-4cadaa98ac7c""}]",[],[],"{""location"": [""Remote; Boston, MA, USA""]}",{},"{""location"": ""array_field""}",{}
https://simplify.jobs/p/7152a61a-45e6-4823-afb8-729b56d04ff1,Web Product and Analytics Engineer,Bristol Myers Squibb,"Remote; Princeton, NJ, USA",78200.0,94760.0,USD,,,2026-09-18T10:09:44+00:00,2026-06-20T10:01:25+00:00,false,,remote,full_time,mid,,,,simplify,https://simplify.jobs/p/7152a61a-45e6-4823-afb8-729b56d04ff1,,simplify,"[{""site"": ""simplify"", ""url"": ""https://simplify.jobs/p/7152a61a-45e6-4823-afb8-729b56d04ff1""}]",[],[],"{""location"": [""Remote; Princeton, NJ, USA""]}",{},"{""location"": ""array_field""}",{}
https://simplify.jobs/p/a085bd2e-cab3-40ec-82ff-2467b912ce59,Senior or Staff Growth Engineer,Skylight Calendar & Frame,Remote; Remote in USA,180000.0,220000.0,USD,,,2026-09-04T01:18:24+00:00,2026-08-08T01:21:12+00:00,false,,remote,full_time,mid | senior,,,,simplify,https://simplify.jobs/p/a085bd2e-cab3-40ec-82ff-2467b912ce59,,simplify,"[{""site"": ""simplify"", ""url"": ""https://simplify.jobs/p/a085bd2e-cab3-40ec-82ff-2467b912ce59""}]",[],[],"{""location"": [""Remote; Remote in USA""]}",{},"{""location"": ""array_field""}",{}
https://simplify.jobs/p/75256d11-66da-429f-bdb3-8c3f1ca59318,Front End Web Developer,Living Spaces,"La Mirada, CA, USA",70304.0,93857.0,USD,,,2026-09-04T10:42:01+00:00,2026-08-03T00:00:00+00:00,false,,onsite,full_time,junior,,,,simplify,https://simplify.jobs/p/75256d11-66da-429f-bdb3-8c3f1ca59318,,simplify,"[{""site"": ""simplify"", ""url"": ""https://simplify.jobs/p/75256d11-66da-429f-bdb3-8c3f1ca59318""}]",[],[],"{""location"": [""La Mirada, CA, USA""]}",{},"{""location"": ""array_field""}",{}
https://simplify.jobs/p/ce1e1cf2-333e-4697-b4cd-f09fdc97ee0e,Web Developer,National Basketball Association,"Remote; San Francisco, CA, USA",120000.0,120000.0,USD,,,2026-09-04T10:30:02+00:00,2026-07-31T01:17:22+00:00,false,,remote,full_time,mid,,,,simplify,https://simplify.jobs/p/ce1e1cf2-333e-4697-b4cd-f09fdc97ee0e,,simplify,"[{""site"": ""simplify"", ""url"": ""https://simplify.jobs/p/ce1e1cf2-333e-4697-b4cd-f09fdc97ee0e""}]",[],[],"{""location"": [""Remote; San Francisco, CA, USA""]}",{},"{""location"": ""array_field""}",{}
https://simplify.jobs/p/08b2e89c-d83e-4f4a-9073-b22107c4eda2,Principal Software Engineer - React,Creative Chaos,Remote; Remote in USA,,,,,,2026-09-03T22:03:21+00:00,2026-08-04T06:17:46+00:00,false,,remote,contract,senior,,,,simplify,https://simplify.jobs/p/08b2e89c-d83e-4f4a-9073-b22107c4eda2,,simplify,"[{""site"": ""simplify"", ""url"": ""https://simplify.jobs/p/08b2e89c-d83e-4f4a-9073-b22107c4eda2""}]",[],[],"{""location"": [""Remote; Remote in USA""]}",{},"{""location"": ""array_field""}",{}
https://simplify.jobs/p/53ca3891-9218-44fd-a2a4-b93ddacb17aa,Web Engineer,Valon,"Remote; San Francisco, CA, USA; New York, NY, USA",150000.0,265000.0,USD,,,2026-09-04T13:12:01+00:00,2026-09-01T00:54:31+00:00,false,,remote,full_time,mid,,,,simplify,https://simplify.jobs/p/53ca3891-9218-44fd-a2a4-b93ddacb17aa,,simplify,"[{""site"": ""simplify"", ""url"": ""https://simplify.jobs/p/53ca3891-9218-44fd-a2a4-b93ddacb17aa""}]",[],[],"{""location"": [""Remote; San Francisco, CA, USA; New York, NY, USA""]}",{},"{""location"": ""array_field""}",{}
https://simplify.jobs/p/a2142c44-cc65-418a-bcaa-e7c90a15f09c,React Developer,Ab Ovo,"Remote; Santa Clara, CA, USA",,,,,,2026-09-04T07:24:02+00:00,2026-02-18T15:03:29+00:00,false,,remote,full_time,mid,,,,simplify,https://simplify.jobs/p/a2142c44-cc65-418a-bcaa-e7c90a15f09c,,simplify,"[{""site"": ""simplify"", ""url"": ""https://simplify.jobs/p/a2142c44-cc65-418a-bcaa-e7c90a15f09c""}]",[],[],"{""location"": [""Remote; Santa Clara, CA, USA""]}",{},"{""location"": ""array_field""}",{}
https://simplify.jobs/p/75beea77-893b-485b-8897-339e09945923,Web Developer,Jobsbridge,"Irvine, CA, USA",,,,,,2026-09-04T07:24:02+00:00,2026-02-24T07:18:13+00:00,false,,onsite,full_time,mid,,,,simplify,https://simplify.jobs/p/75beea77-893b-485b-8897-339e09945923,,simplify,"[{""site"": ""simplify"", ""url"": ""https://simplify.jobs/p/75beea77-893b-485b-8897-339e09945923""}]",[],[],"{""location"": [""Irvine, CA, USA""]}",{},"{""location"": ""array_field""}",{}
https://simplify.jobs/p/c88d4a89-0450-4437-b443-b25374430c14,Senior Front End Developer,Paramount Global,"Burbank, CA, USA; New York, NY, USA",124000.0,186000.0,USD,,,2026-09-04T07:51:01+00:00,2026-05-16T09:05:20+00:00,false,,onsite,full_time,senior,,,,simplify,https://simplify.jobs/p/c88d4a89-0450-4437-b443-b25374430c14,,simplify,"[{""site"": ""simplify"", ""url"": ""https://simplify.jobs/p/c88d4a89-0450-4437-b443-b25374430c14""}]",[],[],"{""location"": [""Burbank, CA, USA; New York, NY, USA""]}",{},"{""location"": ""array_field""}",{}
https://simplify.jobs/p/1e2c12cd-fd6b-4426-8e65-c7f8ffb10c02,JavaScript jQuery Bootstrap Developer,Mapjects,"Remote; Kolkata, West Bengal, India",,,,,,2026-09-04T02:15:20+00:00,2026-08-13T06:12:49+00:00,false,,remote,full_time,mid,,,,simplify,https://simplify.jobs/p/1e2c12cd-fd6b-4426-8e65-c7f8ffb10c02,,simplify,"[{""site"": ""simplify"", ""url"": ""https://simplify.jobs/p/1e2c12cd-fd6b-4426-8e65-c7f8ffb10c02""}]",[],[],"{""location"": [""Remote; Kolkata, West Bengal, India""]}",{},"{""location"": ""array_field""}",{}
https://simplify.jobs/p/c3b02006-0ea6-432b-ba6e-26fb3ef6e18f,Shopify Web Developer - Feel Your Soul,Shadow Light Studios,Remote; Remote in India,1000.0,4000.0,USD,,,2026-09-04T00:27:22+00:00,2026-08-06T01:17:40+00:00,false,,remote,full_time,mid,,,,simplify,https://simplify.jobs/p/c3b02006-0ea6-432b-ba6e-26fb3ef6e18f,,simplify,"[{""site"": ""simplify"", ""url"": ""https://simplify.jobs/p/c3b02006-0ea6-432b-ba6e-26fb3ef6e18f""}]",[],[],"{""location"": [""Remote; Remote in India""]}",{},"{""location"": ""array_field""}",{}
https://simplify.jobs/p/e30ff4b2-6ddf-443f-ab92-ad07da8a1c08,Principal Software Development Engineer - Graph,Adobe,"Remote; San Francisco, CA, USA; San Jose, CA, USA",190200.0,360500.0,USD,,,2026-09-18T11:51:24+00:00,2026-07-22T00:00:00+00:00,false,,remote,full_time,senior,,,,simplify,https://simplify.jobs/p/e30ff4b2-6ddf-443f-ab92-ad07da8a1c08,,simplify,"[{""site"": ""simplify"", ""url"": ""https://simplify.jobs/p/e30ff4b2-6ddf-443f-ab92-ad07da8a1c08""}]",[],[],"{""location"": [""Remote; San Francisco, CA, USA; San Jose, CA, USA""]}",{},"{""location"": ""array_field""}",{}
https://simplify.jobs/p/76fed855-92e6-4870-9a91-bddf9bdd810e,Staff Software Engineer - Web Product Enablement,Pinterest,"Remote; California, USA; San Francisco, CA, USA",177185.0,364795.0,USD,,,2026-09-04T01:39:21+00:00,2026-08-10T22:28:01+00:00,false,,remote,full_time,senior,,,,simplify,https://simplify.jobs/p/76fed855-92e6-4870-9a91-bddf9bdd810e,,simplify,"[{""site"": ""simplify"", ""url"": ""https://simplify.jobs/p/76fed855-92e6-4870-9a91-bddf9bdd810e""}]",[],[],"{""location"": [""Remote; California, USA; San Francisco, CA, USA""]}",{},"{""location"": ""array_field""}",{}
https://simplify.jobs/p/069b9572-f97d-4896-ac3a-bb34c7736ebe,Senior UI Engineer 1,EBizCharge,Remote; Remote in Canada,,,,,,2026-09-19T08:27:01+00:00,2026-07-21T01:16:20+00:00,false,,remote,full_time,mid | senior,,,,simplify,https://simplify.jobs/p/069b9572-f97d-4896-ac3a-bb34c7736ebe,,simplify,"[{""site"": ""simplify"", ""url"": ""https://simplify.jobs/p/069b9572-f97d-4896-ac3a-bb34c7736ebe""}]",[],[],"{""location"": [""Remote; Remote in Canada""]}",{},"{""location"": ""array_field""}",{}
https://simplify.jobs/p/99f68e50-f4b5-4af9-9656-a450ca8d0a18,Senior Member of the Technical Staff Software Engineer,Salesforce,"Remote; San Francisco, CA, USA; New York, NY, USA; Bellevue, WA, USA",148500.0,246000.0,USD,,,2026-09-18T10:39:10+00:00,2026-09-09T00:00:00+00:00,false,,remote,full_time,senior,,,,simplify,https://simplify.jobs/p/99f68e50-f4b5-4af9-9656-a450ca8d0a18,,simplify,"[{""site"": ""simplify"", ""url"": ""https://simplify.jobs/p/99f68e50-f4b5-4af9-9656-a450ca8d0a18""}]",[],[],"{""location"": [""Remote; San Francisco, CA, USA; New York, NY, USA; Bellevue, WA, USA""]}",{},"{""location"": ""array_field""}",{}
https://simplify.jobs/p/c6f7dfd7-d024-4046-b78d-221c22ea5ef9,Microsoft Dynamics CRM Developer,vTech Solution,"Remote; Columbus, OH, USA",,,,,,2026-09-03T17:54:20+00:00,2026-03-02T02:23:35+00:00,false,,remote,full_time,mid,,,,simplify,https://simplify.jobs/p/c6f7dfd7-d024-4046-b78d-221c22ea5ef9,,simplify,"[{""site"": ""simplify"", ""url"": ""https://simplify.jobs/p/c6f7dfd7-d024-4046-b78d-221c22ea5ef9""}]",[],[],"{""location"": [""Remote; Columbus, OH, USA""]}",{},"{""location"": ""array_field""}",{}
https://simplify.jobs/p/ffa7df5f-501e-4ce5-8ae3-605b8ba729e3,Senior Principal Engineer,AlphaSense,Remote; Remote in India,,,,,,2026-09-04T09:54:01+00:00,2026-07-24T14:17:50+00:00,false,,remote,full_time,,,,,simplify,https://simplify.jobs/p/ffa7df5f-501e-4ce5-8ae3-605b8ba729e3,,simplify,"[{""site"": ""simplify"", ""url"": ""https://simplify.jobs/p/ffa7df5f-501e-4ce5-8ae3-605b8ba729e3""}]",[],[],"{""location"": [""Remote; Remote in India""]}",{},"{""location"": ""array_field""}",{}
https://simplify.jobs/p/1e3af809-2604-4a28-8191-c3c9734627d4,Webflow Developer,Full Funnel Growth,Remote; Remote in USA,60.0,90.0,USD,,,2026-09-03T03:00:21+00:00,2026-09-01T22:26:37+00:00,false,,remote,full_time,mid,,,,simplify,https://simplify.jobs/p/1e3af809-2604-4a28-8191-c3c9734627d4,,simplify,"[{""site"": ""simplify"", ""url"": ""https://simplify.jobs/p/1e3af809-2604-4a28-8191-c3c9734627d4""}]",[],[],"{""location"": [""Remote; Remote in USA""]}",{},"{""location"": ""array_field""}",{}
https://simplify.jobs/p/e2c94198-716d-410a-8bef-9ac124e51473,Creative Technologist,Microsoft,"Remote; Redmond, WA, USA; Albany, NY, USA; Mountain View, CA, USA",119800.0,261000.0,USD,,,2026-09-18T10:33:02+00:00,2026-09-01T01:00:37+00:00,false,,remote,full_time,mid,,,,simplify,https://simplify.jobs/p/e2c94198-716d-410a-8bef-9ac124e51473,,simplify,"[{""site"": ""simplify"", ""url"": ""https://simplify.jobs/p/e2c94198-716d-410a-8bef-9ac124e51473""}]",[],[],"{""location"": [""Remote; Redmond, WA, USA; Albany, NY, USA; Mountain View, CA, USA""]}",{},"{""location"": ""array_field""}",{}
https://simplify.jobs/p/02921941-ed01-4ede-8512-1bb18b7d52db,Web User Interface Developer,Jobsbridge,"Remote; Jersey City, NJ, USA",,,,,,2026-09-04T07:24:02+00:00,2026-02-24T07:20:29+00:00,false,,remote,full_time,senior,,,,simplify,https://simplify.jobs/p/02921941-ed01-4ede-8512-1bb18b7d52db,,simplify,"[{""site"": ""simplify"", ""url"": ""https://simplify.jobs/p/02921941-ed01-4ede-8512-1bb18b7d52db""}]",[],[],"{""location"": [""Remote; Jersey City, NJ, USA""]}",{},"{""location"": ""array_field""}",{}
https://simplify.jobs/p/002d17ef-9260-432d-b9ee-fb8048f2c639,Software Engineer 2,The Walt Disney Company,"Seattle, WA, USA; San Francisco, CA, USA; Glendale, CA, USA",,,,,,2026-09-03T17:54:20+00:00,2026-06-13T10:11:13+00:00,false,,onsite,full_time,mid,,,,simplify,https://simplify.jobs/p/002d17ef-9260-432d-b9ee-fb8048f2c639,,simplify,"[{""site"": ""simplify"", ""url"": ""https://simplify.jobs/p/002d17ef-9260-432d-b9ee-fb8048f2c639""}]",[],[],"{""location"": [""Seattle, WA, USA; San Francisco, CA, USA; Glendale, CA, USA""]}",{},"{""location"": ""array_field""}",{}
https://simplify.jobs/p/5440b430-6176-4aae-a78a-0de503357f8e,Senior UX Engineer,Google,"Remote; San Francisco, CA, USA; San Jose, CA, USA; Kirkland, WA, USA; New York, NY, USA",159000.0,230000.0,USD,,,2026-09-05T09:33:01+00:00,2026-08-26T22:28:47+00:00,false,,remote,full_time,senior,,,,simplify,https://simplify.jobs/p/5440b430-6176-4aae-a78a-0de503357f8e,,simplify,"[{""site"": ""simplify"", ""url"": ""https://simplify.jobs/p/5440b430-6176-4aae-a78a-0de503357f8e""}]",[],[],"{""location"": [""Remote; San Francisco, CA, USA; San Jose, CA, USA; Kirkland, WA, USA; New York, NY, USA""]}",{},"{""location"": ""array_field""}",{}
https://simplify.jobs/p/8a0eab87-1820-4037-99ec-dc8db13aa67c,JavaScript/UI Developer,Atria Group,"Remote; Austin, TX, USA",,,,,,2026-09-04T07:24:02+00:00,2026-02-19T07:13:18+00:00,false,,remote,full_time,senior,,,,simplify,https://simplify.jobs/p/8a0eab87-1820-4037-99ec-dc8db13aa67c,,simplify,"[{""site"": ""simplify"", ""url"": ""https://simplify.jobs/p/8a0eab87-1820-4037-99ec-dc8db13aa67c""}]",[],[],"{""location"": [""Remote; Austin, TX, USA""]}",{},"{""location"": ""array_field""}",{}
https://simplify.jobs/p/4b744d01-b6e2-4098-ab94-b518843e8f33,Shopify Developer,Execution Space,Remote; Remote in USA; Remote in Canada,,,,,,2026-09-19T09:09:01+00:00,2026-07-21T01:16:58+00:00,false,,remote,part_time,mid,,,,simplify,https://simplify.jobs/p/4b744d01-b6e2-4098-ab94-b518843e8f33,,simplify,"[{""site"": ""simplify"", ""url"": ""https://simplify.jobs/p/4b744d01-b6e2-4098-ab94-b518843e8f33""}]",[],[],"{""location"": [""Remote; Remote in USA; Remote in Canada""]}",{},"{""location"": ""array_field""}",{}
https://simplify.jobs/p/ea0b1530-ab6f-43da-aa1e-8b89c32df38b,JavaScript Developer - React.js,Stadium,Remote; Remote in India,,,,,,2026-09-04T01:39:21+00:00,2026-08-11T01:32:10+00:00,false,,remote,full_time,junior,,,,simplify,https://simplify.jobs/p/ea0b1530-ab6f-43da-aa1e-8b89c32df38b,,simplify,"[{""site"": ""simplify"", ""url"": ""https://simplify.jobs/p/ea0b1530-ab6f-43da-aa1e-8b89c32df38b""}]",[],[],"{""location"": [""Remote; Remote in India""]}",{},"{""location"": ""array_field""}",{}
https://simplify.jobs/p/c9352241-bbe4-4d1b-af75-6715334a6d2a,Marketing Web Developer,Fleetio,Remote; Remote in USA,,,,,,2026-09-18T14:33:01+00:00,2026-09-18T01:30:53+00:00,false,,remote,full_time,junior,,,,simplify,https://simplify.jobs/p/c9352241-bbe4-4d1b-af75-6715334a6d2a,,simplify,"[{""site"": ""simplify"", ""url"": ""https://simplify.jobs/p/c9352241-bbe4-4d1b-af75-6715334a6d2a""}]",[],[],"{""location"": [""Remote; Remote in USA""]}",{},"{""location"": ""array_field""}",{}
https://simplify.jobs/p/596702f1-3b96-497d-9361-71c738d5e250,Lead Engineer Software UI,Empower,"Remote; Bengaluru, Karnataka, India",,,,,,2026-09-18T06:15:01+00:00,2026-09-18T06:14:47+00:00,false,,remote,full_time,senior,,,,simplify,https://simplify.jobs/p/596702f1-3b96-497d-9361-71c738d5e250,,simplify,"[{""site"": ""simplify"", ""url"": ""https://simplify.jobs/p/596702f1-3b96-497d-9361-71c738d5e250""}]",[],[],"{""location"": [""Remote; Bengaluru, Karnataka, India""]}",{},"{""location"": ""array_field""}",{}
https://simplify.jobs/p/62062c60-b51b-42e1-ad42-76f03297fcb6,Web Developer - Front End,Virtual Technologies Group,"Remote; Washington, DC, USA",50000.0,60000.0,USD,,,2026-09-12T14:48:01+00:00,2026-09-10T22:32:45+00:00,false,,remote,full_time,junior | mid,,,,simplify,https://simplify.jobs/p/62062c60-b51b-42e1-ad42-76f03297fcb6,,simplify,"[{""site"": ""simplify"", ""url"": ""https://simplify.jobs/p/62062c60-b51b-42e1-ad42-76f03297fcb6""}]",[],[],"{""location"": [""Remote; Washington, DC, USA""]}",{},"{""location"": ""array_field""}",{}
https://simplify.jobs/p/b2b288e4-fab5-41c0-879c-1973aa205448,Mid-Level Angular Engineer,GovCIO,"Remote; Alexandria, VA, USA",85000.0,95000.0,USD,,,2026-09-11T22:09:02+00:00,2026-09-11T22:06:48+00:00,false,,remote,full_time,mid,,,,simplify,https://simplify.jobs/p/b2b288e4-fab5-41c0-879c-1973aa205448,,simplify,"[{""site"": ""simplify"", ""url"": ""https://simplify.jobs/p/b2b288e4-fab5-41c0-879c-1973aa205448""}]",[],[],"{""location"": [""Remote; Alexandria, VA, USA""]}",{},"{""location"": ""array_field""}",{}
https://simplify.jobs/p/02c84303-d439-4c4c-b0bf-eeca5460c9bb,Associate Technical Director,Left Field Labs,"Remote; Culver City, CA, USA",155000.0,185000.0,USD,,,2026-09-03T13:48:18+00:00,2026-08-19T20:41:34+00:00,false,,remote,full_time,,,,,simplify,https://simplify.jobs/p/02c84303-d439-4c4c-b0bf-eeca5460c9bb,,simplify,"[{""site"": ""simplify"", ""url"": ""https://simplify.jobs/p/02c84303-d439-4c4c-b0bf-eeca5460c9bb""}]",[],[],"{""location"": [""Remote; Culver City, CA, USA""]}",{},"{""location"": ""array_field""}",{}
https://simplify.jobs/p/330d0259-12ec-41c0-853e-c21244965a3c,Design Engineer,Trigger.dev,Remote; Remote in UK,,,,,,2026-09-16T14:21:02+00:00,2026-09-16T14:20:13+00:00,false,,remote,full_time,mid,,,,simplify,https://simplify.jobs/p/330d0259-12ec-41c0-853e-c21244965a3c,,simplify,"[{""site"": ""simplify"", ""url"": ""https://simplify.jobs/p/330d0259-12ec-41c0-853e-c21244965a3c""}]",[],[],"{""location"": [""Remote; Remote in UK""]}",{},"{""location"": ""array_field""}",{}
https://simplify.jobs/p/fea6c418-3b98-4d10-9b82-5041f1905055,Software Engineer - Design Systems,WhatNot,"Remote; San Francisco, CA, USA; New York, NY, USA",207000.0,230000.0,USD,,,2026-09-11T12:18:01+00:00,2026-08-25T23:36:03+00:00,false,,remote,full_time,senior,,,,simplify,https://simplify.jobs/p/fea6c418-3b98-4d10-9b82-5041f1905055,,simplify,"[{""site"": ""simplify"", ""url"": ""https://simplify.jobs/p/fea6c418-3b98-4d10-9b82-5041f1905055""}]",[],[],"{""location"": [""Remote; San Francisco, CA, USA; New York, NY, USA""]}",{},"{""location"": ""array_field""}",{}
https://simplify.jobs/p/51cd0743-ca8b-4606-b478-0c3aa6d02dd0,Design Engineer - Canada,Ashby,"Remote; Montreal, QC, Canada; Toronto, ON, Canada; Remote in Canada; Vancouver, BC, Canada",121000.0,248000.0,CAD,,,2026-09-04T08:15:01+00:00,2026-06-12T22:08:55+00:00,false,,remote,full_time,junior | mid | senior,,,,simplify,https://simplify.jobs/p/51cd0743-ca8b-4606-b478-0c3aa6d02dd0,,simplify,"[{""site"": ""simplify"", ""url"": ""https://simplify.jobs/p/51cd0743-ca8b-4606-b478-0c3aa6d02dd0""}]",[],[],"{""location"": [""Remote; Montreal, QC, Canada; Toronto, ON, Canada; Remote in Canada; Vancouver, BC, Canada""]}",{},"{""location"": ""array_field""}",{}
https://simplify.jobs/p/d9dec878-03d6-4655-9873-0993cb5760fd,React Engineer,Bluelight Consulting,"Remote; Washington, DC, USA",,,,,,2026-09-04T08:03:01+00:00,2026-06-03T06:06:55+00:00,false,,remote,full_time,mid,,,,simplify,https://simplify.jobs/p/d9dec878-03d6-4655-9873-0993cb5760fd,,simplify,"[{""site"": ""simplify"", ""url"": ""https://simplify.jobs/p/d9dec878-03d6-4655-9873-0993cb5760fd""}]",[],[],"{""location"": [""Remote; Washington, DC, USA""]}",{},"{""location"": ""array_field""}",{}
https://simplify.jobs/p/bc5facc6-db4d-42ce-b13d-e5a867ff8409,Design Engineer,Kick,"Remote; Palo Alto, CA, USA",,,,,,2025-10-31T07:53:25+00:00,2025-10-31T07:53:25+00:00,false,,remote,full_time,senior,,,,simplify,https://simplify.jobs/p/bc5facc6-db4d-42ce-b13d-e5a867ff8409,,simplify,"[{""site"": ""simplify"", ""url"": ""https://simplify.jobs/p/bc5facc6-db4d-42ce-b13d-e5a867ff8409""}]",[],[],"{""location"": [""Remote; Palo Alto, CA, USA""]}",{},"{""location"": ""array_field""}",{}
https://simplify.jobs/p/a7759a3d-4188-4fac-9e90-89ff45b12570,Web Development Specialist-Freelance AI Trainer Project,Invisible Technologies,Remote; Remote in USA,,,,,,2025-12-06T10:00:52+00:00,2025-10-31T01:24:03+00:00,false,,remote,contract,mid,,,,simplify,https://simplify.jobs/p/a7759a3d-4188-4fac-9e90-89ff45b12570,,simplify,"[{""site"": ""simplify"", ""url"": ""https://simplify.jobs/p/a7759a3d-4188-4fac-9e90-89ff45b12570""}]",[],[],"{""location"": [""Remote; Remote in USA""]}",{},"{""location"": ""array_field""}",{}
https://simplify.jobs/p/3ef35ea7-39cb-41d9-a2e6-95102fda72e9,Email HTML Developer,Wired Messenger,Remote; Remote in Canada,,,,,,2026-09-19T08:51:27+00:00,2026-07-21T01:17:09+00:00,false,,remote,full_time,junior,,,,simplify,https://simplify.jobs/p/3ef35ea7-39cb-41d9-a2e6-95102fda72e9,,simplify,"[{""site"": ""simplify"", ""url"": ""https://simplify.jobs/p/3ef35ea7-39cb-41d9-a2e6-95102fda72e9""}]",[],[],"{""location"": [""Remote; Remote in Canada""]}",{},"{""location"": ""array_field""}",{}
https://simplify.jobs/p/12e8cc5f-44b7-4212-b35a-4a7400100c18,Senior SAP Fiori Developer,Bright Vision Technologies,Remote; Remote in USA,100000.0,150000.0,USD,,,2026-09-15T22:59:21+00:00,2026-09-15T22:24:27+00:00,false,,remote,full_time,senior,,,,simplify,https://simplify.jobs/p/12e8cc5f-44b7-4212-b35a-4a7400100c18,,simplify,"[{""site"": ""simplify"", ""url"": ""https://simplify.jobs/p/12e8cc5f-44b7-4212-b35a-4a7400100c18""}]",[],[],"{""location"": [""Remote; Remote in USA""]}",{},"{""location"": ""array_field""}",{}
https://simplify.jobs/p/9bea323e-6871-49fe-ae55-4c5af9a26cde,UI Engineer,Analytica,"Remote; Bethesda, MD, USA",,,,,,2026-09-15T22:51:01+00:00,2026-09-15T22:23:59+00:00,false,,remote,full_time,mid,,,,simplify,https://simplify.jobs/p/9bea323e-6871-49fe-ae55-4c5af9a26cde,,simplify,"[{""site"": ""simplify"", ""url"": ""https://simplify.jobs/p/9bea323e-6871-49fe-ae55-4c5af9a26cde""}]",[],[],"{""location"": [""Remote; Bethesda, MD, USA""]}",{},"{""location"": ""array_field""}",{}
https://simplify.jobs/p/d9165601-fc9a-4cd3-aa5c-79cf3f01dafb,Senior Cyber Security UI Developer - Cyber Security Data,AIG,"Remote; Houston, TX, USA; Dallas, TX, USA; Charlotte, NC, USA; Jersey City, NJ, USA; New York, NY, USA; Parsippany-Troy Hills, NJ, USA; Atlanta, GA, USA",105000.0,148000.0,USD,,,2026-09-04T01:03:21+00:00,2026-08-07T00:00:00+00:00,false,,remote,full_time,senior,,,,simplify,https://simplify.jobs/p/d9165601-fc9a-4cd3-aa5c-79cf3f01dafb,,simplify,"[{""site"": ""simplify"", ""url"": ""https://simplify.jobs/p/d9165601-fc9a-4cd3-aa5c-79cf3f01dafb""}]",[],[],"{""location"": [""Remote; Houston, TX, USA; Dallas, TX, USA; Charlotte, NC, USA; Jersey City, NJ, USA; New York, NY, USA; Parsippany-Troy Hills, NJ, USA; Atlanta, GA, USA""]}",{},"{""location"": ""array_field""}",{}
https://simplify.jobs/p/6fd2a89e-52ad-4629-8808-869d83fde327,Senior Front End Graphics Engineer,True Anomaly,"Long Beach, CA, USA; Washington, DC, USA; Denver, CO, USA",135000.0,195000.0,USD,,,2026-09-03T06:45:06+00:00,2026-08-27T22:25:19+00:00,false,,hybrid,full_time,senior,,,,simplify,https://simplify.jobs/p/6fd2a89e-52ad-4629-8808-869d83fde327,,simplify,"[{""site"": ""simplify"", ""url"": ""https://simplify.jobs/p/6fd2a89e-52ad-4629-8808-869d83fde327""}]",[],[],"{""location"": [""Long Beach, CA, USA; Washington, DC, USA; Denver, CO, USA""]}",{},"{""location"": ""array_field""}",{}
https://simplify.jobs/p/4aa9f98a-5fbd-4686-aa90-03f0a9801227,Senior Software Engineer - Browser Extension,Cyberhaven,Remote; Remote in USA,,,,,,2026-09-03T09:15:09+00:00,2026-08-25T00:13:46+00:00,false,,remote,full_time,senior,,,,simplify,https://simplify.jobs/p/4aa9f98a-5fbd-4686-aa90-03f0a9801227,,simplify,"[{""site"": ""simplify"", ""url"": ""https://simplify.jobs/p/4aa9f98a-5fbd-4686-aa90-03f0a9801227""}]",[],[],"{""location"": [""Remote; Remote in USA""]}",{},"{""location"": ""array_field""}",{}
https://simplify.jobs/p/bd21b255-93bc-4a08-93f3-d650de67e714,UI/UX Developer,General Dynamics Information Technology,Remote; Remote in USA,171507.0,232039.0,USD,,,2026-09-14T19:21:01+00:00,2026-09-14T00:00:00+00:00,false,,remote,full_time,,,,,simplify,https://simplify.jobs/p/bd21b255-93bc-4a08-93f3-d650de67e714,,simplify,"[{""site"": ""simplify"", ""url"": ""https://simplify.jobs/p/bd21b255-93bc-4a08-93f3-d650de67e714""}]",[],[],"{""location"": [""Remote; Remote in USA""]}",{},"{""location"": ""array_field""}",{}
https://simplify.jobs/p/74912a9a-a671-4e5a-af5e-bd6ea8ec4b3b,Senior Front End Developer,Jobsbridge,"Calabasas, CA, USA",,,,,,2026-09-04T07:24:02+00:00,2026-02-24T07:20:01+00:00,false,,onsite,full_time,senior,,,,simplify,https://simplify.jobs/p/74912a9a-a671-4e5a-af5e-bd6ea8ec4b3b,,simplify,"[{""site"": ""simplify"", ""url"": ""https://simplify.jobs/p/74912a9a-a671-4e5a-af5e-bd6ea8ec4b3b""}]",[],[],"{""location"": [""Calabasas, CA, USA""]}",{},"{""location"": ""array_field""}",{}
https://simplify.jobs/p/9a8d29c7-fc3d-4bfc-af6f-4e2e81be4c9d,3D Engineer,Moon,"Glendale, CA, USA",130000.0,160000.0,USD,,,2026-09-18T10:10:04+00:00,2026-07-27T01:20:04+00:00,false,,onsite,full_time,mid,,,,simplify,https://simplify.jobs/p/9a8d29c7-fc3d-4bfc-af6f-4e2e81be4c9d,,simplify,"[{""site"": ""simplify"", ""url"": ""https://simplify.jobs/p/9a8d29c7-fc3d-4bfc-af6f-4e2e81be4c9d""}]",[],[],"{""location"": [""Glendale, CA, USA""]}",{},"{""location"": ""array_field""}",{}
https://simplify.jobs/p/890fa0b9-8aab-4b7f-9c4c-6ad5e19501cf,Software Engineer III - Angular,CSI,Remote; Remote in USA,,,,,,2026-09-17T22:27:09+00:00,2026-07-30T00:00:00+00:00,false,,remote,full_time,senior,,,,simplify,https://simplify.jobs/p/890fa0b9-8aab-4b7f-9c4c-6ad5e19501cf,,simplify,"[{""site"": ""simplify"", ""url"": ""https://simplify.jobs/p/890fa0b9-8aab-4b7f-9c4c-6ad5e19501cf""}]",[],[],"{""location"": [""Remote; Remote in USA""]}",{},"{""location"": ""array_field""}",{}
https://simplify.jobs/p/c42bc7bf-b062-4921-a9ef-b272d2ebc8f6,Senior Software Development Engineer,Zoom,"Remote; San Jose, CA, USA",255653.0,271200.0,USD,,,2026-09-03T19:45:19+00:00,2026-07-15T00:00:00+00:00,false,,remote,full_time,senior,,,,simplify,https://simplify.jobs/p/c42bc7bf-b062-4921-a9ef-b272d2ebc8f6,,simplify,"[{""site"": ""simplify"", ""url"": ""https://simplify.jobs/p/c42bc7bf-b062-4921-a9ef-b272d2ebc8f6""}]",[],[],"{""location"": [""Remote; San Jose, CA, USA""]}",{},"{""location"": ""array_field""}",{}
https://simplify.jobs/p/e6c318f7-75f9-4ce6-962c-f16f62b67797,Front End Web Applications Developer,SMX,"Remote; Washington, DC, USA",73000.0,122700.0,USD,,,2026-09-03T14:36:15+00:00,2026-08-18T22:03:38+00:00,false,,remote,full_time,junior,,,,simplify,https://simplify.jobs/p/e6c318f7-75f9-4ce6-962c-f16f62b67797,,simplify,"[{""site"": ""simplify"", ""url"": ""https://simplify.jobs/p/e6c318f7-75f9-4ce6-962c-f16f62b67797""}]",[],[],"{""location"": [""Remote; Washington, DC, USA""]}",{},"{""location"": ""array_field""}",{}
https://simplify.jobs/p/503b669d-85a6-4c5a-8202-456c54cc9b3d,Senior Software Engineer - Browser Extension,Keeper Security,Remote; Remote in USA,,,,,,2026-09-04T05:18:01+00:00,2026-05-20T22:09:54+00:00,false,,remote,full_time,senior,,,,simplify,https://simplify.jobs/p/503b669d-85a6-4c5a-8202-456c54cc9b3d,,simplify,"[{""site"": ""simplify"", ""url"": ""https://simplify.jobs/p/503b669d-85a6-4c5a-8202-456c54cc9b3d""}]",[],[],"{""location"": [""Remote; Remote in USA""]}",{},"{""location"": ""array_field""}",{}
https://simplify.jobs/p/36d3277b-b14e-4494-b807-ccaa94ede831,Audio Software Engineer,Zoom,"Remote; San Jose, CA, USA",221374.0,255400.0,USD,,,2026-09-03T05:03:06+00:00,2026-08-31T00:00:00+00:00,false,,remote,full_time,mid,,,,simplify,https://simplify.jobs/p/36d3277b-b14e-4494-b807-ccaa94ede831,,simplify,"[{""site"": ""simplify"", ""url"": ""https://simplify.jobs/p/36d3277b-b14e-4494-b807-ccaa94ede831""}]",[],[],"{""location"": [""Remote; San Jose, CA, USA""]}",{},"{""location"": ""array_field""}",{}
https://simplify.jobs/p/5d64949f-2f56-43cd-b156-b478a608532d,Senior Front End Engineer,Urban SDK,Remote; Remote in USA,,,,,,2026-09-18T09:33:15+00:00,2026-07-21T01:16:19+00:00,false,,remote,full_time,senior,,,,simplify,https://simplify.jobs/p/5d64949f-2f56-43cd-b156-b478a608532d,,simplify,"[{""site"": ""simplify"", ""url"": ""https://simplify.jobs/p/5d64949f-2f56-43cd-b156-b478a608532d""}]",[],[],"{""location"": [""Remote; Remote in USA""]}",{},"{""location"": ""array_field""}",{}
https://simplify.jobs/p/417479a6-f074-4d5c-a169-074b9e35f96e,Design Engineer - Design Engineering,GC AI,Remote; Remote in USA,,,,,,2026-09-04T08:15:01+00:00,2026-06-11T09:06:29+00:00,false,,remote,full_time,senior,,,,simplify,https://simplify.jobs/p/417479a6-f074-4d5c-a169-074b9e35f96e,,simplify,"[{""site"": ""simplify"", ""url"": ""https://simplify.jobs/p/417479a6-f074-4d5c-a169-074b9e35f96e""}]",[],[],"{""location"": [""Remote; Remote in USA""]}",{},"{""location"": ""array_field""}",{}
https://simplify.jobs/p/0a776ac0-cfc6-4a60-ad10-ac9372294596,Senior Design Engineer - Psa,Collectors,"Remote; California, USA",150000.0,220000.0,USD,,,2026-09-03T19:12:22+00:00,2026-07-02T22:05:35+00:00,false,,remote,full_time,mid | senior,,,,simplify,https://simplify.jobs/p/0a776ac0-cfc6-4a60-ad10-ac9372294596,,simplify,"[{""site"": ""simplify"", ""url"": ""https://simplify.jobs/p/0a776ac0-cfc6-4a60-ad10-ac9372294596""}]",[],[],"{""location"": [""Remote; California, USA""]}",{},"{""location"": ""array_field""}",{}
https://simplify.jobs/p/d9b5beff-fe51-4dbb-acf0-fbfbd53b1556,UI Developer,Knimbus,"Remote; New Delhi, Delhi, India",,,,,,2026-09-03T15:30:12+00:00,2026-08-18T01:10:25+00:00,false,,remote,full_time,mid,,,,simplify,https://simplify.jobs/p/d9b5beff-fe51-4dbb-acf0-fbfbd53b1556,,simplify,"[{""site"": ""simplify"", ""url"": ""https://simplify.jobs/p/d9b5beff-fe51-4dbb-acf0-fbfbd53b1556""}]",[],[],"{""location"": [""Remote; New Delhi, Delhi, India""]}",{},"{""location"": ""array_field""}",{}
https://simplify.jobs/p/fa17765b-d23b-42a4-aca9-694e601dfca2,Front End Developer - Ecommerce,Jobsbridge,"Los Angeles, CA, USA",,,,,,2026-09-04T07:24:02+00:00,2026-02-24T07:19:39+00:00,false,,onsite,full_time,,,,,simplify,https://simplify.jobs/p/fa17765b-d23b-42a4-aca9-694e601dfca2,,simplify,"[{""site"": ""simplify"", ""url"": ""https://simplify.jobs/p/fa17765b-d23b-42a4-aca9-694e601dfca2""}]",[],[],"{""location"": [""Los Angeles, CA, USA""]}",{},"{""location"": ""array_field""}",{}
https://simplify.jobs/p/6b79b65f-6321-47e1-ad97-fee1ff5d21af,Junior UI/UX Web Developer,Jobsbridge,"Remote; San Francisco, CA, USA",,,,,,2026-09-04T07:24:02+00:00,2026-02-24T07:18:31+00:00,false,,remote,full_time,junior,,,,simplify,https://simplify.jobs/p/6b79b65f-6321-47e1-ad97-fee1ff5d21af,,simplify,"[{""site"": ""simplify"", ""url"": ""https://simplify.jobs/p/6b79b65f-6321-47e1-ad97-fee1ff5d21af""}]",[],[],"{""location"": [""Remote; San Francisco, CA, USA""]}",{},"{""location"": ""array_field""}",{}
https://simplify.jobs/p/fcfb17ec-dfec-4f07-a81e-65b48ed40932,Senior Design Engineer - GM Design System,General Motors,"Remote; Austin, TX, USA",,,,,,2026-09-19T01:16:15+00:00,2026-09-18T00:00:00+00:00,false,,remote,full_time,senior,,,,simplify,https://simplify.jobs/p/fcfb17ec-dfec-4f07-a81e-65b48ed40932,,simplify,"[{""site"": ""simplify"", ""url"": ""https://simplify.jobs/p/fcfb17ec-dfec-4f07-a81e-65b48ed40932""}]",[],[],"{""location"": [""Remote; Austin, TX, USA""]}",{},"{""location"": ""array_field""}",{}
https://simplify.jobs/p/b0c3333b-cfd0-4d09-9605-7a1107e20978,Software Engineer - Front End,Aditude,Remote; Remote in USA,115000.0,135000.0,USD,,,2026-09-03T18:48:22+00:00,2026-06-11T09:06:53+00:00,false,,remote,full_time,junior,,,,simplify,https://simplify.jobs/p/b0c3333b-cfd0-4d09-9605-7a1107e20978,,simplify,"[{""site"": ""simplify"", ""url"": ""https://simplify.jobs/p/b0c3333b-cfd0-4d09-9605-7a1107e20978""}]",[],[],"{""location"": [""Remote; Remote in USA""]}",{},"{""location"": ""array_field""}",{}
https://simplify.jobs/p/25821482-b684-48c1-bf52-b501ff528b08,Front End Software Engineer - React/Next.js,Hang,"Remote; Los Angeles, CA, USA; Remote in USA; New York, NY, USA",,,,,,2026-09-03T17:09:30+00:00,2023-11-30T14:09:57+00:00,false,,remote,full_time,senior,,,,simplify,https://simplify.jobs/p/25821482-b684-48c1-bf52-b501ff528b08,,simplify,"[{""site"": ""simplify"", ""url"": ""https://simplify.jobs/p/25821482-b684-48c1-bf52-b501ff528b08""}]",[],[],"{""location"": [""Remote; Los Angeles, CA, USA; Remote in USA; New York, NY, USA""]}",{},"{""location"": ""array_field""}",{}
https://simplify.jobs/p/85ff87da-1556-4a12-93b5-069ff8768d58,Staff Software Engineer - Front End Web UI Platform,GitHub,Remote; Remote in USA,140400.0,372300.0,USD,,,2026-09-04T02:15:20+00:00,2026-08-12T22:48:43+00:00,false,,remote,full_time,,,,,simplify,https://simplify.jobs/p/85ff87da-1556-4a12-93b5-069ff8768d58,,simplify,"[{""site"": ""simplify"", ""url"": ""https://simplify.jobs/p/85ff87da-1556-4a12-93b5-069ff8768d58""}]",[],[],"{""location"": [""Remote; Remote in USA""]}",{},"{""location"": ""array_field""}",{}
https://simplify.jobs/p/8b763d9a-aed7-4aac-8223-87b136901a6f,Full Stack Developer - React,PricewaterhouseCoopers (PwC),"Remote; Bengaluru, Karnataka, India",,,,,,2026-09-15T14:24:02+00:00,2026-09-15T14:17:41+00:00,false,,remote,full_time,senior,,,,simplify,https://simplify.jobs/p/8b763d9a-aed7-4aac-8223-87b136901a6f,,simplify,"[{""site"": ""simplify"", ""url"": ""https://simplify.jobs/p/8b763d9a-aed7-4aac-8223-87b136901a6f""}]",[],[],"{""location"": [""Remote; Bengaluru, Karnataka, India""]}",{},"{""location"": ""array_field""}",{}
https://simplify.jobs/p/0184ca67-c76a-4e1d-b961-fa8af2056f53,Software Engineer 4,Netspend,"Remote; Austin, TX, USA",,,,,,2026-09-03T19:39:23+00:00,2026-07-15T09:11:28+00:00,false,,remote,full_time,mid,,,,simplify,https://simplify.jobs/p/0184ca67-c76a-4e1d-b961-fa8af2056f53,,simplify,"[{""site"": ""simplify"", ""url"": ""https://simplify.jobs/p/0184ca67-c76a-4e1d-b961-fa8af2056f53""}]",[],[],"{""location"": [""Remote; Austin, TX, USA""]}",{},"{""location"": ""array_field""}",{}
https://simplify.jobs/p/3ab387f8-6c53-4cc0-a77e-436a0b25bfdb,Design Engineer,Duvo,Remote; Remote in UK,,,,,,2026-09-03T20:21:27+00:00,2026-07-21T01:13:24+00:00,false,,remote,full_time,mid,,,,simplify,https://simplify.jobs/p/3ab387f8-6c53-4cc0-a77e-436a0b25bfdb,,simplify,"[{""site"": ""simplify"", ""url"": ""https://simplify.jobs/p/3ab387f8-6c53-4cc0-a77e-436a0b25bfdb""}]",[],[],"{""location"": [""Remote; Remote in UK""]}",{},"{""location"": ""array_field""}",{}
https://simplify.jobs/p/ad926adf-e8c6-4f49-b631-9f0a76a824e3,Angular Developer,Capgemini,"Remote; Valbonne, France",,,,,,2026-09-03T21:39:22+00:00,2026-08-03T06:09:57+00:00,false,,remote,full_time,mid,,,,simplify,https://simplify.jobs/p/ad926adf-e8c6-4f49-b631-9f0a76a824e3,,simplify,"[{""site"": ""simplify"", ""url"": ""https://simplify.jobs/p/ad926adf-e8c6-4f49-b631-9f0a76a824e3""}]",[],[],"{""location"": [""Remote; Valbonne, France""]}",{},"{""location"": ""array_field""}",{}
https://simplify.jobs/p/fc42dd30-8472-46fd-99b6-c7d3a833b048,Marketing Engineer,ZeroTier,Remote; Remote in USA,,,,,,2026-09-03T19:12:22+00:00,2026-07-03T01:07:11+00:00,false,,remote,full_time,mid,,,,simplify,https://simplify.jobs/p/fc42dd30-8472-46fd-99b6-c7d3a833b048,,simplify,"[{""site"": ""simplify"", ""url"": ""https://simplify.jobs/p/fc42dd30-8472-46fd-99b6-c7d3a833b048""}]",[],[],"{""location"": [""Remote; Remote in USA""]}",{},"{""location"": ""array_field""}",{}
https://simplify.jobs/p/cbb286d1-2407-4caa-a16f-9c378f5ad796,Staff Engineer,LaunchDarkly,Remote; Remote in USA,182600.0,295350.0,USD,,,2026-09-03T11:09:08+00:00,2026-08-21T01:27:38+00:00,false,,remote,full_time,,,,,simplify,https://simplify.jobs/p/cbb286d1-2407-4caa-a16f-9c378f5ad796,,simplify,"[{""site"": ""simplify"", ""url"": ""https://simplify.jobs/p/cbb286d1-2407-4caa-a16f-9c378f5ad796""}]",[],[],"{""location"": [""Remote; Remote in USA""]}",{},"{""location"": ""array_field""}",{}
https://simplify.jobs/p/5cef8aec-aaf7-4e9f-be9b-8f3cef55053f,Web Developer & Digital Marketing Specialist,Commence,"Remote; Virginia Beach, VA, USA",82000.0,95000.0,USD,,,2026-09-04T00:51:21+00:00,2026-07-27T20:03:04+00:00,false,,remote,full_time,mid,,,,simplify,https://simplify.jobs/p/5cef8aec-aaf7-4e9f-be9b-8f3cef55053f,,simplify,"[{""site"": ""simplify"", ""url"": ""https://simplify.jobs/p/5cef8aec-aaf7-4e9f-be9b-8f3cef55053f""}]",[],[],"{""location"": [""Remote; Virginia Beach, VA, USA""]}",{},"{""location"": ""array_field""}",{}
https://simplify.jobs/p/3368c3b1-54ab-4298-87c9-d16335f62245,Front End Engineer,Lyst,"Remote; London, UK",,,,,,2026-09-04T01:57:21+00:00,2026-08-12T01:10:23+00:00,false,,remote,full_time,mid,,,,simplify,https://simplify.jobs/p/3368c3b1-54ab-4298-87c9-d16335f62245,,simplify,"[{""site"": ""simplify"", ""url"": ""https://simplify.jobs/p/3368c3b1-54ab-4298-87c9-d16335f62245""}]",[],[],"{""location"": [""Remote; London, UK""]}",{},"{""location"": ""array_field""}",{}
https://simplify.jobs/p/248f8cd5-5ac3-4757-9f46-e27ec3ba8141,Senior Software Engineer - Community Builders,Reddit,Remote; Remote in USA,190800.0,267100.0,USD,,,2026-09-12T01:09:03+00:00,2026-09-12T01:08:00+00:00,false,,remote,full_time,senior,,,,simplify,https://simplify.jobs/p/248f8cd5-5ac3-4757-9f46-e27ec3ba8141,,simplify,"[{""site"": ""simplify"", ""url"": ""https://simplify.jobs/p/248f8cd5-5ac3-4757-9f46-e27ec3ba8141""}]",[],[],"{""location"": [""Remote; Remote in USA""]}",{},"{""location"": ""array_field""}",{}
https://simplify.jobs/p/cd19bac2-f9a6-440e-b0d3-774d062ca678,Staff Software Engineer - Ground Software,Relativity Space,"Long Beach, CA, USA",181000.0,271000.0,USD,,,2026-09-03T05:57:06+00:00,2026-09-03T02:20:09+00:00,false,,onsite,full_time,senior,,,,simplify,https://simplify.jobs/p/cd19bac2-f9a6-440e-b0d3-774d062ca678,,simplify,"[{""site"": ""simplify"", ""url"": ""https://simplify.jobs/p/cd19bac2-f9a6-440e-b0d3-774d062ca678""}]",[],[],"{""location"": [""Long Beach, CA, USA""]}",{},"{""location"": ""array_field""}",{}
https://simplify.jobs/p/430b415e-eb32-4faf-a51a-29e736ac0f12,Staff Design Engineer,Mixpanel,"Remote; San Francisco, CA, USA",236000.0,300000.0,USD,,,2026-09-18T01:09:04+00:00,2026-07-09T22:10:31+00:00,false,,remote,full_time,senior,,,,simplify,https://simplify.jobs/p/430b415e-eb32-4faf-a51a-29e736ac0f12,,simplify,"[{""site"": ""simplify"", ""url"": ""https://simplify.jobs/p/430b415e-eb32-4faf-a51a-29e736ac0f12""}]",[],[],"{""location"": [""Remote; San Francisco, CA, USA""]}",{},"{""location"": ""array_field""}",{}
https://simplify.jobs/p/367a2036-e627-46af-8675-8d5116e0c925,React Engineer,Air Apps,"Remote; Rome, Metropolitan City of Rome Capital, Italy",56000.0,70000.0,EUR,,,2026-09-03T18:21:22+00:00,2026-08-29T00:45:04+00:00,false,,remote,full_time,mid,,,,simplify,https://simplify.jobs/p/367a2036-e627-46af-8675-8d5116e0c925,,simplify,"[{""site"": ""simplify"", ""url"": ""https://simplify.jobs/p/367a2036-e627-46af-8675-8d5116e0c925""}]",[],[],"{""location"": [""Remote; Rome, Metropolitan City of Rome Capital, Italy""]}",{},"{""location"": ""array_field""}",{}
https://simplify.jobs/p/3b16d06d-7f1f-4b0b-be6c-382956b651a2,Senior Software Engineer - Prebid & Header Bidding,Freestar,Remote; Remote in USA,,,,,,2026-09-04T13:12:01+00:00,2026-09-01T22:54:33+00:00,false,,remote,full_time,mid | senior,,,,simplify,https://simplify.jobs/p/3b16d06d-7f1f-4b0b-be6c-382956b651a2,,simplify,"[{""site"": ""simplify"", ""url"": ""https://simplify.jobs/p/3b16d06d-7f1f-4b0b-be6c-382956b651a2""}]",[],[],"{""location"": [""Remote; Remote in USA""]}",{},"{""location"": ""array_field""}",{}
https://simplify.jobs/p/273d1f34-9340-44cd-9d3d-6ba970e5b23b,Front End Architect - EDS,Blue Acorn iCi,Remote; Remote in USA,150000.0,210000.0,USD,,,2026-09-03T23:39:21+00:00,2026-08-05T22:16:51+00:00,false,,remote,full_time,senior,,,,simplify,https://simplify.jobs/p/273d1f34-9340-44cd-9d3d-6ba970e5b23b,,simplify,"[{""site"": ""simplify"", ""url"": ""https://simplify.jobs/p/273d1f34-9340-44cd-9d3d-6ba970e5b23b""}]",[],[],"{""location"": [""Remote; Remote in USA""]}",{},"{""location"": ""array_field""}",{}
https://simplify.jobs/p/22712c58-62df-40b2-800e-3e5605324b77,Localization Web Developer,NinjaOne,"Remote; Washington, USA; Kansas, USA; Oregon, USA; California, USA; Austin, TX, USA; Connecticut, USA; Texas, USA; Tampa, FL, USA; Florida, USA; Georgia, USA; Tennessee, USA; Virginia, USA; Colorado, USA; New York, NY, USA; Maryland, USA; Maine, USA; Massachusetts, USA; North Carolina, USA; New Jersey, USA; Illinois, USA",65000.0,100000.0,USD,,,2026-09-11T15:24:01+00:00,2026-08-20T00:47:08+00:00,false,,remote,full_time,mid,,,,simplify,https://simplify.jobs/p/22712c58-62df-40b2-800e-3e5605324b77,,simplify,"[{""site"": ""simplify"", ""url"": ""https://simplify.jobs/p/22712c58-62df-40b2-800e-3e5605324b77""}]",[],[],"{""location"": [""Remote; Washington, USA; Kansas, USA; Oregon, USA; California, USA; Austin, TX, USA; Connecticut, USA; Texas, USA; Tampa, FL, USA; Florida, USA; Georgia, USA; Tennessee, USA; Virginia, USA; Colorado, USA; New York, NY, USA; Maryland, USA; Maine, USA; Massachusetts, USA; North Carolina, USA; New Jersey, USA; Illinois, USA""]}",{},"{""location"": ""array_field""}",{}
https://simplify.jobs/p/5d608544-33c7-4d3d-bacf-64143cf1e218,Senior Software Engineer - Frontend/React,Close,Remote; Remote in USA,,,,,,2026-09-04T07:12:12+00:00,2026-02-02T23:19:35+00:00,false,,remote,full_time,senior,,,,simplify,https://simplify.jobs/p/5d608544-33c7-4d3d-bacf-64143cf1e218,,simplify,"[{""site"": ""simplify"", ""url"": ""https://simplify.jobs/p/5d608544-33c7-4d3d-bacf-64143cf1e218""}]",[],[],"{""location"": [""Remote; Remote in USA""]}",{},"{""location"": ""array_field""}",{}
https://simplify.jobs/p/c24ef202-b003-468c-8e85-ee095b782d05,UI Developer,DellFor Technologies,"Remote; Port Washington, WI, USA",80000.0,80000.0,USD,,,2026-09-03T17:45:23+00:00,2026-02-20T15:12:28+00:00,false,,remote,full_time,mid | senior,,,,simplify,https://simplify.jobs/p/c24ef202-b003-468c-8e85-ee095b782d05,,simplify,"[{""site"": ""simplify"", ""url"": ""https://simplify.jobs/p/c24ef202-b003-468c-8e85-ee095b782d05""}]",[],[],"{""location"": [""Remote; Port Washington, WI, USA""]}",{},"{""location"": ""array_field""}",{}
https://simplify.jobs/p/0625e01b-2c15-4b27-81d8-e8d6bde67ac3,Staff/Lead Fullstack Engineer - Frontend-focused,Mimica,"Remote; London, UK; Barcelona, Spain; Remote in UK; Berlin, Germany; Dublin, Ireland",,,,,,2026-09-04T07:24:02+00:00,2026-02-16T23:17:13+00:00,false,,remote,full_time,senior,,,,simplify,https://simplify.jobs/p/0625e01b-2c15-4b27-81d8-e8d6bde67ac3,,simplify,"[{""site"": ""simplify"", ""url"": ""https://simplify.jobs/p/0625e01b-2c15-4b27-81d8-e8d6bde67ac3""}]",[],[],"{""location"": [""Remote; London, UK; Barcelona, Spain; Remote in UK; Berlin, Germany; Dublin, Ireland""]}",{},"{""location"": ""array_field""}",{}
https://simplify.jobs/p/90071811-d7c4-4712-a455-8d3507cc9574,Senior Full-Stack Engineer - Frontend-leaning - Platform Team,bunch,Remote; Remote in Spain,,,,,,2026-09-18T09:35:35+00:00,2026-09-18T09:33:00+00:00,false,,remote,full_time,senior,,,,simplify,https://simplify.jobs/p/90071811-d7c4-4712-a455-8d3507cc9574 | https://simplify.jobs/p/ada03275-0804-42a7-b0b1-086efe4fdd8e,,simplify,"[{""site"": ""simplify"", ""url"": ""https://simplify.jobs/p/90071811-d7c4-4712-a455-8d3507cc9574""}, {""site"": ""simplify"", ""url"": ""https://simplify.jobs/p/ada03275-0804-42a7-b0b1-086efe4fdd8e""}]",[],[],"{""location"": [""Remote; Remote in Spain""]}",{},"{""location"": ""array_field""}",{}
https://simplify.jobs/p/9dad8e51-617f-4b1d-affa-91ab60079013,Full Stack Developer - Frontend-Focused,Brafton,Remote,75000.0,80000.0,CAD,,,2026-09-15T22:25:22+00:00,2026-09-15T22:09:28+00:00,false,,remote,full_time,mid | senior,,,,simplify,https://simplify.jobs/p/9dad8e51-617f-4b1d-affa-91ab60079013,,simplify,"[{""site"": ""simplify"", ""url"": ""https://simplify.jobs/p/9dad8e51-617f-4b1d-affa-91ab60079013""}]",[],[],"{""location"": [""Remote""]}",{},"{""location"": ""array_field""}",{}
https://simplify.jobs/p/89e9e199-2584-4246-8c21-4aef5455eccf,Software Engineer 2 - Frontend-leaning,Turquoise Health,"Remote; San Diego, CA, USA",153000.0,170000.0,USD,,,2026-09-18T14:26:33+00:00,2026-09-18T14:21:59+00:00,false,,remote,full_time,mid,,,,simplify,https://simplify.jobs/p/89e9e199-2584-4246-8c21-4aef5455eccf,,simplify,"[{""site"": ""simplify"", ""url"": ""https://simplify.jobs/p/89e9e199-2584-4246-8c21-4aef5455eccf""}]",[],[],"{""location"": [""Remote; San Diego, CA, USA""]}",{},"{""location"": ""array_field""}",{}
https://simplify.jobs/p/bc785ae3-0257-4bca-92d1-d37a82f4e63b,Staff Software Engineer - Frontend-leaning Fullstack,Aptible,Remote; Remote in USA,211000.0,280000.0,USD,,,2026-09-04T09:42:02+00:00,2026-07-21T01:18:05+00:00,false,,remote,full_time,senior,,,,simplify,https://simplify.jobs/p/bc785ae3-0257-4bca-92d1-d37a82f4e63b,,simplify,"[{""site"": ""simplify"", ""url"": ""https://simplify.jobs/p/bc785ae3-0257-4bca-92d1-d37a82f4e63b""}]",[],[],"{""location"": [""Remote; Remote in USA""]}",{},"{""location"": ""array_field""}",{}
https://jobright.ai/jobs/info/6a666fd85c7e2d715ebb3755?page=1&visit=frontend-jobs-in-united-states,[Remote] Senior Frontend Engineer (Performance),"Multi Media, LLC",Remote; USA,180000.0,215000.0,USD,year,,,2026-09-19 00:08:22,false,,remote,full_time,,,,,jobright,https://jobright.ai/jobs/info/6a666fd85c7e2d715ebb3755?page=1&visit=frontend-jobs-in-united-states,2026-10-19T00:08:22,jobright,"[{""site"": ""jobright"", ""url"": ""https://jobright.ai/jobs/info/6a666fd85c7e2d715ebb3755?page=1&visit=frontend-jobs-in-united-states""}]",[],"[""https://multimediallc.com/""]","{""location"": [""Remote; USA""]}",{},"{""location"": ""array_field""}",{}
https://jobright.ai/jobs/info/6aad887f3d96632d741ae83d?page=1&visit=frontend-jobs-in-united-states,"[Remote] Senior Software Engineer, Frontend",Paperless Post,Remote; USA,152000.0,185000.0,USD,year,,,2026-09-18 19:49:08,false,,remote,full_time,,,,,jobright,https://jobright.ai/jobs/info/6aad887f3d96632d741ae83d?page=1&visit=frontend-jobs-in-united-states,2026-10-18T19:49:08,jobright,"[{""site"": ""jobright"", ""url"": ""https://jobright.ai/jobs/info/6aad887f3d96632d741ae83d?page=1&visit=frontend-jobs-in-united-states""}]",[],"[""http://paperlesspost.com""]","{""location"": [""Remote; USA""]}",{},"{""location"": ""array_field""}",{}
https://jobright.ai/jobs/info/6aad97610ebc8fb2313ea771?page=1&visit=frontend-jobs-in-united-states,[Remote] Frontend Architect (React/React-Native),Atos,Remote; USA,,,,,,,2026-09-18 19:56:17,false,,remote,full_time,,,,,jobright,https://jobright.ai/jobs/info/6aad97610ebc8fb2313ea771?page=1&visit=frontend-jobs-in-united-states,2026-10-18T19:56:17,jobright,"[{""site"": ""jobright"", ""url"": ""https://jobright.ai/jobs/info/6aad97610ebc8fb2313ea771?page=1&visit=frontend-jobs-in-united-states""}]",[],"[""http://atos.net""]","{""location"": [""Remote; USA""]}",{},"{""location"": ""array_field""}",{}
https://www.ycombinator.com/companies/bluecargo/jobs/4UzRNNM-senior-staff-backend-engineer,Senior/Staff Backend Engineer,BlueCargo,Remote; US,160000.0,220000.0,USD,year,,,2026-03-10T20:29:46Z,false,,remote,full_time,,,,,yc,https://www.ycombinator.com/companies/bluecargo/jobs/4UzRNNM-senior-staff-backend-engineer,,yc,"[{""site"": ""yc"", ""url"": ""https://www.ycombinator.com/companies/bluecargo/jobs/4UzRNNM-senior-staff-backend-engineer""}]","[""https://www.ycombinator.com/apply"", ""https://account.ycombinator.com/authenticate?continue=https%3A%2F%2Fwww.workatastartup.com%2Fapplication%3Fsignup_job_id%3D91866&defaults%5BsignUpActive%5D=true&defaults%5Bwaas_company%5D=1969""]","[""http://www.bluecargo.io/""]","{""location"": [""Remote; US""]}",{},"{""location"": ""array_field""}",{}
https://www.ycombinator.com/companies/jiga/jobs/LNl0tsy-full-stack-product-engineer-remote-us,Full Stack Product Engineer - Remote/US,Jiga,Remote; IL,110000.0,200000.0,USD,year,,,2026-08-25T16:54:04Z,false,,remote,full_time,,,,,yc,https://www.ycombinator.com/companies/jiga/jobs/LNl0tsy-full-stack-product-engineer-remote-us,,yc,"[{""site"": ""yc"", ""url"": ""https://www.ycombinator.com/companies/jiga/jobs/LNl0tsy-full-stack-product-engineer-remote-us""}]","[""https://www.ycombinator.com/apply"", ""https://account.ycombinator.com/authenticate?continue=https%3A%2F%2Fwww.workatastartup.com%2Fapplication%3Fsignup_job_id%3D106448&defaults%5BsignUpActive%5D=true&defaults%5Bwaas_company%5D=23440""]","[""https://jiga.io""]","{""location"": [""Remote; IL""]}",{},"{""location"": ""array_field""}",{}
https://www.ycombinator.com/companies/onechronos/jobs/AWrXrPs-engineering-manager,Engineering Manager,OneChronos,Remote; US,200000.0,250000.0,USD,year,,,2025-12-05T20:21:01Z,false,,remote,full_time,,,,,yc,https://www.ycombinator.com/companies/onechronos/jobs/AWrXrPs-engineering-manager,,yc,"[{""site"": ""yc"", ""url"": ""https://www.ycombinator.com/companies/onechronos/jobs/AWrXrPs-engineering-manager""}]","[""https://www.ycombinator.com/apply"", ""https://account.ycombinator.com/authenticate?continue=https%3A%2F%2Fwww.workatastartup.com%2Fapplication%3Fsignup_job_id%3D86586&defaults%5BsignUpActive%5D=true&defaults%5Bwaas_company%5D=1226""]","[""https://www.onechronos.com/""]","{""location"": [""Remote; US""]}",{},"{""location"": ""array_field""}",{}
https://www.ycombinator.com/companies/curri/jobs/Pc2wWok-staff-software-engineer,Staff Software Engineer,Curri,Remote; US,210000.0,300000.0,USD,year,,,2026-09-01T21:30:02Z,false,,remote,full_time,,,,,yc,https://www.ycombinator.com/companies/curri/jobs/Pc2wWok-staff-software-engineer,,yc,"[{""site"": ""yc"", ""url"": ""https://www.ycombinator.com/companies/curri/jobs/Pc2wWok-staff-software-engineer""}]","[""https://www.ycombinator.com/apply"", ""https://account.ycombinator.com/authenticate?continue=https%3A%2F%2Fwww.workatastartup.com%2Fapplication%3Fsignup_job_id%3D107496&defaults%5BsignUpActive%5D=true&defaults%5Bwaas_company%5D=12850""]","[""http://www.curri.com""]","{""location"": [""Remote; US""]}",{},"{""location"": ""array_field""}",{}
https://builtin.com/job/software-engineer-i-frontend-upfunnel/11145185,"Software Engineer I, Frontend (Upfunnel)",Affirm,Remote; CAN,,,,,,,2026-09-11,false,,remote,full_time,,,,,builtin,https://builtin.com/job/software-engineer-i-frontend-upfunnel/11145185,2026-10-11T22:30:15+00:00,builtin,"[{""site"": ""builtin"", ""url"": ""https://builtin.com/job/software-engineer-i-frontend-upfunnel/11145185""}]",[],[],"{""location"": [""Remote; CAN""]}",{},"{""location"": ""array_field""}",{}
https://builtin.com/job/senior-software-engineer-frontend-auth-experiences/11114748,"Senior Software Engineer, Frontend (Auth Experiences)",Affirm,Remote; CAN,,,,,,,2026-09-10,false,,remote,full_time,,,,,builtin,https://builtin.com/job/senior-software-engineer-frontend-auth-experiences/11114748,2026-10-10T18:31:56+00:00,builtin,"[{""site"": ""builtin"", ""url"": ""https://builtin.com/job/senior-software-engineer-frontend-auth-experiences/11114748""}]",[],[],"{""location"": [""Remote; CAN""]}",{},"{""location"": ""array_field""}",{}
https://builtin.com/job/senior-software-engineer-frontend-app-experience/10808823,"Senior Software Engineer, Frontend (App Experience)",Affirm,Remote; CAN,153000.0,213000.0,CAD,,"$153,000 - $213,000 CAD",,2026-08-22,false,,remote,full_time,,,,,builtin,https://builtin.com/job/senior-software-engineer-frontend-app-experience/10808823,2026-09-21T19:30:30+00:00,builtin,"[{""site"": ""builtin"", ""url"": ""https://builtin.com/job/senior-software-engineer-frontend-app-experience/10808823""}]",[],[],"{""location"": [""Remote; CAN""]}",{},"{""location"": ""array_field""}",{}
https://builtin.com/job/front-end-engineer/9352293,Front-end Engineer,NetNow,Remote; CAN; USA,,,,,,,2026-09-17,false,,remote,full_time,,,,,builtin,https://builtin.com/job/front-end-engineer/9352293,2026-10-17T08:32:05+00:00,builtin,"[{""site"": ""builtin"", ""url"": ""https://builtin.com/job/front-end-engineer/9352293""}]",[],[],"{""location"": [""Remote; CAN"", ""Remote; USA""]}",{},"{""location"": ""array_field""}",{}
https://builtin.com/job/staff-frontend-engineer-grafana-dataviz-canada-remote/11211950,Staff Frontend Engineer - Grafana DataViz | Canada | Remote,Grafana Labs,Remote; CAN,186368.0,223642.0,CAD,,"$186,368 - $223,642 CAD",,2026-09-16,false,,remote,full_time,,,,,builtin,https://builtin.com/job/staff-frontend-engineer-grafana-dataviz-canada-remote/11211950,2026-10-16T18:06:55+00:00,builtin,"[{""site"": ""builtin"", ""url"": ""https://builtin.com/job/staff-frontend-engineer-grafana-dataviz-canada-remote/11211950""}]",[],[],"{""location"": [""Remote; CAN""]}",{},"{""location"": ""array_field""}",{}
https://builtin.com/job/staff-software-developer-front-end-technologies/11128167,"Staff Software Developer, Front End Technologies",Kinaxis,Remote; CAN,,,,,,,2026-09-11,false,,remote,full_time,,,,,builtin,https://builtin.com/job/staff-software-developer-front-end-technologies/11128167,2026-10-11T11:08:13+00:00,builtin,"[{""site"": ""builtin"", ""url"": ""https://builtin.com/job/staff-software-developer-front-end-technologies/11128167""}]",[],[],"{""location"": [""Remote; CAN""]}",{},"{""location"": ""array_field""}",{}
https://builtin.com/job/staff-frontend-engineer/11026762,Staff Frontend Engineer,ClickUp,Remote; CAN,,,,,,,2026-09-04,false,,remote,full_time,,,,,builtin,https://builtin.com/job/staff-frontend-engineer/11026762,2026-10-04T20:17:43+00:00,builtin,"[{""site"": ""builtin"", ""url"": ""https://builtin.com/job/staff-frontend-engineer/11026762""}]",[],[],"{""location"": [""Remote; CAN""]}",{},"{""location"": ""array_field""}",{}
https://builtin.com/job/senior-frontend-engineer/11026760,Senior Frontend Engineer,ClickUp,Remote; CAN,,,,,,,2026-09-04,false,,remote,full_time,,,,,builtin,https://builtin.com/job/senior-frontend-engineer/11026760,2026-10-04T20:17:39+00:00,builtin,"[{""site"": ""builtin"", ""url"": ""https://builtin.com/job/senior-frontend-engineer/11026760""}]",[],[],"{""location"": [""Remote; CAN""]}",{},"{""location"": ""array_field""}",{}
https://builtin.com/job/principal-frontend-engineer/11026755,Principal Frontend Engineer,ClickUp,Remote; CAN,,,,,,,2026-09-04,false,,remote,full_time,,,,,builtin,https://builtin.com/job/principal-frontend-engineer/11026755,2026-10-04T20:17:20+00:00,builtin,"[{""site"": ""builtin"", ""url"": ""https://builtin.com/job/principal-frontend-engineer/11026755""}]",[],[],"{""location"": [""Remote; CAN""]}",{},"{""location"": ""array_field""}",{}
https://builtin.com/job/senior-front-end-engineer/9723368,Senior Front End Engineer,Secta Labs,Remote; CAN; USA,,,,,,,2026-08-27,false,,remote,full_time,,,,,builtin,https://builtin.com/job/senior-front-end-engineer/9723368,2026-09-26T19:30:33+00:00,builtin,"[{""site"": ""builtin"", ""url"": ""https://builtin.com/job/senior-front-end-engineer/9723368""}]",[],[],"{""location"": [""Remote; CAN"", ""Remote; USA""]}",{},"{""location"": ""array_field""}",{}
https://builtin.com/job/tech-lead-frontend-platform-team/7891949,Tech Lead – Frontend Platform Team,Xsolla,Remote; CAN,,,,,,,2026-08-22,false,,remote,full_time,,,,,builtin,https://builtin.com/job/tech-lead-frontend-platform-team/7891949,2026-09-21T00:26:32+00:00,builtin,"[{""site"": ""builtin"", ""url"": ""https://builtin.com/job/tech-lead-frontend-platform-team/7891949""}]",[],[],"{""location"": [""Remote; CAN""]}",{},"{""location"": ""array_field""}",{}
https://builtin.com/job/frontend-web-developer/9080758,Frontend Web Developer,Air Apps,Remote; CAN,,,,,,,2026-08-22,false,,remote,full_time,,Conflicting valid_through across sites,,,builtin,https://builtin.com/job/frontend-web-developer/9080758 | https://builtin.com/job/frontend-web-developer/9071314,,builtin,"[{""site"": ""builtin"", ""url"": ""https://builtin.com/job/frontend-web-developer/9080758""}, {""site"": ""builtin"", ""url"": ""https://builtin.com/job/frontend-web-developer/9071314""}]",[],[],"{""location"": [""Remote; CAN""]}",{},"{""location"": ""array_field""}",{}
https://builtin.com/job/senior-frontend-software-developer/9589730,Senior Frontend Software Developer,Xsolla,Remote; CAN,,,,,,,2026-08-22,false,,remote,full_time,,,,,builtin,https://builtin.com/job/senior-frontend-software-developer/9589730,2026-09-21T00:26:32+00:00,builtin,"[{""site"": ""builtin"", ""url"": ""https://builtin.com/job/senior-frontend-software-developer/9589730""}]",[],[],"{""location"": [""Remote; CAN""]}",{},"{""location"": ""array_field""}",{}
https://builtin.com/job/frontend-engineer/3741257,Frontend Engineer,Ritual.net,Remote; CAN,,,,,,,2026-08-22,false,,remote,full_time,,,,,builtin,https://builtin.com/job/frontend-engineer/3741257,2026-09-21T00:19:53+00:00,builtin,"[{""site"": ""builtin"", ""url"": ""https://builtin.com/job/frontend-engineer/3741257""}]",[],[],"{""location"": [""Remote; CAN""]}",{},"{""location"": ""array_field""}",{}
https://builtin.com/job/senior-frontend-engineer/10763573,Senior Frontend Engineer (Analytics Product Lead),CMG (Capital Markets Gateway),Remote; CAN,40.0,,,,$40,,2026-08-20,false,,remote,full_time,,,,,builtin,https://builtin.com/job/senior-frontend-engineer/10763573,2026-09-19T17:11:18+00:00,builtin,"[{""site"": ""builtin"", ""url"": ""https://builtin.com/job/senior-frontend-engineer/10763573""}]",[],[],"{""location"": [""Remote; CAN""]}",{},"{""location"": ""array_field""}",{}
https://rolesweep.com/jobs/e851d891c14631225eb7dfb6e3743170-sr-software-engineer-fullstack-frontend,"Sr. Software Engineer, (Fullstack/Frontend)","Sr. Software Engineer, (Fullstack/Frontend) Seen 10h ago Hims & Hers",US Remote,170000.0,190000.0,,,$170K - $190K,,,,,remote,full_time,,,,,rolesweep,https://rolesweep.com/jobs/e851d891c14631225eb7dfb6e3743170-sr-software-engineer-fullstack-frontend,,rolesweep,"[{""site"": ""rolesweep"", ""url"": ""https://rolesweep.com/jobs/e851d891c14631225eb7dfb6e3743170-sr-software-engineer-fullstack-frontend""}]",[],[],"{""location"": [""US Remote""]}",{},"{""location"": ""array_field""}",{}
https://rolesweep.com/jobs/19c6bed1992192d7dad3ba51d20c22d9-senior-frontend-software-engineer-consumer-engineering,"Senior Frontend Software Engineer, Consumer Engineering","Senior Frontend Software Engineer, Consumer Engineering Seen 2d ago Reddit",Remote - United States,190800.0,267100.0,USD,,"$190,800 - $267,100 USD",,,,,remote,full_time,,,,,rolesweep,https://rolesweep.com/jobs/19c6bed1992192d7dad3ba51d20c22d9-senior-frontend-software-engineer-consumer-engineering,,rolesweep,"[{""site"": ""rolesweep"", ""url"": ""https://rolesweep.com/jobs/19c6bed1992192d7dad3ba51d20c22d9-senior-frontend-software-engineer-consumer-engineering""}]",[],[],"{""location"": [""Remote - United States""]}",{},"{""location"": ""array_field""}",{}
https://rolesweep.com/jobs/c9fd7345592035feab44cb366b091fd6-software-development-engineer-ii-frontend-opportunities,Software Development Engineer II (Frontend) - Opportunities,Software Development Engineer II (Frontend) - Opportunities Seen 2d ago HighLevel,India,,,,,,,,,,remote,full_time,,,,,rolesweep,https://rolesweep.com/jobs/c9fd7345592035feab44cb366b091fd6-software-development-engineer-ii-frontend-opportunities,,rolesweep,"[{""site"": ""rolesweep"", ""url"": ""https://rolesweep.com/jobs/c9fd7345592035feab44cb366b091fd6-software-development-engineer-ii-frontend-opportunities""}]",[],[],"{""location"": [""India""]}",{},"{""location"": ""array_field""}",{}
https://rolesweep.com/jobs/33e815eab0f98a02088f2050575ff0a2-sde-1-frontend,SDE - 1 Frontend,SDE - 1 Frontend Seen 3d ago FloBiz,"Bengaluru, India",,,,,,,,,,remote,full_time,,,,,rolesweep,https://rolesweep.com/jobs/33e815eab0f98a02088f2050575ff0a2-sde-1-frontend,,rolesweep,"[{""site"": ""rolesweep"", ""url"": ""https://rolesweep.com/jobs/33e815eab0f98a02088f2050575ff0a2-sde-1-frontend""}]",[],[],"{""location"": [""Bengaluru, India""]}",{},"{""location"": ""array_field""}",{}
https://rolesweep.com/jobs/e4a7d5cd11aad22c69348450dfc78a21-software-development-engineer-ii-frontend-contacts,Software Development Engineer II (Frontend) - Contacts,Software Development Engineer II (Frontend) - Contacts Seen 3d ago HighLevel,India,,,,,,,,,,remote,full_time,,,,,rolesweep,https://rolesweep.com/jobs/e4a7d5cd11aad22c69348450dfc78a21-software-development-engineer-ii-frontend-contacts,,rolesweep,"[{""site"": ""rolesweep"", ""url"": ""https://rolesweep.com/jobs/e4a7d5cd11aad22c69348450dfc78a21-software-development-engineer-ii-frontend-contacts""}]",[],[],"{""location"": [""India""]}",{},"{""location"": ""array_field""}",{}
https://rolesweep.com/jobs/f2f9c08b2d638369bc56ae937b5ebb57-software-development-engineer-ii-frontend-tasks,Software Development Engineer II (Frontend) - Tasks,Software Development Engineer II (Frontend) - Tasks Seen 3d ago HighLevel,India,,,,,,,,,,remote,full_time,,,,,rolesweep,https://rolesweep.com/jobs/f2f9c08b2d638369bc56ae937b5ebb57-software-development-engineer-ii-frontend-tasks,,rolesweep,"[{""site"": ""rolesweep"", ""url"": ""https://rolesweep.com/jobs/f2f9c08b2d638369bc56ae937b5ebb57-software-development-engineer-ii-frontend-tasks""}]",[],[],"{""location"": [""India""]}",{},"{""location"": ""array_field""}",{}
https://rolesweep.com/jobs/ea056fb9a8209078674d1e7069029ecd-senior-frontend-engineer-home-experience,"Senior Frontend Engineer, Home Experience","Senior Frontend Engineer, Home Experience Seen 7d ago Reddit",Remote - United States,190800.0,267100.0,USD,,"$190,800 - $267,100 USD",,,,,remote,full_time,,,,,rolesweep,https://rolesweep.com/jobs/ea056fb9a8209078674d1e7069029ecd-senior-frontend-engineer-home-experience,,rolesweep,"[{""site"": ""rolesweep"", ""url"": ""https://rolesweep.com/jobs/ea056fb9a8209078674d1e7069029ecd-senior-frontend-engineer-home-experience""}]",[],[],"{""location"": [""Remote - United States""]}",{},"{""location"": ""array_field""}",{}
https://rolesweep.com/jobs/a9995b2966e32faf442708301511205c-software-engineer-i-frontend-upfunnel,"Software Engineer I, Frontend (Upfunnel)","Software Engineer I, Frontend (Upfunnel) Seen 7d ago Affirm",Remote Canada,,,,,,,,,,remote,full_time,,,,,rolesweep,https://rolesweep.com/jobs/a9995b2966e32faf442708301511205c-software-engineer-i-frontend-upfunnel,,rolesweep,"[{""site"": ""rolesweep"", ""url"": ""https://rolesweep.com/jobs/a9995b2966e32faf442708301511205c-software-engineer-i-frontend-upfunnel""}]",[],[],"{""location"": [""Remote Canada""]}",{},"{""location"": ""array_field""}",{}
https://rolesweep.com/jobs/e6502f4ac563e5dcd17c461c6ef4ed45-frontend-engineer-ads,"Frontend Engineer, Ads","Frontend Engineer, Ads Seen 8d ago Reddit",Remote - United States,164200.0,229900.0,USD,,"$164,200 - $229,900 USD",,,,,remote,full_time,,,,,rolesweep,https://rolesweep.com/jobs/e6502f4ac563e5dcd17c461c6ef4ed45-frontend-engineer-ads,,rolesweep,"[{""site"": ""rolesweep"", ""url"": ""https://rolesweep.com/jobs/e6502f4ac563e5dcd17c461c6ef4ed45-frontend-engineer-ads""}]",[],[],"{""location"": [""Remote - United States""]}",{},"{""location"": ""array_field""}",{}
https://rolesweep.com/jobs/99d407cc29ca5c134d8666e633f09058-senior-software-engineer-frontend-auth-experiences,"Senior Software Engineer, Frontend (Auth Experiences)","Senior Software Engineer, Frontend (Auth Experiences) Seen 8d ago Affirm",Remote US,,,,,,,,,,remote,full_time,,,,,rolesweep,https://rolesweep.com/jobs/99d407cc29ca5c134d8666e633f09058-senior-software-engineer-frontend-auth-experiences,,rolesweep,"[{""site"": ""rolesweep"", ""url"": ""https://rolesweep.com/jobs/99d407cc29ca5c134d8666e633f09058-senior-software-engineer-frontend-auth-experiences""}]",[],[],"{""location"": [""Remote US""]}",{},"{""location"": ""array_field""}",{}
https://rolesweep.com/jobs/0f24bb16c8d8844669672bc0bf2b4152-senior-software-engineer-frontend-auth-experiences,"Senior Software Engineer, Frontend (Auth Experiences)","Senior Software Engineer, Frontend (Auth Experiences) Seen 9d ago Affirm",Remote Canada,,,,,,,,,,remote,full_time,,,,,rolesweep,https://rolesweep.com/jobs/0f24bb16c8d8844669672bc0bf2b4152-senior-software-engineer-frontend-auth-experiences,,rolesweep,"[{""site"": ""rolesweep"", ""url"": ""https://rolesweep.com/jobs/0f24bb16c8d8844669672bc0bf2b4152-senior-software-engineer-frontend-auth-experiences""}]",[],[],"{""location"": [""Remote Canada""]}",{},"{""location"": ""array_field""}",{}
https://rolesweep.com/jobs/f64e05b36b89a0c8ba68737f42a118ae-principal-frontend-software-engineer,Principal Frontend Software Engineer,Principal Frontend Software Engineer Seen 9d ago Atlassian,"Sydney, Australia, Sydney,  2000 Australia | Remote",,,,,,,,,,hybrid,full_time,,,,,rolesweep,https://rolesweep.com/jobs/f64e05b36b89a0c8ba68737f42a118ae-principal-frontend-software-engineer,,rolesweep,"[{""site"": ""rolesweep"", ""url"": ""https://rolesweep.com/jobs/f64e05b36b89a0c8ba68737f42a118ae-principal-frontend-software-engineer""}]",[],[],"{""location"": [""Sydney, Australia, Sydney, 2000 Australia | Remote""]}",{},"{""location"": ""array_field""}",{}
https://rolesweep.com/jobs/9492a6ae59756afead07aa9738d97193-software-development-engineer-ii-frontend,Software Development Engineer II - Frontend,Software Development Engineer II - Frontend Seen 10d ago HighLevel,India,,,,,,,,,,remote,full_time,,,,,rolesweep,https://rolesweep.com/jobs/9492a6ae59756afead07aa9738d97193-software-development-engineer-ii-frontend,,rolesweep,"[{""site"": ""rolesweep"", ""url"": ""https://rolesweep.com/jobs/9492a6ae59756afead07aa9738d97193-software-development-engineer-ii-frontend""}]",[],[],"{""location"": [""India""]}",{},"{""location"": ""array_field""}",{}
https://rolesweep.com/jobs/6ab125f335ab912831122ea86b267cbb-confluent-senior-frontend-engineer-i,Confluent - Senior Frontend Engineer I,Confluent - Senior Frontend Engineer I Seen 12d ago IBM,"Bengaluru, IN",,,,,,,,,,remote,full_time,,,,,rolesweep,https://rolesweep.com/jobs/6ab125f335ab912831122ea86b267cbb-confluent-senior-frontend-engineer-i,,rolesweep,"[{""site"": ""rolesweep"", ""url"": ""https://rolesweep.com/jobs/6ab125f335ab912831122ea86b267cbb-confluent-senior-frontend-engineer-i""}]",[],[],"{""location"": [""Bengaluru, IN""]}",{},"{""location"": ""array_field""}",{}
https://rolesweep.com/jobs/21fef2733077accf6a19ec2a5825350d-technical-leader-frontend-security-innovation,"Technical Leader, Frontend, Security Innovation","Technical Leader, Frontend, Security Innovation Seen 16d ago Cisco Systems","San Jose, California, United States of America",186900.0,267700.0,,,"$186,900.00 - $267,700.00",,,,,remote,full_time,,,,,rolesweep,https://rolesweep.com/jobs/21fef2733077accf6a19ec2a5825350d-technical-leader-frontend-security-innovation,,rolesweep,"[{""site"": ""rolesweep"", ""url"": ""https://rolesweep.com/jobs/21fef2733077accf6a19ec2a5825350d-technical-leader-frontend-security-innovation""}]",[],[],"{""location"": [""San Jose, California, United States of America""]}",{},"{""location"": ""array_field""}",{}
https://rolesweep.com/jobs/b65d35797feea12507a4cd3d725c234c-senior-frontend-engineer-ads-creative,"Senior Frontend Engineer, Ads Creative","Senior Frontend Engineer, Ads Creative Seen 16d ago Reddit",Remote - United States,190800.0,267100.0,USD,,"$190,800 - $267,100 USD",,,,,remote,full_time,,,,,rolesweep,https://rolesweep.com/jobs/b65d35797feea12507a4cd3d725c234c-senior-frontend-engineer-ads-creative,,rolesweep,"[{""site"": ""rolesweep"", ""url"": ""https://rolesweep.com/jobs/b65d35797feea12507a4cd3d725c234c-senior-frontend-engineer-ads-creative""}]",[],[],"{""location"": [""Remote - United States""]}",{},"{""location"": ""array_field""}",{}
https://www.linkedin.com/posts/mekala-rani-978266321_home-activity-7506059354400272384-OoOA,Python Full Stack Developer,DataEdge,Remote,,,,,,2026-09-16T19:01:21.497+00:00,2026-09-16T18:40:05.928+00:00,,,remote,,,Apply via recruiter (email),,,backchannel,https://www.linkedin.com/posts/mekala-rani-978266321_home-activity-7506059354400272384-OoOA,,backchannel,"[{""site"": ""backchannel"", ""url"": ""https://www.linkedin.com/posts/mekala-rani-978266321_home-activity-7506059354400272384-OoOA""}]",[],[],"{""location"": [""Remote""]}",{},"{""location"": ""array_field""}",{}
https://www.linkedin.com/posts/kirti-a22372413_hiring-fullstackaiengineer-aiengineer-activity-7498486762344734720-5b54,Full Stack AI Engineer,Cynosure Technologies,Remote,,,,,,2026-08-27T13:53:39.118+00:00,2026-08-26T21:09:19.29+00:00,,,remote,,,Apply via recruiter (email),,,backchannel,https://www.linkedin.com/posts/kirti-a22372413_hiring-fullstackaiengineer-aiengineer-activity-7498486762344734720-5b54,,backchannel,"[{""site"": ""backchannel"", ""url"": ""https://www.linkedin.com/posts/kirti-a22372413_hiring-fullstackaiengineer-aiengineer-activity-7498486762344734720-5b54""}]",[],[],"{""location"": [""Remote""]}",{},"{""location"": ""array_field""}",{}
https://www.linkedin.com/posts/akansh-sharma-166a82330_hiring-angulardeveloper-angular-activity-7496604003779260417-zHND,Angular Frontend Developer – Agentic AI,Jconnect Infotech,Remote,,,,,,2026-08-26T13:51:32.676+00:00,2026-08-21T16:27:54.668+00:00,,,remote,,,Apply via recruiter (email: Akansh.s@Jconnectinc.com),,,backchannel,https://www.linkedin.com/posts/akansh-sharma-166a82330_hiring-angulardeveloper-angular-activity-7496604003779260417-zHND,,backchannel,"[{""site"": ""backchannel"", ""url"": ""https://www.linkedin.com/posts/akansh-sharma-166a82330_hiring-angulardeveloper-angular-activity-7496604003779260417-zHND""}]",[],[],"{""location"": [""Remote""]}",{},"{""location"": ""array_field""}",{}
https://news.ycombinator.com/item?id=49538758,Frontend Engineer,Matcha.fm,FULLY REMOTE (US / Canada / Europe / UK / Brazil / LATAM),,,,,,,2026-09-02T16:33:51Z,,,remote,,,,,,hn,https://news.ycombinator.com/item?id=49538758,,hn,"[{""site"": ""hn"", ""url"": ""https://news.ycombinator.com/item?id=49538758""}]","[""https://matcha.fm"", ""https://matcha.fm/apply/fse"", ""https://matcha.fm/apply/marketing"", ""https://matcha.fm/apply/be"", ""https://matcha.fm/apply/ai"", ""https://matcha.fm/apply/design""]",[],"{""location"": [""FULLY REMOTE (US / Canada / Europe / UK / Brazil / LATAM)""]}",{},"{""location"": ""array_field""}",{}
https://news.ycombinator.com/item?id=49530116,frontend,Mattermost,Remote (US and Canada),,,,,,,2026-09-02T00:12:24Z,,,remote,,,,,,hn,https://news.ycombinator.com/item?id=49530116,,hn,"[{""site"": ""hn"", ""url"": ""https://news.ycombinator.com/item?id=49530116""}]","[""https://mattermost.com"", ""https://github.com/mattermost/mattermost"", ""https://job-boards.greenhouse.io/mattermost/jobs/5379251008"", ""https://job-boards.greenhouse.io/mattermost/jobs/5405811008"", ""https://job-boards.greenhouse.io/mattermost""]",[],"{""location"": [""Remote (US and Canada)""]}",{},"{""location"": ""array_field""}",{}
https://jobs.a16z.com/jobs/anduril-industries/5147775007--frontend-software-engineer,Frontend Software Engineer,Anduril,"Costa Mesa, California, United States",129000.0,220000.0,USD,,"USD 129,000–220,000",,2026-06-30T00:06:45.000Z,,,,,,,,,a16z,https://jobs.a16z.com/jobs/anduril-industries/5147775007--frontend-software-engineer,,a16z,"[{""site"": ""a16z"", ""url"": ""https://jobs.a16z.com/jobs/anduril-industries/5147775007--frontend-software-engineer""}]","[""https://boards.greenhouse.io/andurilindustries/jobs/5147775007?gh_jid=5147775007""]",[],"{""location"": [""Costa Mesa, California, United States""]}",{},"{""location"": ""array_field""}",{}
https://jobs.a16z.com/jobs/whatnot/9ee3251c-b48a-41e2-bad9-ca60ea10f0a8--senior-frontend-engineer-china,Senior Frontend Engineer - China,Whatnot,Remote; China,,,,,,,2026-09-18T21:43:32.035Z,false,,remote,full_time,,,,,a16z,https://jobs.a16z.com/jobs/whatnot/9ee3251c-b48a-41e2-bad9-ca60ea10f0a8--senior-frontend-engineer-china,,a16z,"[{""site"": ""a16z"", ""url"": ""https://jobs.a16z.com/jobs/whatnot/9ee3251c-b48a-41e2-bad9-ca60ea10f0a8--senior-frontend-engineer-china""}]","[""https://jobs.ashbyhq.com/whatnot/9ee3251c-b48a-41e2-bad9-ca60ea10f0a8/application""]",[],"{""location"": [""Remote; China""]}",{},"{""location"": ""array_field""}",{}
https://jobs.a16z.com/jobs/phantom/e7b83c02-55c2-4037-9209-93deb3b7492c--senior-software-engineer-frontend,"Senior Software Engineer, Frontend",Phantom,Remote; Remote,150.0,,,,$150,,2025-11-12T00:11:58.493Z,false,,remote,full_time,,,,,a16z,https://jobs.a16z.com/jobs/phantom/e7b83c02-55c2-4037-9209-93deb3b7492c--senior-software-engineer-frontend,,a16z,"[{""site"": ""a16z"", ""url"": ""https://jobs.a16z.com/jobs/phantom/e7b83c02-55c2-4037-9209-93deb3b7492c--senior-software-engineer-frontend""}]","[""https://jobs.ashbyhq.com/phantom/e7b83c02-55c2-4037-9209-93deb3b7492c/application""]",[],"{""location"": [""Remote; Remote""]}",{},"{""location"": ""array_field""}",{}
https://jobs.a16z.com/jobs/clickup/9fcbf37a-9860-4013-b98c-4c2b62cd5cbf--principal-frontend-engineer,Principal Frontend Engineer,ClickUp,"Remote; United States, Remote",250000.0,300000.0,,,$250K – $300K,,2026-09-04T18:26:43.281Z,false,,remote,full_time,,,,,a16z,https://jobs.a16z.com/jobs/clickup/9fcbf37a-9860-4013-b98c-4c2b62cd5cbf--principal-frontend-engineer,,a16z,"[{""site"": ""a16z"", ""url"": ""https://jobs.a16z.com/jobs/clickup/9fcbf37a-9860-4013-b98c-4c2b62cd5cbf--principal-frontend-engineer""}]","[""https://jobs.ashbyhq.com/clickup/9fcbf37a-9860-4013-b98c-4c2b62cd5cbf/application""]",[],"{""location"": [""Remote; United States, Remote""]}",{},"{""location"": ""array_field""}",{}
https://jobs.a16z.com/jobs/wrapbook/20ae44c3-dc45-4289-a4c6-3c270191f52f--manager-engineering-frontend,"Manager, Engineering - Frontend",Wrapbook,"Remote; Remote - US & Canada, United States",183000.0,283500.0,,,$183K – $283.5K,,2026-09-11T18:54:20.825Z,false,,remote,full_time,,,,,a16z,https://jobs.a16z.com/jobs/wrapbook/20ae44c3-dc45-4289-a4c6-3c270191f52f--manager-engineering-frontend,,a16z,"[{""site"": ""a16z"", ""url"": ""https://jobs.a16z.com/jobs/wrapbook/20ae44c3-dc45-4289-a4c6-3c270191f52f--manager-engineering-frontend""}]","[""https://jobs.ashbyhq.com/wrapbook/20ae44c3-dc45-4289-a4c6-3c270191f52f/application""]",[],"{""location"": [""Remote; Remote - US & Canada, United States""]}",{},"{""location"": ""array_field""}",{}
https://jobs.a16z.com/jobs/clickup/0cb4e985-a3fa-4b96-8441-3471bcdeb5af--senior-frontend-engineer,Senior Frontend Engineer,ClickUp,"Remote; United States, Remote",160000.0,210000.0,,,$160K – $210K,,2026-09-04T19:13:23.567Z,false,,remote,full_time,,,,,a16z,https://jobs.a16z.com/jobs/clickup/0cb4e985-a3fa-4b96-8441-3471bcdeb5af--senior-frontend-engineer,,a16z,"[{""site"": ""a16z"", ""url"": ""https://jobs.a16z.com/jobs/clickup/0cb4e985-a3fa-4b96-8441-3471bcdeb5af--senior-frontend-engineer""}]","[""https://jobs.ashbyhq.com/clickup/0cb4e985-a3fa-4b96-8441-3471bcdeb5af/application""]",[],"{""location"": [""Remote; United States, Remote""]}",{},"{""location"": ""array_field""}",{}
https://jobs.a16z.com/jobs/clickup/b6c0a31b-83b6-43f6-8e50-0d91dda7c767--staff-frontend-engineer,Staff Frontend Engineer,ClickUp,"Remote; United States, Remote",200000.0,250000.0,,,$200K – $250K,,2026-09-04T18:50:50.377Z,false,,remote,full_time,,,,,a16z,https://jobs.a16z.com/jobs/clickup/b6c0a31b-83b6-43f6-8e50-0d91dda7c767--staff-frontend-engineer,,a16z,"[{""site"": ""a16z"", ""url"": ""https://jobs.a16z.com/jobs/clickup/b6c0a31b-83b6-43f6-8e50-0d91dda7c767--staff-frontend-engineer""}]","[""https://jobs.ashbyhq.com/clickup/b6c0a31b-83b6-43f6-8e50-0d91dda7c767/application""]",[],"{""location"": [""Remote; United States, Remote""]}",{},"{""location"": ""array_field""}",{}
https://jobs.a16z.com/jobs/clickup/941d0542-fe1c-45fb-b0d7-1865050f1e7e--senior-frontend-engineer,Senior Frontend Engineer,ClickUp,"Remote; Poland, Bulgaria, Ukraine…",,,,,,,2026-08-18T18:00:28.095Z,false,,remote,full_time,,,,,a16z,https://jobs.a16z.com/jobs/clickup/941d0542-fe1c-45fb-b0d7-1865050f1e7e--senior-frontend-engineer,,a16z,"[{""site"": ""a16z"", ""url"": ""https://jobs.a16z.com/jobs/clickup/941d0542-fe1c-45fb-b0d7-1865050f1e7e--senior-frontend-engineer""}]","[""https://jobs.ashbyhq.com/clickup/941d0542-fe1c-45fb-b0d7-1865050f1e7e/application""]",[],"{""location"": [""Remote; Poland, Bulgaria, Ukraine…""]}",{},"{""location"": ""array_field""}",{}
https://jobs.a16z.com/jobs/reddit/8194576--frontend-engineer-ads,"Frontend Engineer, Ads",Reddit,Remote; Remote - United States,164200.0,229900.0,USD,,"USD 164,200–229,900",,2026-09-11T04:36:55.000Z,,,remote,,,,,,a16z,https://jobs.a16z.com/jobs/reddit/8194576--frontend-engineer-ads,,a16z,"[{""site"": ""a16z"", ""url"": ""https://jobs.a16z.com/jobs/reddit/8194576--frontend-engineer-ads""}]","[""https://job-boards.greenhouse.io/reddit/jobs/8194576""]",[],"{""location"": [""Remote; Remote - United States""]}",{},"{""location"": ""array_field""}",{}
https://jobs.a16z.com/jobs/clickup/98ee63f7-dfe2-4fc6-a187-4e39a06be2a0--senior-frontend-engineer,Senior Frontend Engineer,ClickUp,"Remote; Canada, Remote",,,,,,,2026-09-04T19:16:46.389Z,false,,remote,full_time,,,,,a16z,https://jobs.a16z.com/jobs/clickup/98ee63f7-dfe2-4fc6-a187-4e39a06be2a0--senior-frontend-engineer,,a16z,"[{""site"": ""a16z"", ""url"": ""https://jobs.a16z.com/jobs/clickup/98ee63f7-dfe2-4fc6-a187-4e39a06be2a0--senior-frontend-engineer""}]","[""https://jobs.ashbyhq.com/clickup/98ee63f7-dfe2-4fc6-a187-4e39a06be2a0/application""]",[],"{""location"": [""Remote; Canada, Remote""]}",{},"{""location"": ""array_field""}",{}
https://jobs.a16z.com/jobs/clickup/920cfccb-7979-4aac-b15c-90270b151693--principal-frontend-engineer,Principal Frontend Engineer,ClickUp,"Remote; Canada, Remote",,,,,,,2026-09-04T18:35:29.427Z,false,,remote,full_time,,,,,a16z,https://jobs.a16z.com/jobs/clickup/920cfccb-7979-4aac-b15c-90270b151693--principal-frontend-engineer,,a16z,"[{""site"": ""a16z"", ""url"": ""https://jobs.a16z.com/jobs/clickup/920cfccb-7979-4aac-b15c-90270b151693--principal-frontend-engineer""}]","[""https://jobs.ashbyhq.com/clickup/920cfccb-7979-4aac-b15c-90270b151693/application""]",[],"{""location"": [""Remote; Canada, Remote""]}",{},"{""location"": ""array_field""}",{}
https://jobs.a16z.com/jobs/clickup/58584445-a50e-4489-bcda-d547bdbde52c--staff-frontend-engineer,Staff Frontend Engineer,ClickUp,"Remote; Canada, Remote",,,,,,,2026-09-04T18:55:19.834Z,false,,remote,full_time,,,,,a16z,https://jobs.a16z.com/jobs/clickup/58584445-a50e-4489-bcda-d547bdbde52c--staff-frontend-engineer,,a16z,"[{""site"": ""a16z"", ""url"": ""https://jobs.a16z.com/jobs/clickup/58584445-a50e-4489-bcda-d547bdbde52c--staff-frontend-engineer""}]","[""https://jobs.ashbyhq.com/clickup/58584445-a50e-4489-bcda-d547bdbde52c/application""]",[],"{""location"": [""Remote; Canada, Remote""]}",{},"{""location"": ""array_field""}",{}
https://jobs.a16z.com/jobs/clickup/d29aff4d-d811-486d-ac04-5e0f4e3d7e82--staff-frontend-engineer,Staff Frontend Engineer,ClickUp,"Remote; Poland, Bulgaria, Ukraine…",,,,,,,2026-08-18T18:01:04.467Z,false,,remote,full_time,,,,,a16z,https://jobs.a16z.com/jobs/clickup/d29aff4d-d811-486d-ac04-5e0f4e3d7e82--staff-frontend-engineer,,a16z,"[{""site"": ""a16z"", ""url"": ""https://jobs.a16z.com/jobs/clickup/d29aff4d-d811-486d-ac04-5e0f4e3d7e82--staff-frontend-engineer""}]","[""https://jobs.ashbyhq.com/clickup/d29aff4d-d811-486d-ac04-5e0f4e3d7e82/application""]",[],"{""location"": [""Remote; Poland, Bulgaria, Ukraine…""]}",{},"{""location"": ""array_field""}",{}
https://jobs.a16z.com/jobs/addi/6534a249-6193-479c-a60a-722a984311ef--frontend-engineer-ic2,Frontend Engineer IC2,Addi,"Remote; Bogotá, Colombia",,,,,,,2026-08-14T20:50:15.647Z,false,,remote,full_time,,,,,a16z,https://jobs.a16z.com/jobs/addi/6534a249-6193-479c-a60a-722a984311ef--frontend-engineer-ic2,,a16z,"[{""site"": ""a16z"", ""url"": ""https://jobs.a16z.com/jobs/addi/6534a249-6193-479c-a60a-722a984311ef--frontend-engineer-ic2""}]","[""https://jobs.ashbyhq.com/Addi/6534a249-6193-479c-a60a-722a984311ef/application""]",[],"{""location"": [""Remote; Bogotá, Colombia""]}",{},"{""location"": ""array_field""}",{}
https://jobs.a16z.com/jobs/upstash/software-engineer-frontend--consider-nh75tj7cqepej2nbcc9v1053xs8cbq17,Software Engineer - Frontend,Upstash,Remote,,,,,,,2024-02-28T08:20:49.000Z,,,remote,,,,,,a16z,https://jobs.a16z.com/jobs/upstash/software-engineer-frontend--consider-nh75tj7cqepej2nbcc9v1053xs8cbq17,,a16z,"[{""site"": ""a16z"", ""url"": ""https://jobs.a16z.com/jobs/upstash/software-engineer-frontend--consider-nh75tj7cqepej2nbcc9v1053xs8cbq17""}]","[""https://upstash.com/careers/software-engineer-frontend""]",[],"{""location"": [""Remote""]}",{},"{""location"": ""array_field""}",{}
https://jobs.a16z.com/jobs/clickup/c252ee33-b277-474e-963d-7fb64004c8a0--engineering-manager-frontend,Engineering Manager (Frontend),ClickUp,Remote; United States,200000.0,250000.0,,,$200K – $250K,,2026-01-07T15:12:39.531Z,false,,remote,full_time,,,,,a16z,https://jobs.a16z.com/jobs/clickup/c252ee33-b277-474e-963d-7fb64004c8a0--engineering-manager-frontend,,a16z,"[{""site"": ""a16z"", ""url"": ""https://jobs.a16z.com/jobs/clickup/c252ee33-b277-474e-963d-7fb64004c8a0--engineering-manager-frontend""}]","[""https://jobs.ashbyhq.com/clickup/c252ee33-b277-474e-963d-7fb64004c8a0/application""]",[],"{""location"": [""Remote; United States""]}",{},"{""location"": ""array_field""}",{}
https://jobs.a16z.com/jobs/kobold-metals/4286209005--frontend-software-engineer,Frontend Software Engineer,KoBold Metals,Remote; Remote,160000.0,240000.0,,,"$160,000 - $240,000",,2023-06-22T15:33:38.000Z,,,remote,,,,,,a16z,https://jobs.a16z.com/jobs/kobold-metals/4286209005--frontend-software-engineer,,a16z,"[{""site"": ""a16z"", ""url"": ""https://jobs.a16z.com/jobs/kobold-metals/4286209005--frontend-software-engineer""}]","[""https://job-boards.greenhouse.io/koboldmetals/jobs/4286209005""]",[],"{""location"": [""Remote; Remote""]}",{},"{""location"": ""array_field""}",{}
https://jobs.a16z.com/jobs/hadrian/af629fd3-1162-4a8c-bab6-0083bd7f20fc--all-levels-frontend-software-engineer,All Levels:  Frontend Software Engineer,Hadrian,"Los Angeles, CA, Torrance, CA, United States",120000.0,250000.0,,,$120K – $250K,,2026-06-29T17:48:24.934Z,false,,onsite,full_time,,,,,a16z,https://jobs.a16z.com/jobs/hadrian/af629fd3-1162-4a8c-bab6-0083bd7f20fc--all-levels-frontend-software-engineer,,a16z,"[{""site"": ""a16z"", ""url"": ""https://jobs.a16z.com/jobs/hadrian/af629fd3-1162-4a8c-bab6-0083bd7f20fc--all-levels-frontend-software-engineer""}]","[""https://jobs.ashbyhq.com/hadrian-automation/af629fd3-1162-4a8c-bab6-0083bd7f20fc/application""]",[],"{""location"": [""Los Angeles, CA, Torrance, CA, United States""]}",{},"{""location"": ""array_field""}",{}
https://jobs.a16z.com/jobs/sardine/0602a07b-6f97-44c8-84e0-b2b1483852e9--senior-software-engineer-frontend,"Senior Software Engineer, Frontend",Sardine,Remote; Canada,160000.0,210000.0,CAD,,CA$160K – CA$210K,,2026-09-01T21:12:44.882Z,false,,remote,full_time,,,,,a16z,https://jobs.a16z.com/jobs/sardine/0602a07b-6f97-44c8-84e0-b2b1483852e9--senior-software-engineer-frontend,,a16z,"[{""site"": ""a16z"", ""url"": ""https://jobs.a16z.com/jobs/sardine/0602a07b-6f97-44c8-84e0-b2b1483852e9--senior-software-engineer-frontend""}]","[""https://jobs.ashbyhq.com/sardine/0602a07b-6f97-44c8-84e0-b2b1483852e9/application""]",[],"{""location"": [""Remote; Canada""]}",{},"{""location"": ""array_field""}",{}
https://jobs.a16z.com/jobs/flock-safety/05e066a7-9636-4c7e-8357-4b9c915e30b9--senior-software-engineer-frontend,"Senior Software Engineer, Frontend",Flock,"Remote; Remote - USA, United States",170000.0,190000.0,,,$170K – $190K,,2026-08-26T19:54:01.030Z,false,,remote,full_time,,,,,a16z,https://jobs.a16z.com/jobs/flock-safety/05e066a7-9636-4c7e-8357-4b9c915e30b9--senior-software-engineer-frontend,,a16z,"[{""site"": ""a16z"", ""url"": ""https://jobs.a16z.com/jobs/flock-safety/05e066a7-9636-4c7e-8357-4b9c915e30b9--senior-software-engineer-frontend""}]","[""https://jobs.ashbyhq.com/Flock%20Safety/05e066a7-9636-4c7e-8357-4b9c915e30b9/application""]",[],"{""location"": [""Remote; Remote - USA, United States""]}",{},"{""location"": ""array_field""}",{}
https://jobs.a16z.com/jobs/anduril-industries/5138370007--software-engineer-frontend-space,"Software Engineer (Frontend), Space",Anduril,"Costa Mesa, California, United States",129000.0,171000.0,USD,,"USD 129,000–171,000",,2026-05-20T22:39:32.000Z,,,,,,,,,a16z,https://jobs.a16z.com/jobs/anduril-industries/5138370007--software-engineer-frontend-space,,a16z,"[{""site"": ""a16z"", ""url"": ""https://jobs.a16z.com/jobs/anduril-industries/5138370007--software-engineer-frontend-space""}]","[""https://boards.greenhouse.io/andurilindustries/jobs/5138370007?gh_jid=5138370007""]",[],"{""location"": [""Costa Mesa, California, United States""]}",{},"{""location"": ""array_field""}",{}
https://jobs.a16z.com/jobs/greenlight/85f57a40-ef24-4fb2-bea8-e881efb0f660--software-engineer-ii-frontend,"Software Engineer II, Frontend",Greenlight,Remote; Atlanta (Remote Friendly),140000.0,170000.0,,,"$140,000-170,000",,2026-07-31T22:15:21.084Z,false,,remote,full_time,,,,,a16z,https://jobs.a16z.com/jobs/greenlight/85f57a40-ef24-4fb2-bea8-e881efb0f660--software-engineer-ii-frontend,,a16z,"[{""site"": ""a16z"", ""url"": ""https://jobs.a16z.com/jobs/greenlight/85f57a40-ef24-4fb2-bea8-e881efb0f660--software-engineer-ii-frontend""}]","[""https://jobs.lever.co/greenlight/85f57a40-ef24-4fb2-bea8-e881efb0f660/apply""]",[],"{""location"": [""Remote; Atlanta (Remote Friendly)""]}",{},"{""location"": ""array_field""}",{}
https://jobs.a16z.com/jobs/sound/e4a837d6-f755-45f6-bbf2-a3e8effb421f--staff-software-engineer-frontend,"Staff Software Engineer, Frontend",Sound.xyz,"Remote; Remote, New York, New York, USA",,,,,,,2025-06-30T19:39:27.234Z,false,,remote,full_time,,,,,a16z,https://jobs.a16z.com/jobs/sound/e4a837d6-f755-45f6-bbf2-a3e8effb421f--staff-software-engineer-frontend,,a16z,"[{""site"": ""a16z"", ""url"": ""https://jobs.a16z.com/jobs/sound/e4a837d6-f755-45f6-bbf2-a3e8effb421f--staff-software-engineer-frontend""}]","[""https://jobs.ashbyhq.com/sound.xyz/e4a837d6-f755-45f6-bbf2-a3e8effb421f/application""]",[],"{""location"": [""Remote; Remote, New York, New York, USA""]}",{},"{""location"": ""array_field""}",{}
https://jobs.a16z.com/jobs/revolut/internship-programme-2027-software-engineer-frontend--consider-nh70ghjm7m4ypen6awhg1mr5wn8cby94,Internship Programme 2027: Software Engineer (Frontend),Revolut,"Remote; Barcelona, Spain, Dubai, United Arab Emirates, Krakow, Poland…",,,,,,,2026-05-28T05:56:43.000Z,true,,remote,internship,,,,,a16z,https://jobs.a16z.com/jobs/revolut/internship-programme-2027-software-engineer-frontend--consider-nh70ghjm7m4ypen6awhg1mr5wn8cby94,,a16z,"[{""site"": ""a16z"", ""url"": ""https://jobs.a16z.com/jobs/revolut/internship-programme-2027-software-engineer-frontend--consider-nh70ghjm7m4ypen6awhg1mr5wn8cby94""}]","[""https://www.revolut.com/en-US/careers/position/cb1769cb-4903-4525-982f-734217331544/""]",[],"{""location"": [""Remote; Barcelona, Spain, Dubai, United Arab Emirates, Krakow, Poland…""]}",{},"{""location"": ""array_field""}",{}
https://jobs.a16z.com/jobs/turquoise-health/1fbc3cd7-fc6a-4b8a-8e73-d2c14f737826--software-engineer-ii-frontend-leaning,"Software Engineer II, Frontend-leaning",Turquoise Health,"Remote; Remote, San Diego, California, United States",153000.0,170000.0,,,$153K – $170K,,2026-09-18T13:56:25.104Z,false,false,remote,full_time,,,,,a16z,https://jobs.a16z.com/jobs/turquoise-health/1fbc3cd7-fc6a-4b8a-8e73-d2c14f737826--software-engineer-ii-frontend-leaning,,a16z,"[{""site"": ""a16z"", ""url"": ""https://jobs.a16z.com/jobs/turquoise-health/1fbc3cd7-fc6a-4b8a-8e73-d2c14f737826--software-engineer-ii-frontend-leaning""}]","[""https://jobs.ashbyhq.com/turquoise-health/1fbc3cd7-fc6a-4b8a-8e73-d2c14f737826/application""]",[],"{""location"": [""Remote; Remote, San Diego, California, United States""]}",{},"{""location"": ""array_field""}",{}
https://jobs.a16z.com/jobs/addi/7365e947-c71f-4509-8392-9fa2cee37749--frontend-software-engineer-mobile-l3,Frontend Software Engineer (Mobile) | L3,Addi,"Remote; Bogotá, Colombia",,,,,,,2026-09-15T14:48:09.318Z,false,,remote,full_time,,,,,a16z,https://jobs.a16z.com/jobs/addi/7365e947-c71f-4509-8392-9fa2cee37749--frontend-software-engineer-mobile-l3,,a16z,"[{""site"": ""a16z"", ""url"": ""https://jobs.a16z.com/jobs/addi/7365e947-c71f-4509-8392-9fa2cee37749--frontend-software-engineer-mobile-l3""}]","[""https://jobs.ashbyhq.com/Addi/7365e947-c71f-4509-8392-9fa2cee37749/application""]",[],"{""location"": [""Remote; Bogotá, Colombia""]}",{},"{""location"": ""array_field""}",{}
https://jobs.a16z.com/jobs/reddit/8198130--senior-frontend-engineer-home-experience,"Senior Frontend Engineer, Home Experience",Reddit,Remote; Remote - United States,190800.0,267100.0,USD,,"USD 190,800–267,100",,2026-09-11T22:46:20.000Z,,,remote,,,,,,a16z,https://jobs.a16z.com/jobs/reddit/8198130--senior-frontend-engineer-home-experience,,a16z,"[{""site"": ""a16z"", ""url"": ""https://jobs.a16z.com/jobs/reddit/8198130--senior-frontend-engineer-home-experience""}]","[""https://job-boards.greenhouse.io/reddit/jobs/8198130""]",[],"{""location"": [""Remote; Remote - United States""]}",{},"{""location"": ""array_field""}",{}
https://jobs.a16z.com/jobs/reddit/8175520--senior-frontend-engineer-ads-creative,"Senior Frontend Engineer, Ads Creative",Reddit,Remote; Remote - United States,190800.0,267100.0,USD,,"USD 190,800–267,100",,2026-09-02T23:54:07.000Z,,,remote,,,,,,a16z,https://jobs.a16z.com/jobs/reddit/8175520--senior-frontend-engineer-ads-creative,,a16z,"[{""site"": ""a16z"", ""url"": ""https://jobs.a16z.com/jobs/reddit/8175520--senior-frontend-engineer-ads-creative""}]","[""https://job-boards.greenhouse.io/reddit/jobs/8175520""]",[],"{""location"": [""Remote; Remote - United States""]}",{},"{""location"": ""array_field""}",{}
https://jobs.a16z.com/jobs/cresta/5112713008--senior-software-engineer-frontend-platform,"Senior Software Engineer, Frontend (Platform)",Cresta,Remote; Canada (Remote),270.0,,,,$270,,2026-02-06T18:16:21.000Z,,,remote,,,,,,a16z,https://jobs.a16z.com/jobs/cresta/5112713008--senior-software-engineer-frontend-platform,,a16z,"[{""site"": ""a16z"", ""url"": ""https://jobs.a16z.com/jobs/cresta/5112713008--senior-software-engineer-frontend-platform""}]","[""https://job-boards.greenhouse.io/cresta/jobs/5112713008""]",[],"{""location"": [""Remote; Canada (Remote)""]}",{},"{""location"": ""array_field""}",{}
https://jobs.a16z.com/jobs/function-health/am9icG9zdDpyJtbQYuSC0l_lOd7kZ9-n--staff-software-engineer-frontend-ui,Staff Software Engineer (Frontend / UI),Function Health,Remote; United States - Remote,298.0,,,,$298,,2026-06-12T15:24:51.143Z,false,,remote,full_time,,,,,a16z,https://jobs.a16z.com/jobs/function-health/am9icG9zdDpyJtbQYuSC0l_lOd7kZ9-n--staff-software-engineer-frontend-ui,,a16z,"[{""site"": ""a16z"", ""url"": ""https://jobs.a16z.com/jobs/function-health/am9icG9zdDpyJtbQYuSC0l_lOd7kZ9-n--staff-software-engineer-frontend-ui""}]","[""https://jobs.gem.com/function-health/am9icG9zdDpyJtbQYuSC0l_lOd7kZ9-n""]",[],"{""location"": [""Remote; United States - Remote""]}",{},"{""location"": ""array_field""}",{}
https://jobs.a16z.com/jobs/reddit/8147617--senior-frontend-software-engineer-consumer-engineering,"Senior Frontend Software Engineer, Consumer Engineering",Reddit,Remote; Remote - United States,190800.0,267100.0,USD,,"USD 190,800–267,100",,2026-09-17T18:29:16.000Z,,,remote,,,,,,a16z,https://jobs.a16z.com/jobs/reddit/8147617--senior-frontend-software-engineer-consumer-engineering,,a16z,"[{""site"": ""a16z"", ""url"": ""https://jobs.a16z.com/jobs/reddit/8147617--senior-frontend-software-engineer-consumer-engineering""}]","[""https://job-boards.greenhouse.io/reddit/jobs/8147617""]",[],"{""location"": [""Remote; Remote - United States""]}",{},"{""location"": ""array_field""}",{}
https://jobs.a16z.com/jobs/cresta/5372182008--senior-frontend-software-engineer-ai-receptionist,Senior Frontend Software Engineer (AI Receptionist),Cresta,Remote; Canada (Remote),270.0,,,,$270,,2026-07-28T16:41:36.000Z,,,remote,,,,,,a16z,https://jobs.a16z.com/jobs/cresta/5372182008--senior-frontend-software-engineer-ai-receptionist,,a16z,"[{""site"": ""a16z"", ""url"": ""https://jobs.a16z.com/jobs/cresta/5372182008--senior-frontend-software-engineer-ai-receptionist""}]","[""https://job-boards.greenhouse.io/cresta/jobs/5372182008""]",[],"{""location"": [""Remote; Canada (Remote)""]}",{},"{""location"": ""array_field""}",{}
https://jobs.a16z.com/jobs/anduril-industries/4672911007--mission-software-engineer-vehicle-software-frontend,"Mission Software Engineer, Vehicle Software, Frontend",Anduril,"Costa Mesa, California, United States; Seattle, Washington, United States; Washington, District of Columbia, United States",166000.0,220000.0,USD,,"USD 166,000–220,000",,2026-04-15T16:17:41.000Z,,,,,,,,,a16z,https://jobs.a16z.com/jobs/anduril-industries/4672911007--mission-software-engineer-vehicle-software-frontend,,a16z,"[{""site"": ""a16z"", ""url"": ""https://jobs.a16z.com/jobs/anduril-industries/4672911007--mission-software-engineer-vehicle-software-frontend""}]","[""https://boards.greenhouse.io/andurilindustries/jobs/4672911007?gh_jid=4672911007""]",[],"{""location"": [""Costa Mesa, California, United States; Seattle, Washington, United States; Washington, District of Columbia, United States""]}",{},"{""location"": ""array_field""}",{}
https://jobs.a16z.com/jobs/mercury-banking-for-startups/6116808004--senior-software-engineer-frontend-developer-experience,Senior Software Engineer - Frontend Developer Experience,Mercury,"Remote; San Francisco, CA, New York, NY, Portland, OR, or Remote within Canada or United States",200700.0,250900.0,USD,,"USD 200,700–250,900",,2026-07-15T17:17:41.000Z,,,remote,,,,,,a16z,https://jobs.a16z.com/jobs/mercury-banking-for-startups/6116808004--senior-software-engineer-frontend-developer-experience,,a16z,"[{""site"": ""a16z"", ""url"": ""https://jobs.a16z.com/jobs/mercury-banking-for-startups/6116808004--senior-software-engineer-frontend-developer-experience""}]","[""https://job-boards.greenhouse.io/mercury/jobs/6116808004""]",[],"{""location"": [""Remote; San Francisco, CA, New York, NY, Portland, OR, or Remote within Canada or United States""]}",{},"{""location"": ""array_field""}",{}
https://jobs.a16z.com/jobs/revolut/graduate-programme-2027-software-engineer-frontend--consider-nh79wtpyj2s4ffcskbb8ptqh4x8camcm,Graduate Programme 2027:  Software Engineer (Frontend),Revolut,"Remote; Barcelona, Spain, Dubai, United Arab Emirates, Krakow, Poland…",,,,,,,2026-05-28T05:56:46.000Z,,,remote,,,,,,a16z,https://jobs.a16z.com/jobs/revolut/graduate-programme-2027-software-engineer-frontend--consider-nh79wtpyj2s4ffcskbb8ptqh4x8camcm,,a16z,"[{""site"": ""a16z"", ""url"": ""https://jobs.a16z.com/jobs/revolut/graduate-programme-2027-software-engineer-frontend--consider-nh79wtpyj2s4ffcskbb8ptqh4x8camcm""}]","[""https://www.revolut.com/en-US/careers/position/90f8f44d-d656-4c74-a6a5-a470b858179d/""]",[],"{""location"": [""Remote; Barcelona, Spain, Dubai, United Arab Emirates, Krakow, Poland…""]}",{},"{""location"": ""array_field""}",{}
https://jobs.a16z.com/jobs/phantom/be5a838e-a6f4-4d99-be08-e6419a857289--software-engineer-frontend-full-stack-identity-platform,"Software Engineer, Frontend / Full Stack (Identity Platform)",Phantom,Remote; Remote,150.0,,,,$150,,2025-09-05T21:13:30.070Z,false,,remote,full_time,,,,,a16z,https://jobs.a16z.com/jobs/phantom/be5a838e-a6f4-4d99-be08-e6419a857289--software-engineer-frontend-full-stack-identity-platform,,a16z,"[{""site"": ""a16z"", ""url"": ""https://jobs.a16z.com/jobs/phantom/be5a838e-a6f4-4d99-be08-e6419a857289--software-engineer-frontend-full-stack-identity-platform""}]","[""https://jobs.ashbyhq.com/phantom/be5a838e-a6f4-4d99-be08-e6419a857289/application""]",[],"{""location"": [""Remote; Remote""]}",{},"{""location"": ""array_field""}",{}
