url,title,company,location,salary_minimum,salary_maximum,salary_currency,salary_period,salary_text,last_updated,posted_at,internship,sponsors_visa,workplace,employment_type,experience_levels,note,url_validated_at,application_url_type,source_sites,source_urls,valid_through,source,sources_json,application_urls_json,employer_urls_json,array_fields_json,fields_json,field_types_json,enrichment_json
https://simplify.jobs/p/87c76ad4-84ce-4edb-af30-d4989673f9d5,Senior Front-end Engineer,Beacon Biosignals,"Remote; Boston, MA, USA",170000.0,190000.0,USD,,,2026-09-15T22:36:01+00:00,2026-09-15T22:22:32+00:00,false,,remote,full_time,senior,,,,simplify,https://simplify.jobs/p/87c76ad4-84ce-4edb-af30-d4989673f9d5,,simplify,"[{""site"": ""simplify"", ""url"": ""https://simplify.jobs/p/87c76ad4-84ce-4edb-af30-d4989673f9d5""}]",[],[],"{""location"": [""Remote; Boston, MA, USA""]}",{},"{""location"": ""array_field""}",{}
https://simplify.jobs/p/0604c34f-2c94-4d87-a5ef-c875313068ab,Frontend Engineer - Underwriting,Coalition,Remote; Remote in USA,115000.0,168000.0,USD,,,2026-09-16T22:45:02+00:00,2026-09-16T22:43:38+00:00,false,,remote,full_time,junior,,,,simplify,https://simplify.jobs/p/0604c34f-2c94-4d87-a5ef-c875313068ab,,simplify,"[{""site"": ""simplify"", ""url"": ""https://simplify.jobs/p/0604c34f-2c94-4d87-a5ef-c875313068ab""}]",[],[],"{""location"": [""Remote; Remote in USA""]}",{},"{""location"": ""array_field""}",{}
https://simplify.jobs/p/9349c437-486d-49f1-ba57-9fac5bf9ff36,Software Engineer 2 - Frontend,Teamworks,Remote; Remote in USA,166000.0,166000.0,USD,,,2026-09-03T14:06:30+00:00,2026-08-18T23:01:39+00:00,false,,remote,full_time,mid,,,,simplify,https://simplify.jobs/p/9349c437-486d-49f1-ba57-9fac5bf9ff36,,simplify,"[{""site"": ""simplify"", ""url"": ""https://simplify.jobs/p/9349c437-486d-49f1-ba57-9fac5bf9ff36""}]",[],[],"{""location"": [""Remote; Remote in USA""]}",{},"{""location"": ""array_field""}",{}
https://simplify.jobs/p/ad36d726-c0ce-407e-8fcf-51f1424dab84,Senior Frontend Engineer - Console Team - Product-Led Growth Strategy,Deepgram,"Remote; California, USA; Remote in USA",179800.0,246200.0,USD,,,2026-09-04T09:42:02+00:00,2026-07-15T22:10:48+00:00,false,,remote,full_time,mid | senior,,,,simplify,https://simplify.jobs/p/ad36d726-c0ce-407e-8fcf-51f1424dab84,,simplify,"[{""site"": ""simplify"", ""url"": ""https://simplify.jobs/p/ad36d726-c0ce-407e-8fcf-51f1424dab84""}]",[],[],"{""location"": [""Remote; California, USA; Remote in USA""]}",{},"{""location"": ""array_field""}",{}
https://simplify.jobs/p/ddef8625-d294-446b-98e4-6ec749f86ea5,Frontend Software Engineer,HeyGen,"Palo Alto, CA, USA; Toronto, ON, Canada; San Francisco, CA, USA; Los Angeles, CA, USA",180000.0,240000.0,USD,,,2026-09-04T05:18:01+00:00,2024-06-05T07:06:56+00:00,false,,onsite,full_time,mid | senior,,,,simplify,https://simplify.jobs/p/ddef8625-d294-446b-98e4-6ec749f86ea5,,simplify,"[{""site"": ""simplify"", ""url"": ""https://simplify.jobs/p/ddef8625-d294-446b-98e4-6ec749f86ea5""}]",[],[],"{""location"": [""Palo Alto, CA, USA; Toronto, ON, Canada; San Francisco, CA, USA; Los Angeles, CA, USA""]}",{},"{""location"": ""array_field""}",{}
https://simplify.jobs/p/fb80794a-9965-47d0-8f5b-3acf126768d3,SAP Front-end Developer,Bright Vision Technologies,Remote; Remote in USA,100000.0,150000.0,USD,,,2026-09-16T22:45:02+00:00,2026-09-16T22:22:02+00:00,false,,remote,full_time,senior,,,,simplify,https://simplify.jobs/p/fb80794a-9965-47d0-8f5b-3acf126768d3,,simplify,"[{""site"": ""simplify"", ""url"": ""https://simplify.jobs/p/fb80794a-9965-47d0-8f5b-3acf126768d3""}]",[],[],"{""location"": [""Remote; Remote in USA""]}",{},"{""location"": ""array_field""}",{}
https://simplify.jobs/p/c4662c3b-847b-4ac0-8542-064486aa7e1f,Frontend Engineer,Simplified IT Solutions,"Los Angeles, CA, USA",,,,,,2026-09-04T01:57:21+00:00,2026-08-12T01:06:28+00:00,false,,onsite,full_time,mid,,,,simplify,https://simplify.jobs/p/c4662c3b-847b-4ac0-8542-064486aa7e1f,,simplify,"[{""site"": ""simplify"", ""url"": ""https://simplify.jobs/p/c4662c3b-847b-4ac0-8542-064486aa7e1f""}]",[],[],"{""location"": [""Los Angeles, CA, USA""]}",{},"{""location"": ""array_field""}",{}
https://simplify.jobs/p/3f2dbf34-1a5a-40fb-b0c5-ad7b319ccf21,Senior Frontend Engineer - Acquisition,Caesars Entertainment,"Remote; Las Vegas, NV, USA; Jersey City, NJ, USA",175000.0,180000.0,USD,,,2026-09-14T17:36:01+00:00,2026-09-14T17:33:13+00:00,false,,remote,full_time,senior,,,,simplify,https://simplify.jobs/p/3f2dbf34-1a5a-40fb-b0c5-ad7b319ccf21,,simplify,"[{""site"": ""simplify"", ""url"": ""https://simplify.jobs/p/3f2dbf34-1a5a-40fb-b0c5-ad7b319ccf21""}]",[],[],"{""location"": [""Remote; Las Vegas, NV, USA; Jersey City, NJ, USA""]}",{},"{""location"": ""array_field""}",{}
https://simplify.jobs/p/972abfbc-05f3-44b6-be3e-c1720392fbf7,Software Engineer - Front-End,Eloquent AI,"Remote; San Francisco, CA, USA; Remote in USA",,,,,,2026-09-03T18:09:19+00:00,2026-03-27T01:13:19+00:00,false,,remote,full_time,mid,,,,simplify,https://simplify.jobs/p/972abfbc-05f3-44b6-be3e-c1720392fbf7,,simplify,"[{""site"": ""simplify"", ""url"": ""https://simplify.jobs/p/972abfbc-05f3-44b6-be3e-c1720392fbf7""}]",[],[],"{""location"": [""Remote; San Francisco, CA, USA; Remote in USA""]}",{},"{""location"": ""array_field""}",{}
https://simplify.jobs/p/3fd22672-5a2a-47f1-aa07-a71ee17c46be,Founding Engineer - Frontend,Tempo,"San Francisco, CA, USA; Remote in USA",,,,,,2026-09-03T19:51:22+00:00,2026-07-21T01:15:13+00:00,false,,hybrid,full_time,mid | senior,,,,simplify,https://simplify.jobs/p/3fd22672-5a2a-47f1-aa07-a71ee17c46be,,simplify,"[{""site"": ""simplify"", ""url"": ""https://simplify.jobs/p/3fd22672-5a2a-47f1-aa07-a71ee17c46be""}]",[],[],"{""location"": [""San Francisco, CA, USA; Remote in USA""]}",{},"{""location"": ""array_field""}",{}
https://simplify.jobs/p/d49fa645-5883-4f4b-91e6-6cddea54845e,Senior Frontend Platform Engineer,TRM Labs,Remote; Remote in USA,210000.0,230000.0,USD,,,2026-09-03T20:39:22+00:00,2026-07-30T22:23:05+00:00,false,,remote,full_time,senior,,,,simplify,https://simplify.jobs/p/d49fa645-5883-4f4b-91e6-6cddea54845e,,simplify,"[{""site"": ""simplify"", ""url"": ""https://simplify.jobs/p/d49fa645-5883-4f4b-91e6-6cddea54845e""}]",[],[],"{""location"": [""Remote; Remote in USA""]}",{},"{""location"": ""array_field""}",{}
https://simplify.jobs/p/0e042208-410d-40d1-ad04-0c362b31d38e,Frontend Software Engineer - Space,Anduril,"Costa Mesa, CA, USA",129000.0,171000.0,USD,,,2026-09-15T01:11:05+00:00,2026-09-08T22:32:47+00:00,false,,onsite,full_time,mid,,,,simplify,https://simplify.jobs/p/0e042208-410d-40d1-ad04-0c362b31d38e,,simplify,"[{""site"": ""simplify"", ""url"": ""https://simplify.jobs/p/0e042208-410d-40d1-ad04-0c362b31d38e""}]",[],[],"{""location"": [""Costa Mesa, CA, USA""]}",{},"{""location"": ""array_field""}",{}
https://simplify.jobs/p/cb411f12-d0d4-4642-8b0f-8ba5f5f51599,Senior Software Engineer - Frontend,Mercury Insurance,Remote; Remote in USA,77283.0,179048.0,USD,,,2026-09-03T19:39:23+00:00,2026-07-15T01:03:51+00:00,false,,remote,full_time,senior,,,,simplify,https://simplify.jobs/p/cb411f12-d0d4-4642-8b0f-8ba5f5f51599,,simplify,"[{""site"": ""simplify"", ""url"": ""https://simplify.jobs/p/cb411f12-d0d4-4642-8b0f-8ba5f5f51599""}]",[],[],"{""location"": [""Remote; Remote in USA""]}",{},"{""location"": ""array_field""}",{}
https://simplify.jobs/p/58b346c8-3335-45b1-b62d-95a06d11d565,Front-End Developer - CraftCMS - CraftCommerce,Ebeacon,Remote; Remote in USA,,,,,,2026-09-18T06:19:48+00:00,2026-09-18T06:16:55+00:00,false,,remote,part_time,mid,,,,simplify,https://simplify.jobs/p/58b346c8-3335-45b1-b62d-95a06d11d565,,simplify,"[{""site"": ""simplify"", ""url"": ""https://simplify.jobs/p/58b346c8-3335-45b1-b62d-95a06d11d565""}]",[],[],"{""location"": [""Remote; Remote in USA""]}",{},"{""location"": ""array_field""}",{}
https://simplify.jobs/p/4899f2aa-1042-4948-91b6-2eba963c2cc3,Senior Frontend Engineer - Growth,Close,Remote; Remote in USA,,,,,,2026-09-04T10:42:01+00:00,2026-08-03T22:18:59+00:00,false,,remote,full_time,senior,,,,simplify,https://simplify.jobs/p/4899f2aa-1042-4948-91b6-2eba963c2cc3,,simplify,"[{""site"": ""simplify"", ""url"": ""https://simplify.jobs/p/4899f2aa-1042-4948-91b6-2eba963c2cc3""}]",[],[],"{""location"": [""Remote; Remote in USA""]}",{},"{""location"": ""array_field""}",{}
https://simplify.jobs/p/ccfba66e-9ba9-4257-8bdb-1308e8004f7b,Front-End Developer,DecisionPoint,Remote; Remote in USA,,,,,,2026-09-04T10:54:01+00:00,2026-08-14T03:59:36+00:00,false,,remote,full_time,senior,,,,simplify,https://simplify.jobs/p/ccfba66e-9ba9-4257-8bdb-1308e8004f7b,,simplify,"[{""site"": ""simplify"", ""url"": ""https://simplify.jobs/p/ccfba66e-9ba9-4257-8bdb-1308e8004f7b""}]",[],[],"{""location"": [""Remote; Remote in USA""]}",{},"{""location"": ""array_field""}",{}
https://simplify.jobs/p/d54efe4a-2a40-40e5-9fad-d6c78d46cd41,Software Engineer - Frontend,SIFT,"San Francisco, CA, USA; Marina Del Rey, CA, USA",160000.0,200000.0,USD,,,2026-09-04T06:57:01+00:00,2026-08-04T22:20:15+00:00,false,,hybrid,full_time,mid,,,,simplify,https://simplify.jobs/p/d54efe4a-2a40-40e5-9fad-d6c78d46cd41,,simplify,"[{""site"": ""simplify"", ""url"": ""https://simplify.jobs/p/d54efe4a-2a40-40e5-9fad-d6c78d46cd41""}]",[],[],"{""location"": [""San Francisco, CA, USA; Marina Del Rey, CA, USA""]}",{},"{""location"": ""array_field""}",{}
https://simplify.jobs/p/3197d255-1780-47ff-8eeb-74f118a55d2c,Senior Technical Consultant - Front-end Development,Veeva Systems,"Remote; Boston, MA, USA",80000.0,200000.0,USD,,,2026-09-03T17:30:22+00:00,2026-01-26T23:21:38+00:00,false,,remote,full_time,senior,,,,simplify,https://simplify.jobs/p/3197d255-1780-47ff-8eeb-74f118a55d2c,,simplify,"[{""site"": ""simplify"", ""url"": ""https://simplify.jobs/p/3197d255-1780-47ff-8eeb-74f118a55d2c""}]",[],[],"{""location"": [""Remote; Boston, MA, USA""]}",{},"{""location"": ""array_field""}",{}
https://simplify.jobs/p/a9ba4547-5a39-4272-893f-1be0a16e4d61,Founding Frontend Engineer - AI-Native,Skiffra,"San Francisco, CA, USA; Los Angeles, CA, USA",180000.0,220000.0,USD,,,2026-09-04T10:06:01+00:00,2026-07-21T01:16:00+00:00,false,,hybrid,full_time,mid,,,,simplify,https://simplify.jobs/p/a9ba4547-5a39-4272-893f-1be0a16e4d61,,simplify,"[{""site"": ""simplify"", ""url"": ""https://simplify.jobs/p/a9ba4547-5a39-4272-893f-1be0a16e4d61""}]",[],[],"{""location"": [""San Francisco, CA, USA; Los Angeles, CA, USA""]}",{},"{""location"": ""array_field""}",{}
https://simplify.jobs/p/feccf19c-6c8a-4db4-8d06-6d6171cca217,Senior Frontend Engineer,Re:Build Manufacturing,"Remote; Seattle, WA, USA; Los Angeles, CA, USA; Remote in USA; Framingham, MA, USA",165000.0,200000.0,USD,,,2026-09-04T13:12:01+00:00,2026-09-01T14:38:15+00:00,false,,remote,full_time,senior,,,,simplify,https://simplify.jobs/p/feccf19c-6c8a-4db4-8d06-6d6171cca217,,simplify,"[{""site"": ""simplify"", ""url"": ""https://simplify.jobs/p/feccf19c-6c8a-4db4-8d06-6d6171cca217""}]",[],[],"{""location"": [""Remote; Seattle, WA, USA; Los Angeles, CA, USA; Remote in USA; Framingham, MA, USA""]}",{},"{""location"": ""array_field""}",{}
https://simplify.jobs/p/2b3b312a-bc61-480d-af98-7a032691ae53,Staff Frontend Engineer,sound.xyz,"Remote; Remote in USA; New York, NY, USA",,,,,,2026-09-03T17:09:30+00:00,2026-03-27T01:11:33+00:00,false,,remote,full_time,senior,,,,simplify,https://simplify.jobs/p/2b3b312a-bc61-480d-af98-7a032691ae53,,simplify,"[{""site"": ""simplify"", ""url"": ""https://simplify.jobs/p/2b3b312a-bc61-480d-af98-7a032691ae53""}]",[],[],"{""location"": [""Remote; Remote in USA; New York, NY, USA""]}",{},"{""location"": ""array_field""}",{}
https://simplify.jobs/p/67c3293f-f8cb-4a2f-aa79-da9019127d2a,Education Research - Frontend Developer-SLATE,Huron,"Remote; Chicago, IL, USA",,,,,,2026-09-04T01:39:21+00:00,2026-08-10T00:00:00+00:00,false,,remote,full_time,mid,,,,simplify,https://simplify.jobs/p/67c3293f-f8cb-4a2f-aa79-da9019127d2a,,simplify,"[{""site"": ""simplify"", ""url"": ""https://simplify.jobs/p/67c3293f-f8cb-4a2f-aa79-da9019127d2a""}]",[],[],"{""location"": [""Remote; Chicago, IL, USA""]}",{},"{""location"": ""array_field""}",{}
https://simplify.jobs/p/ab7ffec3-a9bc-4058-922a-0bb0db0e9eaf,Senior Frontend Engineer,Aragorn AI,Remote; Remote in USA,125000.0,160000.0,USD,,,2026-09-04T10:06:01+00:00,2026-07-21T01:18:49+00:00,false,,remote,full_time,senior,,,,simplify,https://simplify.jobs/p/ab7ffec3-a9bc-4058-922a-0bb0db0e9eaf,,simplify,"[{""site"": ""simplify"", ""url"": ""https://simplify.jobs/p/ab7ffec3-a9bc-4058-922a-0bb0db0e9eaf""}]",[],[],"{""location"": [""Remote; Remote in USA""]}",{},"{""location"": ""array_field""}",{}
https://simplify.jobs/p/1a569769-a371-4bfb-9571-26c6f30984bf,Staff Frontend Software Engineer - Frontend - Factory Software,Tesla,"Remote; Fremont, CA, USA; Austin, TX, USA; Reno, NV, USA",,,,,,2026-09-11T08:45:17+00:00,2026-07-10T01:11:17+00:00,false,,remote,full_time,mid | senior,,,,simplify,https://simplify.jobs/p/1a569769-a371-4bfb-9571-26c6f30984bf,,simplify,"[{""site"": ""simplify"", ""url"": ""https://simplify.jobs/p/1a569769-a371-4bfb-9571-26c6f30984bf""}]",[],[],"{""location"": [""Remote; Fremont, CA, USA; Austin, TX, USA; Reno, NV, USA""]}",{},"{""location"": ""array_field""}",{}
https://simplify.jobs/p/6daf17fa-640a-4222-aeb3-bd1d74b28d46,Front-End Developer,Injective Foundation,Remote; Remote in USA,,,,,,2026-09-04T13:30:01+00:00,2026-06-02T22:08:18+00:00,false,,remote,full_time,mid,,,,simplify,https://simplify.jobs/p/6daf17fa-640a-4222-aeb3-bd1d74b28d46 | https://simplify.jobs/p/5c8f2e1f-b200-4499-8c72-d94401501cef,,simplify,"[{""site"": ""simplify"", ""url"": ""https://simplify.jobs/p/6daf17fa-640a-4222-aeb3-bd1d74b28d46""}, {""site"": ""simplify"", ""url"": ""https://simplify.jobs/p/5c8f2e1f-b200-4499-8c72-d94401501cef""}]",[],[],"{""location"": [""Remote; Remote in USA""]}",{},"{""location"": ""array_field""}",{}
https://simplify.jobs/p/28634bd8-4d20-4962-8a99-6a5e25b6e7d2,Senior Frontend Software Engineer - DogByte,Veterinary Emergency Group (VEG ER),Remote; Remote in USA,170000.0,200000.0,USD,,,2026-09-04T03:09:46+00:00,2026-09-03T23:16:03+00:00,false,,remote,full_time,senior,,,,simplify,https://simplify.jobs/p/28634bd8-4d20-4962-8a99-6a5e25b6e7d2,,simplify,"[{""site"": ""simplify"", ""url"": ""https://simplify.jobs/p/28634bd8-4d20-4962-8a99-6a5e25b6e7d2""}]",[],[],"{""location"": [""Remote; Remote in USA""]}",{},"{""location"": ""array_field""}",{}
https://simplify.jobs/p/eb5d6e5b-0aa4-4e39-88ca-6ba584faab9d,Senior Angular Frontend Developer,MyTime,"Remote; Los Angeles, CA, USA",,,,,,2026-09-04T07:24:02+00:00,2026-02-25T02:13:38+00:00,false,,remote,full_time,senior,,,,simplify,https://simplify.jobs/p/eb5d6e5b-0aa4-4e39-88ca-6ba584faab9d,,simplify,"[{""site"": ""simplify"", ""url"": ""https://simplify.jobs/p/eb5d6e5b-0aa4-4e39-88ca-6ba584faab9d""}]",[],[],"{""location"": [""Remote; Los Angeles, CA, USA""]}",{},"{""location"": ""array_field""}",{}
https://simplify.jobs/p/51193bef-6195-454d-8eef-120dd2cf186c,Senior Frontend Engineer - Frontend - Product Engineering,TRM Labs,Remote in USA,180000.0,230000.0,USD,,,2026-09-19T09:00:14+00:00,2026-05-19T01:08:37+00:00,false,,hybrid,full_time,mid | senior,,,,simplify,https://simplify.jobs/p/51193bef-6195-454d-8eef-120dd2cf186c,,simplify,"[{""site"": ""simplify"", ""url"": ""https://simplify.jobs/p/51193bef-6195-454d-8eef-120dd2cf186c""}]",[],[],"{""location"": [""Remote in USA""]}",{},"{""location"": ""array_field""}",{}
https://simplify.jobs/p/c9a2c5b0-384e-471a-97e8-1c6e57b343c7,Software Engineer - Frontend,SIFT,"Marina Del Rey, CA, USA",160000.0,200000.0,USD,,,2026-09-04T06:57:01+00:00,2026-08-04T22:20:15+00:00,false,,hybrid,full_time,mid,,,,simplify,https://simplify.jobs/p/c9a2c5b0-384e-471a-97e8-1c6e57b343c7,,simplify,"[{""site"": ""simplify"", ""url"": ""https://simplify.jobs/p/c9a2c5b0-384e-471a-97e8-1c6e57b343c7""}]",[],[],"{""location"": [""Marina Del Rey, CA, USA""]}",{},"{""location"": ""array_field""}",{}
https://simplify.jobs/p/1689bb10-df5a-44ca-a62e-098017b916b8,Senior Software Engineer - Frontend Video Advertising,The New York Times,Remote; Remote in USA,140000.0,160000.0,USD,,,2026-09-08T22:39:27+00:00,2026-03-10T22:22:45+00:00,false,,remote,full_time,senior,,,,simplify,https://simplify.jobs/p/1689bb10-df5a-44ca-a62e-098017b916b8,,simplify,"[{""site"": ""simplify"", ""url"": ""https://simplify.jobs/p/1689bb10-df5a-44ca-a62e-098017b916b8""}]",[],[],"{""location"": [""Remote; Remote in USA""]}",{},"{""location"": ""array_field""}",{}
https://simplify.jobs/p/0731ff73-dd1e-4160-b89a-fa2b7c981e5b,Senior Frontend Engineer,Umbrel,Remote; Remote in USA,,,,,,2026-09-04T09:42:02+00:00,2026-07-21T01:15:11+00:00,false,,remote,full_time,mid | senior,,,,simplify,https://simplify.jobs/p/0731ff73-dd1e-4160-b89a-fa2b7c981e5b,,simplify,"[{""site"": ""simplify"", ""url"": ""https://simplify.jobs/p/0731ff73-dd1e-4160-b89a-fa2b7c981e5b""}]",[],[],"{""location"": [""Remote; Remote in USA""]}",{},"{""location"": ""array_field""}",{}
https://simplify.jobs/p/89bb7497-b231-4b74-8663-2230941f4b42,Senior Software Engineer - Front-End - CX Apps,Collectors,"Remote; California, USA",140971.0,228870.0,USD,,,2026-09-03T19:00:22+00:00,2026-06-27T10:10:25+00:00,false,,remote,full_time,senior,,,,simplify,https://simplify.jobs/p/89bb7497-b231-4b74-8663-2230941f4b42,,simplify,"[{""site"": ""simplify"", ""url"": ""https://simplify.jobs/p/89bb7497-b231-4b74-8663-2230941f4b42""}]",[],[],"{""location"": [""Remote; California, USA""]}",{},"{""location"": ""array_field""}",{}
https://simplify.jobs/p/3bdeef66-5cb3-4b4e-b4ab-0a3b814ec230,Senior Frontend Developer - AI Cloud Platform,Evergrid,Remote; Remote in USA,,,,,,2026-09-04T09:42:02+00:00,2026-07-21T01:14:48+00:00,false,,remote,full_time,senior,,,,simplify,https://simplify.jobs/p/3bdeef66-5cb3-4b4e-b4ab-0a3b814ec230,,simplify,"[{""site"": ""simplify"", ""url"": ""https://simplify.jobs/p/3bdeef66-5cb3-4b4e-b4ab-0a3b814ec230""}]",[],[],"{""location"": [""Remote; Remote in USA""]}",{},"{""location"": ""array_field""}",{}
https://simplify.jobs/p/fa8122bc-0695-4e23-8987-a4043e8e77e0,E-EFMP Front-End Developer,DecisionPoint,Remote; Remote in USA,,,,,,2026-09-04T10:54:01+00:00,2026-08-14T03:59:41+00:00,false,,remote,full_time,senior,,,,simplify,https://simplify.jobs/p/fa8122bc-0695-4e23-8987-a4043e8e77e0,,simplify,"[{""site"": ""simplify"", ""url"": ""https://simplify.jobs/p/fa8122bc-0695-4e23-8987-a4043e8e77e0""}]",[],[],"{""location"": [""Remote; Remote in USA""]}",{},"{""location"": ""array_field""}",{}
https://simplify.jobs/p/d4fafe15-51d0-4884-b771-fb063dd8e2db,Front-End UI Developer,Jack Henry,"Remote; Allen, TX, USA; Louisville, KY, USA; Birmingham, AL, USA; Cedar Falls, IA, USA; Charlotte, NC, USA; Monett, MO, USA; Springfield, MO, USA; Overland Park, KS, USA",,,,,,2026-09-16T10:45:01+00:00,2026-09-14T19:55:47+00:00,false,,remote,full_time,junior,,,,simplify,https://simplify.jobs/p/d4fafe15-51d0-4884-b771-fb063dd8e2db,,simplify,"[{""site"": ""simplify"", ""url"": ""https://simplify.jobs/p/d4fafe15-51d0-4884-b771-fb063dd8e2db""}]",[],[],"{""location"": [""Remote; Allen, TX, USA; Louisville, KY, USA; Birmingham, AL, USA; Cedar Falls, IA, USA; Charlotte, NC, USA; Monett, MO, USA; Springfield, MO, USA; Overland Park, KS, USA""]}",{},"{""location"": ""array_field""}",{}
https://simplify.jobs/p/2c1678b2-becf-4001-99bb-f9438e2dd20f,Frontend Engineer - Architect,Tempo,"San Francisco, CA, USA; Remote in USA",,,,,,2026-09-03T19:51:22+00:00,2026-07-21T01:15:13+00:00,false,,hybrid,full_time,senior,,,,simplify,https://simplify.jobs/p/2c1678b2-becf-4001-99bb-f9438e2dd20f,,simplify,"[{""site"": ""simplify"", ""url"": ""https://simplify.jobs/p/2c1678b2-becf-4001-99bb-f9438e2dd20f""}]",[],[],"{""location"": [""San Francisco, CA, USA; Remote in USA""]}",{},"{""location"": ""array_field""}",{}
https://simplify.jobs/p/bef6cd4a-5f73-4a94-af42-88b1343ada05,Software Engineer 2 - Frontend,Greenlight,"Remote; Atlanta, GA, USA",140000.0,170000.0,USD,,,2026-09-03T11:19:20+00:00,2026-08-03T22:13:17+00:00,false,,remote,full_time,mid,,,,simplify,https://simplify.jobs/p/bef6cd4a-5f73-4a94-af42-88b1343ada05,,simplify,"[{""site"": ""simplify"", ""url"": ""https://simplify.jobs/p/bef6cd4a-5f73-4a94-af42-88b1343ada05""}]",[],[],"{""location"": [""Remote; Atlanta, GA, USA""]}",{},"{""location"": ""array_field""}",{}
https://simplify.jobs/p/52562b4c-a215-4989-8d2c-ad62834e5171,Senior Software Engineer: Front-End,LogicGate,"Remote in USA; Chicago, IL, USA; Bellevue, WA, USA",120000.0,160000.0,USD,,,2026-09-03T03:00:21+00:00,2026-08-31T23:51:40+00:00,false,,hybrid,full_time,senior,,,,simplify,https://simplify.jobs/p/52562b4c-a215-4989-8d2c-ad62834e5171,,simplify,"[{""site"": ""simplify"", ""url"": ""https://simplify.jobs/p/52562b4c-a215-4989-8d2c-ad62834e5171""}]",[],[],"{""location"": [""Remote in USA; Chicago, IL, USA; Bellevue, WA, USA""]}",{},"{""location"": ""array_field""}",{}
https://simplify.jobs/p/f5fc1ab0-3fe0-405f-9c8e-74a43e571002,Staff Frontend Engineer,Assured,"Remote; Palo Alto, CA, USA; Remote in USA",210000.0,270000.0,USD,,,2026-09-04T07:51:01+00:00,2026-05-13T22:09:32+00:00,false,,remote,full_time,senior,,,,simplify,https://simplify.jobs/p/f5fc1ab0-3fe0-405f-9c8e-74a43e571002,,simplify,"[{""site"": ""simplify"", ""url"": ""https://simplify.jobs/p/f5fc1ab0-3fe0-405f-9c8e-74a43e571002""}]",[],[],"{""location"": [""Remote; Palo Alto, CA, USA; Remote in USA""]}",{},"{""location"": ""array_field""}",{}
https://simplify.jobs/p/21b95fb5-d489-4032-af81-46650b0e2764,Frontend Engineer – New Grad,D3,"Los Angeles, CA, USA",,,,,,2025-12-11T23:28:29+00:00,2025-12-11T23:28:29+00:00,false,,hybrid,full_time,,,,,simplify,https://simplify.jobs/p/21b95fb5-d489-4032-af81-46650b0e2764,,simplify,"[{""site"": ""simplify"", ""url"": ""https://simplify.jobs/p/21b95fb5-d489-4032-af81-46650b0e2764""}]",[],[],"{""location"": [""Los Angeles, CA, USA""]}",{},"{""location"": ""array_field""}",{}
https://simplify.jobs/p/1200d9c3-8c18-4a2b-a55a-19887da19374,Frontend Engineer Intern,Centerfield,"Los Angeles, CA, USA",30.0,30.0,USD,,,2026-09-04T00:39:22+00:00,2026-08-06T22:18:16+00:00,true,,hybrid,internship,intern,,,,simplify,https://simplify.jobs/p/1200d9c3-8c18-4a2b-a55a-19887da19374,,simplify,"[{""site"": ""simplify"", ""url"": ""https://simplify.jobs/p/1200d9c3-8c18-4a2b-a55a-19887da19374""}]",[],[],"{""location"": [""Los Angeles, CA, USA""]}",{},"{""location"": ""array_field""}",{}
https://simplify.jobs/p/25f7ec37-481b-4a92-9c27-13b31f683b4f,Frontend Software Engineer - Multiple Teams,Hadrian,"Los Angeles, CA, USA; Torrance, CA, USA",120000.0,300000.0,USD,,,2026-09-18T08:45:36+00:00,2025-10-30T23:59:16+00:00,false,,onsite,full_time,mid,,,,simplify,https://simplify.jobs/p/25f7ec37-481b-4a92-9c27-13b31f683b4f,,simplify,"[{""site"": ""simplify"", ""url"": ""https://simplify.jobs/p/25f7ec37-481b-4a92-9c27-13b31f683b4f""}]",[],[],"{""location"": [""Los Angeles, CA, USA; Torrance, CA, USA""]}",{},"{""location"": ""array_field""}",{}
https://simplify.jobs/p/a948073b-9a15-42e6-b3ef-b4342c2c349e,Senior Staff Engineer Frontend,Lendistry,"Los Angeles, CA, USA; Dallas, TX, USA; Remote in USA; Tustin, CA, USA",111200.0,185000.0,USD,,,2026-09-04T03:12:21+00:00,2026-07-27T00:00:00+00:00,false,,hybrid,full_time,senior,,,,simplify,https://simplify.jobs/p/a948073b-9a15-42e6-b3ef-b4342c2c349e,,simplify,"[{""site"": ""simplify"", ""url"": ""https://simplify.jobs/p/a948073b-9a15-42e6-b3ef-b4342c2c349e""}]",[],[],"{""location"": [""Los Angeles, CA, USA; Dallas, TX, USA; Remote in USA; Tustin, CA, USA""]}",{},"{""location"": ""array_field""}",{}
https://simplify.jobs/p/46e54301-c314-4ff1-9bc8-11bad7566c8b,Frontend Software Engineer,Veilant,"Remote; Chantilly, VA, USA",100000.0,125000.0,USD,,,2026-09-17T22:14:46+00:00,2026-09-17T22:05:07+00:00,false,,remote,full_time,mid,,,,simplify,https://simplify.jobs/p/46e54301-c314-4ff1-9bc8-11bad7566c8b,,simplify,"[{""site"": ""simplify"", ""url"": ""https://simplify.jobs/p/46e54301-c314-4ff1-9bc8-11bad7566c8b""}]",[],[],"{""location"": [""Remote; Chantilly, VA, USA""]}",{},"{""location"": ""array_field""}",{}
https://simplify.jobs/p/7c02b87d-9060-43d7-91b7-c1bf23c8b198,Senior Software Engineer - Frontend,Zoo,"Remote; Los Angeles, CA, USA",145000.0,195000.0,USD,,,2026-09-04T07:51:01+00:00,2026-04-29T22:20:14+00:00,false,,remote,full_time,senior,,,,simplify,https://simplify.jobs/p/7c02b87d-9060-43d7-91b7-c1bf23c8b198,,simplify,"[{""site"": ""simplify"", ""url"": ""https://simplify.jobs/p/7c02b87d-9060-43d7-91b7-c1bf23c8b198""}]",[],[],"{""location"": [""Remote; Los Angeles, CA, USA""]}",{},"{""location"": ""array_field""}",{}
https://simplify.jobs/p/a7504cd3-ec6e-4d91-b20b-bb6d5f95e1e9,Senior/Staff Frontend Engineer - Web Products,Machinify,Remote; Remote in USA,200000.0,250000.0,USD,,,2026-09-04T08:03:01+00:00,2026-05-19T01:15:10+00:00,false,,remote,full_time,senior,,,,simplify,https://simplify.jobs/p/a7504cd3-ec6e-4d91-b20b-bb6d5f95e1e9,,simplify,"[{""site"": ""simplify"", ""url"": ""https://simplify.jobs/p/a7504cd3-ec6e-4d91-b20b-bb6d5f95e1e9""}]",[],[],"{""location"": [""Remote; Remote in USA""]}",{},"{""location"": ""array_field""}",{}
https://simplify.jobs/p/e03a23b2-ddce-4292-b70a-a64844dc5b01,Senior Frontend Engineer,ClickUp,Remote; Remote in USA,160000.0,210000.0,USD,,,2026-09-04T22:45:01+00:00,2026-09-04T22:43:18+00:00,false,,remote,full_time,senior,,,,simplify,https://simplify.jobs/p/e03a23b2-ddce-4292-b70a-a64844dc5b01,,simplify,"[{""site"": ""simplify"", ""url"": ""https://simplify.jobs/p/e03a23b2-ddce-4292-b70a-a64844dc5b01""}]",[],[],"{""location"": [""Remote; Remote in USA""]}",{},"{""location"": ""array_field""}",{}
https://simplify.jobs/p/ad1f90e1-592e-4d29-9efd-aa3287e2cd8f,Frontend Design Systems Engineer,Seeq,Remote; Remote in USA,144000.0,170000.0,USD,,,2026-09-04T01:18:24+00:00,2026-08-08T01:19:54+00:00,false,,remote,full_time,,,,,simplify,https://simplify.jobs/p/ad1f90e1-592e-4d29-9efd-aa3287e2cd8f,,simplify,"[{""site"": ""simplify"", ""url"": ""https://simplify.jobs/p/ad1f90e1-592e-4d29-9efd-aa3287e2cd8f""}]",[],[],"{""location"": [""Remote; Remote in USA""]}",{},"{""location"": ""array_field""}",{}
https://simplify.jobs/p/785cafc1-6967-4367-a708-3b21f07891ba,Senior Software Engineer - Frontend,Optimal Dynamics,Remote; Remote in USA,165000.0,195000.0,USD,,,2026-09-04T07:36:01+00:00,2026-04-14T22:09:37+00:00,false,,remote,full_time,senior,,,,simplify,https://simplify.jobs/p/785cafc1-6967-4367-a708-3b21f07891ba,,simplify,"[{""site"": ""simplify"", ""url"": ""https://simplify.jobs/p/785cafc1-6967-4367-a708-3b21f07891ba""}]",[],[],"{""location"": [""Remote; Remote in USA""]}",{},"{""location"": ""array_field""}",{}
https://simplify.jobs/p/53cf476d-d30a-4c40-a2ef-c3877af8eaa9,Senior Frontend Engineer,Canals AI,Remote; Remote in USA,,,,,,2026-09-04T07:12:12+00:00,2026-02-06T07:09:42+00:00,false,,remote,full_time,mid | senior,,,,simplify,https://simplify.jobs/p/53cf476d-d30a-4c40-a2ef-c3877af8eaa9,,simplify,"[{""site"": ""simplify"", ""url"": ""https://simplify.jobs/p/53cf476d-d30a-4c40-a2ef-c3877af8eaa9""}]",[],[],"{""location"": [""Remote; Remote in USA""]}",{},"{""location"": ""array_field""}",{}
https://simplify.jobs/p/3a1bb347-77be-442a-8236-431fb3d9dfce,Senior Front-End Developer,DecisionPoint,Remote; Remote in USA,,,,,,2026-09-04T10:54:01+00:00,2026-08-14T03:59:45+00:00,false,,remote,full_time,senior,,,,simplify,https://simplify.jobs/p/3a1bb347-77be-442a-8236-431fb3d9dfce,,simplify,"[{""site"": ""simplify"", ""url"": ""https://simplify.jobs/p/3a1bb347-77be-442a-8236-431fb3d9dfce""}]",[],[],"{""location"": [""Remote; Remote in USA""]}",{},"{""location"": ""array_field""}",{}
https://simplify.jobs/p/3587426b-3401-4d11-b49f-6c86b6dd12f8,Software Engineer - Frontend - Agentic AI,SIFT,"Marina Del Rey, CA, USA",160000.0,200000.0,USD,,,2026-09-03T16:57:18+00:00,2026-07-27T22:24:11+00:00,false,,hybrid,full_time,mid,,,,simplify,https://simplify.jobs/p/3587426b-3401-4d11-b49f-6c86b6dd12f8,,simplify,"[{""site"": ""simplify"", ""url"": ""https://simplify.jobs/p/3587426b-3401-4d11-b49f-6c86b6dd12f8""}]",[],[],"{""location"": [""Marina Del Rey, CA, USA""]}",{},"{""location"": ""array_field""}",{}
https://simplify.jobs/p/79041f34-0b97-4aee-a65e-d2da012b8795,Frontend Software Engineer,Maania Consultancy Services,"Remote; Laurel, MD, USA",,,,,,2026-09-04T01:03:21+00:00,2026-08-07T22:17:19+00:00,false,,remote,full_time,mid,,,,simplify,https://simplify.jobs/p/79041f34-0b97-4aee-a65e-d2da012b8795,,simplify,"[{""site"": ""simplify"", ""url"": ""https://simplify.jobs/p/79041f34-0b97-4aee-a65e-d2da012b8795""}]",[],[],"{""location"": [""Remote; Laurel, MD, USA""]}",{},"{""location"": ""array_field""}",{}
https://simplify.jobs/p/1b6dad46-d332-4d72-8ecb-494ea7b03366,Principal Software Engineer - Frontend,Palo Alto Networks,"Remote; Boston, MA, USA; San Francisco, CA, USA; Austin, TX, USA; Bridgeport, CT, USA; New York, NY, USA; Phoenix, AZ, USA; Denver, CO, USA; Jacksonville, FL, USA; Atlanta, GA, USA",,,,,,2026-09-04T09:15:01+00:00,2026-07-01T22:10:11+00:00,false,,remote,full_time,,,,,simplify,https://simplify.jobs/p/1b6dad46-d332-4d72-8ecb-494ea7b03366,,simplify,"[{""site"": ""simplify"", ""url"": ""https://simplify.jobs/p/1b6dad46-d332-4d72-8ecb-494ea7b03366""}]",[],[],"{""location"": [""Remote; Boston, MA, USA; San Francisco, CA, USA; Austin, TX, USA; Bridgeport, CT, USA; New York, NY, USA; Phoenix, AZ, USA; Denver, CO, USA; Jacksonville, FL, USA; Atlanta, GA, USA""]}",{},"{""location"": ""array_field""}",{}
https://simplify.jobs/p/f37bd7ca-a534-4815-ab08-dd40af9ab42a,Senior Software Engineer - Frontend,Phantom,Remote; Remote in USA,180000.0,220000.0,USD,,,2026-09-04T12:33:01+00:00,2026-03-27T01:11:31+00:00,false,,remote,full_time,senior,,,,simplify,https://simplify.jobs/p/f37bd7ca-a534-4815-ab08-dd40af9ab42a,,simplify,"[{""site"": ""simplify"", ""url"": ""https://simplify.jobs/p/f37bd7ca-a534-4815-ab08-dd40af9ab42a""}]",[],[],"{""location"": [""Remote; Remote in USA""]}",{},"{""location"": ""array_field""}",{}
https://simplify.jobs/p/40eda1d7-ee7d-4f62-a628-ab9e5e1977d1,Senior Software Engineer - Frontend - Extensions Team,Cerby,Remote; Remote in USA,,,,,,2026-09-19T08:54:02+00:00,2026-07-21T01:17:30+00:00,false,,remote,full_time,senior,,,,simplify,https://simplify.jobs/p/40eda1d7-ee7d-4f62-a628-ab9e5e1977d1,,simplify,"[{""site"": ""simplify"", ""url"": ""https://simplify.jobs/p/40eda1d7-ee7d-4f62-a628-ab9e5e1977d1""}]",[],[],"{""location"": [""Remote; Remote in USA""]}",{},"{""location"": ""array_field""}",{}
https://simplify.jobs/p/ef8f653d-e883-4912-a58b-228da44a2c3f,Frontend Engineer,UpDoc,Remote; Remote in USA,,,,,,2026-09-04T09:54:01+00:00,2026-07-21T22:13:15+00:00,false,,remote,full_time,mid,,,,simplify,https://simplify.jobs/p/ef8f653d-e883-4912-a58b-228da44a2c3f,,simplify,"[{""site"": ""simplify"", ""url"": ""https://simplify.jobs/p/ef8f653d-e883-4912-a58b-228da44a2c3f""}]",[],[],"{""location"": [""Remote; Remote in USA""]}",{},"{""location"": ""array_field""}",{}
https://simplify.jobs/p/644ebe72-6597-44b6-be07-166cea20428a,Senior Front-End Engineer,Gallatin AI,"Palo Alto, CA, USA; Washington, DC, USA; San Francisco, CA, USA; Austin, TX, USA; New York, NY, USA; El Segundo, CA, USA",80000.0,210000.0,USD,,,2026-09-04T06:57:01+00:00,2025-10-31T07:23:02+00:00,false,,onsite,full_time,senior,,,,simplify,https://simplify.jobs/p/644ebe72-6597-44b6-be07-166cea20428a,,simplify,"[{""site"": ""simplify"", ""url"": ""https://simplify.jobs/p/644ebe72-6597-44b6-be07-166cea20428a""}]",[],[],"{""location"": [""Palo Alto, CA, USA; Washington, DC, USA; San Francisco, CA, USA; Austin, TX, USA; New York, NY, USA; El Segundo, CA, USA""]}",{},"{""location"": ""array_field""}",{}
https://simplify.jobs/p/f87368ea-638b-4f30-a7da-8dd684c03bff,Senior Product Software Engineer - Frontend,The Walt Disney Company,"Seattle, WA, USA; Santa Monica, CA, USA; New York, NY, USA",141900.0,199400.0,USD,,,2026-09-03T19:06:23+00:00,2026-08-13T22:32:56+00:00,false,,hybrid,full_time,senior,,,,simplify,https://simplify.jobs/p/f87368ea-638b-4f30-a7da-8dd684c03bff,,simplify,"[{""site"": ""simplify"", ""url"": ""https://simplify.jobs/p/f87368ea-638b-4f30-a7da-8dd684c03bff""}]",[],[],"{""location"": [""Seattle, WA, USA; Santa Monica, CA, USA; New York, NY, USA""]}",{},"{""location"": ""array_field""}",{}
https://simplify.jobs/p/79e3e3ba-5ec0-4039-9630-346e6e27c2fe,Software Engineer - Front-End,TensorWave,"Remote; Las Vegas, NV, USA",,,,,,2026-09-03T19:00:22+00:00,2026-06-20T06:07:18+00:00,false,,remote,full_time,senior,,,,simplify,https://simplify.jobs/p/79e3e3ba-5ec0-4039-9630-346e6e27c2fe,,simplify,"[{""site"": ""simplify"", ""url"": ""https://simplify.jobs/p/79e3e3ba-5ec0-4039-9630-346e6e27c2fe""}]",[],[],"{""location"": [""Remote; Las Vegas, NV, USA""]}",{},"{""location"": ""array_field""}",{}
https://simplify.jobs/p/2130f213-18da-4b32-bbfe-0dbf6609aee2,Senior Software Engineer - Frontend - Coinbase Card,Coinbase,Remote in USA,186065.0,218900.0,USD,,,2026-09-03T20:09:21+00:00,2026-07-28T22:31:19+00:00,false,,hybrid,full_time,senior,,,,simplify,https://simplify.jobs/p/2130f213-18da-4b32-bbfe-0dbf6609aee2,,simplify,"[{""site"": ""simplify"", ""url"": ""https://simplify.jobs/p/2130f213-18da-4b32-bbfe-0dbf6609aee2""}]",[],[],"{""location"": [""Remote in USA""]}",{},"{""location"": ""array_field""}",{}
https://simplify.jobs/p/3e9efe58-f6ba-4287-a8ba-296b9d768f4e,Frontend Software Development Engineer 2,Slate Auto,Remote; Remote in USA,119662.0,179493.0,USD,,,2026-09-03T14:21:14+00:00,2026-08-18T00:00:00+00:00,false,,remote,full_time,mid,,,,simplify,https://simplify.jobs/p/3e9efe58-f6ba-4287-a8ba-296b9d768f4e,,simplify,"[{""site"": ""simplify"", ""url"": ""https://simplify.jobs/p/3e9efe58-f6ba-4287-a8ba-296b9d768f4e""}]",[],[],"{""location"": [""Remote; Remote in USA""]}",{},"{""location"": ""array_field""}",{}
https://simplify.jobs/p/8f093ad0-1f3e-40c8-805c-78412862bef4,Front-End Developer - Front-End,The Publisher Desk,Remote; Remote in USA,,,,,,2025-11-12T03:25:56+00:00,2025-10-31T08:43:04+00:00,false,,remote,full_time,senior,,,,simplify,https://simplify.jobs/p/8f093ad0-1f3e-40c8-805c-78412862bef4,,simplify,"[{""site"": ""simplify"", ""url"": ""https://simplify.jobs/p/8f093ad0-1f3e-40c8-805c-78412862bef4""}]",[],[],"{""location"": [""Remote; Remote in USA""]}",{},"{""location"": ""array_field""}",{}
https://simplify.jobs/p/11b0fcd9-027f-471a-a6e8-c18f4ad35ffc,Staff Frontend Engineer,ClickUp,Remote; Remote in USA,200000.0,250000.0,USD,,,2026-09-04T22:45:01+00:00,2026-09-04T22:43:19+00:00,false,,remote,full_time,senior,,,,simplify,https://simplify.jobs/p/11b0fcd9-027f-471a-a6e8-c18f4ad35ffc,,simplify,"[{""site"": ""simplify"", ""url"": ""https://simplify.jobs/p/11b0fcd9-027f-471a-a6e8-c18f4ad35ffc""}]",[],[],"{""location"": [""Remote; Remote in USA""]}",{},"{""location"": ""array_field""}",{}
https://simplify.jobs/p/7561d4ea-7ed4-4b7a-aca6-fc4db7970bcc,Frontend Engineer,BJAK,Remote; Remote in USA,,,,,,2026-09-10T01:28:18+00:00,2026-09-10T01:24:47+00:00,false,,remote,full_time,mid,,,,simplify,https://simplify.jobs/p/7561d4ea-7ed4-4b7a-aca6-fc4db7970bcc,,simplify,"[{""site"": ""simplify"", ""url"": ""https://simplify.jobs/p/7561d4ea-7ed4-4b7a-aca6-fc4db7970bcc""}]",[],[],"{""location"": [""Remote; Remote in USA""]}",{},"{""location"": ""array_field""}",{}
https://simplify.jobs/p/e37bc864-f5ab-44d9-949a-c99672f4e1ae,Senior Frontend Engineer,CircleIn,"Remote; Calverton, MD, USA",,,,,,2026-09-04T02:24:21+00:00,2026-08-13T06:13:23+00:00,false,,remote,full_time,mid | senior,,,,simplify,https://simplify.jobs/p/e37bc864-f5ab-44d9-949a-c99672f4e1ae,,simplify,"[{""site"": ""simplify"", ""url"": ""https://simplify.jobs/p/e37bc864-f5ab-44d9-949a-c99672f4e1ae""}]",[],[],"{""location"": [""Remote; Calverton, MD, USA""]}",{},"{""location"": ""array_field""}",{}
https://simplify.jobs/p/0df76ac4-b22e-4094-b093-3fec1a8aa109,Frontend Platform Engineer - Design Systems,LangChain,"Remote; Boston, MA, USA; Remote in USA; New York, NY, USA",180000.0,240000.0,USD,,,2026-09-12T08:36:30+00:00,2026-08-22T02:36:34+00:00,false,,remote,full_time,senior,,,,simplify,https://simplify.jobs/p/0df76ac4-b22e-4094-b093-3fec1a8aa109,,simplify,"[{""site"": ""simplify"", ""url"": ""https://simplify.jobs/p/0df76ac4-b22e-4094-b093-3fec1a8aa109""}]",[],[],"{""location"": [""Remote; Boston, MA, USA; Remote in USA; New York, NY, USA""]}",{},"{""location"": ""array_field""}",{}
https://simplify.jobs/p/efbb51f4-e993-4ca6-9b6f-a325d3da9b5e,Frontend Architect,Koch Industries,"Remote; Austin, TX, USA; Lisle, IL, USA",110000.0,160000.0,USD,,,2026-09-16T22:45:02+00:00,2026-09-16T22:32:53+00:00,false,,remote,full_time,senior,,,,simplify,https://simplify.jobs/p/efbb51f4-e993-4ca6-9b6f-a325d3da9b5e,,simplify,"[{""site"": ""simplify"", ""url"": ""https://simplify.jobs/p/efbb51f4-e993-4ca6-9b6f-a325d3da9b5e""}]",[],[],"{""location"": [""Remote; Austin, TX, USA; Lisle, IL, USA""]}",{},"{""location"": ""array_field""}",{}
https://simplify.jobs/p/b01aea50-a843-41ba-a86f-7bc6ab9d67ff,Software Engineer - Frontend,Metabase,Remote; Remote in USA,110000.0,210000.0,USD,,,2026-09-04T05:18:01+00:00,2026-03-27T01:08:32+00:00,false,,remote,full_time,mid,,,,simplify,https://simplify.jobs/p/b01aea50-a843-41ba-a86f-7bc6ab9d67ff,,simplify,"[{""site"": ""simplify"", ""url"": ""https://simplify.jobs/p/b01aea50-a843-41ba-a86f-7bc6ab9d67ff""}]",[],[],"{""location"": [""Remote; Remote in USA""]}",{},"{""location"": ""array_field""}",{}
https://simplify.jobs/p/c8d6c8f3-6748-4fd0-9cc8-27ef294d03df,Staff Frontend Engineer - Feature Management,LaunchDarkly,Remote; Remote in USA,182600.0,295350.0,USD,,,2026-09-04T12:00:01+00:00,2026-08-17T19:20:21+00:00,false,,remote,full_time,senior,,,,simplify,https://simplify.jobs/p/c8d6c8f3-6748-4fd0-9cc8-27ef294d03df,,simplify,"[{""site"": ""simplify"", ""url"": ""https://simplify.jobs/p/c8d6c8f3-6748-4fd0-9cc8-27ef294d03df""}]",[],[],"{""location"": [""Remote; Remote in USA""]}",{},"{""location"": ""array_field""}",{}
https://simplify.jobs/p/7f4e29d9-75ed-4e85-80aa-edc842c8dfb2,Staff Frontend Engineer - Grafana Dataviz,Grafana Labs,Remote; Remote in USA,174986.0,209983.0,USD,,,2026-09-18T22:33:01+00:00,2026-09-16T22:29:40+00:00,false,,remote,full_time,senior,,,,simplify,https://simplify.jobs/p/7f4e29d9-75ed-4e85-80aa-edc842c8dfb2,,simplify,"[{""site"": ""simplify"", ""url"": ""https://simplify.jobs/p/7f4e29d9-75ed-4e85-80aa-edc842c8dfb2""}]",[],[],"{""location"": [""Remote; Remote in USA""]}",{},"{""location"": ""array_field""}",{}
https://simplify.jobs/p/a0ca246f-0680-466c-8464-28f63b1d728f,Frontend Engineer - User Interface,Nebius,Remote; Remote in USA,122880.0,184320.0,USD,,,2026-09-04T08:03:01+00:00,2026-05-22T22:10:55+00:00,false,,remote,full_time,mid,,,,simplify,https://simplify.jobs/p/a0ca246f-0680-466c-8464-28f63b1d728f,,simplify,"[{""site"": ""simplify"", ""url"": ""https://simplify.jobs/p/a0ca246f-0680-466c-8464-28f63b1d728f""}]",[],[],"{""location"": [""Remote; Remote in USA""]}",{},"{""location"": ""array_field""}",{}
https://simplify.jobs/p/c7da830f-f4a2-4f1d-83f8-84c38ce02230,Senior Power Platform Developer - UI/UX - Front-End,Engineer Up,Remote; Remote in USA,,,,,,2026-09-03T20:21:27+00:00,2026-07-23T06:17:49+00:00,false,,remote,full_time,senior,,,,simplify,https://simplify.jobs/p/c7da830f-f4a2-4f1d-83f8-84c38ce02230,,simplify,"[{""site"": ""simplify"", ""url"": ""https://simplify.jobs/p/c7da830f-f4a2-4f1d-83f8-84c38ce02230""}]",[],[],"{""location"": [""Remote; Remote in USA""]}",{},"{""location"": ""array_field""}",{}
https://simplify.jobs/p/6506b226-4f46-4824-ae0e-e9c1545d2106,Frontend / UX Engineer,NTT Data,"Remote; Bethesda, MD, USA",68076.0,141826.0,USD,,,2026-09-03T18:48:22+00:00,2026-06-11T22:03:53+00:00,false,,remote,full_time,mid,,,,simplify,https://simplify.jobs/p/6506b226-4f46-4824-ae0e-e9c1545d2106,,simplify,"[{""site"": ""simplify"", ""url"": ""https://simplify.jobs/p/6506b226-4f46-4824-ae0e-e9c1545d2106""}]",[],[],"{""location"": [""Remote; Bethesda, MD, USA""]}",{},"{""location"": ""array_field""}",{}
https://simplify.jobs/p/9bd7dfc8-5439-4d9c-808b-0bc2f91ee017,WordPress Front-End Developer - Front-End Development,Ebeacon,Remote; Remote in USA,,,,,,2026-09-18T06:19:51+00:00,2026-09-18T06:16:55+00:00,false,,remote,part_time,mid,,,,simplify,https://simplify.jobs/p/9bd7dfc8-5439-4d9c-808b-0bc2f91ee017,,simplify,"[{""site"": ""simplify"", ""url"": ""https://simplify.jobs/p/9bd7dfc8-5439-4d9c-808b-0bc2f91ee017""}]",[],[],"{""location"": [""Remote; Remote in USA""]}",{},"{""location"": ""array_field""}",{}
https://simplify.jobs/p/99f083c1-f77b-4a7d-b1e7-48b60deb489f,Frontend Engineer,Asteri AI,Remote; Remote in USA,,,,,,2026-09-04T09:42:02+00:00,2026-07-21T01:15:06+00:00,false,,remote,full_time,senior,,,,simplify,https://simplify.jobs/p/99f083c1-f77b-4a7d-b1e7-48b60deb489f,,simplify,"[{""site"": ""simplify"", ""url"": ""https://simplify.jobs/p/99f083c1-f77b-4a7d-b1e7-48b60deb489f""}]",[],[],"{""location"": [""Remote; Remote in USA""]}",{},"{""location"": ""array_field""}",{}
https://simplify.jobs/p/2c9a0ecd-db69-4640-903d-bc3bd82d8b2a,Senior Software Engineer - Frontend,SIFT,"San Francisco, CA, USA; Marina Del Rey, CA, USA",180000.0,230000.0,USD,,,2026-09-04T06:57:01+00:00,2026-08-04T22:20:15+00:00,false,,hybrid,full_time,senior,,,,simplify,https://simplify.jobs/p/2c9a0ecd-db69-4640-903d-bc3bd82d8b2a,,simplify,"[{""site"": ""simplify"", ""url"": ""https://simplify.jobs/p/2c9a0ecd-db69-4640-903d-bc3bd82d8b2a""}]",[],[],"{""location"": [""San Francisco, CA, USA; Marina Del Rey, CA, USA""]}",{},"{""location"": ""array_field""}",{}
https://simplify.jobs/p/cedade19-55b4-4bee-8cb4-a7c8030cfc23,Junior Frontend Developer - AI & LLM Focus,Advision Development,"Remote; Austin, TX, USA",65000.0,80000.0,USD,,,2026-09-19T10:24:23+00:00,2026-07-21T01:16:31+00:00,false,,remote,full_time,junior,,,,simplify,https://simplify.jobs/p/cedade19-55b4-4bee-8cb4-a7c8030cfc23,,simplify,"[{""site"": ""simplify"", ""url"": ""https://simplify.jobs/p/cedade19-55b4-4bee-8cb4-a7c8030cfc23""}]",[],[],"{""location"": [""Remote; Austin, TX, USA""]}",{},"{""location"": ""array_field""}",{}
https://simplify.jobs/p/c77e7947-0977-4c0f-95a3-19ac1b6eb3d5,Lead Front-End Software Engineer - AI Products - React / Typescript,Alteryx,"Remote; Pennsylvania, USA; Remote in USA",145000.0,190000.0,USD,,,2026-09-17T14:27:01+00:00,2026-09-04T00:00:00+00:00,false,,remote,full_time,senior,,,,simplify,https://simplify.jobs/p/c77e7947-0977-4c0f-95a3-19ac1b6eb3d5,,simplify,"[{""site"": ""simplify"", ""url"": ""https://simplify.jobs/p/c77e7947-0977-4c0f-95a3-19ac1b6eb3d5""}]",[],[],"{""location"": [""Remote; Pennsylvania, USA; Remote in USA""]}",{},"{""location"": ""array_field""}",{}
https://simplify.jobs/p/eb4dc73b-4163-4d76-a937-39dfee6109ea,Staff Frontend Engineer,Vetcove,Remote; Remote in USA,190000.0,220000.0,USD,,,2026-09-04T13:00:41+00:00,2026-08-29T00:39:32+00:00,false,,remote,full_time,senior,,,,simplify,https://simplify.jobs/p/eb4dc73b-4163-4d76-a937-39dfee6109ea,,simplify,"[{""site"": ""simplify"", ""url"": ""https://simplify.jobs/p/eb4dc73b-4163-4d76-a937-39dfee6109ea""}]",[],[],"{""location"": [""Remote; Remote in USA""]}",{},"{""location"": ""array_field""}",{}
https://simplify.jobs/p/626cf603-6239-4157-adf1-6d88c293d1ad,Senior Frontend Engineer,Reddit,Remote; Remote in USA,190800.0,267100.0,USD,,,2026-09-12T01:09:03+00:00,2026-09-12T01:07:55+00:00,false,,remote,full_time,senior,,,,simplify,https://simplify.jobs/p/626cf603-6239-4157-adf1-6d88c293d1ad,,simplify,"[{""site"": ""simplify"", ""url"": ""https://simplify.jobs/p/626cf603-6239-4157-adf1-6d88c293d1ad""}]",[],[],"{""location"": [""Remote; Remote in USA""]}",{},"{""location"": ""array_field""}",{}
https://simplify.jobs/p/ee96e664-16f8-4f87-8e60-a76017e65a15,Frontend Engineer,Stedi,Remote; Remote in USA; Remote in Canada,,,,,,2026-09-11T12:03:16+00:00,2025-10-31T10:36:28+00:00,false,,remote,full_time,mid,,,,simplify,https://simplify.jobs/p/ee96e664-16f8-4f87-8e60-a76017e65a15,,simplify,"[{""site"": ""simplify"", ""url"": ""https://simplify.jobs/p/ee96e664-16f8-4f87-8e60-a76017e65a15""}]",[],[],"{""location"": [""Remote; Remote in USA; Remote in Canada""]}",{},"{""location"": ""array_field""}",{}
https://simplify.jobs/p/258d40f8-77fb-4227-b57e-c1d284825af4,Frontend Software Engineer,Lean TECHniques,Remote; Remote in USA,,,,,,2026-09-16T22:36:01+00:00,2026-09-16T22:20:28+00:00,false,,remote,full_time,mid,,,,simplify,https://simplify.jobs/p/258d40f8-77fb-4227-b57e-c1d284825af4,,simplify,"[{""site"": ""simplify"", ""url"": ""https://simplify.jobs/p/258d40f8-77fb-4227-b57e-c1d284825af4""}]",[],[],"{""location"": [""Remote; Remote in USA""]}",{},"{""location"": ""array_field""}",{}
https://simplify.jobs/p/58af8c96-0e5d-4edf-b7fd-621ec92dce4a,Senior Front-End Software Engineer 2 - Front End - Apex Platform,AXS,"Los Angeles, CA, USA",133309.0,150000.0,USD,,,2026-09-03T20:33:22+00:00,2026-07-30T22:35:26+00:00,false,,hybrid,full_time,senior,,,,simplify,https://simplify.jobs/p/58af8c96-0e5d-4edf-b7fd-621ec92dce4a,,simplify,"[{""site"": ""simplify"", ""url"": ""https://simplify.jobs/p/58af8c96-0e5d-4edf-b7fd-621ec92dce4a""}]",[],[],"{""location"": [""Los Angeles, CA, USA""]}",{},"{""location"": ""array_field""}",{}
https://simplify.jobs/p/772701de-0e6f-42a4-aeef-f56b9feec06d,Senior Staff Software Engineer - Frontend - Web Infra,Affirm,Remote; Remote in USA,236000.0,325000.0,USD,,,2026-09-10T14:39:01+00:00,2026-04-23T22:16:51+00:00,false,,remote,full_time,senior,,,,simplify,https://simplify.jobs/p/772701de-0e6f-42a4-aeef-f56b9feec06d,,simplify,"[{""site"": ""simplify"", ""url"": ""https://simplify.jobs/p/772701de-0e6f-42a4-aeef-f56b9feec06d""}]",[],[],"{""location"": [""Remote; Remote in USA""]}",{},"{""location"": ""array_field""}",{}
https://simplify.jobs/p/4a0077a8-b0b7-4840-9143-ad8bc68ba02f,Frontend Developer,Aretum,"Remote; Remote in USA; McLean, VA, USA",110000.0,130000.0,USD,,,2026-09-04T01:18:24+00:00,2026-08-08T01:18:23+00:00,false,,remote,full_time,mid,,,,simplify,https://simplify.jobs/p/4a0077a8-b0b7-4840-9143-ad8bc68ba02f,,simplify,"[{""site"": ""simplify"", ""url"": ""https://simplify.jobs/p/4a0077a8-b0b7-4840-9143-ad8bc68ba02f""}]",[],[],"{""location"": [""Remote; Remote in USA; McLean, VA, USA""]}",{},"{""location"": ""array_field""}",{}
https://simplify.jobs/p/7029a464-f407-4a19-8153-29a527e6713d,Junior Frontend Designer & Developer,The Aerospace Corporation,"El Segundo, CA, USA",86600.0,129800.0,USD,,,2026-09-11T01:09:01+00:00,2026-09-10T00:00:00+00:00,false,,onsite,full_time,junior | mid,,,,simplify,https://simplify.jobs/p/7029a464-f407-4a19-8153-29a527e6713d,,simplify,"[{""site"": ""simplify"", ""url"": ""https://simplify.jobs/p/7029a464-f407-4a19-8153-29a527e6713d""}]",[],[],"{""location"": [""El Segundo, CA, USA""]}",{},"{""location"": ""array_field""}",{}
https://simplify.jobs/p/0bd9ccf8-19d5-4531-b6d1-3af19d255c39,Senior Frontend Engineer - Performance,Multi Media,Remote; Remote in USA,180000.0,215000.0,USD,,,2026-09-05T08:24:01+00:00,2026-07-26T22:21:07+00:00,false,,remote,full_time,senior,,,,simplify,https://simplify.jobs/p/0bd9ccf8-19d5-4531-b6d1-3af19d255c39,,simplify,"[{""site"": ""simplify"", ""url"": ""https://simplify.jobs/p/0bd9ccf8-19d5-4531-b6d1-3af19d255c39""}]",[],[],"{""location"": [""Remote; Remote in USA""]}",{},"{""location"": ""array_field""}",{}
https://simplify.jobs/p/8bcb8e36-6810-4312-8782-f268bc4b001b,Frontend Engineer - Ads,Reddit,Remote; Remote in USA,164200.0,229900.0,USD,,,2026-09-11T06:09:01+00:00,2026-09-11T06:07:39+00:00,false,,remote,full_time,mid,,,,simplify,https://simplify.jobs/p/8bcb8e36-6810-4312-8782-f268bc4b001b,,simplify,"[{""site"": ""simplify"", ""url"": ""https://simplify.jobs/p/8bcb8e36-6810-4312-8782-f268bc4b001b""}]",[],[],"{""location"": [""Remote; Remote in USA""]}",{},"{""location"": ""array_field""}",{}
https://simplify.jobs/p/a8ad40b9-e925-46ae-8e7c-e6f715a8104f,Frontend Developer - React/TypeScript,Avochato,Remote; Remote in USA,150000.0,150000.0,USD,,,2026-09-04T08:57:01+00:00,2026-07-03T22:23:27+00:00,false,,remote,full_time,mid,,,,simplify,https://simplify.jobs/p/a8ad40b9-e925-46ae-8e7c-e6f715a8104f,,simplify,"[{""site"": ""simplify"", ""url"": ""https://simplify.jobs/p/a8ad40b9-e925-46ae-8e7c-e6f715a8104f""}]",[],[],"{""location"": [""Remote; Remote in USA""]}",{},"{""location"": ""array_field""}",{}
https://simplify.jobs/p/80a24e16-d483-4f6e-875f-f008c1a84525,Senior Frontend Engineer,Newfold Digital,Remote; Remote in USA; Remote in Canada,,,,,,2026-09-15T22:36:01+00:00,2026-09-15T00:00:00+00:00,false,,remote,full_time,senior,,,,simplify,https://simplify.jobs/p/80a24e16-d483-4f6e-875f-f008c1a84525,,simplify,"[{""site"": ""simplify"", ""url"": ""https://simplify.jobs/p/80a24e16-d483-4f6e-875f-f008c1a84525""}]",[],[],"{""location"": [""Remote; Remote in USA; Remote in Canada""]}",{},"{""location"": ""array_field""}",{}
https://simplify.jobs/p/4ae68154-ba84-4b2f-89c1-aef1c533aef8,Staff Frontend Software Engineer,Archy,Remote; Remote in USA,190000.0,220000.0,USD,,,2026-09-12T14:39:01+00:00,2026-07-21T01:14:11+00:00,false,,remote,full_time,senior,,,,simplify,https://simplify.jobs/p/4ae68154-ba84-4b2f-89c1-aef1c533aef8,,simplify,"[{""site"": ""simplify"", ""url"": ""https://simplify.jobs/p/4ae68154-ba84-4b2f-89c1-aef1c533aef8""}]",[],[],"{""location"": [""Remote; Remote in USA""]}",{},"{""location"": ""array_field""}",{}
https://simplify.jobs/p/c6073a97-e4dc-451b-a4a8-a99aa4d50dbf,Senior Frontend Software Engineer - Web Vault,Keeper Security,Remote; Remote in USA,,,,,,2026-09-10T22:24:01+00:00,2026-09-10T22:15:24+00:00,false,,remote,full_time,senior,,,,simplify,https://simplify.jobs/p/c6073a97-e4dc-451b-a4a8-a99aa4d50dbf,,simplify,"[{""site"": ""simplify"", ""url"": ""https://simplify.jobs/p/c6073a97-e4dc-451b-a4a8-a99aa4d50dbf""}]",[],[],"{""location"": [""Remote; Remote in USA""]}",{},"{""location"": ""array_field""}",{}
https://simplify.jobs/p/9ec805d5-9a56-43cb-b7b7-083886750970,Product Software Engineer 2 - Frontend,The Walt Disney Company,"Seattle, WA, USA; Santa Monica, CA, USA",117500.0,165000.0,USD,,,2026-09-11T22:18:59+00:00,2026-09-11T22:10:30+00:00,false,,hybrid,full_time,mid,,,,simplify,https://simplify.jobs/p/9ec805d5-9a56-43cb-b7b7-083886750970,,simplify,"[{""site"": ""simplify"", ""url"": ""https://simplify.jobs/p/9ec805d5-9a56-43cb-b7b7-083886750970""}]",[],[],"{""location"": [""Seattle, WA, USA; Santa Monica, CA, USA""]}",{},"{""location"": ""array_field""}",{}
https://simplify.jobs/p/eec45f83-6437-4cff-8ed7-b5dc98f4b918,Front-End Engineer,Cedar Innovations,Remote; Remote in USA; Remote in Canada,100000.0,150000.0,USD,,,2026-09-04T09:54:01+00:00,2026-07-22T14:14:08+00:00,false,,remote,full_time,mid,,,,simplify,https://simplify.jobs/p/eec45f83-6437-4cff-8ed7-b5dc98f4b918,,simplify,"[{""site"": ""simplify"", ""url"": ""https://simplify.jobs/p/eec45f83-6437-4cff-8ed7-b5dc98f4b918""}]",[],[],"{""location"": [""Remote; Remote in USA; Remote in Canada""]}",{},"{""location"": ""array_field""}",{}
https://simplify.jobs/p/5e06ed50-74e8-4594-bfd8-6b99c9a11b96,Senior Frontend UX Engineer,Hubs.is,Remote; Remote in USA,,,,,,2026-09-03T19:57:26+00:00,2026-07-23T06:29:43+00:00,false,,remote,full_time,senior,,,,simplify,https://simplify.jobs/p/5e06ed50-74e8-4594-bfd8-6b99c9a11b96,,simplify,"[{""site"": ""simplify"", ""url"": ""https://simplify.jobs/p/5e06ed50-74e8-4594-bfd8-6b99c9a11b96""}]",[],[],"{""location"": [""Remote; Remote in USA""]}",{},"{""location"": ""array_field""}",{}
https://simplify.jobs/p/ee395a25-d3e0-4d73-9f6e-768bf4eedd56,Frontend Engineer,Nex,Remote; Remote in USA,120000.0,150000.0,USD,,,2026-09-15T01:09:04+00:00,2026-08-03T22:24:33+00:00,false,,remote,,mid,Conflicting employment_type across sites,,,simplify,https://simplify.jobs/p/ee395a25-d3e0-4d73-9f6e-768bf4eedd56 | https://simplify.jobs/p/cbc10d36-474c-4cc9-8429-fcb40eabc35c,,simplify,"[{""site"": ""simplify"", ""url"": ""https://simplify.jobs/p/ee395a25-d3e0-4d73-9f6e-768bf4eedd56""}, {""site"": ""simplify"", ""url"": ""https://simplify.jobs/p/cbc10d36-474c-4cc9-8429-fcb40eabc35c""}]",[],[],"{""location"": [""Remote; Remote in USA""]}",{},"{""location"": ""array_field""}",{}
https://simplify.jobs/p/2ad66481-31c6-4829-8d71-78ded1a7270a,Senior Software Engineer - Frontend - Agentic AI,SIFT,"Marina Del Rey, CA, USA",180000.0,230000.0,USD,,,2026-09-03T16:57:18+00:00,2026-07-27T22:24:11+00:00,false,,hybrid,full_time,senior,,,,simplify,https://simplify.jobs/p/2ad66481-31c6-4829-8d71-78ded1a7270a,,simplify,"[{""site"": ""simplify"", ""url"": ""https://simplify.jobs/p/2ad66481-31c6-4829-8d71-78ded1a7270a""}]",[],[],"{""location"": [""Marina Del Rey, CA, USA""]}",{},"{""location"": ""array_field""}",{}
https://simplify.jobs/p/49e7eb7b-aa74-4b9f-b26a-117fa4d67772,Software Engineer - Frontend,Ramp,"San Francisco, CA, USA; Miami, FL, USA; Remote in USA; New York, NY, USA; Remote in Canada",143200.0,284000.0,USD,,,2026-09-04T06:57:01+00:00,2025-10-31T01:02:09+00:00,false,,hybrid,full_time,junior | mid,,,,simplify,https://simplify.jobs/p/49e7eb7b-aa74-4b9f-b26a-117fa4d67772,,simplify,"[{""site"": ""simplify"", ""url"": ""https://simplify.jobs/p/49e7eb7b-aa74-4b9f-b26a-117fa4d67772""}]",[],[],"{""location"": [""San Francisco, CA, USA; Miami, FL, USA; Remote in USA; New York, NY, USA; Remote in Canada""]}",{},"{""location"": ""array_field""}",{}
https://simplify.jobs/p/5c5fa30d-a444-4963-a85d-875412d13e41,Senior Software Engineer - Frontend,Flock Safety,Remote; Remote in USA,170000.0,190000.0,USD,,,2026-09-19T09:21:48+00:00,2026-07-29T22:23:50+00:00,false,,remote,full_time,senior,,,,simplify,https://simplify.jobs/p/5c5fa30d-a444-4963-a85d-875412d13e41,,simplify,"[{""site"": ""simplify"", ""url"": ""https://simplify.jobs/p/5c5fa30d-a444-4963-a85d-875412d13e41""}]",[],[],"{""location"": [""Remote; Remote in USA""]}",{},"{""location"": ""array_field""}",{}
https://simplify.jobs/p/c6d770cf-ece1-4ec5-a16b-ca4c10e09c6d,SCADA Front-End Engineer,Divcon,Remote; Remote in USA,,,,,,2026-09-19T10:18:41+00:00,2026-07-22T22:13:48+00:00,false,,remote,full_time,mid,,,,simplify,https://simplify.jobs/p/c6d770cf-ece1-4ec5-a16b-ca4c10e09c6d,,simplify,"[{""site"": ""simplify"", ""url"": ""https://simplify.jobs/p/c6d770cf-ece1-4ec5-a16b-ca4c10e09c6d""}]",[],[],"{""location"": [""Remote; Remote in USA""]}",{},"{""location"": ""array_field""}",{}
https://simplify.jobs/p/f7c157cd-c9f0-48df-a3d8-4dca94f97005,Senior Software Engineer - Frontend,SIFT,"Marina Del Rey, CA, USA",180000.0,230000.0,USD,,,2026-09-04T06:57:01+00:00,2026-08-04T22:20:18+00:00,false,,hybrid,full_time,senior,,,,simplify,https://simplify.jobs/p/f7c157cd-c9f0-48df-a3d8-4dca94f97005,,simplify,"[{""site"": ""simplify"", ""url"": ""https://simplify.jobs/p/f7c157cd-c9f0-48df-a3d8-4dca94f97005""}]",[],[],"{""location"": [""Marina Del Rey, CA, USA""]}",{},"{""location"": ""array_field""}",{}
https://simplify.jobs/p/6452c0d3-a177-4ac5-9dfc-ca25962c32f8,Senior Software Engineer - Frontend - Access Management,Cerby,Remote; Remote in USA,,,,,,2026-09-19T09:27:28+00:00,2026-07-21T01:17:29+00:00,false,,remote,full_time,senior,,,,simplify,https://simplify.jobs/p/6452c0d3-a177-4ac5-9dfc-ca25962c32f8,,simplify,"[{""site"": ""simplify"", ""url"": ""https://simplify.jobs/p/6452c0d3-a177-4ac5-9dfc-ca25962c32f8""}]",[],[],"{""location"": [""Remote; Remote in USA""]}",{},"{""location"": ""array_field""}",{}
https://simplify.jobs/p/74a4dd56-1c2e-456d-9945-6b0155406fc0,Staff Software Engineer - Frontend,Ping Identity,Remote; Remote in USA,130000.0,170000.0,USD,,,2026-09-03T11:27:09+00:00,2026-08-20T22:26:15+00:00,false,,remote,full_time,,,,,simplify,https://simplify.jobs/p/74a4dd56-1c2e-456d-9945-6b0155406fc0,,simplify,"[{""site"": ""simplify"", ""url"": ""https://simplify.jobs/p/74a4dd56-1c2e-456d-9945-6b0155406fc0""}]",[],[],"{""location"": [""Remote; Remote in USA""]}",{},"{""location"": ""array_field""}",{}
https://simplify.jobs/p/57592ce0-0502-4a6b-aaba-9d8d32b9524b,Senior Software Engineer - Front-End,The Walt Disney Company,"Seattle, WA, USA; Bristol, CT, USA; Glendale, CA, USA; New York, NY, USA",141900.0,199400.0,USD,,,2026-09-03T05:57:06+00:00,2026-08-28T00:00:00+00:00,false,,onsite,full_time,mid | senior,,,,simplify,https://simplify.jobs/p/57592ce0-0502-4a6b-aaba-9d8d32b9524b,,simplify,"[{""site"": ""simplify"", ""url"": ""https://simplify.jobs/p/57592ce0-0502-4a6b-aaba-9d8d32b9524b""}]",[],[],"{""location"": [""Seattle, WA, USA; Bristol, CT, USA; Glendale, CA, USA; New York, NY, USA""]}",{},"{""location"": ""array_field""}",{}
https://simplify.jobs/p/87124499-b645-495c-aa58-6cf60c8a3598,Senior Frontend Engineer - Jtx,Jito Labs,Remote; Remote in USA,175000.0,195000.0,USD,,,2026-09-04T13:30:01+00:00,2026-07-29T14:08:46+00:00,false,,remote,full_time,senior,,,,simplify,https://simplify.jobs/p/87124499-b645-495c-aa58-6cf60c8a3598,,simplify,"[{""site"": ""simplify"", ""url"": ""https://simplify.jobs/p/87124499-b645-495c-aa58-6cf60c8a3598""}]",[],[],"{""location"": [""Remote; Remote in USA""]}",{},"{""location"": ""array_field""}",{}
https://simplify.jobs/p/27ae7b84-1a5b-4643-9133-40c67a25465a,Front-End Developer,Prodege,"El Segundo, CA, USA",124842.0,157500.0,USD,,,2026-09-04T10:54:01+00:00,2026-06-28T00:00:00+00:00,false,,onsite,full_time,mid,,,,simplify,https://simplify.jobs/p/27ae7b84-1a5b-4643-9133-40c67a25465a,,simplify,"[{""site"": ""simplify"", ""url"": ""https://simplify.jobs/p/27ae7b84-1a5b-4643-9133-40c67a25465a""}]",[],[],"{""location"": [""El Segundo, CA, USA""]}",{},"{""location"": ""array_field""}",{}
https://simplify.jobs/p/c28e3d9b-1bfe-41a7-b104-e89ba7e95cc9,Frontend Software Engineer,Amplemarket,Remote; Remote in USA,,,,,,2026-09-03T18:09:19+00:00,2026-03-27T01:13:42+00:00,false,,remote,full_time,mid,,,,simplify,https://simplify.jobs/p/c28e3d9b-1bfe-41a7-b104-e89ba7e95cc9,,simplify,"[{""site"": ""simplify"", ""url"": ""https://simplify.jobs/p/c28e3d9b-1bfe-41a7-b104-e89ba7e95cc9""}]",[],[],"{""location"": [""Remote; Remote in USA""]}",{},"{""location"": ""array_field""}",{}
https://simplify.jobs/p/0ee42b3d-ad55-4b82-8372-5336b8abf8e3,Senior Software Engineer - Frontend - Consumer - Payments,Coinbase,Remote in USA,186065.0,218900.0,USD,,,2026-09-03T03:00:21+00:00,2026-06-25T22:26:45+00:00,false,,hybrid,full_time,senior,,,,simplify,https://simplify.jobs/p/0ee42b3d-ad55-4b82-8372-5336b8abf8e3,,simplify,"[{""site"": ""simplify"", ""url"": ""https://simplify.jobs/p/0ee42b3d-ad55-4b82-8372-5336b8abf8e3""}]",[],[],"{""location"": [""Remote in USA""]}",{},"{""location"": ""array_field""}",{}
https://simplify.jobs/p/49ca0720-fb71-4f28-a1a2-1c161bc953d5,Senior Frontend Software Engineer,Affirm,Remote; Remote in USA,173000.0,255000.0,USD,,,2026-09-11T23:59:39+00:00,2026-09-11T01:03:00+00:00,false,,remote,full_time,mid,,,,simplify,https://simplify.jobs/p/49ca0720-fb71-4f28-a1a2-1c161bc953d5,,simplify,"[{""site"": ""simplify"", ""url"": ""https://simplify.jobs/p/49ca0720-fb71-4f28-a1a2-1c161bc953d5""}]",[],[],"{""location"": [""Remote; Remote in USA""]}",{},"{""location"": ""array_field""}",{}
https://simplify.jobs/p/6a0a8fb8-b46a-49fc-8eb1-71c821d9dc94,Frontend Software Engineer,Anduril,"Costa Mesa, CA, USA",129000.0,220000.0,USD,,,2026-09-04T08:42:09+00:00,2026-06-30T01:21:48+00:00,false,,onsite,full_time,mid,,,,simplify,https://simplify.jobs/p/6a0a8fb8-b46a-49fc-8eb1-71c821d9dc94,,simplify,"[{""site"": ""simplify"", ""url"": ""https://simplify.jobs/p/6a0a8fb8-b46a-49fc-8eb1-71c821d9dc94""}]",[],[],"{""location"": [""Costa Mesa, CA, USA""]}",{},"{""location"": ""array_field""}",{}
https://simplify.jobs/p/b69be7bf-f303-4009-9a5b-1486507bf724,Senior Frontend Architect - Multiple Teams,OleOle,"Remote; Austin, TX, USA",,,,,,2026-09-15T06:11:01+00:00,2026-09-15T06:06:38+00:00,false,,remote,full_time,senior,,,,simplify,https://simplify.jobs/p/b69be7bf-f303-4009-9a5b-1486507bf724,,simplify,"[{""site"": ""simplify"", ""url"": ""https://simplify.jobs/p/b69be7bf-f303-4009-9a5b-1486507bf724""}]",[],[],"{""location"": [""Remote; Austin, TX, USA""]}",{},"{""location"": ""array_field""}",{}
https://simplify.jobs/p/34ff3019-dddf-45f3-8e01-8f6f0bc7035f,Software Engineer - Frontend - Agentic AI,SIFT,"San Francisco, CA, USA; Marina Del Rey, CA, USA",160000.0,200000.0,USD,,,2026-09-03T16:57:18+00:00,2026-07-27T22:24:11+00:00,false,,hybrid,full_time,mid,,,,simplify,https://simplify.jobs/p/34ff3019-dddf-45f3-8e01-8f6f0bc7035f,,simplify,"[{""site"": ""simplify"", ""url"": ""https://simplify.jobs/p/34ff3019-dddf-45f3-8e01-8f6f0bc7035f""}]",[],[],"{""location"": [""San Francisco, CA, USA; Marina Del Rey, CA, USA""]}",{},"{""location"": ""array_field""}",{}
https://simplify.jobs/p/35afad60-38d9-4310-a365-61e5de17fafa,Senior Frontend Engineer - Ads Creative,Reddit,Remote; Remote in USA,190800.0,267100.0,USD,,,2026-09-04T13:18:01+00:00,2026-09-03T02:42:43+00:00,false,,remote,full_time,senior,,,,simplify,https://simplify.jobs/p/35afad60-38d9-4310-a365-61e5de17fafa,,simplify,"[{""site"": ""simplify"", ""url"": ""https://simplify.jobs/p/35afad60-38d9-4310-a365-61e5de17fafa""}]",[],[],"{""location"": [""Remote; Remote in USA""]}",{},"{""location"": ""array_field""}",{}
https://simplify.jobs/p/85254dba-1afe-4ff4-a6e3-b1daffc120df,Frontend Software Engineer,KoBold Metals,Remote in USA; Remote in Canada,160000.0,240000.0,USD,,,2026-09-14T18:12:15+00:00,2026-06-30T22:15:27+00:00,false,,hybrid,full_time,mid,,,,simplify,https://simplify.jobs/p/85254dba-1afe-4ff4-a6e3-b1daffc120df,,simplify,"[{""site"": ""simplify"", ""url"": ""https://simplify.jobs/p/85254dba-1afe-4ff4-a6e3-b1daffc120df""}]",[],[],"{""location"": [""Remote in USA; Remote in Canada""]}",{},"{""location"": ""array_field""}",{}
https://simplify.jobs/p/9291799c-e919-4792-849b-76411e4efc31,Frontend Engineer,Capsule Video,"Los Angeles, CA, USA",100000.0,170000.0,USD,,,2026-09-04T06:57:01+00:00,2025-07-09T07:36:48+00:00,false,,hybrid,full_time,mid | senior,,,,simplify,https://simplify.jobs/p/9291799c-e919-4792-849b-76411e4efc31,,simplify,"[{""site"": ""simplify"", ""url"": ""https://simplify.jobs/p/9291799c-e919-4792-849b-76411e4efc31""}]",[],[],"{""location"": [""Los Angeles, CA, USA""]}",{},"{""location"": ""array_field""}",{}
https://simplify.jobs/p/3f032f65-281d-45fd-b49c-98a331110c84,Senior Software Engineer - Frontend - Agentic AI,SIFT,"San Francisco, CA, USA; Marina Del Rey, CA, USA",180000.0,230000.0,USD,,,2026-09-03T16:57:18+00:00,2026-07-27T22:24:12+00:00,false,,hybrid,full_time,senior,,,,simplify,https://simplify.jobs/p/3f032f65-281d-45fd-b49c-98a331110c84,,simplify,"[{""site"": ""simplify"", ""url"": ""https://simplify.jobs/p/3f032f65-281d-45fd-b49c-98a331110c84""}]",[],[],"{""location"": [""San Francisco, CA, USA; Marina Del Rey, CA, USA""]}",{},"{""location"": ""array_field""}",{}
https://simplify.jobs/p/1a435e20-1705-43bc-940c-164a50cb1fb7,Principal Frontend Engineer,ClickUp,Remote; Remote in USA,250000.0,300000.0,USD,,,2026-09-04T22:45:01+00:00,2026-09-04T22:43:18+00:00,false,,remote,full_time,senior,,,,simplify,https://simplify.jobs/p/1a435e20-1705-43bc-940c-164a50cb1fb7,,simplify,"[{""site"": ""simplify"", ""url"": ""https://simplify.jobs/p/1a435e20-1705-43bc-940c-164a50cb1fb7""}]",[],[],"{""location"": [""Remote; Remote in USA""]}",{},"{""location"": ""array_field""}",{}
https://simplify.jobs/p/c4ea4a74-d683-487a-9c45-df778bfd7606,Front-End Software Engineer,Acclaim Technical Services,"Remote; Chantilly, VA, USA",170000.0,200000.0,USD,,,2026-09-05T11:49:25+00:00,2026-08-21T23:04:17+00:00,false,,remote,full_time,senior,,,,simplify,https://simplify.jobs/p/c4ea4a74-d683-487a-9c45-df778bfd7606,,simplify,"[{""site"": ""simplify"", ""url"": ""https://simplify.jobs/p/c4ea4a74-d683-487a-9c45-df778bfd7606""}]",[],[],"{""location"": [""Remote; Chantilly, VA, USA""]}",{},"{""location"": ""array_field""}",{}
https://simplify.jobs/p/25c416b9-05b0-457d-a78b-3e327d5ad2be,Frontend Engineer,Hercules,"San Francisco, CA, USA; Remote in USA",100000.0,250000.0,USD,,,2026-09-04T09:42:02+00:00,2026-07-21T01:15:39+00:00,false,,hybrid,full_time,mid | senior,,,,simplify,https://simplify.jobs/p/25c416b9-05b0-457d-a78b-3e327d5ad2be,,simplify,"[{""site"": ""simplify"", ""url"": ""https://simplify.jobs/p/25c416b9-05b0-457d-a78b-3e327d5ad2be""}]",[],[],"{""location"": [""San Francisco, CA, USA; Remote in USA""]}",{},"{""location"": ""array_field""}",{}
https://simplify.jobs/p/89a68372-bcd7-46e5-893e-211aea1ba50a,Senior Front-End Developer 4,Jobsbridge,"Santa Monica, CA, USA",,,,,,2026-09-04T07:24:02+00:00,2026-02-24T07:20:00+00:00,false,,onsite,full_time,senior,,,,simplify,https://simplify.jobs/p/89a68372-bcd7-46e5-893e-211aea1ba50a,,simplify,"[{""site"": ""simplify"", ""url"": ""https://simplify.jobs/p/89a68372-bcd7-46e5-893e-211aea1ba50a""}]",[],[],"{""location"": [""Santa Monica, CA, USA""]}",{},"{""location"": ""array_field""}",{}
https://simplify.jobs/p/bdd08269-7358-4353-84e8-6b575322249a,Frontend Engineer - Editor and Graphics,Slate,Remote; Remote in USA,95000.0,200000.0,USD,,,2026-09-04T09:42:02+00:00,2026-07-21T01:14:55+00:00,false,,remote,full_time,senior,,,,simplify,https://simplify.jobs/p/bdd08269-7358-4353-84e8-6b575322249a,,simplify,"[{""site"": ""simplify"", ""url"": ""https://simplify.jobs/p/bdd08269-7358-4353-84e8-6b575322249a""}]",[],[],"{""location"": [""Remote; Remote in USA""]}",{},"{""location"": ""array_field""}",{}
https://simplify.jobs/p/943276d6-dcfa-42dd-b7ae-ff386984b49f,Frontend Engineer,Drivetrain,Remote; Remote in USA,,,,,,2025-10-31T11:21:41+00:00,2025-10-31T11:21:41+00:00,false,,remote,full_time,junior | mid,,,,simplify,https://simplify.jobs/p/943276d6-dcfa-42dd-b7ae-ff386984b49f,,simplify,"[{""site"": ""simplify"", ""url"": ""https://simplify.jobs/p/943276d6-dcfa-42dd-b7ae-ff386984b49f""}]",[],[],"{""location"": [""Remote; Remote in USA""]}",{},"{""location"": ""array_field""}",{}
https://simplify.jobs/p/2a81c7eb-bb3d-448c-ae5f-a308642c5842,Staff Frontend Engineer - Front End,Scout Motors,Remote in USA,165000.0,220000.0,USD,,,2026-09-18T14:39:19+00:00,2026-09-18T14:38:54+00:00,false,,hybrid,full_time,senior,,,,simplify,https://simplify.jobs/p/2a81c7eb-bb3d-448c-ae5f-a308642c5842,,simplify,"[{""site"": ""simplify"", ""url"": ""https://simplify.jobs/p/2a81c7eb-bb3d-448c-ae5f-a308642c5842""}]",[],[],"{""location"": [""Remote in USA""]}",{},"{""location"": ""array_field""}",{}
https://simplify.jobs/p/88de15b9-1e57-4109-84a6-5823fe15963b,Senior Frontend Engineer,Taekus,Remote; Remote in USA,190000.0,210000.0,USD,,,2026-09-04T12:21:02+00:00,2026-08-20T00:54:12+00:00,false,,remote,full_time,senior,,,,simplify,https://simplify.jobs/p/88de15b9-1e57-4109-84a6-5823fe15963b,,simplify,"[{""site"": ""simplify"", ""url"": ""https://simplify.jobs/p/88de15b9-1e57-4109-84a6-5823fe15963b""}]",[],[],"{""location"": [""Remote; Remote in USA""]}",{},"{""location"": ""array_field""}",{}
https://simplify.jobs/p/aead489a-f4ef-4259-880d-1f68e390dfeb,Senior Front-End Agentic AI Engineer,LTS,Remote; Remote in USA,,,,,,2026-09-03T20:33:22+00:00,2026-07-30T22:27:50+00:00,false,,remote,full_time,senior,,,,simplify,https://simplify.jobs/p/aead489a-f4ef-4259-880d-1f68e390dfeb,,simplify,"[{""site"": ""simplify"", ""url"": ""https://simplify.jobs/p/aead489a-f4ef-4259-880d-1f68e390dfeb""}]",[],[],"{""location"": [""Remote; Remote in USA""]}",{},"{""location"": ""array_field""}",{}
https://simplify.jobs/p/d37be1cd-86e4-4447-a707-f7c41f7e082f,Senior Front-End Software Engineer,Bask Health,"Remote; Remote in USA; New York, NY, USA",,,,,,2026-09-04T00:51:21+00:00,2026-08-07T06:18:46+00:00,false,,remote,full_time,senior,,,,simplify,https://simplify.jobs/p/d37be1cd-86e4-4447-a707-f7c41f7e082f,,simplify,"[{""site"": ""simplify"", ""url"": ""https://simplify.jobs/p/d37be1cd-86e4-4447-a707-f7c41f7e082f""}]",[],[],"{""location"": [""Remote; Remote in USA; New York, NY, USA""]}",{},"{""location"": ""array_field""}",{}
https://simplify.jobs/p/05c53e5d-e702-4991-99a8-a096794db73b,Engineering Manager - Frontend Platform & Mobile,Zocdoc,Remote; Remote in USA,210000.0,270000.0,USD,,,2026-09-14T19:21:01+00:00,2026-07-14T22:11:51+00:00,false,,remote,full_time,mid | senior,,,,simplify,https://simplify.jobs/p/05c53e5d-e702-4991-99a8-a096794db73b,,simplify,"[{""site"": ""simplify"", ""url"": ""https://simplify.jobs/p/05c53e5d-e702-4991-99a8-a096794db73b""}]",[],[],"{""location"": [""Remote; Remote in USA""]}",{},"{""location"": ""array_field""}",{}
https://simplify.jobs/p/0366ae86-3b4f-4c73-8330-36ea045c03a5,Frontend Engineer,Brown Brothers Harriman,"Remote; Boston, MA, USA; Jersey City, NJ, USA; New York, NY, USA",85000.0,135000.0,USD,,,2026-09-12T08:33:38+00:00,2026-08-06T00:00:00+00:00,false,,remote,full_time,mid,,,,simplify,https://simplify.jobs/p/0366ae86-3b4f-4c73-8330-36ea045c03a5,,simplify,"[{""site"": ""simplify"", ""url"": ""https://simplify.jobs/p/0366ae86-3b4f-4c73-8330-36ea045c03a5""}]",[],[],"{""location"": [""Remote; Boston, MA, USA; Jersey City, NJ, USA; New York, NY, USA""]}",{},"{""location"": ""array_field""}",{}
https://simplify.jobs/p/a4449bf6-34a2-4134-a45c-a68f063e8774,Engineering Manager - Frontend,ClickUp,Remote; Remote in USA,200000.0,250000.0,USD,,,2026-09-03T18:27:21+00:00,2026-05-19T01:09:31+00:00,false,,remote,full_time,senior,,,,simplify,https://simplify.jobs/p/a4449bf6-34a2-4134-a45c-a68f063e8774,,simplify,"[{""site"": ""simplify"", ""url"": ""https://simplify.jobs/p/a4449bf6-34a2-4134-a45c-a68f063e8774""}]",[],[],"{""location"": [""Remote; Remote in USA""]}",{},"{""location"": ""array_field""}",{}
https://simplify.jobs/p/466108ca-7a9f-4787-8a2b-eb4893e77c9a,Healthcare Financial Transformation - Front-End Revenue Cycle/Patient Access,Guidehouse,Remote; Remote in USA,102000.0,170000.0,USD,,,2026-09-03T17:54:20+00:00,2026-07-17T22:14:44+00:00,false,,remote,full_time,senior,,,,simplify,https://simplify.jobs/p/466108ca-7a9f-4787-8a2b-eb4893e77c9a,,simplify,"[{""site"": ""simplify"", ""url"": ""https://simplify.jobs/p/466108ca-7a9f-4787-8a2b-eb4893e77c9a""}]",[],[],"{""location"": [""Remote; Remote in USA""]}",{},"{""location"": ""array_field""}",{}
https://simplify.jobs/p/99241df9-142a-4ba1-9516-6119f8d4b0fa,Service Delivery Center - Workflow Platform Frontend Engineer - Analyst,Ernst & Young,"Remote; Dallas, TX, USA; Alpharetta, GA, USA",55400.0,128500.0,USD,,,2026-09-18T22:12:11+00:00,2026-09-11T22:12:53+00:00,false,,remote,full_time,junior | mid,,,,simplify,https://simplify.jobs/p/99241df9-142a-4ba1-9516-6119f8d4b0fa,,simplify,"[{""site"": ""simplify"", ""url"": ""https://simplify.jobs/p/99241df9-142a-4ba1-9516-6119f8d4b0fa""}]",[],[],"{""location"": [""Remote; Dallas, TX, USA; Alpharetta, GA, USA""]}",{},"{""location"": ""array_field""}",{}
https://simplify.jobs/p/831d07e8-2803-41dc-8104-1391a644fefb,Senior Full Stack JavaScript Developer - SSR / Front-End Leaning,Social News Desk,Remote; Remote in USA,,,,,,2026-09-04T09:42:02+00:00,2026-07-21T01:15:55+00:00,false,,remote,full_time,senior,,,,simplify,https://simplify.jobs/p/831d07e8-2803-41dc-8104-1391a644fefb,,simplify,"[{""site"": ""simplify"", ""url"": ""https://simplify.jobs/p/831d07e8-2803-41dc-8104-1391a644fefb""}]",[],[],"{""location"": [""Remote; Remote in USA""]}",{},"{""location"": ""array_field""}",{}
https://simplify.jobs/p/2cd12ae6-328a-40e8-8e17-4086d0867044,Full-Stack Engineer - Front-End Leaning,ElevenLabs,"Remote; Boston, MA, USA; London, UK; Washington, DC, USA; Los Angeles, CA, USA; Remote in UK; Remote in Ireland; New York, NY, USA; Dublin, Ireland",,,,,,2026-09-03T09:33:09+00:00,2025-10-31T02:08:19+00:00,false,,remote,full_time,,,,,simplify,https://simplify.jobs/p/2cd12ae6-328a-40e8-8e17-4086d0867044,,simplify,"[{""site"": ""simplify"", ""url"": ""https://simplify.jobs/p/2cd12ae6-328a-40e8-8e17-4086d0867044""}]",[],[],"{""location"": [""Remote; Boston, MA, USA; London, UK; Washington, DC, USA; Los Angeles, CA, USA; Remote in UK; Remote in Ireland; New York, NY, USA; Dublin, Ireland""]}",{},"{""location"": ""array_field""}",{}
https://simplify.jobs/p/b6092f7f-a9cd-4706-9ffd-79cc090e6bec,Solidity Compiler Frontend Engineer,Certik,Remote; Remote in USA,140000.0,220000.0,USD,,,2026-09-04T13:18:01+00:00,2025-10-31T02:04:12+00:00,false,,remote,full_time,mid | senior,,,,simplify,https://simplify.jobs/p/b6092f7f-a9cd-4706-9ffd-79cc090e6bec,,simplify,"[{""site"": ""simplify"", ""url"": ""https://simplify.jobs/p/b6092f7f-a9cd-4706-9ffd-79cc090e6bec""}]",[],[],"{""location"": [""Remote; Remote in USA""]}",{},"{""location"": ""array_field""}",{}
https://simplify.jobs/p/841a6c0f-15cd-4cb5-b654-fa744d83b404,Engineering Manager - Front-End - UI/UX,StackBlitz,Remote; Remote in USA,,,,,,2026-09-03T18:09:19+00:00,2026-03-27T01:25:12+00:00,false,,remote,full_time,mid | senior,,,,simplify,https://simplify.jobs/p/841a6c0f-15cd-4cb5-b654-fa744d83b404,,simplify,"[{""site"": ""simplify"", ""url"": ""https://simplify.jobs/p/841a6c0f-15cd-4cb5-b654-fa744d83b404""}]",[],[],"{""location"": [""Remote; Remote in USA""]}",{},"{""location"": ""array_field""}",{}
https://simplify.jobs/p/804ed168-2f17-4246-988b-41529ee99f94,Frontend Developer - WPF/XAML,RealDefense,"Remote; Pasadena, CA, USA",,,,,,2026-09-04T07:24:02+00:00,2026-02-26T07:15:25+00:00,false,,remote,full_time,junior,,,,simplify,https://simplify.jobs/p/804ed168-2f17-4246-988b-41529ee99f94,,simplify,"[{""site"": ""simplify"", ""url"": ""https://simplify.jobs/p/804ed168-2f17-4246-988b-41529ee99f94""}]",[],[],"{""location"": [""Remote; Pasadena, CA, USA""]}",{},"{""location"": ""array_field""}",{}
https://simplify.jobs/p/086d3910-8105-4920-872d-c0e517e29dc1,Senior Frontend Software Engineer - Consumer Engineering,Reddit,Remote; Remote in USA,190800.0,267100.0,USD,,,2026-09-17T22:54:01+00:00,2026-09-17T22:30:25+00:00,false,,remote,full_time,senior,,,,simplify,https://simplify.jobs/p/086d3910-8105-4920-872d-c0e517e29dc1,,simplify,"[{""site"": ""simplify"", ""url"": ""https://simplify.jobs/p/086d3910-8105-4920-872d-c0e517e29dc1""}]",[],[],"{""location"": [""Remote; Remote in USA""]}",{},"{""location"": ""array_field""}",{}
https://simplify.jobs/p/b2a9f2bc-88cf-4b4a-90bb-38e0ba9bb916,Senior Engineering Manager - Frontend,Faraday Future,"Gardena, CA, USA",160000.0,200000.0,USD,,,2026-09-04T06:57:01+00:00,2025-11-07T16:45:59+00:00,false,,onsite,full_time,,,,,simplify,https://simplify.jobs/p/b2a9f2bc-88cf-4b4a-90bb-38e0ba9bb916,,simplify,"[{""site"": ""simplify"", ""url"": ""https://simplify.jobs/p/b2a9f2bc-88cf-4b4a-90bb-38e0ba9bb916""}]",[],[],"{""location"": [""Gardena, CA, USA""]}",{},"{""location"": ""array_field""}",{}
https://simplify.jobs/p/f51bb6ff-8eff-4987-8b46-214179e5c1b5,Senior Software Engineering Manager - Frontend and API,Ford Motor Company,Remote; Remote in USA,141700.0,281700.0,USD,,,2026-09-03T12:09:01+00:00,2026-08-21T22:11:50+00:00,false,,remote,full_time,senior,,,,simplify,https://simplify.jobs/p/f51bb6ff-8eff-4987-8b46-214179e5c1b5,,simplify,"[{""site"": ""simplify"", ""url"": ""https://simplify.jobs/p/f51bb6ff-8eff-4987-8b46-214179e5c1b5""}]",[],[],"{""location"": [""Remote; Remote in USA""]}",{},"{""location"": ""array_field""}",{}
https://simplify.jobs/p/49520bf5-94ff-4aa2-8ce9-bbc1831a8b7c,Frontend Outsystems Manager,Axos Bank,"Remote; Las Vegas, NV, USA; Centennial, CO, USA; Irvine, CA, USA; San Diego, CA, USA",110000.0,140000.0,USD,,,2026-09-04T06:57:01+00:00,2026-06-27T11:27:22+00:00,false,,remote,full_time,senior,,,,simplify,https://simplify.jobs/p/49520bf5-94ff-4aa2-8ce9-bbc1831a8b7c,,simplify,"[{""site"": ""simplify"", ""url"": ""https://simplify.jobs/p/49520bf5-94ff-4aa2-8ce9-bbc1831a8b7c""}]",[],[],"{""location"": [""Remote; Las Vegas, NV, USA; Centennial, CO, USA; Irvine, CA, USA; San Diego, CA, USA""]}",{},"{""location"": ""array_field""}",{}
https://simplify.jobs/p/20e8390a-7220-4074-872e-d961dea3144c,Frontend Engineering Manager,Wrapbook,Remote; Remote in USA; Remote in Canada,,,,,,2026-09-19T08:36:08+00:00,2026-06-08T14:08:06+00:00,false,,remote,full_time,mid,,,,simplify,https://simplify.jobs/p/20e8390a-7220-4074-872e-d961dea3144c,,simplify,"[{""site"": ""simplify"", ""url"": ""https://simplify.jobs/p/20e8390a-7220-4074-872e-d961dea3144c""}]",[],[],"{""location"": [""Remote; Remote in USA; Remote in Canada""]}",{},"{""location"": ""array_field""}",{}
https://simplify.jobs/p/d3430cc1-fc53-406f-bcec-6c1b40a18c64,Full Stack Front-End Developer,Information Technology Partners,"Remote; Chicago, IL, USA",75000.0,100000.0,USD,,,2026-09-04T02:15:20+00:00,2026-08-13T06:09:54+00:00,false,,remote,full_time,senior,,,,simplify,https://simplify.jobs/p/d3430cc1-fc53-406f-bcec-6c1b40a18c64,,simplify,"[{""site"": ""simplify"", ""url"": ""https://simplify.jobs/p/d3430cc1-fc53-406f-bcec-6c1b40a18c64""}]",[],[],"{""location"": [""Remote; Chicago, IL, USA""]}",{},"{""location"": ""array_field""}",{}
https://simplify.jobs/p/807f10ac-4bf1-4621-a280-9d583243a470,Full Stack Engineer - .NET + Front-End,NetSpeek,Remote; Remote in USA,,,,,,2026-09-04T01:39:21+00:00,2026-08-11T01:32:01+00:00,false,,remote,full_time,mid | senior,,,,simplify,https://simplify.jobs/p/807f10ac-4bf1-4621-a280-9d583243a470,,simplify,"[{""site"": ""simplify"", ""url"": ""https://simplify.jobs/p/807f10ac-4bf1-4621-a280-9d583243a470""}]",[],[],"{""location"": [""Remote; Remote in USA""]}",{},"{""location"": ""array_field""}",{}
https://simplify.jobs/p/e0e9206d-afcd-4ffc-9676-fc732e8f04b0,Senior RF Front-End Module Design Engineer - Radio Frequency IC Engineering,SpaceX,"Irvine, CA, USA",160000.0,225000.0,USD,,,2026-09-04T05:18:01+00:00,2026-05-22T22:10:22+00:00,false,,onsite,full_time,senior,,,,simplify,https://simplify.jobs/p/e0e9206d-afcd-4ffc-9676-fc732e8f04b0,,simplify,"[{""site"": ""simplify"", ""url"": ""https://simplify.jobs/p/e0e9206d-afcd-4ffc-9676-fc732e8f04b0""}]",[],[],"{""location"": [""Irvine, CA, USA""]}",{},"{""location"": ""array_field""}",{}
https://simplify.jobs/p/54944d27-b7c9-472e-ada3-ffd047501227,Front-End Software Engineer,Bask Health,Remote; Remote in USA,,,,,,2026-09-04T00:51:21+00:00,2026-08-07T06:18:31+00:00,false,,remote,full_time,senior,,,,simplify,https://simplify.jobs/p/54944d27-b7c9-472e-ada3-ffd047501227,,simplify,"[{""site"": ""simplify"", ""url"": ""https://simplify.jobs/p/54944d27-b7c9-472e-ada3-ffd047501227""}]",[],[],"{""location"": [""Remote; Remote in USA""]}",{},"{""location"": ""array_field""}",{}
https://simplify.jobs/p/7a823ae0-d2e9-43d6-834b-b2d430a076a7,Healthcare Financial Transformation – Senior Consultant - Front-End Revenue Cycle/Patient Access,Guidehouse,Remote; Remote in USA,89000.0,148000.0,USD,,,2026-09-03T17:45:23+00:00,2026-07-17T22:14:45+00:00,false,,remote,full_time,mid | senior,,,,simplify,https://simplify.jobs/p/7a823ae0-d2e9-43d6-834b-b2d430a076a7,,simplify,"[{""site"": ""simplify"", ""url"": ""https://simplify.jobs/p/7a823ae0-d2e9-43d6-834b-b2d430a076a7""}]",[],[],"{""location"": [""Remote; Remote in USA""]}",{},"{""location"": ""array_field""}",{}
https://simplify.jobs/p/f814a5ed-306d-4c21-a942-e8ed6e05852f,Senior Engineering Manager - Grafana Frontend,Grafana Labs,Remote; Remote in USA,208602.0,250322.0,USD,,,2026-09-18T22:42:19+00:00,2026-09-18T22:29:44+00:00,false,,remote,full_time,senior,,,,simplify,https://simplify.jobs/p/f814a5ed-306d-4c21-a942-e8ed6e05852f,,simplify,"[{""site"": ""simplify"", ""url"": ""https://simplify.jobs/p/f814a5ed-306d-4c21-a942-e8ed6e05852f""}]",[],[],"{""location"": [""Remote; Remote in USA""]}",{},"{""location"": ""array_field""}",{}
https://simplify.jobs/p/7e0b85f0-c3d2-4896-879a-f2eacc6beb0b,Software Engineer 3 - Service Monetization,Crunchyroll,"Los Angeles, CA, USA",152400.0,190500.0,USD,,,2026-09-03T21:51:21+00:00,2026-08-03T22:15:40+00:00,false,,hybrid,full_time,senior,,,,simplify,https://simplify.jobs/p/7e0b85f0-c3d2-4896-879a-f2eacc6beb0b,,simplify,"[{""site"": ""simplify"", ""url"": ""https://simplify.jobs/p/7e0b85f0-c3d2-4896-879a-f2eacc6beb0b""}]",[],[],"{""location"": [""Los Angeles, CA, USA""]}",{},"{""location"": ""array_field""}",{}
https://simplify.jobs/p/09b4bf75-077c-4786-8898-b626de8fd88a,JavaScript/HTML Developer,Jobsbridge,"Los Angeles, CA, USA",,,,,,2026-09-04T07:24:02+00:00,2026-02-24T07:19:30+00:00,false,,onsite,full_time,senior,,,,simplify,https://simplify.jobs/p/09b4bf75-077c-4786-8898-b626de8fd88a,,simplify,"[{""site"": ""simplify"", ""url"": ""https://simplify.jobs/p/09b4bf75-077c-4786-8898-b626de8fd88a""}]",[],[],"{""location"": [""Los Angeles, CA, USA""]}",{},"{""location"": ""array_field""}",{}
https://simplify.jobs/p/3bd1b569-2850-4c00-9515-add952c707d4,Staff Software Engineer,Higharc,"Remote; Durham, NC, USA; New York, NY, USA",,,,,,2026-09-16T01:20:26+00:00,2026-09-16T01:17:38+00:00,false,,remote,full_time,senior,,,,simplify,https://simplify.jobs/p/3bd1b569-2850-4c00-9515-add952c707d4,,simplify,"[{""site"": ""simplify"", ""url"": ""https://simplify.jobs/p/3bd1b569-2850-4c00-9515-add952c707d4""}]",[],[],"{""location"": [""Remote; Durham, NC, USA; New York, NY, USA""]}",{},"{""location"": ""array_field""}",{}
https://simplify.jobs/p/ba2fc0ea-54d2-41c8-8af5-55f9b55a209c,Senior Front End Software Engineer - React,Anduril,"Remote; Arlington County, Arlington, VA, USA",191000.0,253000.0,USD,,,2026-09-15T01:15:01+00:00,2026-09-15T01:06:02+00:00,false,,remote,full_time,mid | senior,,,,simplify,https://simplify.jobs/p/ba2fc0ea-54d2-41c8-8af5-55f9b55a209c,,simplify,"[{""site"": ""simplify"", ""url"": ""https://simplify.jobs/p/ba2fc0ea-54d2-41c8-8af5-55f9b55a209c""}]",[],[],"{""location"": [""Remote; Arlington County, Arlington, VA, USA""]}",{},"{""location"": ""array_field""}",{}
https://simplify.jobs/p/64db6d71-d6bb-4f08-a605-9104faa4f386,SAP UI5 Developer,Bright Vision Technologies,Remote; Remote in USA,,,,,,2026-09-18T22:33:01+00:00,2026-09-18T22:23:01+00:00,false,,remote,full_time,senior,,,,simplify,https://simplify.jobs/p/64db6d71-d6bb-4f08-a605-9104faa4f386,,simplify,"[{""site"": ""simplify"", ""url"": ""https://simplify.jobs/p/64db6d71-d6bb-4f08-a605-9104faa4f386""}]",[],[],"{""location"": [""Remote; Remote in USA""]}",{},"{""location"": ""array_field""}",{}
https://simplify.jobs/p/1e0378d1-c5de-4b30-afaf-8f624be86a68,Staff Software Engineer - Trading Platform - Charts,Topstep,Remote; United States,200000.0,250000.0,USD,,,2026-09-04T08:27:01+00:00,2026-06-23T22:14:52+00:00,false,,remote,full_time,senior,,,,simplify,https://simplify.jobs/p/1e0378d1-c5de-4b30-afaf-8f624be86a68,,simplify,"[{""site"": ""simplify"", ""url"": ""https://simplify.jobs/p/1e0378d1-c5de-4b30-afaf-8f624be86a68""}]",[],[],"{""location"": [""Remote; United States""]}",{},"{""location"": ""array_field""}",{}
https://simplify.jobs/p/94d8d750-9308-4811-bdc7-8413ef188455,Sr. Software Engineer,GoodRx,Remote; Remote in USA,121000.0,257000.0,USD,,,2026-09-03T18:42:29+00:00,2026-07-29T14:12:50+00:00,false,,remote,full_time,senior,,,,simplify,https://simplify.jobs/p/94d8d750-9308-4811-bdc7-8413ef188455,,simplify,"[{""site"": ""simplify"", ""url"": ""https://simplify.jobs/p/94d8d750-9308-4811-bdc7-8413ef188455""}]",[],[],"{""location"": [""Remote; Remote in USA""]}",{},"{""location"": ""array_field""}",{}
https://simplify.jobs/p/83563ea0-5441-4398-ba4b-339435823a48,Software Developer 3 - Next.js and Sanity,Cleveland Clinic,Remote; Remote in USA,,,,,,2026-09-17T22:29:20+00:00,2026-09-17T22:12:37+00:00,false,,remote,full_time,mid | senior,,,,simplify,https://simplify.jobs/p/83563ea0-5441-4398-ba4b-339435823a48,,simplify,"[{""site"": ""simplify"", ""url"": ""https://simplify.jobs/p/83563ea0-5441-4398-ba4b-339435823a48""}]",[],[],"{""location"": [""Remote; Remote in USA""]}",{},"{""location"": ""array_field""}",{}
https://simplify.jobs/p/77477168-006c-4d4f-aedc-a5ab835f83a4,Staff Design Engineer - Americas,Ashby,"Remote; Boston, MA, USA; Seattle, WA, USA; Austin, TX, USA; Los Angeles, CA, USA; Remote in USA; Chicago, IL, USA; New York, NY, USA; Denver, CO, USA; Portland, OR, USA",232000.0,323000.0,USD,,,2026-09-04T07:12:12+00:00,2025-11-14T02:34:05+00:00,false,,remote,full_time,senior,,,,simplify,https://simplify.jobs/p/77477168-006c-4d4f-aedc-a5ab835f83a4,,simplify,"[{""site"": ""simplify"", ""url"": ""https://simplify.jobs/p/77477168-006c-4d4f-aedc-a5ab835f83a4""}]",[],[],"{""location"": [""Remote; Boston, MA, USA; Seattle, WA, USA; Austin, TX, USA; Los Angeles, CA, USA; Remote in USA; Chicago, IL, USA; New York, NY, USA; Denver, CO, USA; Portland, OR, USA""]}",{},"{""location"": ""array_field""}",{}
https://simplify.jobs/p/a3864108-79f7-492b-b234-ecfb05fac554,Web Developer,Careerswift,Remote; Remote in USA,,,,,,2026-09-19T10:02:10+00:00,2026-08-21T20:09:10+00:00,false,,remote,full_time,mid,,,,simplify,https://simplify.jobs/p/a3864108-79f7-492b-b234-ecfb05fac554,,simplify,"[{""site"": ""simplify"", ""url"": ""https://simplify.jobs/p/a3864108-79f7-492b-b234-ecfb05fac554""}]",[],[],"{""location"": [""Remote; Remote in USA""]}",{},"{""location"": ""array_field""}",{}
https://simplify.jobs/p/214f2fe3-2b2c-4a40-904d-fa0ed21c4801,Staff Front End Engineer,Motional,"Boston, MA, USA; Las Vegas, NV, USA; Remote in USA; Pittsburgh, PA, USA",172000.0,229000.0,USD,,,2026-09-11T08:46:25+00:00,2026-07-20T22:15:48+00:00,false,,hybrid,full_time,senior,,,,simplify,https://simplify.jobs/p/214f2fe3-2b2c-4a40-904d-fa0ed21c4801,,simplify,"[{""site"": ""simplify"", ""url"": ""https://simplify.jobs/p/214f2fe3-2b2c-4a40-904d-fa0ed21c4801""}]",[],[],"{""location"": [""Boston, MA, USA; Las Vegas, NV, USA; Remote in USA; Pittsburgh, PA, USA""]}",{},"{""location"": ""array_field""}",{}
https://simplify.jobs/p/a98f5339-533a-411d-aa09-a477720a30c8,Web Developer-Contract,SpecterOps,Remote; Remote in USA,75.0,85.0,USD,,,2026-09-04T09:15:01+00:00,2026-07-22T22:37:52+00:00,false,,remote,full_time,senior,,,,simplify,https://simplify.jobs/p/a98f5339-533a-411d-aa09-a477720a30c8,,simplify,"[{""site"": ""simplify"", ""url"": ""https://simplify.jobs/p/a98f5339-533a-411d-aa09-a477720a30c8""}]",[],[],"{""location"": [""Remote; Remote in USA""]}",{},"{""location"": ""array_field""}",{}
https://simplify.jobs/p/4960e3eb-b5e1-48bf-8a7f-91811f411a18,Senior Software Engineer,The J. Paul Getty Trust,"Los Angeles, CA, USA",,,,,,2026-09-19T09:00:43+00:00,2026-07-23T22:08:32+00:00,false,,hybrid,full_time,senior,,,,simplify,https://simplify.jobs/p/4960e3eb-b5e1-48bf-8a7f-91811f411a18,,simplify,"[{""site"": ""simplify"", ""url"": ""https://simplify.jobs/p/4960e3eb-b5e1-48bf-8a7f-91811f411a18""}]",[],[],"{""location"": [""Los Angeles, CA, USA""]}",{},"{""location"": ""array_field""}",{}
https://simplify.jobs/p/2efd642e-11e4-418c-af77-61e3c031442f,Principal Software Engineer - Front End Web UI Platform,GitHub,Remote; Remote in USA,160200.0,425000.0,USD,,,2026-09-03T20:48:22+00:00,2026-07-14T22:09:35+00:00,false,,remote,full_time,,,,,simplify,https://simplify.jobs/p/2efd642e-11e4-418c-af77-61e3c031442f,,simplify,"[{""site"": ""simplify"", ""url"": ""https://simplify.jobs/p/2efd642e-11e4-418c-af77-61e3c031442f""}]",[],[],"{""location"": [""Remote; Remote in USA""]}",{},"{""location"": ""array_field""}",{}
https://simplify.jobs/p/f658f42e-4668-456a-89dc-4ff8eda7388f,Design Engineer - Web & Brand,Linear,Remote; Remote in USA; Europe; Remote in UK; Remote in Canada,,,,,,2026-09-15T23:00:28+00:00,2026-09-15T22:23:04+00:00,false,,remote,full_time,mid,,,,simplify,https://simplify.jobs/p/f658f42e-4668-456a-89dc-4ff8eda7388f,,simplify,"[{""site"": ""simplify"", ""url"": ""https://simplify.jobs/p/f658f42e-4668-456a-89dc-4ff8eda7388f""}]",[],[],"{""location"": [""Remote; Remote in USA; Europe; Remote in UK; Remote in Canada""]}",{},"{""location"": ""array_field""}",{}
https://simplify.jobs/p/ee38c8cc-b68d-4897-ae8b-5545ea14b008,Senior Software Engineer - Patching,NinjaOne,"Remote; Washington, USA; Kansas, USA; Oregon, USA; California, USA; Connecticut, USA; Texas, USA; Florida, USA; Georgia, USA; Tennessee, USA; Virginia, USA; Colorado, USA; New York, NY, USA; Maryland, USA; Maine, USA; Massachusetts, USA; North Carolina, USA; Ohio, USA; New Jersey, USA; Illinois, USA",140000.0,200000.0,USD,,,2026-09-09T22:57:18+00:00,2026-09-09T22:35:15+00:00,false,,remote,full_time,mid | senior,,,,simplify,https://simplify.jobs/p/ee38c8cc-b68d-4897-ae8b-5545ea14b008,,simplify,"[{""site"": ""simplify"", ""url"": ""https://simplify.jobs/p/ee38c8cc-b68d-4897-ae8b-5545ea14b008""}]",[],[],"{""location"": [""Remote; Washington, USA; Kansas, USA; Oregon, USA; California, USA; Connecticut, USA; Texas, USA; Florida, USA; Georgia, USA; Tennessee, USA; Virginia, USA; Colorado, USA; New York, NY, USA; Maryland, USA; Maine, USA; Massachusetts, USA; North Carolina, USA; Ohio, USA; New Jersey, USA; Illinois, USA""]}",{},"{""location"": ""array_field""}",{}
https://simplify.jobs/p/200c6420-407c-45de-b54e-9a09e7603e63,Lead Web Developer,Ex Parte,"Remote; Bethesda, MD, USA",,,,,,2026-09-04T07:24:02+00:00,2026-02-23T07:10:11+00:00,false,,remote,full_time,senior,,,,simplify,https://simplify.jobs/p/200c6420-407c-45de-b54e-9a09e7603e63,,simplify,"[{""site"": ""simplify"", ""url"": ""https://simplify.jobs/p/200c6420-407c-45de-b54e-9a09e7603e63""}]",[],[],"{""location"": [""Remote; Bethesda, MD, USA""]}",{},"{""location"": ""array_field""}",{}
https://simplify.jobs/p/51bc26d1-ff30-4bf2-a372-c50ad449085a,Senior Front End Engineer,One Stop Halal,"Walnut, CA, USA",,,,,,2026-09-04T00:27:22+00:00,2026-08-06T01:05:44+00:00,false,,onsite,full_time,senior,,,,simplify,https://simplify.jobs/p/51bc26d1-ff30-4bf2-a372-c50ad449085a,,simplify,"[{""site"": ""simplify"", ""url"": ""https://simplify.jobs/p/51bc26d1-ff30-4bf2-a372-c50ad449085a""}]",[],[],"{""location"": [""Walnut, CA, USA""]}",{},"{""location"": ""array_field""}",{}
https://simplify.jobs/p/2944741b-25fe-4d04-b27b-f336058e4c7f,Marketing Web Developer,Presence,Remote; Remote in USA,115000.0,135000.0,USD,,,2026-09-04T13:00:41+00:00,2026-08-28T22:23:28+00:00,false,,remote,full_time,senior,,,,simplify,https://simplify.jobs/p/2944741b-25fe-4d04-b27b-f336058e4c7f,,simplify,"[{""site"": ""simplify"", ""url"": ""https://simplify.jobs/p/2944741b-25fe-4d04-b27b-f336058e4c7f""}]",[],[],"{""location"": [""Remote; Remote in USA""]}",{},"{""location"": ""array_field""}",{}
https://simplify.jobs/p/6f254bc2-82c8-4066-ac13-1bc0cae2f529,Senior Staff Software Engineer - Client Architecture,Reddit,Remote; Remote in USA,279000.0,390000.0,USD,,,2026-09-09T22:09:08+00:00,2026-07-13T22:16:12+00:00,false,,remote,full_time,senior,,,,simplify,https://simplify.jobs/p/6f254bc2-82c8-4066-ac13-1bc0cae2f529,,simplify,"[{""site"": ""simplify"", ""url"": ""https://simplify.jobs/p/6f254bc2-82c8-4066-ac13-1bc0cae2f529""}]",[],[],"{""location"": [""Remote; Remote in USA""]}",{},"{""location"": ""array_field""}",{}
https://simplify.jobs/p/23d177b4-b0ec-4b7b-9f32-74e0c340efed,Senior UI Developer - UI,LPL Financial Holdings,"Remote; Fort Mill, SC, USA; Charlotte, NC, USA",106100.0,176900.0,USD,,,2026-09-19T09:20:39+00:00,2026-09-18T00:00:00+00:00,false,,remote,full_time,senior,,,,simplify,https://simplify.jobs/p/23d177b4-b0ec-4b7b-9f32-74e0c340efed,,simplify,"[{""site"": ""simplify"", ""url"": ""https://simplify.jobs/p/23d177b4-b0ec-4b7b-9f32-74e0c340efed""}]",[],[],"{""location"": [""Remote; Fort Mill, SC, USA; Charlotte, NC, USA""]}",{},"{""location"": ""array_field""}",{}
https://simplify.jobs/p/4499bcfb-9a90-4afa-8b53-31196df408c8,SAP Fiori Solutions Engineer,Bright Vision Technologies,Remote; Remote in USA,100000.0,150000.0,USD,,,2026-09-04T00:27:22+00:00,2026-08-06T14:15:53+00:00,false,,remote,full_time,senior,,,,simplify,https://simplify.jobs/p/4499bcfb-9a90-4afa-8b53-31196df408c8,,simplify,"[{""site"": ""simplify"", ""url"": ""https://simplify.jobs/p/4499bcfb-9a90-4afa-8b53-31196df408c8""}]",[],[],"{""location"": [""Remote; Remote in USA""]}",{},"{""location"": ""array_field""}",{}
https://simplify.jobs/p/7455805f-edf7-48eb-b5ce-3f8ea6d18668,Design Engineer - Creative & Studio,ElevenLabs,"Remote; London, UK; Remote in Germany; Remote in USA; Europe; Remote in UK; Remote in Ireland; New York, NY, USA; Remote in Spain; Remote in Canada; Dublin, Ireland; Remote in Italy; Remote in France",,,,,,2026-09-15T09:36:01+00:00,2026-09-09T15:07:37+00:00,false,,remote,full_time,mid,,,,simplify,https://simplify.jobs/p/7455805f-edf7-48eb-b5ce-3f8ea6d18668,,simplify,"[{""site"": ""simplify"", ""url"": ""https://simplify.jobs/p/7455805f-edf7-48eb-b5ce-3f8ea6d18668""}]",[],[],"{""location"": [""Remote; London, UK; Remote in Germany; Remote in USA; Europe; Remote in UK; Remote in Ireland; New York, NY, USA; Remote in Spain; Remote in Canada; Dublin, Ireland; Remote in Italy; Remote in France""]}",{},"{""location"": ""array_field""}",{}
https://simplify.jobs/p/60943e9d-18e5-491d-82ad-e373568b74f5,UI/UX Engineer Specialist,Guidehouse,"Remote in USA; McLean, VA, USA",98000.0,163000.0,USD,,,2026-09-03T07:33:06+00:00,2026-08-26T00:00:00+00:00,false,,hybrid,full_time,senior,,,,simplify,https://simplify.jobs/p/60943e9d-18e5-491d-82ad-e373568b74f5,,simplify,"[{""site"": ""simplify"", ""url"": ""https://simplify.jobs/p/60943e9d-18e5-491d-82ad-e373568b74f5""}]",[],[],"{""location"": [""Remote in USA; McLean, VA, USA""]}",{},"{""location"": ""array_field""}",{}
https://simplify.jobs/p/9414609c-2316-4b29-8bbd-48271e06ff5a,Angular Developer,ClearlyAgile,"Remote; Tampa, FL, USA; Remote in USA",,,,,,2026-09-04T01:18:24+00:00,2026-08-08T01:18:59+00:00,false,,remote,full_time,mid,,,,simplify,https://simplify.jobs/p/9414609c-2316-4b29-8bbd-48271e06ff5a,,simplify,"[{""site"": ""simplify"", ""url"": ""https://simplify.jobs/p/9414609c-2316-4b29-8bbd-48271e06ff5a""}]",[],[],"{""location"": [""Remote; Tampa, FL, USA; Remote in USA""]}",{},"{""location"": ""array_field""}",{}
https://simplify.jobs/p/a70caee6-1643-4b22-890f-6c3d230c82ac,Angular Developer,Leidos,Remote; Remote in USA,87100.0,157450.0,USD,,,2026-09-19T13:42:41+00:00,2026-09-18T00:00:00+00:00,false,,remote,full_time,senior,,,,simplify,https://simplify.jobs/p/a70caee6-1643-4b22-890f-6c3d230c82ac,,simplify,"[{""site"": ""simplify"", ""url"": ""https://simplify.jobs/p/a70caee6-1643-4b22-890f-6c3d230c82ac""}]",[],[],"{""location"": [""Remote; Remote in USA""]}",{},"{""location"": ""array_field""}",{}
https://simplify.jobs/p/b8c8022a-cd8e-4bb4-9caf-7a21c0259b50,Vue.js Developer,Reevolt,"Remote; Austin, TX, USA",,,,,,2026-09-04T02:15:20+00:00,2026-08-13T06:11:43+00:00,false,,remote,full_time,mid,,,,simplify,https://simplify.jobs/p/b8c8022a-cd8e-4bb4-9caf-7a21c0259b50,,simplify,"[{""site"": ""simplify"", ""url"": ""https://simplify.jobs/p/b8c8022a-cd8e-4bb4-9caf-7a21c0259b50""}]",[],[],"{""location"": [""Remote; Austin, TX, USA""]}",{},"{""location"": ""array_field""}",{}
https://simplify.jobs/p/8c3c7ccd-5b89-4f43-80d1-7cf49168f3dd,High-Functioning Psychopath - Front End,XION,Remote; Remote in USA,,,,,,2026-09-03T18:09:19+00:00,2026-07-21T22:44:58+00:00,false,,remote,full_time,mid,,,,simplify,https://simplify.jobs/p/8c3c7ccd-5b89-4f43-80d1-7cf49168f3dd,,simplify,"[{""site"": ""simplify"", ""url"": ""https://simplify.jobs/p/8c3c7ccd-5b89-4f43-80d1-7cf49168f3dd""}]",[],[],"{""location"": [""Remote; Remote in USA""]}",{},"{""location"": ""array_field""}",{}
https://simplify.jobs/p/8ba65665-6893-4404-8f44-0ff8f2ed19b2,AngularJS/UX Engineer,Jobsbridge,"Irvine, CA, USA",,,,,,2026-09-03T17:45:23+00:00,2026-02-24T07:17:40+00:00,false,,onsite,full_time,mid,,,,simplify,https://simplify.jobs/p/8ba65665-6893-4404-8f44-0ff8f2ed19b2,,simplify,"[{""site"": ""simplify"", ""url"": ""https://simplify.jobs/p/8ba65665-6893-4404-8f44-0ff8f2ed19b2""}]",[],[],"{""location"": [""Irvine, CA, USA""]}",{},"{""location"": ""array_field""}",{}
https://simplify.jobs/p/e6ebe543-5956-4c0f-b9a3-92c2d5c092ac,Senior Software Development Engineer - Web Developer,Esri,"Redlands, CA, USA",123136.0,202488.0,USD,,,2026-09-04T07:24:02+00:00,2026-02-19T23:21:40+00:00,false,,onsite,full_time,senior,,,,simplify,https://simplify.jobs/p/e6ebe543-5956-4c0f-b9a3-92c2d5c092ac,,simplify,"[{""site"": ""simplify"", ""url"": ""https://simplify.jobs/p/e6ebe543-5956-4c0f-b9a3-92c2d5c092ac""}]",[],[],"{""location"": [""Redlands, CA, USA""]}",{},"{""location"": ""array_field""}",{}
https://simplify.jobs/p/c969188f-9671-4998-a13e-c1fec521ff8a,Data Engineer 2 - Palantir MSS,Deloitte,"Remote; Baltimore, MD, USA",84400.0,140600.0,USD,,,2026-09-03T07:33:06+00:00,2026-08-26T22:34:46+00:00,false,,remote,full_time,mid,,,,simplify,https://simplify.jobs/p/c969188f-9671-4998-a13e-c1fec521ff8a,,simplify,"[{""site"": ""simplify"", ""url"": ""https://simplify.jobs/p/c969188f-9671-4998-a13e-c1fec521ff8a""}]",[],[],"{""location"": [""Remote; Baltimore, MD, USA""]}",{},"{""location"": ""array_field""}",{}
https://simplify.jobs/p/78e1001c-ac11-4553-8d51-1f5644c2580a,Front End Developer,Dotzoe,"Los Angeles, CA, USA",,,,,,2026-09-04T12:00:01+00:00,2026-08-18T01:11:13+00:00,false,,onsite,full_time,mid,,,,simplify,https://simplify.jobs/p/78e1001c-ac11-4553-8d51-1f5644c2580a,,simplify,"[{""site"": ""simplify"", ""url"": ""https://simplify.jobs/p/78e1001c-ac11-4553-8d51-1f5644c2580a""}]",[],[],"{""location"": [""Los Angeles, CA, USA""]}",{},"{""location"": ""array_field""}",{}
https://simplify.jobs/p/6d7799d8-8452-471a-ab68-2c5052b7a71b,AngularJS/UX Engineer,Jobsbridge,"Irvine, CA, USA",,,,,,2026-09-03T17:45:23+00:00,2026-02-24T07:17:52+00:00,false,,onsite,full_time,mid | senior,,,,simplify,https://simplify.jobs/p/6d7799d8-8452-471a-ab68-2c5052b7a71b,,simplify,"[{""site"": ""simplify"", ""url"": ""https://simplify.jobs/p/6d7799d8-8452-471a-ab68-2c5052b7a71b""}]",[],[],"{""location"": [""Irvine, CA, USA""]}",{},"{""location"": ""array_field""}",{}
https://simplify.jobs/p/8c526fc5-2826-4f61-9f6d-c39ad285f6de,Developer – Web Extension,1Password,Remote; Remote in USA; Remote in Canada,111000.0,172000.0,USD,,,2026-09-12T01:21:01+00:00,2026-09-12T01:20:48+00:00,false,,remote,full_time,junior,,,,simplify,https://simplify.jobs/p/8c526fc5-2826-4f61-9f6d-c39ad285f6de,,simplify,"[{""site"": ""simplify"", ""url"": ""https://simplify.jobs/p/8c526fc5-2826-4f61-9f6d-c39ad285f6de""}]",[],[],"{""location"": [""Remote; Remote in USA; Remote in Canada""]}",{},"{""location"": ""array_field""}",{}
https://simplify.jobs/p/52a1a9a6-5983-4b2e-bd7c-e1f365c21189,Senior Design Engineer - Design Systems,Clipboard Health,"Remote; San Francisco, CA, USA; Remote in USA",180000.0,250000.0,USD,,,2026-09-19T06:15:01+00:00,2026-09-19T06:14:56+00:00,false,,remote,full_time,senior,,,,simplify,https://simplify.jobs/p/52a1a9a6-5983-4b2e-bd7c-e1f365c21189,,simplify,"[{""site"": ""simplify"", ""url"": ""https://simplify.jobs/p/52a1a9a6-5983-4b2e-bd7c-e1f365c21189""}]",[],[],"{""location"": [""Remote; San Francisco, CA, USA; Remote in USA""]}",{},"{""location"": ""array_field""}",{}
https://simplify.jobs/p/1f30a8f4-3c65-44e7-94da-e4ecc86dfca2,Junior User Interface Developer 2,Jobsbridge,"Los Angeles, CA, USA",,,,,,2026-09-03T17:53:55+00:00,2026-02-24T07:18:40+00:00,false,,onsite,full_time,junior,,,,simplify,https://simplify.jobs/p/1f30a8f4-3c65-44e7-94da-e4ecc86dfca2,,simplify,"[{""site"": ""simplify"", ""url"": ""https://simplify.jobs/p/1f30a8f4-3c65-44e7-94da-e4ecc86dfca2""}]",[],[],"{""location"": [""Los Angeles, CA, USA""]}",{},"{""location"": ""array_field""}",{}
https://simplify.jobs/p/5e93f802-4031-4fc9-9200-4fa158d98d5f,Staff Design Engineer,Vetcove,Remote; Remote in USA,145000.0,195000.0,USD,,,2026-09-03T19:57:26+00:00,2026-07-21T22:13:25+00:00,false,,remote,full_time,mid | senior,,,,simplify,https://simplify.jobs/p/5e93f802-4031-4fc9-9200-4fa158d98d5f,,simplify,"[{""site"": ""simplify"", ""url"": ""https://simplify.jobs/p/5e93f802-4031-4fc9-9200-4fa158d98d5f""}]",[],[],"{""location"": [""Remote; Remote in USA""]}",{},"{""location"": ""array_field""}",{}
https://simplify.jobs/p/fba53844-a833-4897-95b6-f81857cb9261,Software Development Engineer - Front End,United Talent Agency,"Los Angeles, CA, USA",150000.0,160000.0,USD,,,2026-09-03T07:18:06+00:00,2026-08-27T16:38:07+00:00,false,,onsite,full_time,senior,,,,simplify,https://simplify.jobs/p/fba53844-a833-4897-95b6-f81857cb9261,,simplify,"[{""site"": ""simplify"", ""url"": ""https://simplify.jobs/p/fba53844-a833-4897-95b6-f81857cb9261""}]",[],[],"{""location"": [""Los Angeles, CA, USA""]}",{},"{""location"": ""array_field""}",{}
https://simplify.jobs/p/a8828ee1-3307-4415-9ce5-055c00c75a46,Ecommerce Engineer,Signet Jewelers,"Remote; Akron, OH, USA",88000.0,135000.0,USD,,,2026-09-03T20:03:20+00:00,2026-07-23T00:00:00+00:00,false,,remote,full_time,senior,,,,simplify,https://simplify.jobs/p/a8828ee1-3307-4415-9ce5-055c00c75a46,,simplify,"[{""site"": ""simplify"", ""url"": ""https://simplify.jobs/p/a8828ee1-3307-4415-9ce5-055c00c75a46""}]",[],[],"{""location"": [""Remote; Akron, OH, USA""]}",{},"{""location"": ""array_field""}",{}
https://simplify.jobs/p/c4120eab-6df6-49fb-ae29-56ccf7a69ed2,Design Engineer - Web/Brand,LiveKit,Remote; Remote in USA,184000.0,250000.0,USD,,,2026-09-15T22:24:01+00:00,2026-09-15T22:22:28+00:00,false,,remote,full_time,mid,,,,simplify,https://simplify.jobs/p/c4120eab-6df6-49fb-ae29-56ccf7a69ed2,,simplify,"[{""site"": ""simplify"", ""url"": ""https://simplify.jobs/p/c4120eab-6df6-49fb-ae29-56ccf7a69ed2""}]",[],[],"{""location"": [""Remote; Remote in USA""]}",{},"{""location"": ""array_field""}",{}
https://simplify.jobs/p/62373b59-3638-4802-b94b-c8f93027a793,Website Developer,Dream Three,"Los Angeles, CA, USA; New York, NY, USA",60.0,90.0,USD,,,2026-09-19T01:15:01+00:00,2026-09-19T01:14:37+00:00,false,,hybrid,contract,mid,,,,simplify,https://simplify.jobs/p/62373b59-3638-4802-b94b-c8f93027a793,,simplify,"[{""site"": ""simplify"", ""url"": ""https://simplify.jobs/p/62373b59-3638-4802-b94b-c8f93027a793""}]",[],[],"{""location"": [""Los Angeles, CA, USA; New York, NY, USA""]}",{},"{""location"": ""array_field""}",{}
https://simplify.jobs/p/d09a7d50-665a-4d01-8e8a-60e64d01b80b,Principal UX Engineer - Ads,Reddit,Remote; Remote in USA,245800.0,344100.0,USD,,,2026-09-04T01:57:21+00:00,2026-08-11T22:42:51+00:00,false,,remote,full_time,,,,,simplify,https://simplify.jobs/p/d09a7d50-665a-4d01-8e8a-60e64d01b80b,,simplify,"[{""site"": ""simplify"", ""url"": ""https://simplify.jobs/p/d09a7d50-665a-4d01-8e8a-60e64d01b80b""}]",[],[],"{""location"": [""Remote; Remote in USA""]}",{},"{""location"": ""array_field""}",{}
https://simplify.jobs/p/0c25570d-e1eb-4d32-a8a1-88b0f4eac451,Staff Software Engineer - Front End,Parkade,Remote; Remote in USA,180000.0,200000.0,USD,,,2026-09-10T08:24:01+00:00,2026-08-07T22:17:56+00:00,false,,remote,full_time,senior,,,,simplify,https://simplify.jobs/p/0c25570d-e1eb-4d32-a8a1-88b0f4eac451,,simplify,"[{""site"": ""simplify"", ""url"": ""https://simplify.jobs/p/0c25570d-e1eb-4d32-a8a1-88b0f4eac451""}]",[],[],"{""location"": [""Remote; Remote in USA""]}",{},"{""location"": ""array_field""}",{}
https://simplify.jobs/p/3661d77d-1d6a-458e-8cce-9a40793073f7,SharePoint Developer,Leidos,Remote; Remote in USA,87100.0,157450.0,USD,,,2026-09-19T11:39:11+00:00,2026-07-21T00:00:00+00:00,false,,remote,full_time,senior,,,,simplify,https://simplify.jobs/p/3661d77d-1d6a-458e-8cce-9a40793073f7,,simplify,"[{""site"": ""simplify"", ""url"": ""https://simplify.jobs/p/3661d77d-1d6a-458e-8cce-9a40793073f7""}]",[],[],"{""location"": [""Remote; Remote in USA""]}",{},"{""location"": ""array_field""}",{}
https://simplify.jobs/p/c5f3ca67-dda1-4628-9426-d48887b37e51,Front End Engineer,Outpatient App,Remote; Remote in USA,,,,,,2026-09-04T09:54:01+00:00,2026-07-23T06:18:05+00:00,false,,remote,full_time,mid,,,,simplify,https://simplify.jobs/p/c5f3ca67-dda1-4628-9426-d48887b37e51,,simplify,"[{""site"": ""simplify"", ""url"": ""https://simplify.jobs/p/c5f3ca67-dda1-4628-9426-d48887b37e51""}]",[],[],"{""location"": [""Remote; Remote in USA""]}",{},"{""location"": ""array_field""}",{}
https://simplify.jobs/p/3c0de753-d38d-4616-8710-1c9680213b7f,Web Developer,Steady Vision,"Remote; Boston, MA, USA; Remote in USA",,,,,,2026-09-04T01:39:21+00:00,2026-08-11T01:32:43+00:00,false,,remote,full_time,mid,,,,simplify,https://simplify.jobs/p/3c0de753-d38d-4616-8710-1c9680213b7f,,simplify,"[{""site"": ""simplify"", ""url"": ""https://simplify.jobs/p/3c0de753-d38d-4616-8710-1c9680213b7f""}]",[],[],"{""location"": [""Remote; Boston, MA, USA; Remote in USA""]}",{},"{""location"": ""array_field""}",{}
https://simplify.jobs/p/ea8d10b5-1bd6-497b-9e2e-cd54dd0a32a3,Senior Software Engineer,The Walt Disney Company,"Bristol, CT, USA; Burbank, CA, USA; Glendale, CA, USA",141900.0,190300.0,USD,,,2026-09-03T19:12:22+00:00,2026-07-04T12:20:28+00:00,false,,onsite,full_time,senior,,,,simplify,https://simplify.jobs/p/ea8d10b5-1bd6-497b-9e2e-cd54dd0a32a3,,simplify,"[{""site"": ""simplify"", ""url"": ""https://simplify.jobs/p/ea8d10b5-1bd6-497b-9e2e-cd54dd0a32a3""}]",[],[],"{""location"": [""Bristol, CT, USA; Burbank, CA, USA; Glendale, CA, USA""]}",{},"{""location"": ""array_field""}",{}
https://simplify.jobs/p/da5cf7f1-ca91-48ef-af65-6d4c8e7eb09b,Founding Engineer - Boltwise,BoltWise,Remote; Remote in USA,120000.0,200000.0,USD,,,2025-03-14T02:03:26+00:00,2024-06-27T20:32:18+00:00,false,,remote,full_time,mid,,,,simplify,https://simplify.jobs/p/da5cf7f1-ca91-48ef-af65-6d4c8e7eb09b,,simplify,"[{""site"": ""simplify"", ""url"": ""https://simplify.jobs/p/da5cf7f1-ca91-48ef-af65-6d4c8e7eb09b""}]",[],[],"{""location"": [""Remote; Remote in USA""]}",{},"{""location"": ""array_field""}",{}
https://simplify.jobs/p/86789a60-111d-4616-8ebd-8410d402ddda,SharePoint Developer,Comtech,"Los Angeles, CA, USA",,,,,,2026-09-03T17:45:23+00:00,2026-02-20T07:15:05+00:00,false,,onsite,full_time,senior,,,,simplify,https://simplify.jobs/p/86789a60-111d-4616-8ebd-8410d402ddda,,simplify,"[{""site"": ""simplify"", ""url"": ""https://simplify.jobs/p/86789a60-111d-4616-8ebd-8410d402ddda""}]",[],[],"{""location"": [""Los Angeles, CA, USA""]}",{},"{""location"": ""array_field""}",{}
https://simplify.jobs/p/ab437872-5e00-4b0f-be44-1b3953c98089,Senior/Staff Software Engineer - Interactives,Brilliant,"Remote; San Francisco, CA, USA; Remote in USA; New York, NY, USA",180000.0,250000.0,USD,,,2026-09-03T18:54:19+00:00,2026-06-17T22:08:42+00:00,false,,remote,full_time,senior,,,,simplify,https://simplify.jobs/p/ab437872-5e00-4b0f-be44-1b3953c98089,,simplify,"[{""site"": ""simplify"", ""url"": ""https://simplify.jobs/p/ab437872-5e00-4b0f-be44-1b3953c98089""}]",[],[],"{""location"": [""Remote; San Francisco, CA, USA; Remote in USA; New York, NY, USA""]}",{},"{""location"": ""array_field""}",{}
https://simplify.jobs/p/d2888ba3-3e6c-40a2-86b6-03b0b42e0f05,Senior Shopify Developer,DemandPDX,Remote; Remote in USA,,,,,,2026-09-19T10:27:01+00:00,2026-07-21T01:17:43+00:00,false,,remote,full_time,senior,,,,simplify,https://simplify.jobs/p/d2888ba3-3e6c-40a2-86b6-03b0b42e0f05,,simplify,"[{""site"": ""simplify"", ""url"": ""https://simplify.jobs/p/d2888ba3-3e6c-40a2-86b6-03b0b42e0f05""}]",[],[],"{""location"": [""Remote; Remote in USA""]}",{},"{""location"": ""array_field""}",{}
https://simplify.jobs/p/2396a8c3-bc52-4a86-9d7a-ccad8a9d03cf,Senior Front End Software Engineer - Vault,Bitwarden,Remote; Remote in USA,140000.0,200000.0,USD,,,2026-09-04T00:27:22+00:00,2026-08-06T14:15:09+00:00,false,,remote,full_time,senior,,,,simplify,https://simplify.jobs/p/2396a8c3-bc52-4a86-9d7a-ccad8a9d03cf,,simplify,"[{""site"": ""simplify"", ""url"": ""https://simplify.jobs/p/2396a8c3-bc52-4a86-9d7a-ccad8a9d03cf""}]",[],[],"{""location"": [""Remote; Remote in USA""]}",{},"{""location"": ""array_field""}",{}
https://simplify.jobs/p/223ecdb3-1c44-42a5-94a8-9c337ec71a37,Senior Staff Principal Software Engineer (Frontend/Fullstack),Voltaiq,Remote; Remote in USA,120000.0,180000.0,USD,,,2025-11-12T01:56:37+00:00,2025-10-31T12:03:44+00:00,false,,remote,full_time,mid | senior,,,,simplify,https://simplify.jobs/p/223ecdb3-1c44-42a5-94a8-9c337ec71a37,,simplify,"[{""site"": ""simplify"", ""url"": ""https://simplify.jobs/p/223ecdb3-1c44-42a5-94a8-9c337ec71a37""}]",[],[],"{""location"": [""Remote; Remote in USA""]}",{},"{""location"": ""array_field""}",{}
https://simplify.jobs/p/d0129996-7095-4cdb-8e2a-a57c71752543,Software Engineer,Akima,"Remote; Ashburn, VA, USA",110000.0,120000.0,USD,,,2026-09-04T13:12:01+00:00,2026-09-02T00:00:19+00:00,false,,remote,full_time,senior,,,,simplify,https://simplify.jobs/p/d0129996-7095-4cdb-8e2a-a57c71752543,,simplify,"[{""site"": ""simplify"", ""url"": ""https://simplify.jobs/p/d0129996-7095-4cdb-8e2a-a57c71752543""}]",[],[],"{""location"": [""Remote; Ashburn, VA, USA""]}",{},"{""location"": ""array_field""}",{}
https://simplify.jobs/p/c2ca6c6b-0573-4006-9aba-bd5fa7de61d0,Senior SharePoint Developer,HarmonyTech,Remote; Remote in USA,,,,,,2026-09-03T16:46:13+00:00,2026-09-03T16:28:48+00:00,false,,remote,full_time,senior,,,,simplify,https://simplify.jobs/p/c2ca6c6b-0573-4006-9aba-bd5fa7de61d0,,simplify,"[{""site"": ""simplify"", ""url"": ""https://simplify.jobs/p/c2ca6c6b-0573-4006-9aba-bd5fa7de61d0""}]",[],[],"{""location"": [""Remote; Remote in USA""]}",{},"{""location"": ""array_field""}",{}
https://simplify.jobs/p/bf65b6c2-f47c-440e-99c7-f22018b04de7,Senior Software Engineer,Prescryptive Health,Remote; Remote in USA,165000.0,215000.0,USD,,,2026-09-03T05:42:07+00:00,2026-08-28T00:00:00+00:00,false,,remote,full_time,senior,,,,simplify,https://simplify.jobs/p/bf65b6c2-f47c-440e-99c7-f22018b04de7,,simplify,"[{""site"": ""simplify"", ""url"": ""https://simplify.jobs/p/bf65b6c2-f47c-440e-99c7-f22018b04de7""}]",[],[],"{""location"": [""Remote; Remote in USA""]}",{},"{""location"": ""array_field""}",{}
https://simplify.jobs/p/66e65102-0a75-4538-9493-81ca5b2fa845,.NET Front End Developer,Jobsbridge,"Los Angeles, CA, USA",,,,,,2026-09-04T07:24:02+00:00,2026-02-24T07:18:58+00:00,false,,onsite,full_time,mid,,,,simplify,https://simplify.jobs/p/66e65102-0a75-4538-9493-81ca5b2fa845,,simplify,"[{""site"": ""simplify"", ""url"": ""https://simplify.jobs/p/66e65102-0a75-4538-9493-81ca5b2fa845""}]",[],[],"{""location"": [""Los Angeles, CA, USA""]}",{},"{""location"": ""array_field""}",{}
https://simplify.jobs/p/bd37d4da-de51-40ce-832e-2259211f07cd,Senior Software Architect - Browser Extension Platform,Keeper Security,Remote; Remote in USA,,,,,,2026-09-04T13:12:01+00:00,2026-09-01T14:20:50+00:00,false,,remote,full_time,,,,,simplify,https://simplify.jobs/p/bd37d4da-de51-40ce-832e-2259211f07cd,,simplify,"[{""site"": ""simplify"", ""url"": ""https://simplify.jobs/p/bd37d4da-de51-40ce-832e-2259211f07cd""}]",[],[],"{""location"": [""Remote; Remote in USA""]}",{},"{""location"": ""array_field""}",{}
https://simplify.jobs/p/8329942b-1545-4dd7-9382-f791fffd7e6e,Front End Developer,Alpha Numero,"Irvine, CA, USA",,,,,,2026-09-04T12:09:01+00:00,2026-08-18T01:14:23+00:00,false,,onsite,full_time,mid,,,,simplify,https://simplify.jobs/p/8329942b-1545-4dd7-9382-f791fffd7e6e,,simplify,"[{""site"": ""simplify"", ""url"": ""https://simplify.jobs/p/8329942b-1545-4dd7-9382-f791fffd7e6e""}]",[],[],"{""location"": [""Irvine, CA, USA""]}",{},"{""location"": ""array_field""}",{}
https://simplify.jobs/p/03a02d5a-519a-499d-9d52-f1f3a6ed53fb,Senior Software Engineer - Ctv,Paramount Global,"Burbank, CA, USA; New York, NY, USA",124000.0,186000.0,USD,,,2026-09-03T18:36:19+00:00,2026-05-22T01:07:04+00:00,false,,onsite,full_time,senior,,,,simplify,https://simplify.jobs/p/03a02d5a-519a-499d-9d52-f1f3a6ed53fb,,simplify,"[{""site"": ""simplify"", ""url"": ""https://simplify.jobs/p/03a02d5a-519a-499d-9d52-f1f3a6ed53fb""}]",[],[],"{""location"": [""Burbank, CA, USA; New York, NY, USA""]}",{},"{""location"": ""array_field""}",{}
https://simplify.jobs/p/2b0826fc-0882-4e3f-ba08-f5a60197f859,Website Growth Engineer,ElevenLabs,"Remote; London, UK; Remote in USA; Remote in UK; Remote in Spain",,,,,,2026-09-04T01:39:21+00:00,2026-08-10T22:32:03+00:00,false,,remote,full_time,mid,,,,simplify,https://simplify.jobs/p/2b0826fc-0882-4e3f-ba08-f5a60197f859,,simplify,"[{""site"": ""simplify"", ""url"": ""https://simplify.jobs/p/2b0826fc-0882-4e3f-ba08-f5a60197f859""}]",[],[],"{""location"": [""Remote; London, UK; Remote in USA; Remote in UK; Remote in Spain""]}",{},"{""location"": ""array_field""}",{}
https://simplify.jobs/p/18b16f68-5abf-449e-a4d2-5eec877f6ef0,Junior Mobile and Front End Developer - Systems Administration - Innovation and Technology,Lap of Love,"Remote; Remote in USA; Lutz, FL, USA",95000.0,95000.0,USD,,,2026-09-04T00:39:22+00:00,2026-08-06T22:18:41+00:00,false,,remote,full_time,junior,,,,simplify,https://simplify.jobs/p/18b16f68-5abf-449e-a4d2-5eec877f6ef0,,simplify,"[{""site"": ""simplify"", ""url"": ""https://simplify.jobs/p/18b16f68-5abf-449e-a4d2-5eec877f6ef0""}]",[],[],"{""location"": [""Remote; Remote in USA; Lutz, FL, USA""]}",{},"{""location"": ""array_field""}",{}
https://simplify.jobs/p/51188ab1-b3f5-4e4a-8527-604f9f1b5342,Drupal Developer,Jobsbridge,"Los Angeles, CA, USA",,,,,,2026-09-03T17:45:23+00:00,2026-02-24T07:17:49+00:00,false,,onsite,full_time,mid | senior,,,,simplify,https://simplify.jobs/p/51188ab1-b3f5-4e4a-8527-604f9f1b5342,,simplify,"[{""site"": ""simplify"", ""url"": ""https://simplify.jobs/p/51188ab1-b3f5-4e4a-8527-604f9f1b5342""}]",[],[],"{""location"": [""Los Angeles, CA, USA""]}",{},"{""location"": ""array_field""}",{}
https://simplify.jobs/p/9e908786-d619-4f40-84ce-d8f3a37b9d88,Lead Product Engineer,Plural Everything,Remote; Remote in USA,,,,,,2026-09-04T13:18:01+00:00,2026-02-17T15:18:16+00:00,false,,remote,full_time,mid,,,,simplify,https://simplify.jobs/p/9e908786-d619-4f40-84ce-d8f3a37b9d88,,simplify,"[{""site"": ""simplify"", ""url"": ""https://simplify.jobs/p/9e908786-d619-4f40-84ce-d8f3a37b9d88""}]",[],[],"{""location"": [""Remote; Remote in USA""]}",{},"{""location"": ""array_field""}",{}
https://simplify.jobs/p/434a8293-45df-4768-8a20-8a2cfcdffcf1,Senior Software Engineer - Front End,Axle Health,"Santa Monica, CA, USA",170000.0,200000.0,USD,,,2026-09-04T00:27:22+00:00,2026-08-06T01:14:29+00:00,false,,onsite,full_time,senior,,,,simplify,https://simplify.jobs/p/434a8293-45df-4768-8a20-8a2cfcdffcf1,,simplify,"[{""site"": ""simplify"", ""url"": ""https://simplify.jobs/p/434a8293-45df-4768-8a20-8a2cfcdffcf1""}]",[],[],"{""location"": [""Santa Monica, CA, USA""]}",{},"{""location"": ""array_field""}",{}
https://simplify.jobs/p/f7d4706d-b6b1-4745-88c5-1e61f29776c3,UI Front End Developer,Jobsbridge,"Long Beach, CA, USA",,,,,,2026-09-04T07:24:02+00:00,2026-02-24T07:18:44+00:00,false,,onsite,full_time,mid,,,,simplify,https://simplify.jobs/p/f7d4706d-b6b1-4745-88c5-1e61f29776c3,,simplify,"[{""site"": ""simplify"", ""url"": ""https://simplify.jobs/p/f7d4706d-b6b1-4745-88c5-1e61f29776c3""}]",[],[],"{""location"": [""Long Beach, CA, USA""]}",{},"{""location"": ""array_field""}",{}
https://simplify.jobs/p/a62c43e1-0ee1-4c48-b7a4-d0a822abe7d5,Senior Software Development Front End Engineer,CVS Health,"Remote; Florida, USA",92700.0,185400.0,USD,,,2026-09-15T22:12:02+00:00,2026-08-26T00:00:00+00:00,false,,remote,full_time,senior,,,,simplify,https://simplify.jobs/p/a62c43e1-0ee1-4c48-b7a4-d0a822abe7d5,,simplify,"[{""site"": ""simplify"", ""url"": ""https://simplify.jobs/p/a62c43e1-0ee1-4c48-b7a4-d0a822abe7d5""}]",[],[],"{""location"": [""Remote; Florida, USA""]}",{},"{""location"": ""array_field""}",{}
https://simplify.jobs/p/537ffcde-ab21-4802-8953-8fba345392b6,Data Visualization Software Engineer - Data Visualization,General Matter,"Los Angeles, CA, USA",125000.0,200000.0,USD,,,2026-09-19T01:39:25+00:00,2026-09-01T18:36:57+00:00,false,,onsite,full_time,senior,,,,simplify,https://simplify.jobs/p/537ffcde-ab21-4802-8953-8fba345392b6,,simplify,"[{""site"": ""simplify"", ""url"": ""https://simplify.jobs/p/537ffcde-ab21-4802-8953-8fba345392b6""}]",[],[],"{""location"": [""Los Angeles, CA, USA""]}",{},"{""location"": ""array_field""}",{}
https://simplify.jobs/p/8e5cc1c2-2964-4c59-9577-b9eb46b8fcd1,Senior Software Engineer,Mercury,"San Francisco, CA, USA; Remote in USA; New York, NY, USA; Portland, OR, USA; Remote in Canada",189700.0,250900.0,USD,,,2026-09-04T09:42:02+00:00,2026-07-15T22:30:09+00:00,false,,hybrid,full_time,senior,,,,simplify,https://simplify.jobs/p/8e5cc1c2-2964-4c59-9577-b9eb46b8fcd1,,simplify,"[{""site"": ""simplify"", ""url"": ""https://simplify.jobs/p/8e5cc1c2-2964-4c59-9577-b9eb46b8fcd1""}]",[],[],"{""location"": [""San Francisco, CA, USA; Remote in USA; New York, NY, USA; Portland, OR, USA; Remote in Canada""]}",{},"{""location"": ""array_field""}",{}
https://simplify.jobs/p/c9e6b880-b9c9-4f1a-b0c8-63b0217b4e0b,Web Developer,Aptive Resources,Remote; Remote in USA,,,,,,2026-09-04T12:54:01+00:00,2026-08-26T19:35:59+00:00,false,,remote,full_time,mid,,,,simplify,https://simplify.jobs/p/c9e6b880-b9c9-4f1a-b0c8-63b0217b4e0b,,simplify,"[{""site"": ""simplify"", ""url"": ""https://simplify.jobs/p/c9e6b880-b9c9-4f1a-b0c8-63b0217b4e0b""}]",[],[],"{""location"": [""Remote; Remote in USA""]}",{},"{""location"": ""array_field""}",{}
https://simplify.jobs/p/50010523-1705-46b1-886f-490d5f1bf968,Front End Developer,Jobsbridge,"Los Angeles, CA, USA",,,,,,2026-09-04T07:24:02+00:00,2026-04-08T09:04:05+00:00,false,,onsite,full_time,mid,,,,simplify,https://simplify.jobs/p/50010523-1705-46b1-886f-490d5f1bf968,,simplify,"[{""site"": ""simplify"", ""url"": ""https://simplify.jobs/p/50010523-1705-46b1-886f-490d5f1bf968""}]",[],[],"{""location"": [""Los Angeles, CA, USA""]}",{},"{""location"": ""array_field""}",{}
https://simplify.jobs/p/ad9cc010-02bc-47df-99ae-9d92e7e90b26,Dashboard Developer,Xcellent Technology Solutions,Remote; Remote in USA,65000.0,75000.0,USD,,,2026-09-19T10:06:01+00:00,2026-08-27T00:25:36+00:00,false,,remote,full_time,senior,,,,simplify,https://simplify.jobs/p/ad9cc010-02bc-47df-99ae-9d92e7e90b26,,simplify,"[{""site"": ""simplify"", ""url"": ""https://simplify.jobs/p/ad9cc010-02bc-47df-99ae-9d92e7e90b26""}]",[],[],"{""location"": [""Remote; Remote in USA""]}",{},"{""location"": ""array_field""}",{}
https://simplify.jobs/p/8d26bf74-5182-45c8-a91a-fc2ad08a1b4e,CMS Development and Architecture Lead,DecisionPoint,Remote; Remote in USA,,,,,,2026-09-03T16:39:14+00:00,2026-08-14T03:59:56+00:00,false,,remote,full_time,senior,,,,simplify,https://simplify.jobs/p/8d26bf74-5182-45c8-a91a-fc2ad08a1b4e,,simplify,"[{""site"": ""simplify"", ""url"": ""https://simplify.jobs/p/8d26bf74-5182-45c8-a91a-fc2ad08a1b4e""}]",[],[],"{""location"": [""Remote; Remote in USA""]}",{},"{""location"": ""array_field""}",{}
https://simplify.jobs/p/981e32c4-ec28-4156-b946-d2214468d082,React Software Engineer,GovCIO,Remote; Remote in USA,90000.0,105000.0,USD,,,2026-09-09T22:18:08+00:00,2026-09-09T22:09:08+00:00,false,,remote,full_time,senior,,,,simplify,https://simplify.jobs/p/981e32c4-ec28-4156-b946-d2214468d082,,simplify,"[{""site"": ""simplify"", ""url"": ""https://simplify.jobs/p/981e32c4-ec28-4156-b946-d2214468d082""}]",[],[],"{""location"": [""Remote; Remote in USA""]}",{},"{""location"": ""array_field""}",{}
https://simplify.jobs/p/272cb1de-278a-45fe-87a1-7215f39bdd32,Web Developer Intern - WordPress - WooCommerce,Codeage,"Beverly Hills, CA, USA",,,,,,2026-09-04T07:24:02+00:00,2026-02-20T07:10:35+00:00,true,,onsite,internship,intern,,,,simplify,https://simplify.jobs/p/272cb1de-278a-45fe-87a1-7215f39bdd32,,simplify,"[{""site"": ""simplify"", ""url"": ""https://simplify.jobs/p/272cb1de-278a-45fe-87a1-7215f39bdd32""}]",[],[],"{""location"": [""Beverly Hills, CA, USA""]}",{},"{""location"": ""array_field""}",{}
https://simplify.jobs/p/a77f742d-9716-4482-be5b-44b84fdc1570,Senior 3D Engineer,Moon,"Glendale, CA, USA",160000.0,200000.0,USD,,,2026-09-19T10:03:37+00:00,2026-07-27T01:20:06+00:00,false,,onsite,full_time,senior,,,,simplify,https://simplify.jobs/p/a77f742d-9716-4482-be5b-44b84fdc1570,,simplify,"[{""site"": ""simplify"", ""url"": ""https://simplify.jobs/p/a77f742d-9716-4482-be5b-44b84fdc1570""}]",[],[],"{""location"": [""Glendale, CA, USA""]}",{},"{""location"": ""array_field""}",{}
https://simplify.jobs/p/2dbe5fcd-f78f-481a-8b84-2f678b519d09,Developer 3 - Application Development,IEHP,"Rancho Cucamonga, CA, USA",118601.6,157144.0,USD,,,2026-09-03T17:45:23+00:00,2026-02-12T02:06:52+00:00,false,,hybrid,full_time,senior,,,,simplify,https://simplify.jobs/p/2dbe5fcd-f78f-481a-8b84-2f678b519d09,,simplify,"[{""site"": ""simplify"", ""url"": ""https://simplify.jobs/p/2dbe5fcd-f78f-481a-8b84-2f678b519d09""}]",[],[],"{""location"": [""Rancho Cucamonga, CA, USA""]}",{},"{""location"": ""array_field""}",{}
https://simplify.jobs/p/36381c38-8d03-4764-a476-c9a3cf784599,Displays Software Engineer - C/C++,Reliable Robotics,"Remote in USA; Mountain View, CA, USA; San Diego, CA, USA",185000.0,245000.0,USD,,,2026-09-04T08:27:01+00:00,2026-06-24T22:09:04+00:00,false,,hybrid,full_time,senior,,,,simplify,https://simplify.jobs/p/36381c38-8d03-4764-a476-c9a3cf784599,,simplify,"[{""site"": ""simplify"", ""url"": ""https://simplify.jobs/p/36381c38-8d03-4764-a476-c9a3cf784599""}]",[],[],"{""location"": [""Remote in USA; Mountain View, CA, USA; San Diego, CA, USA""]}",{},"{""location"": ""array_field""}",{}
https://simplify.jobs/p/b9eb6f8e-d969-4d4b-9607-2769fe1b9797,Senior Web Engineer,Polymarket,"Remote in USA; New York, NY, USA",250000.0,500000.0,USD,,,2026-09-04T12:00:01+00:00,2026-04-29T06:08:20+00:00,false,,hybrid,full_time,mid | senior,,,,simplify,https://simplify.jobs/p/b9eb6f8e-d969-4d4b-9607-2769fe1b9797,,simplify,"[{""site"": ""simplify"", ""url"": ""https://simplify.jobs/p/b9eb6f8e-d969-4d4b-9607-2769fe1b9797""}]",[],[],"{""location"": [""Remote in USA; New York, NY, USA""]}",{},"{""location"": ""array_field""}",{}
https://simplify.jobs/p/bb56b19c-a51f-4ad5-8635-7e0624fab826,Front End Software Engineer - Consumer Engineering,Reddit,Remote; Remote in USA,164200.0,229900.0,USD,,,2026-09-17T22:27:09+00:00,2026-09-17T22:13:18+00:00,false,,remote,full_time,senior,,,,simplify,https://simplify.jobs/p/bb56b19c-a51f-4ad5-8635-7e0624fab826,,simplify,"[{""site"": ""simplify"", ""url"": ""https://simplify.jobs/p/bb56b19c-a51f-4ad5-8635-7e0624fab826""}]",[],[],"{""location"": [""Remote; Remote in USA""]}",{},"{""location"": ""array_field""}",{}
https://simplify.jobs/p/b5d63fca-6319-4f27-949e-1ff83691e1f7,Senior Staff Software Engineer - iOS Search and Shopping Journeys,Pinterest,"San Francisco, CA, USA; Remote in USA",208592.0,429454.0,USD,,,2026-09-04T09:15:01+00:00,2026-07-07T22:30:10+00:00,false,,hybrid,full_time,,,,,simplify,https://simplify.jobs/p/b5d63fca-6319-4f27-949e-1ff83691e1f7,,simplify,"[{""site"": ""simplify"", ""url"": ""https://simplify.jobs/p/b5d63fca-6319-4f27-949e-1ff83691e1f7""}]",[],[],"{""location"": [""San Francisco, CA, USA; Remote in USA""]}",{},"{""location"": ""array_field""}",{}
https://simplify.jobs/p/f3d5df09-af20-45a0-8b80-25f9040cd11d,Staff Engineer - Web,Ground News,"Remote; Remote in USA; Remote in Canada; Kitchener, ON, Canada",,,,,,2026-09-03T20:33:22+00:00,2026-07-30T22:23:06+00:00,false,,remote,full_time,senior,,,,simplify,https://simplify.jobs/p/f3d5df09-af20-45a0-8b80-25f9040cd11d,,simplify,"[{""site"": ""simplify"", ""url"": ""https://simplify.jobs/p/f3d5df09-af20-45a0-8b80-25f9040cd11d""}]",[],[],"{""location"": [""Remote; Remote in USA; Remote in Canada; Kitchener, ON, Canada""]}",{},"{""location"": ""array_field""}",{}
https://simplify.jobs/p/1a7bf541-59fd-4f6f-867b-5708886765e4,Software Engineer,Deep Sky,"Remote; Los Angeles, CA, USA",,,,,,2025-12-06T11:41:59+00:00,2025-11-25T04:31:02+00:00,false,,remote,full_time,mid,,,,simplify,https://simplify.jobs/p/1a7bf541-59fd-4f6f-867b-5708886765e4,,simplify,"[{""site"": ""simplify"", ""url"": ""https://simplify.jobs/p/1a7bf541-59fd-4f6f-867b-5708886765e4""}]",[],[],"{""location"": [""Remote; Los Angeles, CA, USA""]}",{},"{""location"": ""array_field""}",{}
https://simplify.jobs/p/0010212f-4d87-4db1-9890-65232f6e7ae9,UI/UX Engineer,General Dynamics Information Technology,Remote; Remote in USA,128039.0,173229.0,USD,,,2026-09-03T14:06:30+00:00,2026-08-18T00:00:00+00:00,false,,remote,full_time,,,,,simplify,https://simplify.jobs/p/0010212f-4d87-4db1-9890-65232f6e7ae9,,simplify,"[{""site"": ""simplify"", ""url"": ""https://simplify.jobs/p/0010212f-4d87-4db1-9890-65232f6e7ae9""}]",[],[],"{""location"": [""Remote; Remote in USA""]}",{},"{""location"": ""array_field""}",{}
https://simplify.jobs/p/93ed64f1-c176-4c0d-89eb-eaf0727fd2da,Web UI Developer,Jobsbridge,"Los Angeles, CA, USA",,,,,,2026-09-03T17:54:20+00:00,2026-02-24T07:20:26+00:00,false,,onsite,full_time,mid,,,,simplify,https://simplify.jobs/p/93ed64f1-c176-4c0d-89eb-eaf0727fd2da | https://simplify.jobs/p/1a8351d1-67b9-42cf-8432-463d0001e001,,simplify,"[{""site"": ""simplify"", ""url"": ""https://simplify.jobs/p/93ed64f1-c176-4c0d-89eb-eaf0727fd2da""}, {""site"": ""simplify"", ""url"": ""https://simplify.jobs/p/1a8351d1-67b9-42cf-8432-463d0001e001""}]",[],[],"{""location"": [""Los Angeles, CA, USA""]}",{},"{""location"": ""array_field""}",{}
https://simplify.jobs/p/6ea3f0d4-54eb-4f8a-a1fa-d6c87982e2b3,Design Technologist 2 - Creative X,Amazon,"Seattle, WA, USA; Santa Monica, CA, USA; New York, NY, USA",131800.0,196100.0,USD,,,2026-09-04T00:39:22+00:00,2026-08-06T22:13:21+00:00,false,,onsite,full_time,senior,,,,simplify,https://simplify.jobs/p/6ea3f0d4-54eb-4f8a-a1fa-d6c87982e2b3,,simplify,"[{""site"": ""simplify"", ""url"": ""https://simplify.jobs/p/6ea3f0d4-54eb-4f8a-a1fa-d6c87982e2b3""}]",[],[],"{""location"": [""Seattle, WA, USA; Santa Monica, CA, USA; New York, NY, USA""]}",{},"{""location"": ""array_field""}",{}
https://simplify.jobs/p/89986e29-776f-44ee-8199-54b66504907d,Staff Engineer - Store/Digital,Papa John's,"Remote; Atlanta, GA, USA",,,,,,2026-09-17T22:43:36+00:00,2026-09-17T00:00:00+00:00,false,,remote,full_time,senior,,,,simplify,https://simplify.jobs/p/89986e29-776f-44ee-8199-54b66504907d,,simplify,"[{""site"": ""simplify"", ""url"": ""https://simplify.jobs/p/89986e29-776f-44ee-8199-54b66504907d""}]",[],[],"{""location"": [""Remote; Atlanta, GA, USA""]}",{},"{""location"": ""array_field""}",{}
https://simplify.jobs/p/5f9c99d8-03a9-45d8-9140-04aace5283ed,Senior UI Engineer - Electronic Warfare,Anduril,"Costa Mesa, CA, USA",191000.0,253000.0,USD,,,2026-09-04T07:51:01+00:00,2026-05-11T22:14:28+00:00,false,,onsite,full_time,senior,,,,simplify,https://simplify.jobs/p/5f9c99d8-03a9-45d8-9140-04aace5283ed,,simplify,"[{""site"": ""simplify"", ""url"": ""https://simplify.jobs/p/5f9c99d8-03a9-45d8-9140-04aace5283ed""}]",[],[],"{""location"": [""Costa Mesa, CA, USA""]}",{},"{""location"": ""array_field""}",{}
https://simplify.jobs/p/205c1c13-4a29-4ded-8516-87792e075633,Software Engineer - C++,Figma,"Remote; San Francisco, CA, USA; Remote in USA; New York, NY, USA",153000.0,376000.0,USD,,,2026-09-04T06:57:01+00:00,2025-06-02T20:09:20+00:00,false,,remote,full_time,mid,,,,simplify,https://simplify.jobs/p/205c1c13-4a29-4ded-8516-87792e075633,,simplify,"[{""site"": ""simplify"", ""url"": ""https://simplify.jobs/p/205c1c13-4a29-4ded-8516-87792e075633""}]",[],[],"{""location"": [""Remote; San Francisco, CA, USA; Remote in USA; New York, NY, USA""]}",{},"{""location"": ""array_field""}",{}
https://simplify.jobs/p/d8704237-85ed-41fb-973e-c503b4134920,Web Developer 2 - EverPro,EverCommerce,Remote; United States,75000.0,80000.0,USD,,,2026-09-16T14:37:51+00:00,2026-09-16T00:00:00+00:00,false,,remote,full_time,junior | mid,,,,simplify,https://simplify.jobs/p/d8704237-85ed-41fb-973e-c503b4134920,,simplify,"[{""site"": ""simplify"", ""url"": ""https://simplify.jobs/p/d8704237-85ed-41fb-973e-c503b4134920""}]",[],[],"{""location"": [""Remote; United States""]}",{},"{""location"": ""array_field""}",{}
https://simplify.jobs/p/52880f5e-0417-4fb1-9629-9b24435dc5b7,Shopify Developer & Designer - TP-Link D2C & Omada D2B,TP-Link Systems,"Irvine, CA, USA",80000.0,100000.0,USD,,,2026-09-04T00:51:21+00:00,2026-08-07T06:15:24+00:00,false,,onsite,full_time,junior,,,,simplify,https://simplify.jobs/p/52880f5e-0417-4fb1-9629-9b24435dc5b7,,simplify,"[{""site"": ""simplify"", ""url"": ""https://simplify.jobs/p/52880f5e-0417-4fb1-9629-9b24435dc5b7""}]",[],[],"{""location"": [""Irvine, CA, USA""]}",{},"{""location"": ""array_field""}",{}
https://simplify.jobs/p/0f7948d6-eb64-4883-bb1e-aa4902b4edc6,Design Engineer - Growth,Ambrook,"San Francisco, CA, USA; Remote in USA; New York, NY, USA; Denver, CO, USA",115000.0,280000.0,USD,,,2026-09-03T07:33:06+00:00,2026-08-27T06:57:27+00:00,false,,hybrid,full_time,mid,,,,simplify,https://simplify.jobs/p/0f7948d6-eb64-4883-bb1e-aa4902b4edc6,,simplify,"[{""site"": ""simplify"", ""url"": ""https://simplify.jobs/p/0f7948d6-eb64-4883-bb1e-aa4902b4edc6""}]",[],[],"{""location"": [""San Francisco, CA, USA; Remote in USA; New York, NY, USA; Denver, CO, USA""]}",{},"{""location"": ""array_field""}",{}
https://simplify.jobs/p/fa45790d-61fd-45ad-8a11-68fbd632cc82,Senior Software Engineer - CTV,Paramount Global,"San Francisco, CA, USA; Los Angeles, CA, USA; Burbank, CA, USA; Fort Lauderdale, FL, USA; New York, NY, USA",124000.0,186000.0,USD,,,2026-09-03T18:36:19+00:00,2026-05-22T01:07:07+00:00,false,,onsite,full_time,senior,,,,simplify,https://simplify.jobs/p/fa45790d-61fd-45ad-8a11-68fbd632cc82,,simplify,"[{""site"": ""simplify"", ""url"": ""https://simplify.jobs/p/fa45790d-61fd-45ad-8a11-68fbd632cc82""}]",[],[],"{""location"": [""San Francisco, CA, USA; Los Angeles, CA, USA; Burbank, CA, USA; Fort Lauderdale, FL, USA; New York, NY, USA""]}",{},"{""location"": ""array_field""}",{}
https://simplify.jobs/p/1fdc3736-2fd9-4049-8f6a-416f13e5b740,Three.js Front End Engineer,Bask Health,Remote; Remote in USA,,,,,,2026-09-04T12:21:02+00:00,2026-08-20T00:53:56+00:00,false,,remote,full_time,mid,,,,simplify,https://simplify.jobs/p/1fdc3736-2fd9-4049-8f6a-416f13e5b740,,simplify,"[{""site"": ""simplify"", ""url"": ""https://simplify.jobs/p/1fdc3736-2fd9-4049-8f6a-416f13e5b740""}]",[],[],"{""location"": [""Remote; Remote in USA""]}",{},"{""location"": ""array_field""}",{}
https://simplify.jobs/p/09cbee1a-d8b3-4161-848b-0c003ced7856,Senior Software Engineer - Design,Loancrate,"Remote; Los Angeles, CA, USA; Remote in USA",170000.0,300000.0,USD,,,2026-09-04T07:24:02+00:00,2026-08-20T15:12:09+00:00,false,,remote,full_time,mid | senior,,,,simplify,https://simplify.jobs/p/09cbee1a-d8b3-4161-848b-0c003ced7856,,simplify,"[{""site"": ""simplify"", ""url"": ""https://simplify.jobs/p/09cbee1a-d8b3-4161-848b-0c003ced7856""}]",[],[],"{""location"": [""Remote; Los Angeles, CA, USA; Remote in USA""]}",{},"{""location"": ""array_field""}",{}
https://simplify.jobs/p/6ea6fb78-275d-4b10-8568-64080ebd34ac,UI/UX Front End Engineer,Lynker,"Remote; Boulder, CO, USA",78000.0,117000.0,USD,,,2026-09-04T12:21:02+00:00,2026-08-18T23:00:01+00:00,false,,remote,full_time,senior,,,,simplify,https://simplify.jobs/p/6ea6fb78-275d-4b10-8568-64080ebd34ac,,simplify,"[{""site"": ""simplify"", ""url"": ""https://simplify.jobs/p/6ea6fb78-275d-4b10-8568-64080ebd34ac""}]",[],[],"{""location"": [""Remote; Boulder, CO, USA""]}",{},"{""location"": ""array_field""}",{}
https://simplify.jobs/p/ddc36d77-eabe-4aa2-b080-6995eb22f93c,Senior PHP Developer,Jobsbridge,"Los Angeles, CA, USA",,,,,,2026-09-03T17:45:23+00:00,2026-02-24T07:17:58+00:00,false,,onsite,full_time,senior,,,,simplify,https://simplify.jobs/p/ddc36d77-eabe-4aa2-b080-6995eb22f93c,,simplify,"[{""site"": ""simplify"", ""url"": ""https://simplify.jobs/p/ddc36d77-eabe-4aa2-b080-6995eb22f93c""}]",[],[],"{""location"": [""Los Angeles, CA, USA""]}",{},"{""location"": ""array_field""}",{}
https://simplify.jobs/p/fd785deb-4b80-4025-8a7f-d85233ce49f0,Web Application Developer,Xcellent Technology Solutions,Remote; Remote in USA,65000.0,75000.0,USD,,,2026-09-19T10:45:01+00:00,2026-09-14T21:08:24+00:00,false,,remote,full_time,senior,,,,simplify,https://simplify.jobs/p/fd785deb-4b80-4025-8a7f-d85233ce49f0,,simplify,"[{""site"": ""simplify"", ""url"": ""https://simplify.jobs/p/fd785deb-4b80-4025-8a7f-d85233ce49f0""}]",[],[],"{""location"": [""Remote; Remote in USA""]}",{},"{""location"": ""array_field""}",{}
https://simplify.jobs/p/9a5c8460-9195-4091-9dde-051263df4af3,Web Developer,Goldbelt,"Remote; Arlington County, Arlington, VA, USA",100000.0,108000.0,USD,,,2026-09-10T22:06:04+00:00,2026-09-10T22:05:08+00:00,false,,remote,full_time,senior,,,,simplify,https://simplify.jobs/p/9a5c8460-9195-4091-9dde-051263df4af3,,simplify,"[{""site"": ""simplify"", ""url"": ""https://simplify.jobs/p/9a5c8460-9195-4091-9dde-051263df4af3""}]",[],[],"{""location"": [""Remote; Arlington County, Arlington, VA, USA""]}",{},"{""location"": ""array_field""}",{}
https://simplify.jobs/p/ca588516-9853-483a-a503-2213f803b77f,Lead Developer,Sevaa Group,"Remote; Alpharetta, GA, USA",,,,,,2026-09-04T01:57:21+00:00,2026-08-12T01:07:14+00:00,false,,remote,full_time,mid,,,,simplify,https://simplify.jobs/p/ca588516-9853-483a-a503-2213f803b77f,,simplify,"[{""site"": ""simplify"", ""url"": ""https://simplify.jobs/p/ca588516-9853-483a-a503-2213f803b77f""}]",[],[],"{""location"": [""Remote; Alpharetta, GA, USA""]}",{},"{""location"": ""array_field""}",{}
https://simplify.jobs/p/c94e1700-f381-4190-9115-8ee2e5ef2a31,UI Developer,Photon,"Remote; Dallas, TX, USA",38000.0,135000.0,USD,,,2026-09-15T06:19:11+00:00,2026-09-15T06:15:12+00:00,false,,remote,full_time,senior,,,,simplify,https://simplify.jobs/p/c94e1700-f381-4190-9115-8ee2e5ef2a31,,simplify,"[{""site"": ""simplify"", ""url"": ""https://simplify.jobs/p/c94e1700-f381-4190-9115-8ee2e5ef2a31""}]",[],[],"{""location"": [""Remote; Dallas, TX, USA""]}",{},"{""location"": ""array_field""}",{}
https://simplify.jobs/p/046eed9b-d869-4ba6-bdf2-c22279e509f0,UI/UX Developer,Prometheus Federal Services,Remote; Remote in USA,115000.0,140000.0,USD,,,2026-09-14T22:33:01+00:00,2026-09-14T22:32:28+00:00,false,,remote,full_time,mid,,,,simplify,https://simplify.jobs/p/046eed9b-d869-4ba6-bdf2-c22279e509f0,,simplify,"[{""site"": ""simplify"", ""url"": ""https://simplify.jobs/p/046eed9b-d869-4ba6-bdf2-c22279e509f0""}]",[],[],"{""location"": [""Remote; Remote in USA""]}",{},"{""location"": ""array_field""}",{}
https://simplify.jobs/p/5b46f32d-c849-4fab-be24-4f3e4319f802,UI Developer,Jobsbridge,"Irvine, CA, USA",,,,,,2026-09-03T17:54:20+00:00,2026-02-24T07:21:39+00:00,false,,onsite,full_time,mid,,,,simplify,https://simplify.jobs/p/5b46f32d-c849-4fab-be24-4f3e4319f802,,simplify,"[{""site"": ""simplify"", ""url"": ""https://simplify.jobs/p/5b46f32d-c849-4fab-be24-4f3e4319f802""}]",[],[],"{""location"": [""Irvine, CA, USA""]}",{},"{""location"": ""array_field""}",{}
https://simplify.jobs/p/90b29c57-9b34-415f-9859-26cb9f4f2fcc,UX Engineer,Clover Health,Remote; Remote in USA,157000.0,205000.0,USD,,,2026-09-04T07:51:01+00:00,2026-05-08T22:21:08+00:00,false,,remote,full_time,mid,,,,simplify,https://simplify.jobs/p/90b29c57-9b34-415f-9859-26cb9f4f2fcc,,simplify,"[{""site"": ""simplify"", ""url"": ""https://simplify.jobs/p/90b29c57-9b34-415f-9859-26cb9f4f2fcc""}]",[],[],"{""location"": [""Remote; Remote in USA""]}",{},"{""location"": ""array_field""}",{}
https://simplify.jobs/p/7c8a947e-55b0-41e4-8bd8-e81c58f74f60,UX/UI Developer,Mobomo,Remote; Remote in USA,,,,,,2026-09-03T21:39:22+00:00,2026-08-03T06:16:35+00:00,false,,remote,full_time,mid,,,,simplify,https://simplify.jobs/p/7c8a947e-55b0-41e4-8bd8-e81c58f74f60,,simplify,"[{""site"": ""simplify"", ""url"": ""https://simplify.jobs/p/7c8a947e-55b0-41e4-8bd8-e81c58f74f60""}]",[],[],"{""location"": [""Remote; Remote in USA""]}",{},"{""location"": ""array_field""}",{}
https://simplify.jobs/p/05b3642e-a1c8-4a0a-b252-24530e109900,User Experience Engineer Intern - PhD - Summer 2027,Google,"Palo Alto, CA, USA; Cambridge, MA, USA; Madison, WI, USA; Seattle, WA, USA; Washington, DC, USA; San Francisco, CA, USA; Austin, TX, USA; Los Angeles, CA, USA; Irvine, CA, USA; San Bruno, CA, USA; Redmond, WA, USA; Santa Cruz, CA, USA; Chicago, IL, USA; Goleta, CA, USA; Pittsburgh, PA, USA; Kirkland, WA, USA; Reston, VA, USA; New York, NY, USA; Bellevue, WA, USA; Sunnyvale, CA, USA; Mountain View, CA, USA; Portland, OR, USA; Boulder, CO, USA; Atlanta, GA, USA; San Diego, CA, USA",50.96153846153846,67.78846153846153,USD,,,2026-09-14T20:27:01+00:00,2026-09-14T20:24:24+00:00,true,,onsite,internship,intern,,,,simplify,https://simplify.jobs/p/05b3642e-a1c8-4a0a-b252-24530e109900,,simplify,"[{""site"": ""simplify"", ""url"": ""https://simplify.jobs/p/05b3642e-a1c8-4a0a-b252-24530e109900""}]",[],[],"{""location"": [""Palo Alto, CA, USA; Cambridge, MA, USA; Madison, WI, USA; Seattle, WA, USA; Washington, DC, USA; San Francisco, CA, USA; Austin, TX, USA; Los Angeles, CA, USA; Irvine, CA, USA; San Bruno, CA, USA; Redmond, WA, USA; Santa Cruz, CA, USA; Chicago, IL, USA; Goleta, CA, USA; Pittsburgh, PA, USA; Kirkland, WA, USA; Reston, VA, USA; New York, NY, USA; Bellevue, WA, USA; Sunnyvale, CA, USA; Mountain View, CA, USA; Portland, OR, USA; Boulder, CO, USA; Atlanta, GA, USA; San Diego, CA, USA""]}",{},"{""location"": ""array_field""}",{}
https://simplify.jobs/p/73d46b55-aa83-4ac1-a992-83a28d41ce1d,AngularJS Developer,Jobsbridge,"Los Angeles, CA, USA",,,,,,2026-09-03T17:45:23+00:00,2026-02-24T07:18:52+00:00,false,,onsite,full_time,mid | senior,,,,simplify,https://simplify.jobs/p/73d46b55-aa83-4ac1-a992-83a28d41ce1d,,simplify,"[{""site"": ""simplify"", ""url"": ""https://simplify.jobs/p/73d46b55-aa83-4ac1-a992-83a28d41ce1d""}]",[],[],"{""location"": [""Los Angeles, CA, USA""]}",{},"{""location"": ""array_field""}",{}
https://simplify.jobs/p/9952db01-3ca5-4bb4-a0dd-4f9f0279de76,Senior React Engineer - Online Banking,First Citizens BancShares,"Remote; Austin, TX, USA; Arizona, USA; North Carolina, USA",,,,,,2026-09-03T21:21:21+00:00,2026-08-01T09:05:42+00:00,false,,remote,full_time,mid | senior,,,,simplify,https://simplify.jobs/p/9952db01-3ca5-4bb4-a0dd-4f9f0279de76,,simplify,"[{""site"": ""simplify"", ""url"": ""https://simplify.jobs/p/9952db01-3ca5-4bb4-a0dd-4f9f0279de76""}]",[],[],"{""location"": [""Remote; Austin, TX, USA; Arizona, USA; North Carolina, USA""]}",{},"{""location"": ""array_field""}",{}
https://simplify.jobs/p/71d223ec-26aa-4eda-9162-ad7a5a78aa2f,Lead Software Engineer - Ctv,Paramount Global,"San Francisco, CA, USA; Los Angeles, CA, USA; Burbank, CA, USA; Fort Lauderdale, FL, USA; New York, NY, USA",156800.0,235200.0,USD,,,2026-09-03T18:21:22+00:00,2026-05-16T09:05:18+00:00,false,,onsite,full_time,senior,,,,simplify,https://simplify.jobs/p/71d223ec-26aa-4eda-9162-ad7a5a78aa2f,,simplify,"[{""site"": ""simplify"", ""url"": ""https://simplify.jobs/p/71d223ec-26aa-4eda-9162-ad7a5a78aa2f""}]",[],[],"{""location"": [""San Francisco, CA, USA; Los Angeles, CA, USA; Burbank, CA, USA; Fort Lauderdale, FL, USA; New York, NY, USA""]}",{},"{""location"": ""array_field""}",{}
https://simplify.jobs/p/a4315a7f-b573-43e9-9b3f-d29f7b5966ad,Angular Developer - Java Backend,Bright Vision Technologies,Remote; Remote in USA,120000.0,180000.0,USD,,,2026-09-15T22:51:01+00:00,2026-09-15T22:24:25+00:00,false,,remote,full_time,senior,,,,simplify,https://simplify.jobs/p/a4315a7f-b573-43e9-9b3f-d29f7b5966ad,,simplify,"[{""site"": ""simplify"", ""url"": ""https://simplify.jobs/p/a4315a7f-b573-43e9-9b3f-d29f7b5966ad""}]",[],[],"{""location"": [""Remote; Remote in USA""]}",{},"{""location"": ""array_field""}",{}
https://simplify.jobs/p/7ba4aaa2-b96e-4f75-9ff8-46fa606b4904,Senior Software Development Engineer,BeyondTrust,Remote; Remote in USA; Remote in Canada,,,,,,2026-09-03T17:03:18+00:00,2026-07-24T22:05:38+00:00,false,,remote,full_time,senior,,,,simplify,https://simplify.jobs/p/7ba4aaa2-b96e-4f75-9ff8-46fa606b4904,,simplify,"[{""site"": ""simplify"", ""url"": ""https://simplify.jobs/p/7ba4aaa2-b96e-4f75-9ff8-46fa606b4904""}]",[],[],"{""location"": [""Remote; Remote in USA; Remote in Canada""]}",{},"{""location"": ""array_field""}",{}
https://simplify.jobs/p/b739e943-8b11-4138-8f95-e9ec291b64cc,Front End Developer,Alipes,"Remote; Boston, MA, USA",,,,,,2026-09-04T02:15:20+00:00,2026-08-13T06:04:16+00:00,false,,remote,full_time,mid,,,,simplify,https://simplify.jobs/p/b739e943-8b11-4138-8f95-e9ec291b64cc,,simplify,"[{""site"": ""simplify"", ""url"": ""https://simplify.jobs/p/b739e943-8b11-4138-8f95-e9ec291b64cc""}]",[],[],"{""location"": [""Remote; Boston, MA, USA""]}",{},"{""location"": ""array_field""}",{}
https://simplify.jobs/p/1be51885-7a83-4d76-854d-ef97a64ec808,Senior Software Engineer - UI,Ontrak Health,"Santa Monica, CA, USA",,,,,,2026-09-03T17:50:43+00:00,2026-02-20T07:10:10+00:00,false,,onsite,full_time,mid | senior,,,,simplify,https://simplify.jobs/p/1be51885-7a83-4d76-854d-ef97a64ec808,,simplify,"[{""site"": ""simplify"", ""url"": ""https://simplify.jobs/p/1be51885-7a83-4d76-854d-ef97a64ec808""}]",[],[],"{""location"": [""Santa Monica, CA, USA""]}",{},"{""location"": ""array_field""}",{}
https://simplify.jobs/p/f95c5dad-6eb7-4f29-9487-a88fd0db7c68,Senior Front End Developer,Jobsbridge,"Torrance, CA, USA",,,,,,2026-09-04T07:24:02+00:00,2026-02-24T07:19:42+00:00,false,,onsite,full_time,mid,,,,simplify,https://simplify.jobs/p/f95c5dad-6eb7-4f29-9487-a88fd0db7c68,,simplify,"[{""site"": ""simplify"", ""url"": ""https://simplify.jobs/p/f95c5dad-6eb7-4f29-9487-a88fd0db7c68""}]",[],[],"{""location"": [""Torrance, CA, USA""]}",{},"{""location"": ""array_field""}",{}
https://simplify.jobs/p/fa68b17c-f3f0-4831-ad04-8e1a6fd21584,Senior Staff Engineer - Fullstack/Frontend,hims & hers,Remote; Remote in USA,240000.0,280000.0,USD,,,2026-09-04T09:42:02+00:00,2026-07-15T22:10:17+00:00,false,,remote,full_time,,,,,simplify,https://simplify.jobs/p/fa68b17c-f3f0-4831-ad04-8e1a6fd21584,,simplify,"[{""site"": ""simplify"", ""url"": ""https://simplify.jobs/p/fa68b17c-f3f0-4831-ad04-8e1a6fd21584""}]",[],[],"{""location"": [""Remote; Remote in USA""]}",{},"{""location"": ""array_field""}",{}
https://simplify.jobs/p/886de8e8-0263-43a7-9067-c4af69f280d5,Senior Front End Engineer,Populate,"Remote in USA; New York, NY, USA",,,,,,2025-11-18T09:11:45+00:00,2025-11-18T09:11:45+00:00,false,,hybrid,full_time,senior,,,,simplify,https://simplify.jobs/p/886de8e8-0263-43a7-9067-c4af69f280d5,,simplify,"[{""site"": ""simplify"", ""url"": ""https://simplify.jobs/p/886de8e8-0263-43a7-9067-c4af69f280d5""}]",[],[],"{""location"": [""Remote in USA; New York, NY, USA""]}",{},"{""location"": ""array_field""}",{}
https://simplify.jobs/p/4473970f-6042-4c36-923c-1873b7d775ff,Lead Software Engineer - Ctv,Paramount Global,"San Francisco, CA, USA; Los Angeles, CA, USA; Fort Lauderdale, FL, USA; New York, NY, USA",156800.0,235200.0,USD,,,2026-09-03T17:03:18+00:00,2026-05-16T09:05:18+00:00,false,,onsite,full_time,senior,,,,simplify,https://simplify.jobs/p/4473970f-6042-4c36-923c-1873b7d775ff,,simplify,"[{""site"": ""simplify"", ""url"": ""https://simplify.jobs/p/4473970f-6042-4c36-923c-1873b7d775ff""}]",[],[],"{""location"": [""San Francisco, CA, USA; Los Angeles, CA, USA; Fort Lauderdale, FL, USA; New York, NY, USA""]}",{},"{""location"": ""array_field""}",{}
https://simplify.jobs/p/e3e1c188-3701-48b3-85a1-7d4b5e1576d4,SAP Fiori Developer,Bright Vision Technologies,Remote; Remote in USA,84000.0,109000.0,USD,,,2026-09-16T22:45:02+00:00,2026-09-16T22:22:02+00:00,false,,remote,full_time,senior,,,,simplify,https://simplify.jobs/p/e3e1c188-3701-48b3-85a1-7d4b5e1576d4,,simplify,"[{""site"": ""simplify"", ""url"": ""https://simplify.jobs/p/e3e1c188-3701-48b3-85a1-7d4b5e1576d4""}]",[],[],"{""location"": [""Remote; Remote in USA""]}",{},"{""location"": ""array_field""}",{}
https://simplify.jobs/p/e56e786f-022c-47a8-b037-46e41627a0c0,Software Engineer 2 - Ceres Adaptive Learning,McGraw Hill,Remote; Remote in USA,93900.0,125000.0,USD,,,2026-09-03T04:45:04+00:00,2026-08-31T19:15:39+00:00,false,,remote,full_time,mid,,,,simplify,https://simplify.jobs/p/e56e786f-022c-47a8-b037-46e41627a0c0,,simplify,"[{""site"": ""simplify"", ""url"": ""https://simplify.jobs/p/e56e786f-022c-47a8-b037-46e41627a0c0""}]",[],[],"{""location"": [""Remote; Remote in USA""]}",{},"{""location"": ""array_field""}",{}
https://simplify.jobs/p/656d267d-d1a0-41ef-91df-c846371bc9b9,Member of Technical Staff - Microsoft Office Integrations,GC AI,"California, USA; San Mateo, CA, USA; Remote in USA; Remote in Canada",165000.0,350000.0,USD,,,2026-09-04T08:15:01+00:00,2026-07-28T22:23:56+00:00,false,,hybrid,full_time,senior,,,,simplify,https://simplify.jobs/p/656d267d-d1a0-41ef-91df-c846371bc9b9,,simplify,"[{""site"": ""simplify"", ""url"": ""https://simplify.jobs/p/656d267d-d1a0-41ef-91df-c846371bc9b9""}]",[],[],"{""location"": [""California, USA; San Mateo, CA, USA; Remote in USA; Remote in Canada""]}",{},"{""location"": ""array_field""}",{}
https://simplify.jobs/p/2f14b773-ad60-4412-a286-f206a9591790,Lead Software Engineer - Web,Paramount Global,"Burbank, CA, USA; New York, NY, USA",156800.0,235200.0,USD,,,2026-09-03T18:36:19+00:00,2026-05-22T01:06:56+00:00,false,,onsite,full_time,senior,,,,simplify,https://simplify.jobs/p/2f14b773-ad60-4412-a286-f206a9591790,,simplify,"[{""site"": ""simplify"", ""url"": ""https://simplify.jobs/p/2f14b773-ad60-4412-a286-f206a9591790""}]",[],[],"{""location"": [""Burbank, CA, USA; New York, NY, USA""]}",{},"{""location"": ""array_field""}",{}
https://simplify.jobs/p/dde6052b-fe1e-4af0-b87f-610c69780eb5,Staff Software Engineer - Multiple Teams,Coinbase,Remote in USA,218025.0,256500.0,USD,,,2026-09-04T07:24:02+00:00,2026-06-08T22:21:26+00:00,false,,hybrid,full_time,senior,,,,simplify,https://simplify.jobs/p/dde6052b-fe1e-4af0-b87f-610c69780eb5,,simplify,"[{""site"": ""simplify"", ""url"": ""https://simplify.jobs/p/dde6052b-fe1e-4af0-b87f-610c69780eb5""}]",[],[],"{""location"": [""Remote in USA""]}",{},"{""location"": ""array_field""}",{}
https://simplify.jobs/p/78a2a9a6-044b-4b0f-87c9-937e4ae5a5ef,Lead Software Engineer - CTV,Paramount Global,"Burbank, CA, USA; New York, NY, USA",,,,,,2026-09-03T18:36:19+00:00,2026-05-22T01:06:58+00:00,false,,onsite,full_time,senior,,,,simplify,https://simplify.jobs/p/78a2a9a6-044b-4b0f-87c9-937e4ae5a5ef,,simplify,"[{""site"": ""simplify"", ""url"": ""https://simplify.jobs/p/78a2a9a6-044b-4b0f-87c9-937e4ae5a5ef""}]",[],[],"{""location"": [""Burbank, CA, USA; New York, NY, USA""]}",{},"{""location"": ""array_field""}",{}
https://simplify.jobs/p/43f1ae72-bf67-4cb4-9f8b-cfeb2895490b,Front End Developer,Helios WorldWide,Remote; Remote in USA,,,,,,2026-09-04T10:30:02+00:00,2026-08-03T06:11:49+00:00,false,,remote,full_time,senior,,,,simplify,https://simplify.jobs/p/43f1ae72-bf67-4cb4-9f8b-cfeb2895490b,,simplify,"[{""site"": ""simplify"", ""url"": ""https://simplify.jobs/p/43f1ae72-bf67-4cb4-9f8b-cfeb2895490b""}]",[],[],"{""location"": [""Remote; Remote in USA""]}",{},"{""location"": ""array_field""}",{}
https://simplify.jobs/p/529ef5f5-acc2-484a-b6b6-242b6518bfc2,Lead Svelte Software Engineer,Array,Remote; Remote in USA,80.0,100.0,USD,,,2026-09-03T17:24:21+00:00,2026-03-24T22:10:56+00:00,false,,remote,full_time,senior,,,,simplify,https://simplify.jobs/p/529ef5f5-acc2-484a-b6b6-242b6518bfc2,,simplify,"[{""site"": ""simplify"", ""url"": ""https://simplify.jobs/p/529ef5f5-acc2-484a-b6b6-242b6518bfc2""}]",[],[],"{""location"": [""Remote; Remote in USA""]}",{},"{""location"": ""array_field""}",{}
https://simplify.jobs/p/311bf589-2a7c-403a-89e6-2b8a2ff94732,Software Development Engineer – UI/UX,Dragos,Remote; Remote in USA,135000.0,135000.0,USD,,,2026-09-03T18:21:22+00:00,2026-07-28T14:27:28+00:00,false,,remote,full_time,mid,,,,simplify,https://simplify.jobs/p/311bf589-2a7c-403a-89e6-2b8a2ff94732,,simplify,"[{""site"": ""simplify"", ""url"": ""https://simplify.jobs/p/311bf589-2a7c-403a-89e6-2b8a2ff94732""}]",[],[],"{""location"": [""Remote; Remote in USA""]}",{},"{""location"": ""array_field""}",{}
https://simplify.jobs/p/d3396f93-741b-4490-8933-8c4da1fd881b,SharePoint Developer,TD Synnex,"Remote; Remote in USA; Pune, Maharashtra, India",,,,,,2026-09-03T19:24:26+00:00,2026-07-10T00:00:00+00:00,false,,remote,full_time,mid,,,,simplify,https://simplify.jobs/p/d3396f93-741b-4490-8933-8c4da1fd881b,,simplify,"[{""site"": ""simplify"", ""url"": ""https://simplify.jobs/p/d3396f93-741b-4490-8933-8c4da1fd881b""}]",[],[],"{""location"": [""Remote; Remote in USA; Pune, Maharashtra, India""]}",{},"{""location"": ""array_field""}",{}
https://simplify.jobs/p/9f91a912-400b-4d7d-b56c-87560d22d3a6,Senior UI/UX Developer,Jobsbridge,"Irvine, CA, USA",,,,,,2026-09-03T17:45:23+00:00,2026-02-24T07:17:24+00:00,false,,onsite,full_time,senior,,,,simplify,https://simplify.jobs/p/9f91a912-400b-4d7d-b56c-87560d22d3a6 | https://simplify.jobs/p/512ebee7-0cc8-42eb-8f8a-98441ef57ea7,,simplify,"[{""site"": ""simplify"", ""url"": ""https://simplify.jobs/p/9f91a912-400b-4d7d-b56c-87560d22d3a6""}, {""site"": ""simplify"", ""url"": ""https://simplify.jobs/p/512ebee7-0cc8-42eb-8f8a-98441ef57ea7""}]",[],[],"{""location"": [""Irvine, CA, USA""]}",{},"{""location"": ""array_field""}",{}
https://simplify.jobs/p/af310d45-e0b0-4466-bb45-8250925bbd96,Angular Web Developer,Edgewater IT,Remote; Remote in USA,,,,,,2026-09-04T11:24:01+00:00,2026-08-14T04:59:24+00:00,false,,remote,full_time,junior,,,,simplify,https://simplify.jobs/p/af310d45-e0b0-4466-bb45-8250925bbd96,,simplify,"[{""site"": ""simplify"", ""url"": ""https://simplify.jobs/p/af310d45-e0b0-4466-bb45-8250925bbd96""}]",[],[],"{""location"": [""Remote; Remote in USA""]}",{},"{""location"": ""array_field""}",{}
https://simplify.jobs/p/16bb0734-5824-4d97-99b9-41e495a9ac25,AI Web Framework Lead Software Engineer - Octagon Framework,JP Morgan Chase,"Remote; Columbus, OH, USA; New York, NY, USA",156750.0,215000.0,USD,,,2026-09-03T20:15:22+00:00,2026-07-23T22:10:02+00:00,false,,remote,full_time,,,,,simplify,https://simplify.jobs/p/16bb0734-5824-4d97-99b9-41e495a9ac25,,simplify,"[{""site"": ""simplify"", ""url"": ""https://simplify.jobs/p/16bb0734-5824-4d97-99b9-41e495a9ac25""}]",[],[],"{""location"": [""Remote; Columbus, OH, USA; New York, NY, USA""]}",{},"{""location"": ""array_field""}",{}
https://simplify.jobs/p/619f41ca-675c-4703-a316-ecfaa8471172,Senior Software Engineer,eVisit,"Remote; Remote in USA; Phoenix, AZ, USA",,,,,,2026-09-04T01:48:21+00:00,2026-08-11T22:21:07+00:00,false,,remote,full_time,senior,,,,simplify,https://simplify.jobs/p/619f41ca-675c-4703-a316-ecfaa8471172,,simplify,"[{""site"": ""simplify"", ""url"": ""https://simplify.jobs/p/619f41ca-675c-4703-a316-ecfaa8471172""}]",[],[],"{""location"": [""Remote; Remote in USA; Phoenix, AZ, USA""]}",{},"{""location"": ""array_field""}",{}
https://simplify.jobs/p/0499f15a-142c-4147-b5a1-812badd9e4b0,Product Design Engineer Audio,Stability AI,Remote; Remote in USA,,,,,,2026-09-04T09:42:02+00:00,2026-07-21T01:19:45+00:00,false,,remote,full_time,mid,,,,simplify,https://simplify.jobs/p/0499f15a-142c-4147-b5a1-812badd9e4b0,,simplify,"[{""site"": ""simplify"", ""url"": ""https://simplify.jobs/p/0499f15a-142c-4147-b5a1-812badd9e4b0""}]",[],[],"{""location"": [""Remote; Remote in USA""]}",{},"{""location"": ""array_field""}",{}
https://simplify.jobs/p/d452544d-787e-44d5-a43d-55d13ea96659,SAP UX Developer,Bright Vision Technologies,Remote; Remote in USA,125000.0,145000.0,USD,,,2026-09-17T14:27:01+00:00,2026-09-17T14:23:57+00:00,false,,remote,full_time,senior,,,,simplify,https://simplify.jobs/p/d452544d-787e-44d5-a43d-55d13ea96659,,simplify,"[{""site"": ""simplify"", ""url"": ""https://simplify.jobs/p/d452544d-787e-44d5-a43d-55d13ea96659""}]",[],[],"{""location"": [""Remote; Remote in USA""]}",{},"{""location"": ""array_field""}",{}
https://simplify.jobs/p/f1aceb27-87fe-45c6-a8b8-1a7e8814c4fc,UI/UX Engineer - Case Management Modernization,General Dynamics Information Technology,Remote; Remote in USA,127500.0,172500.0,USD,,,2026-09-03T05:57:06+00:00,2026-08-28T00:00:00+00:00,false,,remote,full_time,,,,,simplify,https://simplify.jobs/p/f1aceb27-87fe-45c6-a8b8-1a7e8814c4fc,,simplify,"[{""site"": ""simplify"", ""url"": ""https://simplify.jobs/p/f1aceb27-87fe-45c6-a8b8-1a7e8814c4fc""}]",[],[],"{""location"": [""Remote; Remote in USA""]}",{},"{""location"": ""array_field""}",{}
https://simplify.jobs/p/381d314e-1a5d-49bf-abfd-ea95dff02f33,Ground Software Engineer 2 - Arc Vehicle,Inversion Space,"Culver City, CA, USA",101000.0,160000.0,USD,,,2026-09-03T18:48:22+00:00,2026-06-12T22:16:52+00:00,false,,onsite,full_time,junior,,,,simplify,https://simplify.jobs/p/381d314e-1a5d-49bf-abfd-ea95dff02f33,,simplify,"[{""site"": ""simplify"", ""url"": ""https://simplify.jobs/p/381d314e-1a5d-49bf-abfd-ea95dff02f33""}]",[],[],"{""location"": [""Culver City, CA, USA""]}",{},"{""location"": ""array_field""}",{}
https://simplify.jobs/p/8e0652f8-a3c1-448e-9815-c599449a65cc,Lead Front End Engineer - Adobe Edge Delivery Services,Blue Acorn iCi,Remote; Remote in USA,150000.0,180000.0,USD,,,2026-09-03T23:39:21+00:00,2026-08-05T22:16:54+00:00,false,,remote,full_time,mid,,,,simplify,https://simplify.jobs/p/8e0652f8-a3c1-448e-9815-c599449a65cc,,simplify,"[{""site"": ""simplify"", ""url"": ""https://simplify.jobs/p/8e0652f8-a3c1-448e-9815-c599449a65cc""}]",[],[],"{""location"": [""Remote; Remote in USA""]}",{},"{""location"": ""array_field""}",{}
https://simplify.jobs/p/ef30c80a-1269-43a5-909a-ea94c6668c6d,Senior UX/UI Engineer,TaxRise,"Irvine, CA, USA",150000.0,175000.0,USD,,,2026-09-10T22:36:01+00:00,2026-09-10T22:12:16+00:00,false,,onsite,full_time,senior,,,,simplify,https://simplify.jobs/p/ef30c80a-1269-43a5-909a-ea94c6668c6d,,simplify,"[{""site"": ""simplify"", ""url"": ""https://simplify.jobs/p/ef30c80a-1269-43a5-909a-ea94c6668c6d""}]",[],[],"{""location"": [""Irvine, CA, USA""]}",{},"{""location"": ""array_field""}",{}
https://simplify.jobs/p/b10b79d6-df14-4895-85af-e65d1a1fdc75,Mid-Level Developer - CMS,DecisionPoint,Remote; Remote in USA,105000.0,110000.0,USD,,,2026-09-03T16:39:14+00:00,2026-08-14T03:59:12+00:00,false,,remote,full_time,senior,,,,simplify,https://simplify.jobs/p/b10b79d6-df14-4895-85af-e65d1a1fdc75,,simplify,"[{""site"": ""simplify"", ""url"": ""https://simplify.jobs/p/b10b79d6-df14-4895-85af-e65d1a1fdc75""}]",[],[],"{""location"": [""Remote; Remote in USA""]}",{},"{""location"": ""array_field""}",{}
https://simplify.jobs/p/c6496985-ba92-418a-9cb3-8314a78585ed,Application Developer - Javascript,Esri,"Redlands, CA, USA",83720.0,141440.0,USD,,,2026-09-04T10:06:01+00:00,2026-07-30T01:32:08+00:00,false,,onsite,full_time,junior,,,,simplify,https://simplify.jobs/p/c6496985-ba92-418a-9cb3-8314a78585ed,,simplify,"[{""site"": ""simplify"", ""url"": ""https://simplify.jobs/p/c6496985-ba92-418a-9cb3-8314a78585ed""}]",[],[],"{""location"": [""Redlands, CA, USA""]}",{},"{""location"": ""array_field""}",{}
https://simplify.jobs/p/fe148996-f126-4541-99c0-2839697416fd,Front End AI Engineer,Outmarket AI,Remote; Remote in India; Remote in USA,,,,,,2026-09-03T19:06:23+00:00,2026-06-26T22:08:00+00:00,false,,remote,full_time,junior,,,,simplify,https://simplify.jobs/p/fe148996-f126-4541-99c0-2839697416fd,,simplify,"[{""site"": ""simplify"", ""url"": ""https://simplify.jobs/p/fe148996-f126-4541-99c0-2839697416fd""}]",[],[],"{""location"": [""Remote; Remote in India; Remote in USA""]}",{},"{""location"": ""array_field""}",{}
https://simplify.jobs/p/7563c38f-7d95-4310-9637-b167df6662e6,Senior Software Engineer - Multiple Teams,Coinbase,Remote in USA,186065.0,218900.0,USD,,,2026-09-03T05:57:06+00:00,2026-08-28T21:08:00+00:00,false,,hybrid,full_time,senior,,,,simplify,https://simplify.jobs/p/7563c38f-7d95-4310-9637-b167df6662e6,,simplify,"[{""site"": ""simplify"", ""url"": ""https://simplify.jobs/p/7563c38f-7d95-4310-9637-b167df6662e6""}]",[],[],"{""location"": [""Remote in USA""]}",{},"{""location"": ""array_field""}",{}
https://simplify.jobs/p/c79d1ccf-dac7-4dad-883f-6164369ba602,Senior Front End Engineer,EarnIn,Remote; Remote in USA,228000.0,279200.0,USD,,,2026-09-04T22:09:01+00:00,2026-08-17T22:29:47+00:00,false,,remote,full_time,mid | senior,,,,simplify,https://simplify.jobs/p/c79d1ccf-dac7-4dad-883f-6164369ba602,,simplify,"[{""site"": ""simplify"", ""url"": ""https://simplify.jobs/p/c79d1ccf-dac7-4dad-883f-6164369ba602""}]",[],[],"{""location"": [""Remote; Remote in USA""]}",{},"{""location"": ""array_field""}",{}
https://simplify.jobs/p/4c8a2012-f5a2-4334-b818-3f3dcf9a7720,Design Engineer,Celigo,Remote; Remote in USA,150000.0,200000.0,USD,,,2026-09-16T14:45:01+00:00,2026-08-24T20:36:30+00:00,false,,remote,full_time,senior,,,,simplify,https://simplify.jobs/p/4c8a2012-f5a2-4334-b818-3f3dcf9a7720,,simplify,"[{""site"": ""simplify"", ""url"": ""https://simplify.jobs/p/4c8a2012-f5a2-4334-b818-3f3dcf9a7720""}]",[],[],"{""location"": [""Remote; Remote in USA""]}",{},"{""location"": ""array_field""}",{}
https://simplify.jobs/p/a77e9942-62fb-40af-b857-bbc21dbc50f0,Staff JavaScript Developer - Web SDK,Oscilar,Remote; Remote in USA,180000.0,262500.0,USD,,,2026-09-04T06:57:01+00:00,2025-10-31T02:44:28+00:00,false,,remote,full_time,senior,,,,simplify,https://simplify.jobs/p/a77e9942-62fb-40af-b857-bbc21dbc50f0,,simplify,"[{""site"": ""simplify"", ""url"": ""https://simplify.jobs/p/a77e9942-62fb-40af-b857-bbc21dbc50f0""}]",[],[],"{""location"": [""Remote; Remote in USA""]}",{},"{""location"": ""array_field""}",{}
https://simplify.jobs/p/d7679e2c-eaf5-4702-9d39-1e7e95e6a011,AI UX/UI Engineer,Capgemini,"Los Angeles, CA, USA",,,,,,2026-09-03T21:45:21+00:00,2026-08-03T09:19:08+00:00,false,,hybrid,full_time,senior,,,,simplify,https://simplify.jobs/p/d7679e2c-eaf5-4702-9d39-1e7e95e6a011,,simplify,"[{""site"": ""simplify"", ""url"": ""https://simplify.jobs/p/d7679e2c-eaf5-4702-9d39-1e7e95e6a011""}]",[],[],"{""location"": [""Los Angeles, CA, USA""]}",{},"{""location"": ""array_field""}",{}
https://simplify.jobs/p/e71e06d8-b521-49fb-8ef6-ed209ba619f0,React Developer,Bright Vision Technologies,Remote; Remote in USA,120000.0,180000.0,USD,,,2026-09-15T22:51:01+00:00,2026-09-15T22:24:23+00:00,false,,remote,full_time,senior,,,,simplify,https://simplify.jobs/p/e71e06d8-b521-49fb-8ef6-ed209ba619f0,,simplify,"[{""site"": ""simplify"", ""url"": ""https://simplify.jobs/p/e71e06d8-b521-49fb-8ef6-ed209ba619f0""}]",[],[],"{""location"": [""Remote; Remote in USA""]}",{},"{""location"": ""array_field""}",{}
https://simplify.jobs/p/7074c372-4f94-4370-bceb-6b64c72bf689,UI/UX Developer,Accenture,"Remote; Chantilly, VA, USA",130200.0,265300.0,USD,,,2026-09-11T22:24:01+00:00,2026-09-11T22:19:15+00:00,false,,remote,full_time,senior,,,,simplify,https://simplify.jobs/p/7074c372-4f94-4370-bceb-6b64c72bf689,,simplify,"[{""site"": ""simplify"", ""url"": ""https://simplify.jobs/p/7074c372-4f94-4370-bceb-6b64c72bf689""}]",[],[],"{""location"": [""Remote; Chantilly, VA, USA""]}",{},"{""location"": ""array_field""}",{}
https://simplify.jobs/p/5da29201-836e-49fb-a3b9-31e75b36f48f,Front End Developer,iFLIP4,"Remote; East Hanover, NJ, USA",,,,,,2026-09-04T12:00:01+00:00,2026-08-18T01:11:38+00:00,false,,remote,full_time,junior,,,,simplify,https://simplify.jobs/p/5da29201-836e-49fb-a3b9-31e75b36f48f,,simplify,"[{""site"": ""simplify"", ""url"": ""https://simplify.jobs/p/5da29201-836e-49fb-a3b9-31e75b36f48f""}]",[],[],"{""location"": [""Remote; East Hanover, NJ, USA""]}",{},"{""location"": ""array_field""}",{}
https://simplify.jobs/p/ab55e2eb-f9dc-4a05-92b0-9ebb4696f5ab,Senior Design Engineer,RevenueCat,Remote; Remote in USA; Europe; North America,220000.0,220000.0,USD,,,2026-09-18T22:33:01+00:00,2026-09-18T22:23:08+00:00,false,,remote,full_time,senior,,,,simplify,https://simplify.jobs/p/ab55e2eb-f9dc-4a05-92b0-9ebb4696f5ab,,simplify,"[{""site"": ""simplify"", ""url"": ""https://simplify.jobs/p/ab55e2eb-f9dc-4a05-92b0-9ebb4696f5ab""}]",[],[],"{""location"": [""Remote; Remote in USA; Europe; North America""]}",{},"{""location"": ""array_field""}",{}
https://simplify.jobs/p/f87d3456-e836-4285-a25a-0b1db773c018,Design Engineer - Americas,Ashby,"Remote; Boston, MA, USA; Seattle, WA, USA; San Francisco, CA, USA; Austin, TX, USA; Los Angeles, CA, USA; Remote in USA; Chicago, IL, USA; New York, NY, USA; Denver, CO, USA; Portland, OR, USA",126000.0,250000.0,USD,,,2026-09-04T08:15:01+00:00,2026-06-12T22:08:55+00:00,false,,remote,full_time,junior | mid | senior,,,,simplify,https://simplify.jobs/p/f87d3456-e836-4285-a25a-0b1db773c018,,simplify,"[{""site"": ""simplify"", ""url"": ""https://simplify.jobs/p/f87d3456-e836-4285-a25a-0b1db773c018""}]",[],[],"{""location"": [""Remote; Boston, MA, USA; Seattle, WA, USA; San Francisco, CA, USA; Austin, TX, USA; Los Angeles, CA, USA; Remote in USA; Chicago, IL, USA; New York, NY, USA; Denver, CO, USA; Portland, OR, USA""]}",{},"{""location"": ""array_field""}",{}
https://simplify.jobs/p/709433ac-42c3-4c44-a25b-c31b22c52054,User Experience Engineer Intern,Google,"Palo Alto, CA, USA; Cambridge, MA, USA; Madison, WI, USA; Seattle, WA, USA; Washington, DC, USA; San Francisco, CA, USA; Austin, TX, USA; Los Angeles, CA, USA; Irvine, CA, USA; San Bruno, CA, USA; Redmond, WA, USA; Santa Cruz, CA, USA; Chicago, IL, USA; Goleta, CA, USA; Pittsburgh, PA, USA; Kirkland, WA, USA; Reston, VA, USA; New York, NY, USA; Bellevue, WA, USA; Sunnyvale, CA, USA; Mountain View, CA, USA; Portland, OR, USA; Boulder, CO, USA; Atlanta, GA, USA; San Diego, CA, USA",42.30769230769231,56.25,USD,,,2026-09-14T20:24:01+00:00,2026-09-14T20:23:32+00:00,true,,onsite,internship,intern,,,,simplify,https://simplify.jobs/p/709433ac-42c3-4c44-a25b-c31b22c52054,,simplify,"[{""site"": ""simplify"", ""url"": ""https://simplify.jobs/p/709433ac-42c3-4c44-a25b-c31b22c52054""}]",[],[],"{""location"": [""Palo Alto, CA, USA; Cambridge, MA, USA; Madison, WI, USA; Seattle, WA, USA; Washington, DC, USA; San Francisco, CA, USA; Austin, TX, USA; Los Angeles, CA, USA; Irvine, CA, USA; San Bruno, CA, USA; Redmond, WA, USA; Santa Cruz, CA, USA; Chicago, IL, USA; Goleta, CA, USA; Pittsburgh, PA, USA; Kirkland, WA, USA; Reston, VA, USA; New York, NY, USA; Bellevue, WA, USA; Sunnyvale, CA, USA; Mountain View, CA, USA; Portland, OR, USA; Boulder, CO, USA; Atlanta, GA, USA; San Diego, CA, USA""]}",{},"{""location"": ""array_field""}",{}
https://simplify.jobs/p/b0089a74-570f-4972-8e07-62003b8fc331,Senior Design Engineer,Spear AI,"Remote; Washington, DC, USA; Remote in USA",,,,,,2026-09-04T08:03:01+00:00,2026-09-01T04:55:47+00:00,false,,remote,full_time,senior,,,,simplify,https://simplify.jobs/p/b0089a74-570f-4972-8e07-62003b8fc331,,simplify,"[{""site"": ""simplify"", ""url"": ""https://simplify.jobs/p/b0089a74-570f-4972-8e07-62003b8fc331""}]",[],[],"{""location"": [""Remote; Washington, DC, USA; Remote in USA""]}",{},"{""location"": ""array_field""}",{}
https://simplify.jobs/p/45005ead-c312-4cf6-9939-8e06c96be98d,Design Engineer - Site,Infisical,Remote; Remote in USA; Remote in Canada,100000.0,180000.0,USD,,,2026-09-07T22:39:01+00:00,2026-09-07T22:38:38+00:00,false,,remote,full_time,mid,,,,simplify,https://simplify.jobs/p/45005ead-c312-4cf6-9939-8e06c96be98d,,simplify,"[{""site"": ""simplify"", ""url"": ""https://simplify.jobs/p/45005ead-c312-4cf6-9939-8e06c96be98d""}]",[],[],"{""location"": [""Remote; Remote in USA; Remote in Canada""]}",{},"{""location"": ""array_field""}",{}
https://simplify.jobs/p/3ca6a747-9266-4ffa-a720-063048c017a1,Design Technologist 2 - Prime Video,Amazon,"Remote; Seattle, WA, USA; San Francisco, CA, USA; Culver City, CA, USA",131800.0,205000.0,USD,,,2026-09-03T13:33:16+00:00,2026-08-20T06:20:42+00:00,false,,remote,full_time,junior,,,,simplify,https://simplify.jobs/p/3ca6a747-9266-4ffa-a720-063048c017a1,,simplify,"[{""site"": ""simplify"", ""url"": ""https://simplify.jobs/p/3ca6a747-9266-4ffa-a720-063048c017a1""}]",[],[],"{""location"": [""Remote; Seattle, WA, USA; San Francisco, CA, USA; Culver City, CA, USA""]}",{},"{""location"": ""array_field""}",{}
https://simplify.jobs/p/5c930b22-a332-4aa0-a7b6-7470bc6bd9f4,Senior Front End Engineer,Gametime,Remote; Remote in USA,170925.0,240000.0,USD,,,2026-09-15T22:24:01+00:00,2026-06-18T22:12:09+00:00,false,,remote,full_time,senior,,,,simplify,https://simplify.jobs/p/5c930b22-a332-4aa0-a7b6-7470bc6bd9f4,,simplify,"[{""site"": ""simplify"", ""url"": ""https://simplify.jobs/p/5c930b22-a332-4aa0-a7b6-7470bc6bd9f4""}]",[],[],"{""location"": [""Remote; Remote in USA""]}",{},"{""location"": ""array_field""}",{}
https://simplify.jobs/p/0fd19cd9-dba2-42ee-ae4f-e4ab59550726,WordPress Support Developer,WP Buffs,"Remote; Washington, DC, USA; Remote in USA",22.0,22.0,USD,,,2026-09-04T01:39:21+00:00,2026-08-11T01:32:07+00:00,false,,remote,full_time,junior,,,,simplify,https://simplify.jobs/p/0fd19cd9-dba2-42ee-ae4f-e4ab59550726,,simplify,"[{""site"": ""simplify"", ""url"": ""https://simplify.jobs/p/0fd19cd9-dba2-42ee-ae4f-e4ab59550726""}]",[],[],"{""location"": [""Remote; Washington, DC, USA; Remote in USA""]}",{},"{""location"": ""array_field""}",{}
https://simplify.jobs/p/2aaa2200-37c4-4e8f-843c-cc7f9b429edc,Senior Software Engineer - Marketing,Close,Remote; Remote in USA,,,,,,2026-09-03T05:42:07+00:00,2026-08-29T00:37:46+00:00,false,,remote,full_time,senior,,,,simplify,https://simplify.jobs/p/2aaa2200-37c4-4e8f-843c-cc7f9b429edc,,simplify,"[{""site"": ""simplify"", ""url"": ""https://simplify.jobs/p/2aaa2200-37c4-4e8f-843c-cc7f9b429edc""}]",[],[],"{""location"": [""Remote; Remote in USA""]}",{},"{""location"": ""array_field""}",{}
https://simplify.jobs/p/5b41e50c-bc76-42f1-9909-844b74bd29bc,SharePoint Developer,Jobsbridge,"Whittier, CA, USA",,,,,,2026-09-03T17:54:20+00:00,2026-02-24T07:21:20+00:00,false,,onsite,full_time,mid,,,,simplify,https://simplify.jobs/p/5b41e50c-bc76-42f1-9909-844b74bd29bc,,simplify,"[{""site"": ""simplify"", ""url"": ""https://simplify.jobs/p/5b41e50c-bc76-42f1-9909-844b74bd29bc""}]",[],[],"{""location"": [""Whittier, CA, USA""]}",{},"{""location"": ""array_field""}",{}
https://simplify.jobs/p/0394fa84-c124-43f8-9418-770e3b385922,Web Developer,Strategic Association Solutions,Remote; Remote in USA,65000.0,75000.0,USD,,,2026-09-19T08:21:24+00:00,2025-12-12T23:21:52+00:00,false,,remote,full_time,junior | mid,,,,simplify,https://simplify.jobs/p/0394fa84-c124-43f8-9418-770e3b385922,,simplify,"[{""site"": ""simplify"", ""url"": ""https://simplify.jobs/p/0394fa84-c124-43f8-9418-770e3b385922""}]",[],[],"{""location"": [""Remote; Remote in USA""]}",{},"{""location"": ""array_field""}",{}
https://simplify.jobs/p/8f814ad4-09cc-4b37-bbbf-8e9ad861bf2c,Junior JavaScript Engineer,Jobsbridge,"Los Angeles, CA, USA",,,,,,2026-09-04T07:24:02+00:00,2026-02-24T07:18:35+00:00,false,,onsite,full_time,mid,,,,simplify,https://simplify.jobs/p/8f814ad4-09cc-4b37-bbbf-8e9ad861bf2c,,simplify,"[{""site"": ""simplify"", ""url"": ""https://simplify.jobs/p/8f814ad4-09cc-4b37-bbbf-8e9ad861bf2c""}]",[],[],"{""location"": [""Los Angeles, CA, USA""]}",{},"{""location"": ""array_field""}",{}
https://simplify.jobs/p/6a2a0236-9f32-4a03-a475-4cadaa98ac7c,Front End Developer - React,Webtellect,"Remote; Boston, MA, USA",,,,,,2026-09-03T17:54:20+00:00,2026-03-02T07:04:46+00:00,false,,remote,full_time,senior,,,,simplify,https://simplify.jobs/p/6a2a0236-9f32-4a03-a475-4cadaa98ac7c,,simplify,"[{""site"": ""simplify"", ""url"": ""https://simplify.jobs/p/6a2a0236-9f32-4a03-a475-4cadaa98ac7c""}]",[],[],"{""location"": [""Remote; Boston, MA, USA""]}",{},"{""location"": ""array_field""}",{}
https://simplify.jobs/p/a085bd2e-cab3-40ec-82ff-2467b912ce59,Senior or Staff Growth Engineer,Skylight Calendar & Frame,Remote; Remote in USA,180000.0,220000.0,USD,,,2026-09-04T01:18:24+00:00,2026-08-08T01:21:12+00:00,false,,remote,full_time,mid | senior,,,,simplify,https://simplify.jobs/p/a085bd2e-cab3-40ec-82ff-2467b912ce59,,simplify,"[{""site"": ""simplify"", ""url"": ""https://simplify.jobs/p/a085bd2e-cab3-40ec-82ff-2467b912ce59""}]",[],[],"{""location"": [""Remote; Remote in USA""]}",{},"{""location"": ""array_field""}",{}
https://simplify.jobs/p/75256d11-66da-429f-bdb3-8c3f1ca59318,Front End Web Developer,Living Spaces,"La Mirada, CA, USA",70304.0,93857.0,USD,,,2026-09-04T10:42:01+00:00,2026-08-03T00:00:00+00:00,false,,onsite,full_time,junior,,,,simplify,https://simplify.jobs/p/75256d11-66da-429f-bdb3-8c3f1ca59318,,simplify,"[{""site"": ""simplify"", ""url"": ""https://simplify.jobs/p/75256d11-66da-429f-bdb3-8c3f1ca59318""}]",[],[],"{""location"": [""La Mirada, CA, USA""]}",{},"{""location"": ""array_field""}",{}
https://simplify.jobs/p/08b2e89c-d83e-4f4a-9073-b22107c4eda2,Principal Software Engineer - React,Creative Chaos,Remote; Remote in USA,,,,,,2026-09-03T22:03:21+00:00,2026-08-04T06:17:46+00:00,false,,remote,contract,senior,,,,simplify,https://simplify.jobs/p/08b2e89c-d83e-4f4a-9073-b22107c4eda2,,simplify,"[{""site"": ""simplify"", ""url"": ""https://simplify.jobs/p/08b2e89c-d83e-4f4a-9073-b22107c4eda2""}]",[],[],"{""location"": [""Remote; Remote in USA""]}",{},"{""location"": ""array_field""}",{}
https://simplify.jobs/p/75beea77-893b-485b-8897-339e09945923,Web Developer,Jobsbridge,"Irvine, CA, USA",,,,,,2026-09-04T07:24:02+00:00,2026-02-24T07:18:13+00:00,false,,onsite,full_time,mid,,,,simplify,https://simplify.jobs/p/75beea77-893b-485b-8897-339e09945923,,simplify,"[{""site"": ""simplify"", ""url"": ""https://simplify.jobs/p/75beea77-893b-485b-8897-339e09945923""}]",[],[],"{""location"": [""Irvine, CA, USA""]}",{},"{""location"": ""array_field""}",{}
https://simplify.jobs/p/c88d4a89-0450-4437-b443-b25374430c14,Senior Front End Developer,Paramount Global,"Burbank, CA, USA; New York, NY, USA",124000.0,186000.0,USD,,,2026-09-04T07:51:01+00:00,2026-05-16T09:05:20+00:00,false,,onsite,full_time,senior,,,,simplify,https://simplify.jobs/p/c88d4a89-0450-4437-b443-b25374430c14,,simplify,"[{""site"": ""simplify"", ""url"": ""https://simplify.jobs/p/c88d4a89-0450-4437-b443-b25374430c14""}]",[],[],"{""location"": [""Burbank, CA, USA; New York, NY, USA""]}",{},"{""location"": ""array_field""}",{}
https://simplify.jobs/p/76fed855-92e6-4870-9a91-bddf9bdd810e,Staff Software Engineer - Web Product Enablement,Pinterest,"Remote; California, USA; San Francisco, CA, USA",177185.0,364795.0,USD,,,2026-09-04T01:39:21+00:00,2026-08-10T22:28:01+00:00,false,,remote,full_time,senior,,,,simplify,https://simplify.jobs/p/76fed855-92e6-4870-9a91-bddf9bdd810e,,simplify,"[{""site"": ""simplify"", ""url"": ""https://simplify.jobs/p/76fed855-92e6-4870-9a91-bddf9bdd810e""}]",[],[],"{""location"": [""Remote; California, USA; San Francisco, CA, USA""]}",{},"{""location"": ""array_field""}",{}
https://simplify.jobs/p/c6f7dfd7-d024-4046-b78d-221c22ea5ef9,Microsoft Dynamics CRM Developer,vTech Solution,"Remote; Columbus, OH, USA",,,,,,2026-09-03T17:54:20+00:00,2026-03-02T02:23:35+00:00,false,,remote,full_time,mid,,,,simplify,https://simplify.jobs/p/c6f7dfd7-d024-4046-b78d-221c22ea5ef9,,simplify,"[{""site"": ""simplify"", ""url"": ""https://simplify.jobs/p/c6f7dfd7-d024-4046-b78d-221c22ea5ef9""}]",[],[],"{""location"": [""Remote; Columbus, OH, USA""]}",{},"{""location"": ""array_field""}",{}
https://simplify.jobs/p/1e3af809-2604-4a28-8191-c3c9734627d4,Webflow Developer,Full Funnel Growth,Remote; Remote in USA,60.0,90.0,USD,,,2026-09-03T03:00:21+00:00,2026-09-01T22:26:37+00:00,false,,remote,full_time,mid,,,,simplify,https://simplify.jobs/p/1e3af809-2604-4a28-8191-c3c9734627d4,,simplify,"[{""site"": ""simplify"", ""url"": ""https://simplify.jobs/p/1e3af809-2604-4a28-8191-c3c9734627d4""}]",[],[],"{""location"": [""Remote; Remote in USA""]}",{},"{""location"": ""array_field""}",{}
https://simplify.jobs/p/02921941-ed01-4ede-8512-1bb18b7d52db,Web User Interface Developer,Jobsbridge,"Remote; Jersey City, NJ, USA",,,,,,2026-09-04T07:24:02+00:00,2026-02-24T07:20:29+00:00,false,,remote,full_time,senior,,,,simplify,https://simplify.jobs/p/02921941-ed01-4ede-8512-1bb18b7d52db,,simplify,"[{""site"": ""simplify"", ""url"": ""https://simplify.jobs/p/02921941-ed01-4ede-8512-1bb18b7d52db""}]",[],[],"{""location"": [""Remote; Jersey City, NJ, USA""]}",{},"{""location"": ""array_field""}",{}
https://simplify.jobs/p/002d17ef-9260-432d-b9ee-fb8048f2c639,Software Engineer 2,The Walt Disney Company,"Seattle, WA, USA; San Francisco, CA, USA; Glendale, CA, USA",,,,,,2026-09-03T17:54:20+00:00,2026-06-13T10:11:13+00:00,false,,onsite,full_time,mid,,,,simplify,https://simplify.jobs/p/002d17ef-9260-432d-b9ee-fb8048f2c639,,simplify,"[{""site"": ""simplify"", ""url"": ""https://simplify.jobs/p/002d17ef-9260-432d-b9ee-fb8048f2c639""}]",[],[],"{""location"": [""Seattle, WA, USA; San Francisco, CA, USA; Glendale, CA, USA""]}",{},"{""location"": ""array_field""}",{}
https://simplify.jobs/p/8a0eab87-1820-4037-99ec-dc8db13aa67c,JavaScript/UI Developer,Atria Group,"Remote; Austin, TX, USA",,,,,,2026-09-04T07:24:02+00:00,2026-02-19T07:13:18+00:00,false,,remote,full_time,senior,,,,simplify,https://simplify.jobs/p/8a0eab87-1820-4037-99ec-dc8db13aa67c,,simplify,"[{""site"": ""simplify"", ""url"": ""https://simplify.jobs/p/8a0eab87-1820-4037-99ec-dc8db13aa67c""}]",[],[],"{""location"": [""Remote; Austin, TX, USA""]}",{},"{""location"": ""array_field""}",{}
https://simplify.jobs/p/4b744d01-b6e2-4098-ab94-b518843e8f33,Shopify Developer,Execution Space,Remote; Remote in USA; Remote in Canada,,,,,,2026-09-19T09:09:01+00:00,2026-07-21T01:16:58+00:00,false,,remote,part_time,mid,,,,simplify,https://simplify.jobs/p/4b744d01-b6e2-4098-ab94-b518843e8f33,,simplify,"[{""site"": ""simplify"", ""url"": ""https://simplify.jobs/p/4b744d01-b6e2-4098-ab94-b518843e8f33""}]",[],[],"{""location"": [""Remote; Remote in USA; Remote in Canada""]}",{},"{""location"": ""array_field""}",{}
https://simplify.jobs/p/c9352241-bbe4-4d1b-af75-6715334a6d2a,Marketing Web Developer,Fleetio,Remote; Remote in USA,,,,,,2026-09-18T14:33:01+00:00,2026-09-18T01:30:53+00:00,false,,remote,full_time,junior,,,,simplify,https://simplify.jobs/p/c9352241-bbe4-4d1b-af75-6715334a6d2a,,simplify,"[{""site"": ""simplify"", ""url"": ""https://simplify.jobs/p/c9352241-bbe4-4d1b-af75-6715334a6d2a""}]",[],[],"{""location"": [""Remote; Remote in USA""]}",{},"{""location"": ""array_field""}",{}
https://simplify.jobs/p/b2b288e4-fab5-41c0-879c-1973aa205448,Mid-Level Angular Engineer,GovCIO,"Remote; Alexandria, VA, USA",85000.0,95000.0,USD,,,2026-09-11T22:09:02+00:00,2026-09-11T22:06:48+00:00,false,,remote,full_time,mid,,,,simplify,https://simplify.jobs/p/b2b288e4-fab5-41c0-879c-1973aa205448,,simplify,"[{""site"": ""simplify"", ""url"": ""https://simplify.jobs/p/b2b288e4-fab5-41c0-879c-1973aa205448""}]",[],[],"{""location"": [""Remote; Alexandria, VA, USA""]}",{},"{""location"": ""array_field""}",{}
https://simplify.jobs/p/02c84303-d439-4c4c-b0bf-eeca5460c9bb,Associate Technical Director,Left Field Labs,"Remote; Culver City, CA, USA",155000.0,185000.0,USD,,,2026-09-03T13:48:18+00:00,2026-08-19T20:41:34+00:00,false,,remote,full_time,,,,,simplify,https://simplify.jobs/p/02c84303-d439-4c4c-b0bf-eeca5460c9bb,,simplify,"[{""site"": ""simplify"", ""url"": ""https://simplify.jobs/p/02c84303-d439-4c4c-b0bf-eeca5460c9bb""}]",[],[],"{""location"": [""Remote; Culver City, CA, USA""]}",{},"{""location"": ""array_field""}",{}
https://simplify.jobs/p/a7759a3d-4188-4fac-9e90-89ff45b12570,Web Development Specialist-Freelance AI Trainer Project,Invisible Technologies,Remote; Remote in USA,,,,,,2025-12-06T10:00:52+00:00,2025-10-31T01:24:03+00:00,false,,remote,contract,mid,,,,simplify,https://simplify.jobs/p/a7759a3d-4188-4fac-9e90-89ff45b12570,,simplify,"[{""site"": ""simplify"", ""url"": ""https://simplify.jobs/p/a7759a3d-4188-4fac-9e90-89ff45b12570""}]",[],[],"{""location"": [""Remote; Remote in USA""]}",{},"{""location"": ""array_field""}",{}
https://simplify.jobs/p/12e8cc5f-44b7-4212-b35a-4a7400100c18,Senior SAP Fiori Developer,Bright Vision Technologies,Remote; Remote in USA,100000.0,150000.0,USD,,,2026-09-15T22:59:21+00:00,2026-09-15T22:24:27+00:00,false,,remote,full_time,senior,,,,simplify,https://simplify.jobs/p/12e8cc5f-44b7-4212-b35a-4a7400100c18,,simplify,"[{""site"": ""simplify"", ""url"": ""https://simplify.jobs/p/12e8cc5f-44b7-4212-b35a-4a7400100c18""}]",[],[],"{""location"": [""Remote; Remote in USA""]}",{},"{""location"": ""array_field""}",{}
https://simplify.jobs/p/9bea323e-6871-49fe-ae55-4c5af9a26cde,UI Engineer,Analytica,"Remote; Bethesda, MD, USA",,,,,,2026-09-15T22:51:01+00:00,2026-09-15T22:23:59+00:00,false,,remote,full_time,mid,,,,simplify,https://simplify.jobs/p/9bea323e-6871-49fe-ae55-4c5af9a26cde,,simplify,"[{""site"": ""simplify"", ""url"": ""https://simplify.jobs/p/9bea323e-6871-49fe-ae55-4c5af9a26cde""}]",[],[],"{""location"": [""Remote; Bethesda, MD, USA""]}",{},"{""location"": ""array_field""}",{}
https://simplify.jobs/p/d9165601-fc9a-4cd3-aa5c-79cf3f01dafb,Senior Cyber Security UI Developer - Cyber Security Data,AIG,"Remote; Houston, TX, USA; Dallas, TX, USA; Charlotte, NC, USA; Jersey City, NJ, USA; New York, NY, USA; Parsippany-Troy Hills, NJ, USA; Atlanta, GA, USA",105000.0,148000.0,USD,,,2026-09-04T01:03:21+00:00,2026-08-07T00:00:00+00:00,false,,remote,full_time,senior,,,,simplify,https://simplify.jobs/p/d9165601-fc9a-4cd3-aa5c-79cf3f01dafb,,simplify,"[{""site"": ""simplify"", ""url"": ""https://simplify.jobs/p/d9165601-fc9a-4cd3-aa5c-79cf3f01dafb""}]",[],[],"{""location"": [""Remote; Houston, TX, USA; Dallas, TX, USA; Charlotte, NC, USA; Jersey City, NJ, USA; New York, NY, USA; Parsippany-Troy Hills, NJ, USA; Atlanta, GA, USA""]}",{},"{""location"": ""array_field""}",{}
https://simplify.jobs/p/6fd2a89e-52ad-4629-8808-869d83fde327,Senior Front End Graphics Engineer,True Anomaly,"Long Beach, CA, USA; Washington, DC, USA; Denver, CO, USA",135000.0,195000.0,USD,,,2026-09-03T06:45:06+00:00,2026-08-27T22:25:19+00:00,false,,hybrid,full_time,senior,,,,simplify,https://simplify.jobs/p/6fd2a89e-52ad-4629-8808-869d83fde327,,simplify,"[{""site"": ""simplify"", ""url"": ""https://simplify.jobs/p/6fd2a89e-52ad-4629-8808-869d83fde327""}]",[],[],"{""location"": [""Long Beach, CA, USA; Washington, DC, USA; Denver, CO, USA""]}",{},"{""location"": ""array_field""}",{}
https://simplify.jobs/p/4aa9f98a-5fbd-4686-aa90-03f0a9801227,Senior Software Engineer - Browser Extension,Cyberhaven,Remote; Remote in USA,,,,,,2026-09-03T09:15:09+00:00,2026-08-25T00:13:46+00:00,false,,remote,full_time,senior,,,,simplify,https://simplify.jobs/p/4aa9f98a-5fbd-4686-aa90-03f0a9801227,,simplify,"[{""site"": ""simplify"", ""url"": ""https://simplify.jobs/p/4aa9f98a-5fbd-4686-aa90-03f0a9801227""}]",[],[],"{""location"": [""Remote; Remote in USA""]}",{},"{""location"": ""array_field""}",{}
https://simplify.jobs/p/bd21b255-93bc-4a08-93f3-d650de67e714,UI/UX Developer,General Dynamics Information Technology,Remote; Remote in USA,171507.0,232039.0,USD,,,2026-09-14T19:21:01+00:00,2026-09-14T00:00:00+00:00,false,,remote,full_time,,,,,simplify,https://simplify.jobs/p/bd21b255-93bc-4a08-93f3-d650de67e714,,simplify,"[{""site"": ""simplify"", ""url"": ""https://simplify.jobs/p/bd21b255-93bc-4a08-93f3-d650de67e714""}]",[],[],"{""location"": [""Remote; Remote in USA""]}",{},"{""location"": ""array_field""}",{}
https://simplify.jobs/p/74912a9a-a671-4e5a-af5e-bd6ea8ec4b3b,Senior Front End Developer,Jobsbridge,"Calabasas, CA, USA",,,,,,2026-09-04T07:24:02+00:00,2026-02-24T07:20:01+00:00,false,,onsite,full_time,senior,,,,simplify,https://simplify.jobs/p/74912a9a-a671-4e5a-af5e-bd6ea8ec4b3b,,simplify,"[{""site"": ""simplify"", ""url"": ""https://simplify.jobs/p/74912a9a-a671-4e5a-af5e-bd6ea8ec4b3b""}]",[],[],"{""location"": [""Calabasas, CA, USA""]}",{},"{""location"": ""array_field""}",{}
https://simplify.jobs/p/9a8d29c7-fc3d-4bfc-af6f-4e2e81be4c9d,3D Engineer,Moon,"Glendale, CA, USA",130000.0,160000.0,USD,,,2026-09-19T09:57:44+00:00,2026-07-27T01:20:04+00:00,false,,onsite,full_time,mid,,,,simplify,https://simplify.jobs/p/9a8d29c7-fc3d-4bfc-af6f-4e2e81be4c9d,,simplify,"[{""site"": ""simplify"", ""url"": ""https://simplify.jobs/p/9a8d29c7-fc3d-4bfc-af6f-4e2e81be4c9d""}]",[],[],"{""location"": [""Glendale, CA, USA""]}",{},"{""location"": ""array_field""}",{}
https://simplify.jobs/p/890fa0b9-8aab-4b7f-9c4c-6ad5e19501cf,Software Engineer III - Angular,CSI,Remote; Remote in USA,,,,,,2026-09-17T22:27:09+00:00,2026-07-30T00:00:00+00:00,false,,remote,full_time,senior,,,,simplify,https://simplify.jobs/p/890fa0b9-8aab-4b7f-9c4c-6ad5e19501cf,,simplify,"[{""site"": ""simplify"", ""url"": ""https://simplify.jobs/p/890fa0b9-8aab-4b7f-9c4c-6ad5e19501cf""}]",[],[],"{""location"": [""Remote; Remote in USA""]}",{},"{""location"": ""array_field""}",{}
https://simplify.jobs/p/503b669d-85a6-4c5a-8202-456c54cc9b3d,Senior Software Engineer - Browser Extension,Keeper Security,Remote; Remote in USA,,,,,,2026-09-04T05:18:01+00:00,2026-05-20T22:09:54+00:00,false,,remote,full_time,senior,,,,simplify,https://simplify.jobs/p/503b669d-85a6-4c5a-8202-456c54cc9b3d,,simplify,"[{""site"": ""simplify"", ""url"": ""https://simplify.jobs/p/503b669d-85a6-4c5a-8202-456c54cc9b3d""}]",[],[],"{""location"": [""Remote; Remote in USA""]}",{},"{""location"": ""array_field""}",{}
https://simplify.jobs/p/9ed0b53e-d841-4cb6-8349-dbdcd461dd0b,Senior/Staff Software Engineer - Front End,Abridge,"California, USA; United States",218000.0,250000.0,USD,,,2026-09-19T09:58:28+00:00,2026-08-18T06:20:14+00:00,false,,hybrid,full_time,mid | senior,,,,simplify,https://simplify.jobs/p/9ed0b53e-d841-4cb6-8349-dbdcd461dd0b,,simplify,"[{""site"": ""simplify"", ""url"": ""https://simplify.jobs/p/9ed0b53e-d841-4cb6-8349-dbdcd461dd0b""}]",[],[],"{""location"": [""California, USA; United States""]}",{},"{""location"": ""array_field""}",{}
https://simplify.jobs/p/5d64949f-2f56-43cd-b156-b478a608532d,Senior Front End Engineer,Urban SDK,Remote; Remote in USA,,,,,,2026-09-19T09:21:30+00:00,2026-07-21T01:16:19+00:00,false,,remote,full_time,senior,,,,simplify,https://simplify.jobs/p/5d64949f-2f56-43cd-b156-b478a608532d,,simplify,"[{""site"": ""simplify"", ""url"": ""https://simplify.jobs/p/5d64949f-2f56-43cd-b156-b478a608532d""}]",[],[],"{""location"": [""Remote; Remote in USA""]}",{},"{""location"": ""array_field""}",{}
https://simplify.jobs/p/417479a6-f074-4d5c-a169-074b9e35f96e,Design Engineer - Design Engineering,GC AI,Remote; Remote in USA,,,,,,2026-09-04T08:15:01+00:00,2026-06-11T09:06:29+00:00,false,,remote,full_time,senior,,,,simplify,https://simplify.jobs/p/417479a6-f074-4d5c-a169-074b9e35f96e,,simplify,"[{""site"": ""simplify"", ""url"": ""https://simplify.jobs/p/417479a6-f074-4d5c-a169-074b9e35f96e""}]",[],[],"{""location"": [""Remote; Remote in USA""]}",{},"{""location"": ""array_field""}",{}
https://simplify.jobs/p/0a776ac0-cfc6-4a60-ad10-ac9372294596,Senior Design Engineer - Psa,Collectors,"Remote; California, USA",150000.0,220000.0,USD,,,2026-09-03T19:12:22+00:00,2026-07-02T22:05:35+00:00,false,,remote,full_time,mid | senior,,,,simplify,https://simplify.jobs/p/0a776ac0-cfc6-4a60-ad10-ac9372294596,,simplify,"[{""site"": ""simplify"", ""url"": ""https://simplify.jobs/p/0a776ac0-cfc6-4a60-ad10-ac9372294596""}]",[],[],"{""location"": [""Remote; California, USA""]}",{},"{""location"": ""array_field""}",{}
https://simplify.jobs/p/fa17765b-d23b-42a4-aca9-694e601dfca2,Front End Developer - Ecommerce,Jobsbridge,"Los Angeles, CA, USA",,,,,,2026-09-04T07:24:02+00:00,2026-02-24T07:19:39+00:00,false,,onsite,full_time,,,,,simplify,https://simplify.jobs/p/fa17765b-d23b-42a4-aca9-694e601dfca2,,simplify,"[{""site"": ""simplify"", ""url"": ""https://simplify.jobs/p/fa17765b-d23b-42a4-aca9-694e601dfca2""}]",[],[],"{""location"": [""Los Angeles, CA, USA""]}",{},"{""location"": ""array_field""}",{}
https://simplify.jobs/p/fcfb17ec-dfec-4f07-a81e-65b48ed40932,Senior Design Engineer - GM Design System,General Motors,"Remote; Austin, TX, USA",,,,,,2026-09-19T14:13:20+00:00,2026-09-18T00:00:00+00:00,false,,remote,full_time,senior,,,,simplify,https://simplify.jobs/p/fcfb17ec-dfec-4f07-a81e-65b48ed40932,,simplify,"[{""site"": ""simplify"", ""url"": ""https://simplify.jobs/p/fcfb17ec-dfec-4f07-a81e-65b48ed40932""}]",[],[],"{""location"": [""Remote; Austin, TX, USA""]}",{},"{""location"": ""array_field""}",{}
https://simplify.jobs/p/b0c3333b-cfd0-4d09-9605-7a1107e20978,Software Engineer - Front End,Aditude,Remote; Remote in USA,115000.0,135000.0,USD,,,2026-09-03T18:48:22+00:00,2026-06-11T09:06:53+00:00,false,,remote,full_time,junior,,,,simplify,https://simplify.jobs/p/b0c3333b-cfd0-4d09-9605-7a1107e20978,,simplify,"[{""site"": ""simplify"", ""url"": ""https://simplify.jobs/p/b0c3333b-cfd0-4d09-9605-7a1107e20978""}]",[],[],"{""location"": [""Remote; Remote in USA""]}",{},"{""location"": ""array_field""}",{}
https://simplify.jobs/p/25821482-b684-48c1-bf52-b501ff528b08,Front End Software Engineer - React/Next.js,Hang,"Remote; Los Angeles, CA, USA; Remote in USA; New York, NY, USA",,,,,,2026-09-03T17:09:30+00:00,2023-11-30T14:09:57+00:00,false,,remote,full_time,senior,,,,simplify,https://simplify.jobs/p/25821482-b684-48c1-bf52-b501ff528b08,,simplify,"[{""site"": ""simplify"", ""url"": ""https://simplify.jobs/p/25821482-b684-48c1-bf52-b501ff528b08""}]",[],[],"{""location"": [""Remote; Los Angeles, CA, USA; Remote in USA; New York, NY, USA""]}",{},"{""location"": ""array_field""}",{}
https://simplify.jobs/p/85ff87da-1556-4a12-93b5-069ff8768d58,Staff Software Engineer - Front End Web UI Platform,GitHub,Remote; Remote in USA,140400.0,372300.0,USD,,,2026-09-04T02:15:20+00:00,2026-08-12T22:48:43+00:00,false,,remote,full_time,,,,,simplify,https://simplify.jobs/p/85ff87da-1556-4a12-93b5-069ff8768d58,,simplify,"[{""site"": ""simplify"", ""url"": ""https://simplify.jobs/p/85ff87da-1556-4a12-93b5-069ff8768d58""}]",[],[],"{""location"": [""Remote; Remote in USA""]}",{},"{""location"": ""array_field""}",{}
https://simplify.jobs/p/0184ca67-c76a-4e1d-b961-fa8af2056f53,Software Engineer 4,Netspend,"Remote; Austin, TX, USA",,,,,,2026-09-03T19:39:23+00:00,2026-07-15T09:11:28+00:00,false,,remote,full_time,mid,,,,simplify,https://simplify.jobs/p/0184ca67-c76a-4e1d-b961-fa8af2056f53,,simplify,"[{""site"": ""simplify"", ""url"": ""https://simplify.jobs/p/0184ca67-c76a-4e1d-b961-fa8af2056f53""}]",[],[],"{""location"": [""Remote; Austin, TX, USA""]}",{},"{""location"": ""array_field""}",{}
https://simplify.jobs/p/fc42dd30-8472-46fd-99b6-c7d3a833b048,Marketing Engineer,ZeroTier,Remote; Remote in USA,,,,,,2026-09-03T19:12:22+00:00,2026-07-03T01:07:11+00:00,false,,remote,full_time,mid,,,,simplify,https://simplify.jobs/p/fc42dd30-8472-46fd-99b6-c7d3a833b048,,simplify,"[{""site"": ""simplify"", ""url"": ""https://simplify.jobs/p/fc42dd30-8472-46fd-99b6-c7d3a833b048""}]",[],[],"{""location"": [""Remote; Remote in USA""]}",{},"{""location"": ""array_field""}",{}
https://simplify.jobs/p/cbb286d1-2407-4caa-a16f-9c378f5ad796,Staff Engineer,LaunchDarkly,Remote; Remote in USA,182600.0,295350.0,USD,,,2026-09-03T11:09:08+00:00,2026-08-21T01:27:38+00:00,false,,remote,full_time,,,,,simplify,https://simplify.jobs/p/cbb286d1-2407-4caa-a16f-9c378f5ad796,,simplify,"[{""site"": ""simplify"", ""url"": ""https://simplify.jobs/p/cbb286d1-2407-4caa-a16f-9c378f5ad796""}]",[],[],"{""location"": [""Remote; Remote in USA""]}",{},"{""location"": ""array_field""}",{}
https://simplify.jobs/p/248f8cd5-5ac3-4757-9f46-e27ec3ba8141,Senior Software Engineer - Community Builders,Reddit,Remote; Remote in USA,190800.0,267100.0,USD,,,2026-09-12T01:09:03+00:00,2026-09-12T01:08:00+00:00,false,,remote,full_time,senior,,,,simplify,https://simplify.jobs/p/248f8cd5-5ac3-4757-9f46-e27ec3ba8141,,simplify,"[{""site"": ""simplify"", ""url"": ""https://simplify.jobs/p/248f8cd5-5ac3-4757-9f46-e27ec3ba8141""}]",[],[],"{""location"": [""Remote; Remote in USA""]}",{},"{""location"": ""array_field""}",{}
https://simplify.jobs/p/cd19bac2-f9a6-440e-b0d3-774d062ca678,Staff Software Engineer - Ground Software,Relativity Space,"Long Beach, CA, USA",181000.0,271000.0,USD,,,2026-09-03T05:57:06+00:00,2026-09-03T02:20:09+00:00,false,,onsite,full_time,senior,,,,simplify,https://simplify.jobs/p/cd19bac2-f9a6-440e-b0d3-774d062ca678,,simplify,"[{""site"": ""simplify"", ""url"": ""https://simplify.jobs/p/cd19bac2-f9a6-440e-b0d3-774d062ca678""}]",[],[],"{""location"": [""Long Beach, CA, USA""]}",{},"{""location"": ""array_field""}",{}
https://simplify.jobs/p/3b16d06d-7f1f-4b0b-be6c-382956b651a2,Senior Software Engineer - Prebid & Header Bidding,Freestar,Remote; Remote in USA,,,,,,2026-09-04T13:12:01+00:00,2026-09-01T22:54:33+00:00,false,,remote,full_time,mid | senior,,,,simplify,https://simplify.jobs/p/3b16d06d-7f1f-4b0b-be6c-382956b651a2,,simplify,"[{""site"": ""simplify"", ""url"": ""https://simplify.jobs/p/3b16d06d-7f1f-4b0b-be6c-382956b651a2""}]",[],[],"{""location"": [""Remote; Remote in USA""]}",{},"{""location"": ""array_field""}",{}
https://simplify.jobs/p/273d1f34-9340-44cd-9d3d-6ba970e5b23b,Front End Architect - EDS,Blue Acorn iCi,Remote; Remote in USA,150000.0,210000.0,USD,,,2026-09-03T23:39:21+00:00,2026-08-05T22:16:51+00:00,false,,remote,full_time,senior,,,,simplify,https://simplify.jobs/p/273d1f34-9340-44cd-9d3d-6ba970e5b23b,,simplify,"[{""site"": ""simplify"", ""url"": ""https://simplify.jobs/p/273d1f34-9340-44cd-9d3d-6ba970e5b23b""}]",[],[],"{""location"": [""Remote; Remote in USA""]}",{},"{""location"": ""array_field""}",{}
https://simplify.jobs/p/22712c58-62df-40b2-800e-3e5605324b77,Localization Web Developer,NinjaOne,"Remote; Washington, USA; Kansas, USA; Oregon, USA; California, USA; Austin, TX, USA; Connecticut, USA; Texas, USA; Tampa, FL, USA; Florida, USA; Georgia, USA; Tennessee, USA; Virginia, USA; Colorado, USA; New York, NY, USA; Maryland, USA; Maine, USA; Massachusetts, USA; North Carolina, USA; New Jersey, USA; Illinois, USA",65000.0,100000.0,USD,,,2026-09-11T15:24:01+00:00,2026-08-20T00:47:08+00:00,false,,remote,full_time,mid,,,,simplify,https://simplify.jobs/p/22712c58-62df-40b2-800e-3e5605324b77,,simplify,"[{""site"": ""simplify"", ""url"": ""https://simplify.jobs/p/22712c58-62df-40b2-800e-3e5605324b77""}]",[],[],"{""location"": [""Remote; Washington, USA; Kansas, USA; Oregon, USA; California, USA; Austin, TX, USA; Connecticut, USA; Texas, USA; Tampa, FL, USA; Florida, USA; Georgia, USA; Tennessee, USA; Virginia, USA; Colorado, USA; New York, NY, USA; Maryland, USA; Maine, USA; Massachusetts, USA; North Carolina, USA; New Jersey, USA; Illinois, USA""]}",{},"{""location"": ""array_field""}",{}
https://simplify.jobs/p/5d608544-33c7-4d3d-bacf-64143cf1e218,Senior Software Engineer - Frontend/React,Close,Remote; Remote in USA,,,,,,2026-09-04T07:12:12+00:00,2026-02-02T23:19:35+00:00,false,,remote,full_time,senior,,,,simplify,https://simplify.jobs/p/5d608544-33c7-4d3d-bacf-64143cf1e218,,simplify,"[{""site"": ""simplify"", ""url"": ""https://simplify.jobs/p/5d608544-33c7-4d3d-bacf-64143cf1e218""}]",[],[],"{""location"": [""Remote; Remote in USA""]}",{},"{""location"": ""array_field""}",{}
https://simplify.jobs/p/bc785ae3-0257-4bca-92d1-d37a82f4e63b,Staff Software Engineer - Frontend-leaning Fullstack,Aptible,Remote; Remote in USA,211000.0,280000.0,USD,,,2026-09-04T09:42:02+00:00,2026-07-21T01:18:05+00:00,false,,remote,full_time,senior,,,,simplify,https://simplify.jobs/p/bc785ae3-0257-4bca-92d1-d37a82f4e63b,,simplify,"[{""site"": ""simplify"", ""url"": ""https://simplify.jobs/p/bc785ae3-0257-4bca-92d1-d37a82f4e63b""}]",[],[],"{""location"": [""Remote; Remote in USA""]}",{},"{""location"": ""array_field""}",{}
https://jobright.ai/jobs/info/6a57c4e810c4d945d8650e8f?page=1&visit=frontend-jobs-in-united-states,[Remote] Senior Software Engineer - Frontend Developer Experience,Mercury,Remote; USA,201000.0,251000.0,USD,year,,,2026-09-19 13:34:27,false,,remote,full_time,,,,,jobright,https://jobright.ai/jobs/info/6a57c4e810c4d945d8650e8f?page=1&visit=frontend-jobs-in-united-states,2026-10-19T13:34:27,jobright,"[{""site"": ""jobright"", ""url"": ""https://jobright.ai/jobs/info/6a57c4e810c4d945d8650e8f?page=1&visit=frontend-jobs-in-united-states""}]",[],"[""https://mercury.com""]","{""location"": [""Remote; USA""]}",{},"{""location"": ""array_field""}",{}
https://jobright.ai/jobs/info/6a74ea0dbb6ca93ae560ca8f?page=1&visit=frontend-jobs-in-united-states,Frontend Engineer Intern (6 month internship),Centerfield,"Los Angeles, CA, US",30.0,30.0,USD,hour,,,2026-09-19 12:14:27,true,,,intern,,,,,jobright,https://jobright.ai/jobs/info/6a74ea0dbb6ca93ae560ca8f?page=1&visit=frontend-jobs-in-united-states,2026-10-19T12:14:27,jobright,"[{""site"": ""jobright"", ""url"": ""https://jobright.ai/jobs/info/6a74ea0dbb6ca93ae560ca8f?page=1&visit=frontend-jobs-in-united-states""}]",[],"[""http://www.centerfield.com""]","{""location"": [""Los Angeles, CA, US""]}",{},"{""location"": ""array_field""}",{}
https://www.ycombinator.com/companies/pine-park-health/jobs/wx8rhlj-senior-software-engineer,Senior Software Engineer,Pine Park Health,Remote; US,190000.0,215000.0,USD,year,,,2026-04-21T14:19:13Z,false,,remote,full_time,,,,,yc,https://www.ycombinator.com/companies/pine-park-health/jobs/wx8rhlj-senior-software-engineer,,yc,"[{""site"": ""yc"", ""url"": ""https://www.ycombinator.com/companies/pine-park-health/jobs/wx8rhlj-senior-software-engineer""}]","[""https://www.ycombinator.com/apply"", ""https://account.ycombinator.com/authenticate?continue=https%3A%2F%2Fwww.workatastartup.com%2Fapplication%3Fsignup_job_id%3D93346&defaults%5BsignUpActive%5D=true&defaults%5Bwaas_company%5D=1965""]","[""http://pineparkhealth.com""]","{""location"": [""Remote; US""]}",{},"{""location"": ""array_field""}",{}
https://www.ycombinator.com/companies/gogograndparent/jobs/2vbzAw8-backend-engineer,Backend Engineer,GoGoGrandparent,Remote; US,80000.0,180000.0,USD,year,,,2025-07-21T03:07:15Z,false,,remote,full_time,,,,,yc,https://www.ycombinator.com/companies/gogograndparent/jobs/2vbzAw8-backend-engineer,,yc,"[{""site"": ""yc"", ""url"": ""https://www.ycombinator.com/companies/gogograndparent/jobs/2vbzAw8-backend-engineer""}]","[""https://www.ycombinator.com/apply"", ""https://account.ycombinator.com/authenticate?continue=https%3A%2F%2Fwww.workatastartup.com%2Fapplication%3Fsignup_job_id%3D78968&defaults%5BsignUpActive%5D=true&defaults%5Bwaas_company%5D=1264""]","[""https://gogograndparent.com""]","{""location"": [""Remote; US""]}",{},"{""location"": ""array_field""}",{}
https://www.ycombinator.com/companies/curri/jobs/Pc2wWok-staff-software-engineer,Staff Software Engineer,Curri,Remote; US,210000.0,300000.0,USD,year,,,2026-09-01T21:30:02Z,false,,remote,full_time,,,,,yc,https://www.ycombinator.com/companies/curri/jobs/Pc2wWok-staff-software-engineer,,yc,"[{""site"": ""yc"", ""url"": ""https://www.ycombinator.com/companies/curri/jobs/Pc2wWok-staff-software-engineer""}]","[""https://www.ycombinator.com/apply"", ""https://account.ycombinator.com/authenticate?continue=https%3A%2F%2Fwww.workatastartup.com%2Fapplication%3Fsignup_job_id%3D107496&defaults%5BsignUpActive%5D=true&defaults%5Bwaas_company%5D=12850""]","[""http://www.curri.com""]","{""location"": [""Remote; US""]}",{},"{""location"": ""array_field""}",{}
https://www.ycombinator.com/companies/propelauth/jobs/8W9NMOq-backend-engineer,Backend Engineer,PropelAuth,Remote; US,140000.0,180000.0,USD,year,,,2026-08-19T16:08:22Z,false,,remote,full_time,,,,,yc,https://www.ycombinator.com/companies/propelauth/jobs/8W9NMOq-backend-engineer,,yc,"[{""site"": ""yc"", ""url"": ""https://www.ycombinator.com/companies/propelauth/jobs/8W9NMOq-backend-engineer""}]","[""https://www.ycombinator.com/apply"", ""https://account.ycombinator.com/authenticate?continue=https%3A%2F%2Fwww.workatastartup.com%2Fapplication%3Fsignup_job_id%3D105456&defaults%5BsignUpActive%5D=true&defaults%5Bwaas_company%5D=25946""]","[""https://www.propelauth.com""]","{""location"": [""Remote; US""]}",{},"{""location"": ""array_field""}",{}
https://www.ycombinator.com/companies/instrumentl/jobs/HAkpPkY-senior-full-stack-software-engineer,Senior Full Stack Software Engineer,Instrumentl,Remote; US,160000.0,190000.0,USD,year,,,2026-02-27T19:24:36Z,false,,remote,full_time,,,,,yc,https://www.ycombinator.com/companies/instrumentl/jobs/HAkpPkY-senior-full-stack-software-engineer,,yc,"[{""site"": ""yc"", ""url"": ""https://www.ycombinator.com/companies/instrumentl/jobs/HAkpPkY-senior-full-stack-software-engineer""}]","[""https://www.ycombinator.com/apply"", ""https://account.ycombinator.com/authenticate?continue=https%3A%2F%2Fwww.workatastartup.com%2Fapplication%3Fsignup_job_id%3D91151&defaults%5BsignUpActive%5D=true&defaults%5Bwaas_company%5D=1224""]","[""https://www.instrumentl.com""]","{""location"": [""Remote; US""]}",{},"{""location"": ""array_field""}",{}
https://builtin.com/job/front-end-engineer/9352293,Front-end Engineer,NetNow,Remote; CAN; USA,,,,,,,2026-09-17,false,,remote,full_time,,,,,builtin,https://builtin.com/job/front-end-engineer/9352293,2026-10-17T08:32:05+00:00,builtin,"[{""site"": ""builtin"", ""url"": ""https://builtin.com/job/front-end-engineer/9352293""}]",[],[],"{""location"": [""Remote; CAN"", ""Remote; USA""]}",{},"{""location"": ""array_field""}",{}
https://builtin.com/job/senior-frontend-engineer/11196824,Senior Frontend Engineer,Newfold Digital,Remote; USA; CAN,,,,,,,2026-09-15,false,,remote,full_time,,,,,builtin,https://builtin.com/job/senior-frontend-engineer/11196824,2026-10-15T23:14:58+00:00,builtin,"[{""site"": ""builtin"", ""url"": ""https://builtin.com/job/senior-frontend-engineer/11196824""}]",[],[],"{""location"": [""Remote; USA"", ""Remote; CAN""]}",{},"{""location"": ""array_field""}",{}
https://builtin.com/job/senior-front-end-engineer/9723368,Senior Front End Engineer,Secta Labs,Remote; CAN; USA,,,,,,,2026-08-27,false,,remote,full_time,,,,,builtin,https://builtin.com/job/senior-front-end-engineer/9723368,2026-09-26T19:30:33+00:00,builtin,"[{""site"": ""builtin"", ""url"": ""https://builtin.com/job/senior-front-end-engineer/9723368""}]",[],[],"{""location"": [""Remote; CAN"", ""Remote; USA""]}",{},"{""location"": ""array_field""}",{}
https://builtin.com/job/senior-staff-frontend-engineer/10410204,Senior/Staff Frontend Engineer,Embedding VC,Remote; CAN; USA,100000.0,200000.0,,year,"$100,000 – $200,000 / year",,2026-08-23,false,true,remote,full_time,,,,,builtin,https://builtin.com/job/senior-staff-frontend-engineer/10410204,2026-09-22T00:05:30+00:00,builtin,"[{""site"": ""builtin"", ""url"": ""https://builtin.com/job/senior-staff-frontend-engineer/10410204""}]",[],[],"{""location"": [""Remote; CAN"", ""Remote; USA""]}",{},"{""location"": ""array_field""}",{}
https://rolesweep.com/jobs/e851d891c14631225eb7dfb6e3743170-sr-software-engineer-fullstack-frontend,"Sr. Software Engineer, (Fullstack/Frontend)","Sr. Software Engineer, (Fullstack/Frontend) Seen 20h ago Hims & Hers",US Remote,170000.0,190000.0,,,$170K - $190K,,,,,remote,full_time,,,,,rolesweep,https://rolesweep.com/jobs/e851d891c14631225eb7dfb6e3743170-sr-software-engineer-fullstack-frontend,,rolesweep,"[{""site"": ""rolesweep"", ""url"": ""https://rolesweep.com/jobs/e851d891c14631225eb7dfb6e3743170-sr-software-engineer-fullstack-frontend""}]",[],[],"{""location"": [""US Remote""]}",{},"{""location"": ""array_field""}",{}
https://rolesweep.com/jobs/19c6bed1992192d7dad3ba51d20c22d9-senior-frontend-software-engineer-consumer-engineering,"Senior Frontend Software Engineer, Consumer Engineering","Senior Frontend Software Engineer, Consumer Engineering Seen 2d ago Reddit",Remote - United States,190800.0,267100.0,USD,,"$190,800 - $267,100 USD",,,,,remote,full_time,,,,,rolesweep,https://rolesweep.com/jobs/19c6bed1992192d7dad3ba51d20c22d9-senior-frontend-software-engineer-consumer-engineering,,rolesweep,"[{""site"": ""rolesweep"", ""url"": ""https://rolesweep.com/jobs/19c6bed1992192d7dad3ba51d20c22d9-senior-frontend-software-engineer-consumer-engineering""}]",[],[],"{""location"": [""Remote - United States""]}",{},"{""location"": ""array_field""}",{}
https://rolesweep.com/jobs/ea056fb9a8209078674d1e7069029ecd-senior-frontend-engineer-home-experience,"Senior Frontend Engineer, Home Experience","Senior Frontend Engineer, Home Experience Seen 8d ago Reddit",Remote - United States,190800.0,267100.0,USD,,"$190,800 - $267,100 USD",,,,,remote,full_time,,,,,rolesweep,https://rolesweep.com/jobs/ea056fb9a8209078674d1e7069029ecd-senior-frontend-engineer-home-experience,,rolesweep,"[{""site"": ""rolesweep"", ""url"": ""https://rolesweep.com/jobs/ea056fb9a8209078674d1e7069029ecd-senior-frontend-engineer-home-experience""}]",[],[],"{""location"": [""Remote - United States""]}",{},"{""location"": ""array_field""}",{}
https://rolesweep.com/jobs/e6502f4ac563e5dcd17c461c6ef4ed45-frontend-engineer-ads,"Frontend Engineer, Ads","Frontend Engineer, Ads Seen 9d ago Reddit",Remote - United States,164200.0,229900.0,USD,,"$164,200 - $229,900 USD",,,,,remote,full_time,,,,,rolesweep,https://rolesweep.com/jobs/e6502f4ac563e5dcd17c461c6ef4ed45-frontend-engineer-ads,,rolesweep,"[{""site"": ""rolesweep"", ""url"": ""https://rolesweep.com/jobs/e6502f4ac563e5dcd17c461c6ef4ed45-frontend-engineer-ads""}]",[],[],"{""location"": [""Remote - United States""]}",{},"{""location"": ""array_field""}",{}
https://rolesweep.com/jobs/99d407cc29ca5c134d8666e633f09058-senior-software-engineer-frontend-auth-experiences,"Senior Software Engineer, Frontend (Auth Experiences)","Senior Software Engineer, Frontend (Auth Experiences) Seen 9d ago Affirm",Remote US,,,,,,,,,,remote,full_time,,,,,rolesweep,https://rolesweep.com/jobs/99d407cc29ca5c134d8666e633f09058-senior-software-engineer-frontend-auth-experiences,,rolesweep,"[{""site"": ""rolesweep"", ""url"": ""https://rolesweep.com/jobs/99d407cc29ca5c134d8666e633f09058-senior-software-engineer-frontend-auth-experiences""}]",[],[],"{""location"": [""Remote US""]}",{},"{""location"": ""array_field""}",{}
https://rolesweep.com/jobs/b65d35797feea12507a4cd3d725c234c-senior-frontend-engineer-ads-creative,"Senior Frontend Engineer, Ads Creative","Senior Frontend Engineer, Ads Creative Seen 17d ago Reddit",Remote - United States,190800.0,267100.0,USD,,"$190,800 - $267,100 USD",,,,,remote,full_time,,,,,rolesweep,https://rolesweep.com/jobs/b65d35797feea12507a4cd3d725c234c-senior-frontend-engineer-ads-creative,,rolesweep,"[{""site"": ""rolesweep"", ""url"": ""https://rolesweep.com/jobs/b65d35797feea12507a4cd3d725c234c-senior-frontend-engineer-ads-creative""}]",[],[],"{""location"": [""Remote - United States""]}",{},"{""location"": ""array_field""}",{}
https://rolesweep.com/jobs/90c45b4cc10dc9438871c85d20aa555c-senior-software-engineer-frontend-platform-identity,"Senior Software Engineer, Frontend (Platform - Identity)","Senior Software Engineer, Frontend (Platform - Identity) Seen 22d ago Coinbase",Remote - USA,186065.0,218900.0,USD,,"$186,065 - $218,900 USD",,,,,remote,full_time,,,,,rolesweep,https://rolesweep.com/jobs/90c45b4cc10dc9438871c85d20aa555c-senior-software-engineer-frontend-platform-identity,,rolesweep,"[{""site"": ""rolesweep"", ""url"": ""https://rolesweep.com/jobs/90c45b4cc10dc9438871c85d20aa555c-senior-software-engineer-frontend-platform-identity""}]",[],[],"{""location"": [""Remote - USA""]}",{},"{""location"": ""array_field""}",{}
https://rolesweep.com/jobs/cff258f7b0523b06350291ce8ad360a3-senior-software-engineering-manager-frontend-and-api,"Senior Software Engineering Manager, FrontEnd and API","Senior Software Engineering Manager, FrontEnd and API Seen 29d ago Ford Motor","Irvine, CA, US",141700.0,268300.0,,,"$141,700 - $268,300",,,,,onsite,full_time,,,,,rolesweep,https://rolesweep.com/jobs/cff258f7b0523b06350291ce8ad360a3-senior-software-engineering-manager-frontend-and-api,,rolesweep,"[{""site"": ""rolesweep"", ""url"": ""https://rolesweep.com/jobs/cff258f7b0523b06350291ce8ad360a3-senior-software-engineering-manager-frontend-and-api""}]",[],[],"{""location"": [""Irvine, CA, US""]}",{},"{""location"": ""array_field""}",{}
https://rolesweep.com/jobs/7f470e6b1cad7dce0774c40ce266420c-frontend-engineer-payments-risk,"Frontend Engineer, Payments & Risk","Frontend Engineer, Payments & Risk Seen 36d ago Stripe","Remote in United States, New York, Seattle, South San Francisco HQ",142600.0,213800.0,,,"$142,600 - $213,800",,,,,hybrid,full_time,,,,,rolesweep,https://rolesweep.com/jobs/7f470e6b1cad7dce0774c40ce266420c-frontend-engineer-payments-risk,,rolesweep,"[{""site"": ""rolesweep"", ""url"": ""https://rolesweep.com/jobs/7f470e6b1cad7dce0774c40ce266420c-frontend-engineer-payments-risk""}]",[],[],"{""location"": [""Remote in United States, New York, Seattle, South San Francisco HQ""]}",{},"{""location"": ""array_field""}",{}
https://rolesweep.com/jobs/55b2056172fd43a66d2bdcd7cf2212be-mission-software-engineer-vehicle-software-frontend,"Mission Software Engineer, Vehicle Software, Frontend","Mission Software Engineer, Vehicle Software, Frontend Seen 37d ago Anduril","Costa Mesa, California, United States; Seattle, Washington, United States; Washington, District of Columbia, United States",166000.0,220000.0,USD,,"$166,000 - $220,000 USD",,,,,onsite,full_time,,,,,rolesweep,https://rolesweep.com/jobs/55b2056172fd43a66d2bdcd7cf2212be-mission-software-engineer-vehicle-software-frontend,,rolesweep,"[{""site"": ""rolesweep"", ""url"": ""https://rolesweep.com/jobs/55b2056172fd43a66d2bdcd7cf2212be-mission-software-engineer-vehicle-software-frontend""}]",[],[],"{""location"": [""Costa Mesa, California, United States; Seattle, Washington, United States; Washington, District of Columbia, United States""]}",{},"{""location"": ""array_field""}",{}
https://news.ycombinator.com/item?id=49538758,Frontend Engineer,Matcha.fm,FULLY REMOTE (US / Canada / Europe / UK / Brazil / LATAM),,,,,,,2026-09-02T16:33:51Z,,,remote,,,,,,hn,https://news.ycombinator.com/item?id=49538758,,hn,"[{""site"": ""hn"", ""url"": ""https://news.ycombinator.com/item?id=49538758""}]","[""https://matcha.fm"", ""https://matcha.fm/apply/fse"", ""https://matcha.fm/apply/marketing"", ""https://matcha.fm/apply/be"", ""https://matcha.fm/apply/ai"", ""https://matcha.fm/apply/design""]",[],"{""location"": [""FULLY REMOTE (US / Canada / Europe / UK / Brazil / LATAM)""]}",{},"{""location"": ""array_field""}",{}
https://news.ycombinator.com/item?id=49530116,frontend,Mattermost,Remote (US and Canada),,,,,,,2026-09-02T00:12:24Z,,,remote,,,,,,hn,https://news.ycombinator.com/item?id=49530116,,hn,"[{""site"": ""hn"", ""url"": ""https://news.ycombinator.com/item?id=49530116""}]","[""https://mattermost.com"", ""https://github.com/mattermost/mattermost"", ""https://job-boards.greenhouse.io/mattermost/jobs/5379251008"", ""https://job-boards.greenhouse.io/mattermost/jobs/5405811008"", ""https://job-boards.greenhouse.io/mattermost""]",[],"{""location"": [""Remote (US and Canada)""]}",{},"{""location"": ""array_field""}",{}
https://jobs.a16z.com/jobs/anduril-industries/5147775007--frontend-software-engineer,Frontend Software Engineer,Anduril,"Costa Mesa, California, United States",129000.0,220000.0,USD,,"USD 129,000–220,000",,2026-06-30T00:06:45.000Z,,,,,,,,,a16z,https://jobs.a16z.com/jobs/anduril-industries/5147775007--frontend-software-engineer,,a16z,"[{""site"": ""a16z"", ""url"": ""https://jobs.a16z.com/jobs/anduril-industries/5147775007--frontend-software-engineer""}]","[""https://boards.greenhouse.io/andurilindustries/jobs/5147775007?gh_jid=5147775007""]",[],"{""location"": [""Costa Mesa, California, United States""]}",{},"{""location"": ""array_field""}",{}
https://jobs.a16z.com/jobs/wrapbook/20ae44c3-dc45-4289-a4c6-3c270191f52f--manager-engineering-frontend,"Manager, Engineering - Frontend",Wrapbook,"Remote; Remote - US & Canada, United States",183000.0,283500.0,,,$183K – $283.5K,,2026-09-11T18:54:20.825Z,false,,remote,full_time,,,,,a16z,https://jobs.a16z.com/jobs/wrapbook/20ae44c3-dc45-4289-a4c6-3c270191f52f--manager-engineering-frontend,,a16z,"[{""site"": ""a16z"", ""url"": ""https://jobs.a16z.com/jobs/wrapbook/20ae44c3-dc45-4289-a4c6-3c270191f52f--manager-engineering-frontend""}]","[""https://jobs.ashbyhq.com/wrapbook/20ae44c3-dc45-4289-a4c6-3c270191f52f/application""]",[],"{""location"": [""Remote; Remote - US & Canada, United States""]}",{},"{""location"": ""array_field""}",{}
https://jobs.a16z.com/jobs/clickup/0cb4e985-a3fa-4b96-8441-3471bcdeb5af--senior-frontend-engineer,Senior Frontend Engineer,ClickUp,"Remote; United States, Remote",160000.0,210000.0,,,$160K – $210K,,2026-09-04T19:13:23.567Z,false,,remote,full_time,,,,,a16z,https://jobs.a16z.com/jobs/clickup/0cb4e985-a3fa-4b96-8441-3471bcdeb5af--senior-frontend-engineer,,a16z,"[{""site"": ""a16z"", ""url"": ""https://jobs.a16z.com/jobs/clickup/0cb4e985-a3fa-4b96-8441-3471bcdeb5af--senior-frontend-engineer""}]","[""https://jobs.ashbyhq.com/clickup/0cb4e985-a3fa-4b96-8441-3471bcdeb5af/application""]",[],"{""location"": [""Remote; United States, Remote""]}",{},"{""location"": ""array_field""}",{}
https://jobs.a16z.com/jobs/clickup/b6c0a31b-83b6-43f6-8e50-0d91dda7c767--staff-frontend-engineer,Staff Frontend Engineer,ClickUp,"Remote; United States, Remote",200000.0,250000.0,,,$200K – $250K,,2026-09-04T18:50:50.377Z,false,,remote,full_time,,,,,a16z,https://jobs.a16z.com/jobs/clickup/b6c0a31b-83b6-43f6-8e50-0d91dda7c767--staff-frontend-engineer,,a16z,"[{""site"": ""a16z"", ""url"": ""https://jobs.a16z.com/jobs/clickup/b6c0a31b-83b6-43f6-8e50-0d91dda7c767--staff-frontend-engineer""}]","[""https://jobs.ashbyhq.com/clickup/b6c0a31b-83b6-43f6-8e50-0d91dda7c767/application""]",[],"{""location"": [""Remote; United States, Remote""]}",{},"{""location"": ""array_field""}",{}
https://jobs.a16z.com/jobs/reddit/8194576--frontend-engineer-ads,"Frontend Engineer, Ads",Reddit,Remote; Remote - United States,164200.0,229900.0,USD,,"USD 164,200–229,900",,2026-09-11T04:36:55.000Z,,,remote,,,,,,a16z,https://jobs.a16z.com/jobs/reddit/8194576--frontend-engineer-ads,,a16z,"[{""site"": ""a16z"", ""url"": ""https://jobs.a16z.com/jobs/reddit/8194576--frontend-engineer-ads""}]","[""https://job-boards.greenhouse.io/reddit/jobs/8194576""]",[],"{""location"": [""Remote; Remote - United States""]}",{},"{""location"": ""array_field""}",{}
https://jobs.a16z.com/jobs/clickup/9fcbf37a-9860-4013-b98c-4c2b62cd5cbf--principal-frontend-engineer,Principal Frontend Engineer,ClickUp,"Remote; United States, Remote",250000.0,300000.0,,,$250K – $300K,,2026-09-04T18:26:43.281Z,false,,remote,full_time,,,,,a16z,https://jobs.a16z.com/jobs/clickup/9fcbf37a-9860-4013-b98c-4c2b62cd5cbf--principal-frontend-engineer,,a16z,"[{""site"": ""a16z"", ""url"": ""https://jobs.a16z.com/jobs/clickup/9fcbf37a-9860-4013-b98c-4c2b62cd5cbf--principal-frontend-engineer""}]","[""https://jobs.ashbyhq.com/clickup/9fcbf37a-9860-4013-b98c-4c2b62cd5cbf/application""]",[],"{""location"": [""Remote; United States, Remote""]}",{},"{""location"": ""array_field""}",{}
https://jobs.a16z.com/jobs/clickup/c252ee33-b277-474e-963d-7fb64004c8a0--engineering-manager-frontend,Engineering Manager (Frontend),ClickUp,Remote; United States,200000.0,250000.0,,,$200K – $250K,,2026-01-07T15:12:39.531Z,false,,remote,full_time,,,,,a16z,https://jobs.a16z.com/jobs/clickup/c252ee33-b277-474e-963d-7fb64004c8a0--engineering-manager-frontend,,a16z,"[{""site"": ""a16z"", ""url"": ""https://jobs.a16z.com/jobs/clickup/c252ee33-b277-474e-963d-7fb64004c8a0--engineering-manager-frontend""}]","[""https://jobs.ashbyhq.com/clickup/c252ee33-b277-474e-963d-7fb64004c8a0/application""]",[],"{""location"": [""Remote; United States""]}",{},"{""location"": ""array_field""}",{}
https://jobs.a16z.com/jobs/hadrian/af629fd3-1162-4a8c-bab6-0083bd7f20fc--all-levels-frontend-software-engineer,All Levels:  Frontend Software Engineer,Hadrian,"Los Angeles, CA, Torrance, CA, United States",120000.0,250000.0,,,$120K – $250K,,2026-06-29T17:48:24.934Z,false,,onsite,full_time,,,,,a16z,https://jobs.a16z.com/jobs/hadrian/af629fd3-1162-4a8c-bab6-0083bd7f20fc--all-levels-frontend-software-engineer,,a16z,"[{""site"": ""a16z"", ""url"": ""https://jobs.a16z.com/jobs/hadrian/af629fd3-1162-4a8c-bab6-0083bd7f20fc--all-levels-frontend-software-engineer""}]","[""https://jobs.ashbyhq.com/hadrian-automation/af629fd3-1162-4a8c-bab6-0083bd7f20fc/application""]",[],"{""location"": [""Los Angeles, CA, Torrance, CA, United States""]}",{},"{""location"": ""array_field""}",{}
https://jobs.a16z.com/jobs/flock-safety/05e066a7-9636-4c7e-8357-4b9c915e30b9--senior-software-engineer-frontend,"Senior Software Engineer, Frontend",Flock,"Remote; Remote - USA, United States",170000.0,190000.0,,,$170K – $190K,,2026-08-26T19:54:01.030Z,false,,remote,full_time,,,,,a16z,https://jobs.a16z.com/jobs/flock-safety/05e066a7-9636-4c7e-8357-4b9c915e30b9--senior-software-engineer-frontend,,a16z,"[{""site"": ""a16z"", ""url"": ""https://jobs.a16z.com/jobs/flock-safety/05e066a7-9636-4c7e-8357-4b9c915e30b9--senior-software-engineer-frontend""}]","[""https://jobs.ashbyhq.com/Flock%20Safety/05e066a7-9636-4c7e-8357-4b9c915e30b9/application""]",[],"{""location"": [""Remote; Remote - USA, United States""]}",{},"{""location"": ""array_field""}",{}
https://jobs.a16z.com/jobs/greenlight/85f57a40-ef24-4fb2-bea8-e881efb0f660--software-engineer-ii-frontend,"Software Engineer II, Frontend",Greenlight,Remote; Atlanta (Remote Friendly),140000.0,170000.0,,,"$140,000-170,000",,2026-07-31T22:15:21.084Z,false,,remote,full_time,,,,,a16z,https://jobs.a16z.com/jobs/greenlight/85f57a40-ef24-4fb2-bea8-e881efb0f660--software-engineer-ii-frontend,,a16z,"[{""site"": ""a16z"", ""url"": ""https://jobs.a16z.com/jobs/greenlight/85f57a40-ef24-4fb2-bea8-e881efb0f660--software-engineer-ii-frontend""}]","[""https://jobs.lever.co/greenlight/85f57a40-ef24-4fb2-bea8-e881efb0f660/apply""]",[],"{""location"": [""Remote; Atlanta (Remote Friendly)""]}",{},"{""location"": ""array_field""}",{}
https://jobs.a16z.com/jobs/sound/e4a837d6-f755-45f6-bbf2-a3e8effb421f--staff-software-engineer-frontend,"Staff Software Engineer, Frontend",Sound.xyz,"Remote, New York, New York, USA",,,,,,,2025-06-30T19:39:27.234Z,,,remote,,,Detail could not be parsed; using published search metadata,,,a16z,https://jobs.a16z.com/jobs/sound/e4a837d6-f755-45f6-bbf2-a3e8effb421f--staff-software-engineer-frontend,,a16z,"[{""site"": ""a16z"", ""url"": ""https://jobs.a16z.com/jobs/sound/e4a837d6-f755-45f6-bbf2-a3e8effb421f--staff-software-engineer-frontend""}]","[""https://jobs.ashbyhq.com/sound.xyz/e4a837d6-f755-45f6-bbf2-a3e8effb421f/application""]",[],"{""location"": [""Remote, New York, New York, USA""]}",{},"{""location"": ""array_field""}",{}
https://jobs.a16z.com/jobs/reddit/8198130--senior-frontend-engineer-home-experience,"Senior Frontend Engineer, Home Experience",Reddit,Remote; Remote - United States,190800.0,267100.0,USD,,"USD 190,800–267,100",,2026-09-11T22:46:20.000Z,,,remote,,,,,,a16z,https://jobs.a16z.com/jobs/reddit/8198130--senior-frontend-engineer-home-experience,,a16z,"[{""site"": ""a16z"", ""url"": ""https://jobs.a16z.com/jobs/reddit/8198130--senior-frontend-engineer-home-experience""}]","[""https://job-boards.greenhouse.io/reddit/jobs/8198130""]",[],"{""location"": [""Remote; Remote - United States""]}",{},"{""location"": ""array_field""}",{}
https://jobs.a16z.com/jobs/reddit/8175520--senior-frontend-engineer-ads-creative,"Senior Frontend Engineer, Ads Creative",Reddit,Remote; Remote - United States,190800.0,267100.0,USD,,"USD 190,800–267,100",,2026-09-02T23:54:07.000Z,,,remote,,,,,,a16z,https://jobs.a16z.com/jobs/reddit/8175520--senior-frontend-engineer-ads-creative,,a16z,"[{""site"": ""a16z"", ""url"": ""https://jobs.a16z.com/jobs/reddit/8175520--senior-frontend-engineer-ads-creative""}]","[""https://job-boards.greenhouse.io/reddit/jobs/8175520""]",[],"{""location"": [""Remote; Remote - United States""]}",{},"{""location"": ""array_field""}",{}
https://jobs.a16z.com/jobs/function-health/am9icG9zdDpyJtbQYuSC0l_lOd7kZ9-n--staff-software-engineer-frontend-ui,Staff Software Engineer (Frontend / UI),Function Health,Remote; United States - Remote,298.0,,,,$298,,2026-06-12T15:24:51.143Z,false,,remote,full_time,,,,,a16z,https://jobs.a16z.com/jobs/function-health/am9icG9zdDpyJtbQYuSC0l_lOd7kZ9-n--staff-software-engineer-frontend-ui,,a16z,"[{""site"": ""a16z"", ""url"": ""https://jobs.a16z.com/jobs/function-health/am9icG9zdDpyJtbQYuSC0l_lOd7kZ9-n--staff-software-engineer-frontend-ui""}]","[""https://jobs.gem.com/function-health/am9icG9zdDpyJtbQYuSC0l_lOd7kZ9-n""]",[],"{""location"": [""Remote; United States - Remote""]}",{},"{""location"": ""array_field""}",{}
https://jobs.a16z.com/jobs/reddit/8147617--senior-frontend-software-engineer-consumer-engineering,"Senior Frontend Software Engineer, Consumer Engineering",Reddit,Remote; Remote - United States,190800.0,267100.0,USD,,"USD 190,800–267,100",,2026-09-17T18:29:16.000Z,,,remote,,,,,,a16z,https://jobs.a16z.com/jobs/reddit/8147617--senior-frontend-software-engineer-consumer-engineering,,a16z,"[{""site"": ""a16z"", ""url"": ""https://jobs.a16z.com/jobs/reddit/8147617--senior-frontend-software-engineer-consumer-engineering""}]","[""https://job-boards.greenhouse.io/reddit/jobs/8147617""]",[],"{""location"": [""Remote; Remote - United States""]}",{},"{""location"": ""array_field""}",{}
https://jobs.a16z.com/jobs/anduril-industries/4672911007--mission-software-engineer-vehicle-software-frontend,"Mission Software Engineer, Vehicle Software, Frontend",Anduril,"Costa Mesa, California, United States; Seattle, Washington, United States; Washington, District of Columbia, United States",166000.0,220000.0,USD,,"USD 166,000–220,000",,2026-04-15T16:17:41.000Z,,,,,,,,,a16z,https://jobs.a16z.com/jobs/anduril-industries/4672911007--mission-software-engineer-vehicle-software-frontend,,a16z,"[{""site"": ""a16z"", ""url"": ""https://jobs.a16z.com/jobs/anduril-industries/4672911007--mission-software-engineer-vehicle-software-frontend""}]","[""https://boards.greenhouse.io/andurilindustries/jobs/4672911007?gh_jid=4672911007""]",[],"{""location"": [""Costa Mesa, California, United States; Seattle, Washington, United States; Washington, District of Columbia, United States""]}",{},"{""location"": ""array_field""}",{}
https://jobs.a16z.com/jobs/mercury-banking-for-startups/6116808004--senior-software-engineer-frontend-developer-experience,Senior Software Engineer - Frontend Developer Experience,Mercury,"San Francisco, CA, New York, NY, Portland, OR, or Remote within Canada or United States",200700.0,250900.0,USD,,"USD 200,700–250,900",,2026-07-15T17:17:41.000Z,,,remote,,,Detail could not be parsed; using published search metadata,,,a16z,https://jobs.a16z.com/jobs/mercury-banking-for-startups/6116808004--senior-software-engineer-frontend-developer-experience,,a16z,"[{""site"": ""a16z"", ""url"": ""https://jobs.a16z.com/jobs/mercury-banking-for-startups/6116808004--senior-software-engineer-frontend-developer-experience""}]","[""https://job-boards.greenhouse.io/mercury/jobs/6116808004""]",[],"{""location"": [""San Francisco, CA, New York, NY, Portland, OR, or Remote within Canada or United States""]}",{},"{""location"": ""array_field""}",{}
