url,title,company,location,salary_minimum,salary_maximum,salary_currency,salary_period,salary_text,last_updated,posted_at,internship,sponsors_visa,workplace,employment_type,experience_levels,note,url_validated_at,application_url_type,source_sites,source_urls,valid_through,source,sources_json,application_urls_json,employer_urls_json,array_fields_json,fields_json,field_types_json,enrichment_json
https://www.levels.fyi/jobs?jobId=1epto8w0tog1v,"Staff Engineer, AI Productivity",Hightouch,"Remote; San Francisco, California, United States",180000,400000,USD,year,,,2026-09-21T22:17:11.000Z,,,remote,,,,,,levels,https://www.levels.fyi/jobs?jobId=1epto8w0tog1v,,levels,"[{""site"": ""levels"", ""url"": ""https://www.levels.fyi/jobs?jobId=1epto8w0tog1v""}]","[""https://grnh.se/0v7xh9v24us""]",[],"{""location"": [""Remote; San Francisco, California, United States""]}",{},"{""location"": ""array_field""}",{}
https://www.levels.fyi/jobs?jobId=2hpijpqusgp7c,"Staff Engineer, AI Productivity",Hightouch,"Remote; New York, New York, United States",180000,400000,USD,year,,,2026-09-21T22:17:11.000Z,,,remote,,,,,,levels,https://www.levels.fyi/jobs?jobId=2hpijpqusgp7c,,levels,"[{""site"": ""levels"", ""url"": ""https://www.levels.fyi/jobs?jobId=2hpijpqusgp7c""}]","[""https://grnh.se/0v7xh9v24us""]",[],"{""location"": [""Remote; New York, New York, United States""]}",{},"{""location"": ""array_field""}",{}
https://www.levels.fyi/jobs?jobId=1e5jkz6d9ko6b,Developer Productivity Engineer,Hightouch,"Remote; New York, New York, United States",180000,400000,USD,year,,,2026-09-21T22:16:58.000Z,,,remote,,,,,,levels,https://www.levels.fyi/jobs?jobId=1e5jkz6d9ko6b,,levels,"[{""site"": ""levels"", ""url"": ""https://www.levels.fyi/jobs?jobId=1e5jkz6d9ko6b""}]","[""https://grnh.se/z31ylyrf4us""]",[],"{""location"": [""Remote; New York, New York, United States""]}",{},"{""location"": ""array_field""}",{}
https://www.levels.fyi/jobs?jobId=0fxmzwhiej5fk,Developer Relations Manager – Enterprise AI,Nvidia,"Beijing, Beijing, China",70000,117838,USD,year,,,2026-09-21T00:00:00.000Z,,,,,,,,,levels,https://www.levels.fyi/jobs?jobId=0fxmzwhiej5fk,,levels,"[{""site"": ""levels"", ""url"": ""https://www.levels.fyi/jobs?jobId=0fxmzwhiej5fk""}]","[""https://www.linkedin.com/jobs/view/developer-relations-manager-%E2%80%93-enterprise-ai-at-nvidia-4468473721""]",[],"{""location"": [""Beijing, Beijing, China""]}",{},"{""location"": ""array_field""}",{}
https://www.levels.fyi/jobs?jobId=0n7y01ni2qwp3,"Senior Software Engineer, Capacity Management - DGX Cloud",Nvidia,"Santa Clara, CA",205000,280000,USD,year,,,2026-09-21T00:00:00.000Z,,,,,,,,,levels,https://www.levels.fyi/jobs?jobId=0n7y01ni2qwp3,,levels,"[{""site"": ""levels"", ""url"": ""https://www.levels.fyi/jobs?jobId=0n7y01ni2qwp3""}]","[""https://www.linkedin.com/jobs/view/senior-software-engineer-capacity-management-dgx-cloud-at-nvidia-4468479696""]",[],"{""location"": [""Santa Clara, CA""]}",{},"{""location"": ""array_field""}",{}
https://www.levels.fyi/jobs?jobId=0vu1cvfedobds,Developer Relations Manager – Enterprise AI,Nvidia,"Shanghai, Shanghai, China",70000,117838,USD,year,,,2026-09-21T00:00:00.000Z,,,,,,,,,levels,https://www.levels.fyi/jobs?jobId=0vu1cvfedobds,,levels,"[{""site"": ""levels"", ""url"": ""https://www.levels.fyi/jobs?jobId=0vu1cvfedobds""}]","[""https://www.linkedin.com/jobs/view/developer-relations-manager-%E2%80%93-enterprise-ai-at-nvidia-4468470799""]",[],"{""location"": [""Shanghai, Shanghai, China""]}",{},"{""location"": ""array_field""}",{}
https://www.levels.fyi/jobs?jobId=1o1hnbvwkeoqm,Integration Engineering - Software Engineer,Apple,"Hyderabad, Telangana, India",34733,89317,USD,year,,,2026-09-19T00:00:00.000Z,,,,,,,,,levels,https://www.levels.fyi/jobs?jobId=1o1hnbvwkeoqm,,levels,"[{""site"": ""levels"", ""url"": ""https://www.levels.fyi/jobs?jobId=1o1hnbvwkeoqm""}]","[""https://www.linkedin.com/jobs/view/integration-engineering-software-engineer-at-apple-4467857759""]",[],"{""location"": [""Hyderabad, Telangana, India""]}",{},"{""location"": ""array_field""}",{}
https://www.levels.fyi/jobs?jobId=2gobjrcx70gmw,Application Reliability Engineer,Apple,"Bengaluru, Karnataka, India",40674,60743,USD,year,,,2026-09-19T00:00:00.000Z,,,,,,,,,levels,https://www.levels.fyi/jobs?jobId=2gobjrcx70gmw,,levels,"[{""site"": ""levels"", ""url"": ""https://www.levels.fyi/jobs?jobId=2gobjrcx70gmw""}]","[""https://www.linkedin.com/jobs/view/application-reliability-engineer-at-apple-4468049331""]",[],"{""location"": [""Bengaluru, Karnataka, India""]}",{},"{""location"": ""array_field""}",{}
https://www.levels.fyi/jobs?jobId=18c505vq22muo,DevOps Engineer - Marcom,Apple,"Hyderabad, Telangana, India",34733,89317,USD,year,,,2026-09-18T00:00:00.000Z,,,,,,,,,levels,https://www.levels.fyi/jobs?jobId=18c505vq22muo,,levels,"[{""site"": ""levels"", ""url"": ""https://www.levels.fyi/jobs?jobId=18c505vq22muo""}]","[""https://www.linkedin.com/jobs/view/devops-engineer-marcom-at-apple-4467546495""]",[],"{""location"": [""Hyderabad, Telangana, India""]}",{},"{""location"": ""array_field""}",{}
https://www.levels.fyi/jobs?jobId=03eitvtwj6bxa,Principal Software Engineer - CTJ - TS/SCI,Microsoft,"Reston, VA",188000,304200,USD,year,,,2026-09-30T00:00:00.000Z,,,,,,,,,levels,https://www.levels.fyi/jobs?jobId=03eitvtwj6bxa,,levels,"[{""site"": ""levels"", ""url"": ""https://www.levels.fyi/jobs?jobId=03eitvtwj6bxa""}]","[""https://www.linkedin.com/jobs/view/principal-software-engineer-ctj-ts-sci-at-microsoft-4473779193""]",[],"{""location"": [""Reston, VA""]}",{},"{""location"": ""array_field""}",{}
https://www.levels.fyi/jobs?jobId=040nl3efi0cd8,Principal Silicon Engineer,Microsoft,"Mountain View, CA",188000,304200,USD,year,,,2026-09-30T00:00:00.000Z,,,,,,,,,levels,https://www.levels.fyi/jobs?jobId=040nl3efi0cd8,,levels,"[{""site"": ""levels"", ""url"": ""https://www.levels.fyi/jobs?jobId=040nl3efi0cd8""}]","[""https://www.linkedin.com/jobs/view/principal-silicon-engineer-at-microsoft-4473775231""]",[],"{""location"": [""Mountain View, CA""]}",{},"{""location"": ""array_field""}",{}
https://www.levels.fyi/jobs?jobId=090rtt75lcrlq,Senior Software Engineer - Marketing Security Risk & Compliance,Microsoft,"Redmond, WA",160200,261000,USD,year,,,2026-09-30T00:00:00.000Z,,,,,,,,,levels,https://www.levels.fyi/jobs?jobId=090rtt75lcrlq,,levels,"[{""site"": ""levels"", ""url"": ""https://www.levels.fyi/jobs?jobId=090rtt75lcrlq""}]","[""https://www.linkedin.com/jobs/view/senior-software-engineer-marketing-security-risk-compliance-at-microsoft-4473774254""]",[],"{""location"": [""Redmond, WA""]}",{},"{""location"": ""array_field""}",{}
https://www.levels.fyi/jobs?jobId=03a8jamgohyxh,"Firmware Engineer, Annapurna Labs, ML Acceleration - Performance Instrumentation & Developer Tools",Amazon,"Cupertino, CA",180000,212000,USD,year,,,2026-10-01T00:00:00.000Z,,,,,,,,,levels,https://www.levels.fyi/jobs?jobId=03a8jamgohyxh,,levels,"[{""site"": ""levels"", ""url"": ""https://www.levels.fyi/jobs?jobId=03a8jamgohyxh""}]","[""https://www.linkedin.com/jobs/view/firmware-engineer-annapurna-labs-ml-acceleration-performance-instrumentation-developer-tools-at-amazon-web-services-aws-4473981847""]",[],"{""location"": [""Cupertino, CA""]}",{},"{""location"": ""array_field""}",{}
https://www.levels.fyi/jobs?jobId=0bj0ytu8xdopf,"Software Development Engineer, AWS Networking",Amazon,"Dublin, County Dublin, Ireland",120405,150312,USD,year,,,2026-10-01T00:00:00.000Z,,,,,,,,,levels,https://www.levels.fyi/jobs?jobId=0bj0ytu8xdopf,,levels,"[{""site"": ""levels"", ""url"": ""https://www.levels.fyi/jobs?jobId=0bj0ytu8xdopf""}]","[""https://www.linkedin.com/jobs/view/software-development-engineer-aws-networking-at-amazon-web-services-aws-4473988331""]",[],"{""location"": [""Dublin, County Dublin, Ireland""]}",{},"{""location"": ""array_field""}",{}
https://www.levels.fyi/jobs?jobId=0jotefopcoton,"Senior Software Development Engineer, Amazon Quick",Amazon,"Seattle, WA",177100,210000,USD,year,,,2026-10-01T00:00:00.000Z,,,,,,,,,levels,https://www.levels.fyi/jobs?jobId=0jotefopcoton,,levels,"[{""site"": ""levels"", ""url"": ""https://www.levels.fyi/jobs?jobId=0jotefopcoton""}]","[""https://www.linkedin.com/jobs/view/senior-software-development-engineer-amazon-quick-at-amazon-web-services-aws-4473977884""]",[],"{""location"": [""Seattle, WA""]}",{},"{""location"": ""array_field""}",{}
https://www.levels.fyi/jobs?jobId=0kf2na0er0f9j,Staff Software Engineer,Broadcom,Greater Hyderabad Area,37115,37115,USD,year,,,2026-09-24T00:00:00.000Z,,,,,,,,,levels,https://www.levels.fyi/jobs?jobId=0kf2na0er0f9j,,levels,"[{""site"": ""levels"", ""url"": ""https://www.levels.fyi/jobs?jobId=0kf2na0er0f9j""}]","[""https://www.linkedin.com/jobs/view/staff-software-engineer-at-broadcom-4471416375""]",[],"{""location"": [""Greater Hyderabad Area""]}",{},"{""location"": ""array_field""}",{}
https://www.levels.fyi/jobs?jobId=0ojum10ho8y98,R & D Software Engineer,Broadcom,Greater Hyderabad Area,37115,37115,USD,year,,,2026-09-24T00:00:00.000Z,,,,,,,,,levels,https://www.levels.fyi/jobs?jobId=0ojum10ho8y98,,levels,"[{""site"": ""levels"", ""url"": ""https://www.levels.fyi/jobs?jobId=0ojum10ho8y98""}]","[""https://www.linkedin.com/jobs/view/r-d-software-engineer-at-broadcom-4471418210""]",[],"{""location"": [""Greater Hyderabad Area""]}",{},"{""location"": ""array_field""}",{}
https://www.levels.fyi/jobs?jobId=0aknsb05x42x0,Staff Engineer,Broadcom,"Bengaluru, Karnataka, India",34724,78320,USD,year,,,2026-09-22T00:00:00.000Z,,,,,,,,,levels,https://www.levels.fyi/jobs?jobId=0aknsb05x42x0,,levels,"[{""site"": ""levels"", ""url"": ""https://www.levels.fyi/jobs?jobId=0aknsb05x42x0""}]","[""https://www.linkedin.com/jobs/view/staff-engineer-at-broadcom-4470276212""]",[],"{""location"": [""Bengaluru, Karnataka, India""]}",{},"{""location"": ""array_field""}",{}
https://rolesweep.com/jobs/4080d3a9a58e73a93df3b217718a872c-staff-software-engineer-assets,"Staff Software Engineer, Assets","Staff Software Engineer, Assets Seen 16h ago Webflow",U.S. Remote,,,,,,,,,,remote,full_time,,,,,rolesweep,https://rolesweep.com/jobs/4080d3a9a58e73a93df3b217718a872c-staff-software-engineer-assets,,rolesweep,"[{""site"": ""rolesweep"", ""url"": ""https://rolesweep.com/jobs/4080d3a9a58e73a93df3b217718a872c-staff-software-engineer-assets""}]",[],[],"{""location"": [""U.S. Remote""]}",{},"{""location"": ""array_field""}",{}
https://rolesweep.com/jobs/c4a30b914fbfd230a8e12dd6dfa48599-senior-software-engineer-amazon-leo-network-observability,"Senior Software Engineer , Amazon Leo - Network Observability","Senior Software Engineer , Amazon Leo - Network Observability Seen 16h ago Amazon","Redmond, Washington, USA",,,,,,,,,,onsite,full_time,,,,,rolesweep,https://rolesweep.com/jobs/c4a30b914fbfd230a8e12dd6dfa48599-senior-software-engineer-amazon-leo-network-observability,,rolesweep,"[{""site"": ""rolesweep"", ""url"": ""https://rolesweep.com/jobs/c4a30b914fbfd230a8e12dd6dfa48599-senior-software-engineer-amazon-leo-network-observability""}]",[],[],"{""location"": [""Redmond, Washington, USA""]}",{},"{""location"": ""array_field""}",{}
https://rolesweep.com/jobs/dca0d394c246f22068bd2d61e8ffbf40-entry-level-software-engineer-englewood-co-onsite-4-days-per-week-freewheel,"Entry Level Software Engineer- Englewood, CO- ONSITE 4 Days per Week- FreeWheel","Entry Level Software Engineer- Englewood, CO- ONSITE 4 Days per Week- FreeWheel Seen 16h ago Comcast","Englewood, CO",82581.08,123871.61,,,"$82,581.08 - $123,871.61",,,,,hybrid,full_time,,,,,rolesweep,https://rolesweep.com/jobs/dca0d394c246f22068bd2d61e8ffbf40-entry-level-software-engineer-englewood-co-onsite-4-days-per-week-freewheel,,rolesweep,"[{""site"": ""rolesweep"", ""url"": ""https://rolesweep.com/jobs/dca0d394c246f22068bd2d61e8ffbf40-entry-level-software-engineer-englewood-co-onsite-4-days-per-week-freewheel""}]",[],[],"{""location"": [""Englewood, CO""]}",{},"{""location"": ""array_field""}",{}
https://rolesweep.com/jobs/efd5eb7b20144966c7f24d2243d98b8a-senior-lead-software-engineering-specialist-workday-time-tracking-and-absence,"Senior Lead, Software Engineering Specialist Workday Time Tracking and Absence","Senior Lead, Software Engineering Specialist Workday Time Tracking and Absence Seen 16h ago Kyndryl","Mexico City, Distrito Federal, Mexico",,,,,,,,,,hybrid,full_time,,,,,rolesweep,https://rolesweep.com/jobs/efd5eb7b20144966c7f24d2243d98b8a-senior-lead-software-engineering-specialist-workday-time-tracking-and-absence,,rolesweep,"[{""site"": ""rolesweep"", ""url"": ""https://rolesweep.com/jobs/efd5eb7b20144966c7f24d2243d98b8a-senior-lead-software-engineering-specialist-workday-time-tracking-and-absence""}]",[],[],"{""location"": [""Mexico City, Distrito Federal, Mexico""]}",{},"{""location"": ""array_field""}",{}
https://rolesweep.com/jobs/c2f90facf0c743eae20c1396903dde84-senior-lead-software-engineering-workday-hcm-compensation-specialist,"Senior Lead, Software Engineering -  Workday HCM Compensation Specialist","Senior Lead, Software Engineering -  Workday HCM Compensation Specialist Seen 16h ago Kyndryl","Mexico City, Distrito Federal, Mexico",,,,,,,,,,hybrid,full_time,,,,,rolesweep,https://rolesweep.com/jobs/c2f90facf0c743eae20c1396903dde84-senior-lead-software-engineering-workday-hcm-compensation-specialist,,rolesweep,"[{""site"": ""rolesweep"", ""url"": ""https://rolesweep.com/jobs/c2f90facf0c743eae20c1396903dde84-senior-lead-software-engineering-workday-hcm-compensation-specialist""}]",[],[],"{""location"": [""Mexico City, Distrito Federal, Mexico""]}",{},"{""location"": ""array_field""}",{}
https://rolesweep.com/jobs/df9dab1f42a03dc03e27f9fe5d7735a6-software-engineer-integration-specialist,Software Engineer - Integration Specialist,Software Engineer - Integration Specialist Seen 16h ago Scry AI,"Noida, India; Gurugram, India; Hyderabad, India; Pune, India",,,,,,,,,,onsite,full_time,,,,,rolesweep,https://rolesweep.com/jobs/df9dab1f42a03dc03e27f9fe5d7735a6-software-engineer-integration-specialist,,rolesweep,"[{""site"": ""rolesweep"", ""url"": ""https://rolesweep.com/jobs/df9dab1f42a03dc03e27f9fe5d7735a6-software-engineer-integration-specialist""}]",[],[],"{""location"": [""Noida, India; Gurugram, India; Hyderabad, India; Pune, India""]}",{},"{""location"": ""array_field""}",{}
https://rolesweep.com/jobs/3e4e5329cdfc7069ebcf07dc612cbc2e-software-engineer-2-mainframe-cobol,Software Engineer 2 - Mainframe (COBOL),Software Engineer 2 - Mainframe (COBOL) Seen 17h ago U.S. Bancorp,10 Locations,,,,,,,,,,hybrid,full_time,,,,,rolesweep,https://rolesweep.com/jobs/3e4e5329cdfc7069ebcf07dc612cbc2e-software-engineer-2-mainframe-cobol,,rolesweep,"[{""site"": ""rolesweep"", ""url"": ""https://rolesweep.com/jobs/3e4e5329cdfc7069ebcf07dc612cbc2e-software-engineer-2-mainframe-cobol""}]",[],[],"{""location"": [""10 Locations""]}",{},"{""location"": ""array_field""}",{}
https://rolesweep.com/jobs/5c79a3c31380f7295b66a39dc17418d4-principal-software-engineer-i-platform-billing-core,Principal Software Engineer I - Platform Billing Core,Principal Software Engineer I - Platform Billing Core Seen 17h ago Elastic,United States,159800.0,252800.0,USD,,"$159,800 - $252,800 USD",,,,,remote,full_time,,,,,rolesweep,https://rolesweep.com/jobs/5c79a3c31380f7295b66a39dc17418d4-principal-software-engineer-i-platform-billing-core,,rolesweep,"[{""site"": ""rolesweep"", ""url"": ""https://rolesweep.com/jobs/5c79a3c31380f7295b66a39dc17418d4-principal-software-engineer-i-platform-billing-core""}]",[],[],"{""location"": [""United States""]}",{},"{""location"": ""array_field""}",{}
https://rolesweep.com/jobs/6f1b75fb1b9d98ab4d63582c6c126381-principal-software-engineer-java-architect-microservices-cloud-springboot,"Principal Software Engineer - Java Architect, Microservices, Cloud, Springboot","Principal Software Engineer - Java Architect, Microservices, Cloud, Springboot Seen 17h ago Mastercard","Pune, India, 411006",,,,,,,,,,onsite,full_time,,,,,rolesweep,https://rolesweep.com/jobs/6f1b75fb1b9d98ab4d63582c6c126381-principal-software-engineer-java-architect-microservices-cloud-springboot,,rolesweep,"[{""site"": ""rolesweep"", ""url"": ""https://rolesweep.com/jobs/6f1b75fb1b9d98ab4d63582c6c126381-principal-software-engineer-java-architect-microservices-cloud-springboot""}]",[],[],"{""location"": [""Pune, India, 411006""]}",{},"{""location"": ""array_field""}",{}
https://rolesweep.com/jobs/45a269a28f954e314250f2c04c024e0c-software-engineer-ii,Software Engineer II,Software Engineer II Seen 17h ago ResMed,"Sydney, NSW, Australia",,,,,,,,,,onsite,full_time,,,,,rolesweep,https://rolesweep.com/jobs/45a269a28f954e314250f2c04c024e0c-software-engineer-ii,,rolesweep,"[{""site"": ""rolesweep"", ""url"": ""https://rolesweep.com/jobs/45a269a28f954e314250f2c04c024e0c-software-engineer-ii""}]",[],[],"{""location"": [""Sydney, NSW, Australia""]}",{},"{""location"": ""array_field""}",{}
https://rolesweep.com/jobs/d054784922edc7ecd95e9c54237756e0-2027-summer-intern-software-engineer-autonomous-vehicle-simulation,"2027 Summer Intern - Software Engineer, Autonomous Vehicle: Simulation","2027 Summer Intern - Software Engineer, Autonomous Vehicle: Simulation Seen 17h ago General Motors","Sunnyvale, California",8100.0,9600.0,,month,"$8,100 - 9,600 per month",,,true,,hybrid,,,,,,rolesweep,https://rolesweep.com/jobs/d054784922edc7ecd95e9c54237756e0-2027-summer-intern-software-engineer-autonomous-vehicle-simulation,,rolesweep,"[{""site"": ""rolesweep"", ""url"": ""https://rolesweep.com/jobs/d054784922edc7ecd95e9c54237756e0-2027-summer-intern-software-engineer-autonomous-vehicle-simulation""}]",[],[],"{""location"": [""Sunnyvale, California""]}",{},"{""location"": ""array_field""}",{}
https://rolesweep.com/jobs/40a747d4f9743d0245f2f31530cfdc65-software-engineering-manager-order-fulfillment-software-factory,Software Engineering Manager - Order Fulfillment Software Factory,Software Engineering Manager - Order Fulfillment Software Factory Seen 17h ago General Motors,"Austin, Texas",,,,,,,,,,hybrid,full_time,,,,,rolesweep,https://rolesweep.com/jobs/40a747d4f9743d0245f2f31530cfdc65-software-engineering-manager-order-fulfillment-software-factory,,rolesweep,"[{""site"": ""rolesweep"", ""url"": ""https://rolesweep.com/jobs/40a747d4f9743d0245f2f31530cfdc65-software-engineering-manager-order-fulfillment-software-factory""}]",[],[],"{""location"": [""Austin, Texas""]}",{},"{""location"": ""array_field""}",{}
https://rolesweep.com/jobs/0023f273a2c4c89f67d00919d9e8675b-senior-software-engineer-motion-planning-secondary-driving-system,"Senior Software Engineer - Motion Planning, Secondary Driving System","Senior Software Engineer - Motion Planning, Secondary Driving System Seen 17h ago General Motors","Austin, Texas, United States of America",170600.0,261300.0,,,"$170,600.00 to $261,300.00",,,,,hybrid,full_time,,,,,rolesweep,https://rolesweep.com/jobs/0023f273a2c4c89f67d00919d9e8675b-senior-software-engineer-motion-planning-secondary-driving-system,,rolesweep,"[{""site"": ""rolesweep"", ""url"": ""https://rolesweep.com/jobs/0023f273a2c4c89f67d00919d9e8675b-senior-software-engineer-motion-planning-secondary-driving-system""}]",[],[],"{""location"": [""Austin, Texas, United States of America""]}",{},"{""location"": ""array_field""}",{}
https://rolesweep.com/jobs/ce22f8bd8790525ffe080120cc174af6-senior-software-engineer,Senior Software Engineer,Senior Software Engineer Seen 17h ago UnitedHealth Group,"Minnetonka, Minnesota",91700.0,163700.0,,year,"$91,700 to $163,700 annually",,,,,remote,full_time,,,,,rolesweep,https://rolesweep.com/jobs/ce22f8bd8790525ffe080120cc174af6-senior-software-engineer,,rolesweep,"[{""site"": ""rolesweep"", ""url"": ""https://rolesweep.com/jobs/ce22f8bd8790525ffe080120cc174af6-senior-software-engineer""}]",[],[],"{""location"": [""Minnetonka, Minnesota""]}",{},"{""location"": ""array_field""}",{}
https://rolesweep.com/jobs/58b9b7a3c187e3b63742d22f6842ade9-software-engineer-devops-us-federal,Software Engineer - DevOps (US Federal),Software Engineer - DevOps (US Federal) Seen 18h ago Workday,"USA.VA.Reston, Virginia",137000.0,,,,"$137,000",,,,,hybrid,full_time,,,,,rolesweep,https://rolesweep.com/jobs/58b9b7a3c187e3b63742d22f6842ade9-software-engineer-devops-us-federal,,rolesweep,"[{""site"": ""rolesweep"", ""url"": ""https://rolesweep.com/jobs/58b9b7a3c187e3b63742d22f6842ade9-software-engineer-devops-us-federal""}]",[],[],"{""location"": [""USA.VA.Reston, Virginia""]}",{},"{""location"": ""array_field""}",{}
https://rolesweep.com/jobs/dd0f916a8fc9208575126ed3bfda515e-sr-engineer-software-engineering-servicenow-platform-admin,"Sr Engineer, Software Engineering - ServiceNow Platform Admin","Sr Engineer, Software Engineering - ServiceNow Platform Admin Seen 18h ago Nationwide","Ohio - Columbus, Three Nationwide Plaza",70.0,,,,$70,,,,,hybrid,full_time,,,,,rolesweep,https://rolesweep.com/jobs/dd0f916a8fc9208575126ed3bfda515e-sr-engineer-software-engineering-servicenow-platform-admin,,rolesweep,"[{""site"": ""rolesweep"", ""url"": ""https://rolesweep.com/jobs/dd0f916a8fc9208575126ed3bfda515e-sr-engineer-software-engineering-servicenow-platform-admin""}]",[],[],"{""location"": [""Ohio - Columbus, Three Nationwide Plaza""]}",{},"{""location"": ""array_field""}",{}
https://rolesweep.com/jobs/1d7538ce0178e8c6b6797828b4bc1e17-sr-engineer-software-engineer-servicenow-developer,"Sr Engineer, Software Engineer (ServiceNow Developer)","Sr Engineer, Software Engineer (ServiceNow Developer) Seen 18h ago Nationwide","Ohio - Columbus, Three Nationwide Plaza",70.0,,,,$70,,,,,hybrid,full_time,,,,,rolesweep,https://rolesweep.com/jobs/1d7538ce0178e8c6b6797828b4bc1e17-sr-engineer-software-engineer-servicenow-developer,,rolesweep,"[{""site"": ""rolesweep"", ""url"": ""https://rolesweep.com/jobs/1d7538ce0178e8c6b6797828b4bc1e17-sr-engineer-software-engineer-servicenow-developer""}]",[],[],"{""location"": [""Ohio - Columbus, Three Nationwide Plaza""]}",{},"{""location"": ""array_field""}",{}
https://rolesweep.com/jobs/b834c455ff0254fec90e19c2e3b114ad-specialist-software-engineer-servicenow-platform,"Specialist, Software Engineer - ServiceNow Platform","Specialist, Software Engineer - ServiceNow Platform Seen 18h ago Nationwide","Ohio - Columbus, Three Nationwide Plaza",70.0,,,,$70,,,,,hybrid,full_time,,,,,rolesweep,https://rolesweep.com/jobs/b834c455ff0254fec90e19c2e3b114ad-specialist-software-engineer-servicenow-platform,,rolesweep,"[{""site"": ""rolesweep"", ""url"": ""https://rolesweep.com/jobs/b834c455ff0254fec90e19c2e3b114ad-specialist-software-engineer-servicenow-platform""}]",[],[],"{""location"": [""Ohio - Columbus, Three Nationwide Plaza""]}",{},"{""location"": ""array_field""}",{}
https://rolesweep.com/jobs/512b709386e1bccc4205db0a90c869ce-senior-platform-software-engineer,Senior Platform Software Engineer,Senior Platform Software Engineer Seen 18h ago Oracle,"Nashville, TN, United States",92500.0,209500.0,,year,"$92,500 - $209,500 per annum",,,,,onsite,full_time,,,,,rolesweep,https://rolesweep.com/jobs/512b709386e1bccc4205db0a90c869ce-senior-platform-software-engineer,,rolesweep,"[{""site"": ""rolesweep"", ""url"": ""https://rolesweep.com/jobs/512b709386e1bccc4205db0a90c869ce-senior-platform-software-engineer""}]",[],[],"{""location"": [""Nashville, TN, United States""]}",{},"{""location"": ""array_field""}",{}
https://rolesweep.com/jobs/5387c41e1d62aea9d94a80de1d69a8ce-senior-space-embedded-software-engineer,Senior Space Embedded Software Engineer,Senior Space Embedded Software Engineer Seen 18h ago Varda Space Industries,"El Segundo, California, United States",169067.0,216031.0,,,"$169,067 - $216,031",,,,,onsite,full_time,,,,,rolesweep,https://rolesweep.com/jobs/5387c41e1d62aea9d94a80de1d69a8ce-senior-space-embedded-software-engineer,,rolesweep,"[{""site"": ""rolesweep"", ""url"": ""https://rolesweep.com/jobs/5387c41e1d62aea9d94a80de1d69a8ce-senior-space-embedded-software-engineer""}]",[],[],"{""location"": [""El Segundo, California, United States""]}",{},"{""location"": ""array_field""}",{}
https://rolesweep.com/jobs/b0a141fb60c4082690c8f9e09a2a3b31-software-engineer-mid-level-java-full-stack,Software Engineer Mid-level (Java Full Stack),Software Engineer Mid-level (Java Full Stack) Seen 18h ago USAA,4 Locations,93770.0,179240.0,,,"$93,770.00 - $179,240.00",,,,,hybrid,full_time,,,,,rolesweep,https://rolesweep.com/jobs/b0a141fb60c4082690c8f9e09a2a3b31-software-engineer-mid-level-java-full-stack,,rolesweep,"[{""site"": ""rolesweep"", ""url"": ""https://rolesweep.com/jobs/b0a141fb60c4082690c8f9e09a2a3b31-software-engineer-mid-level-java-full-stack""}]",[],[],"{""location"": [""4 Locations""]}",{},"{""location"": ""array_field""}",{}
https://rolesweep.com/jobs/36fe5baf81a6655e1f1c35f0980cc58a-senior-software-engineer-in-test,Senior Software Engineer in Test,Senior Software Engineer in Test Seen 18h ago Grab,"HCMC, , Vietnam",,,,,,,,,,onsite,full_time,,,,,rolesweep,https://rolesweep.com/jobs/36fe5baf81a6655e1f1c35f0980cc58a-senior-software-engineer-in-test,,rolesweep,"[{""site"": ""rolesweep"", ""url"": ""https://rolesweep.com/jobs/36fe5baf81a6655e1f1c35f0980cc58a-senior-software-engineer-in-test""}]",[],[],"{""location"": [""HCMC, , Vietnam""]}",{},"{""location"": ""array_field""}",{}
https://rolesweep.com/jobs/aa8b4539a6a3e8e47a25ab0ec378c890-senior-software-engineering-lead,Senior Software Engineering Lead,Senior Software Engineering Lead Seen 18h ago UnitedHealth Group,"Chennai, Tamil Nadu",,,,,,,,,,onsite,full_time,,,,,rolesweep,https://rolesweep.com/jobs/aa8b4539a6a3e8e47a25ab0ec378c890-senior-software-engineering-lead,,rolesweep,"[{""site"": ""rolesweep"", ""url"": ""https://rolesweep.com/jobs/aa8b4539a6a3e8e47a25ab0ec378c890-senior-software-engineering-lead""}]",[],[],"{""location"": [""Chennai, Tamil Nadu""]}",{},"{""location"": ""array_field""}",{}
https://rolesweep.com/jobs/f50bf80d898e0a308bc7275dd0d311f5-software-engineering-lead,Software Engineering Lead,Software Engineering Lead Seen 18h ago UnitedHealth Group,"Hyderabad, Telangana",,,,,,,,,,onsite,full_time,,,,,rolesweep,https://rolesweep.com/jobs/f50bf80d898e0a308bc7275dd0d311f5-software-engineering-lead,,rolesweep,"[{""site"": ""rolesweep"", ""url"": ""https://rolesweep.com/jobs/f50bf80d898e0a308bc7275dd0d311f5-software-engineering-lead""}]",[],[],"{""location"": [""Hyderabad, Telangana""]}",{},"{""location"": ""array_field""}",{}
https://rolesweep.com/jobs/fdec3738a9d6ea1b17e5db3267921461-sr-manager-of-software-engineer-data,Sr Manager of Software Engineer - Data,Sr Manager of Software Engineer - Data Seen 3d ago JPMorgan Chase,"Houston, TX, United States",,,,,,,,,,onsite,full_time,,,,,rolesweep,https://rolesweep.com/jobs/fdec3738a9d6ea1b17e5db3267921461-sr-manager-of-software-engineer-data,,rolesweep,"[{""site"": ""rolesweep"", ""url"": ""https://rolesweep.com/jobs/fdec3738a9d6ea1b17e5db3267921461-sr-manager-of-software-engineer-data""}]",[],[],"{""location"": [""Houston, TX, United States""]}",{},"{""location"": ""array_field""}",{}
https://rolesweep.com/jobs/98f63611486df8250ef9e981b881f3ab-software-engineer-iii-java,Software Engineer III (Java),Software Engineer III (Java) Seen 3d ago JPMorgan Chase,"Jersey City, NJ, United States",137750.0,185000.0,,,"$137,750.00-$185,000.00",,,,,onsite,full_time,,,,,rolesweep,https://rolesweep.com/jobs/98f63611486df8250ef9e981b881f3ab-software-engineer-iii-java,,rolesweep,"[{""site"": ""rolesweep"", ""url"": ""https://rolesweep.com/jobs/98f63611486df8250ef9e981b881f3ab-software-engineer-iii-java""}]",[],[],"{""location"": [""Jersey City, NJ, United States""]}",{},"{""location"": ""array_field""}",{}
https://rolesweep.com/jobs/8188db327765704a9cfa01c27ea4874e-lead-software-engineer,Lead Software Engineer,Lead Software Engineer Seen 3d ago Appian,"McLean, Virginia",150000.0,300000.0,USD,,"$150,000 - $300,000 USD",,,,,onsite,full_time,,,,,rolesweep,https://rolesweep.com/jobs/8188db327765704a9cfa01c27ea4874e-lead-software-engineer,,rolesweep,"[{""site"": ""rolesweep"", ""url"": ""https://rolesweep.com/jobs/8188db327765704a9cfa01c27ea4874e-lead-software-engineer""}]",[],[],"{""location"": [""McLean, Virginia""]}",{},"{""location"": ""array_field""}",{}
https://rolesweep.com/jobs/6f405c1e7060cc11f83c2ade10ea00d8-principal-software-engineer-compute-architect-orbital-data-centers,"Principal Software Engineer, Compute Architect, Orbital Data Centers","Principal Software Engineer, Compute Architect, Orbital Data Centers Seen 3d ago Blue Origin",8 Locations,230773.0,323081.85,,,"$230,773.00 - $323,081.85",,,,,onsite,full_time,,,,,rolesweep,https://rolesweep.com/jobs/6f405c1e7060cc11f83c2ade10ea00d8-principal-software-engineer-compute-architect-orbital-data-centers,,rolesweep,"[{""site"": ""rolesweep"", ""url"": ""https://rolesweep.com/jobs/6f405c1e7060cc11f83c2ade10ea00d8-principal-software-engineer-compute-architect-orbital-data-centers""}]",[],[],"{""location"": [""8 Locations""]}",{},"{""location"": ""array_field""}",{}
https://rolesweep.com/jobs/047027126344c8145da25c76a57ee0a9-principal-software-engineer,Principal Software Engineer,Principal Software Engineer Seen 3d ago Microsoft,"United States, Washington, Redmond",142800.0,274800.0,,year,"$142,800 - $274,800 per year",,,,,onsite,full_time,,,,,rolesweep,https://rolesweep.com/jobs/047027126344c8145da25c76a57ee0a9-principal-software-engineer | https://rolesweep.com/jobs/937edef4489f056262c7a426ac7ab614-principal-software-engineer,,rolesweep,"[{""site"": ""rolesweep"", ""url"": ""https://rolesweep.com/jobs/047027126344c8145da25c76a57ee0a9-principal-software-engineer""}, {""site"": ""rolesweep"", ""url"": ""https://rolesweep.com/jobs/937edef4489f056262c7a426ac7ab614-principal-software-engineer""}]",[],[],"{""location"": [""United States, Washington, Redmond""]}",{},"{""location"": ""array_field""}",{}
https://rolesweep.com/jobs/9436625a5612b627f705df49aac610eb-senior-software-engineer-marketing-security-risk-compliance,Senior Software Engineer - Marketing Security Risk & Compliance,Senior Software Engineer - Marketing Security Risk & Compliance Seen 3d ago Microsoft,"United States, Washington, Redmond",119800.0,234700.0,,year,"$119,800 - $234,700 per year",,,,,onsite,full_time,,,,,rolesweep,https://rolesweep.com/jobs/9436625a5612b627f705df49aac610eb-senior-software-engineer-marketing-security-risk-compliance,,rolesweep,"[{""site"": ""rolesweep"", ""url"": ""https://rolesweep.com/jobs/9436625a5612b627f705df49aac610eb-senior-software-engineer-marketing-security-risk-compliance""}]",[],[],"{""location"": [""United States, Washington, Redmond""]}",{},"{""location"": ""array_field""}",{}
https://rolesweep.com/jobs/8e7271600caa30480580e3cf6d8c1573-senior-software-engineer,Senior Software Engineer,Senior Software Engineer Seen 3d ago Wells Fargo,3 Locations,100000.0,196000.0,,,"$100,000.00 - $196,000.00",,,,,hybrid,full_time,,,,,rolesweep,https://rolesweep.com/jobs/8e7271600caa30480580e3cf6d8c1573-senior-software-engineer,,rolesweep,"[{""site"": ""rolesweep"", ""url"": ""https://rolesweep.com/jobs/8e7271600caa30480580e3cf6d8c1573-senior-software-engineer""}]",[],[],"{""location"": [""3 Locations""]}",{},"{""location"": ""array_field""}",{}
https://rolesweep.com/jobs/20f313412f2a92785f000a7e4eddf69b-senior-software-engineer-in-test,Senior Software Engineer in Test,Senior Software Engineer in Test Seen 3d ago Okta,"Toronto, Ontario, Canada",118000.0,162000.0,CAD,,"$118,000 - $162,000 CAD",,,,,onsite,full_time,,,,,rolesweep,https://rolesweep.com/jobs/20f313412f2a92785f000a7e4eddf69b-senior-software-engineer-in-test,,rolesweep,"[{""site"": ""rolesweep"", ""url"": ""https://rolesweep.com/jobs/20f313412f2a92785f000a7e4eddf69b-senior-software-engineer-in-test""}]",[],[],"{""location"": [""Toronto, Ontario, Canada""]}",{},"{""location"": ""array_field""}",{}
https://rolesweep.com/jobs/a0b0b3976693d22df9198a824dd24df3-senior-software-engineer-data-platform,"Senior Software Engineer, Data Platform","Senior Software Engineer, Data Platform Seen 3d ago Okta","Bellevue, Washington",165000.0,227000.0,USD,,"$165,000 - $227,000 USD",,,,,onsite,full_time,,,,,rolesweep,https://rolesweep.com/jobs/a0b0b3976693d22df9198a824dd24df3-senior-software-engineer-data-platform,,rolesweep,"[{""site"": ""rolesweep"", ""url"": ""https://rolesweep.com/jobs/a0b0b3976693d22df9198a824dd24df3-senior-software-engineer-data-platform""}]",[],[],"{""location"": [""Bellevue, Washington""]}",{},"{""location"": ""array_field""}",{}
https://rolesweep.com/jobs/188fd36759e0281076c32fdd8858f31d-senior-full-stack-software-engineer,Senior Full Stack Software Engineer,Senior Full Stack Software Engineer Seen 3d ago UnitedHealth Group,"Eden Prairie, Minnesota",91700.0,163700.0,,year,"$91,700 to $163,700 annually",,,,,hybrid,full_time,,,,,rolesweep,https://rolesweep.com/jobs/188fd36759e0281076c32fdd8858f31d-senior-full-stack-software-engineer,,rolesweep,"[{""site"": ""rolesweep"", ""url"": ""https://rolesweep.com/jobs/188fd36759e0281076c32fdd8858f31d-senior-full-stack-software-engineer""}]",[],[],"{""location"": [""Eden Prairie, Minnesota""]}",{},"{""location"": ""array_field""}",{}
https://rolesweep.com/jobs/78db356d962124eed8dfafca47b3e40e-product-software-engineer-i,Product Software Engineer I,Product Software Engineer I Seen 3d ago Walt Disney Company,3 Locations,102100.0,136900.0,,year,"$102,100 - $136,900 per year",,,,,hybrid,full_time,,,,,rolesweep,https://rolesweep.com/jobs/78db356d962124eed8dfafca47b3e40e-product-software-engineer-i,,rolesweep,"[{""site"": ""rolesweep"", ""url"": ""https://rolesweep.com/jobs/78db356d962124eed8dfafca47b3e40e-product-software-engineer-i""}]",[],[],"{""location"": [""3 Locations""]}",{},"{""location"": ""array_field""}",{}
https://rolesweep.com/jobs/5323c570f0d23d421d751ce1d35ae374-software-engineer,Software Engineer,Software Engineer Seen 3d ago Booz Allen Hamilton,"Chantilly, VA",86800.0,198000.0,,,"$86,800.00 - $198,000.00",,,,,hybrid,full_time,,,,,rolesweep,https://rolesweep.com/jobs/5323c570f0d23d421d751ce1d35ae374-software-engineer,,rolesweep,"[{""site"": ""rolesweep"", ""url"": ""https://rolesweep.com/jobs/5323c570f0d23d421d751ce1d35ae374-software-engineer""}]",[],[],"{""location"": [""Chantilly, VA""]}",{},"{""location"": ""array_field""}",{}
https://rolesweep.com/jobs/27bfcf01db835be3c7ef784c0fd9db0a-systems-software-engineer,Systems Software Engineer,Systems Software Engineer Seen 3d ago Hewlett Packard Enterprise,"Ft. Collins, Colorado, United States of America",,,,,,,,,,onsite,full_time,,,,,rolesweep,https://rolesweep.com/jobs/27bfcf01db835be3c7ef784c0fd9db0a-systems-software-engineer,,rolesweep,"[{""site"": ""rolesweep"", ""url"": ""https://rolesweep.com/jobs/27bfcf01db835be3c7ef784c0fd9db0a-systems-software-engineer""}]",[],[],"{""location"": [""Ft. Collins, Colorado, United States of America""]}",{},"{""location"": ""array_field""}",{}
https://rolesweep.com/jobs/b98aabff6b88c789db7a71478e5dfb98-senior-software-engineer-protocol-operations-trust,Senior Software Engineer - Protocol Operations & Trust,Senior Software Engineer - Protocol Operations & Trust Seen 3d ago General Motors,"Bellevue, Washington plus 1 location",153200.0,234100.0,,,"$153,200 and $234,100",,,,,hybrid,full_time,,,,,rolesweep,https://rolesweep.com/jobs/b98aabff6b88c789db7a71478e5dfb98-senior-software-engineer-protocol-operations-trust,,rolesweep,"[{""site"": ""rolesweep"", ""url"": ""https://rolesweep.com/jobs/b98aabff6b88c789db7a71478e5dfb98-senior-software-engineer-protocol-operations-trust""}]",[],[],"{""location"": [""Bellevue, Washington plus 1 location""]}",{},"{""location"": ""array_field""}",{}
https://rolesweep.com/jobs/d7561a4e16c6baf55d92619fe7824e02-principal-software-engineer,Principal Software Engineer,Principal Software Engineer Seen 3d ago Citigroup,Jacksonville Florida United States,153600.0,230400.0,,,"$153,600.00 - $230,400.00",,,,,onsite,full_time,,,,,rolesweep,https://rolesweep.com/jobs/d7561a4e16c6baf55d92619fe7824e02-principal-software-engineer,,rolesweep,"[{""site"": ""rolesweep"", ""url"": ""https://rolesweep.com/jobs/d7561a4e16c6baf55d92619fe7824e02-principal-software-engineer""}]",[],[],"{""location"": [""Jacksonville Florida United States""]}",{},"{""location"": ""array_field""}",{}
https://rolesweep.com/jobs/86d4795236201ad78a2d18125e88e291-research-software-engineer-formal-methods-hybrid,"Research Software Engineer, Formal Methods (Hybrid)","Research Software Engineer, Formal Methods (Hybrid) Seen 3d ago Raytheon Technologies (RTX)",3 Locations,,,,,,,,,,hybrid,full_time,,,,,rolesweep,https://rolesweep.com/jobs/86d4795236201ad78a2d18125e88e291-research-software-engineer-formal-methods-hybrid,,rolesweep,"[{""site"": ""rolesweep"", ""url"": ""https://rolesweep.com/jobs/86d4795236201ad78a2d18125e88e291-research-software-engineer-formal-methods-hybrid""}]",[],[],"{""location"": [""3 Locations""]}",{},"{""location"": ""array_field""}",{}
https://rolesweep.com/jobs/b85f32a828b389eaa65b01ead48ee8ed-software-engineer-graduate-2026-2027,Software Engineer Graduate 2026/2027,Software Engineer Graduate 2026/2027 Seen 3d ago Arista Networks,"Dublin, County Dublin, Ireland",,,,,,,,,,onsite,full_time,,,,,rolesweep,https://rolesweep.com/jobs/b85f32a828b389eaa65b01ead48ee8ed-software-engineer-graduate-2026-2027,,rolesweep,"[{""site"": ""rolesweep"", ""url"": ""https://rolesweep.com/jobs/b85f32a828b389eaa65b01ead48ee8ed-software-engineer-graduate-2026-2027""}]",[],[],"{""location"": [""Dublin, County Dublin, Ireland""]}",{},"{""location"": ""array_field""}",{}
https://rolesweep.com/jobs/38268844503ba563c53a65fb1a19611f-senior-software-engineer-backend-m-f-d,Senior Software Engineer Backend (m/f/d),Senior Software Engineer Backend (m/f/d) Seen 3d ago Roche,"Vienna, Vienna, Austria",,,,,,,,,,hybrid,full_time,,,,,rolesweep,https://rolesweep.com/jobs/38268844503ba563c53a65fb1a19611f-senior-software-engineer-backend-m-f-d,,rolesweep,"[{""site"": ""rolesweep"", ""url"": ""https://rolesweep.com/jobs/38268844503ba563c53a65fb1a19611f-senior-software-engineer-backend-m-f-d""}]",[],[],"{""location"": [""Vienna, Vienna, Austria""]}",{},"{""location"": ""array_field""}",{}
https://rolesweep.com/jobs/db728b43591e36b4cd6c79349109f5e2-senior-principal-software-engineer-chief-architect-office-idira,Senior Principal Software Engineer Chief Architect Office - (Idira),Senior Principal Software Engineer Chief Architect Office - (Idira) Seen 3d ago Palo Alto Networks,Office - Israel - Petach Tikva,,,,,,,,,,onsite,full_time,,,,,rolesweep,https://rolesweep.com/jobs/db728b43591e36b4cd6c79349109f5e2-senior-principal-software-engineer-chief-architect-office-idira,,rolesweep,"[{""site"": ""rolesweep"", ""url"": ""https://rolesweep.com/jobs/db728b43591e36b4cd6c79349109f5e2-senior-principal-software-engineer-chief-architect-office-idira""}]",[],[],"{""location"": [""Office - Israel - Petach Tikva""]}",{},"{""location"": ""array_field""}",{}
https://rolesweep.com/jobs/091ca2a1887480c82158de1a49c36641-principal-software-engineer-ii,Principal Software Engineer II,Principal Software Engineer II Seen 3d ago Walgreens,"Deerfield, Illinois",150000.0,240625.0,,,"$150000 - $240,625.00",,,,,hybrid,full_time,,,,,rolesweep,https://rolesweep.com/jobs/091ca2a1887480c82158de1a49c36641-principal-software-engineer-ii,,rolesweep,"[{""site"": ""rolesweep"", ""url"": ""https://rolesweep.com/jobs/091ca2a1887480c82158de1a49c36641-principal-software-engineer-ii""}]",[],[],"{""location"": [""Deerfield, Illinois""]}",{},"{""location"": ""array_field""}",{}
https://rolesweep.com/jobs/036dfe2156809d87edcd832c2dbb13c7-associate-software-engineer-software-engineer,Associate Software Engineer / Software Engineer,Associate Software Engineer / Software Engineer Seen 3d ago Northrop Grumman,United States-Florida-Melbourne,65800.0,98800.0,,,"$65,800.00 - $98,800.00",,,,,onsite,full_time,,,,,rolesweep,https://rolesweep.com/jobs/036dfe2156809d87edcd832c2dbb13c7-associate-software-engineer-software-engineer,,rolesweep,"[{""site"": ""rolesweep"", ""url"": ""https://rolesweep.com/jobs/036dfe2156809d87edcd832c2dbb13c7-associate-software-engineer-software-engineer""}]",[],[],"{""location"": [""United States-Florida-Melbourne""]}",{},"{""location"": ""array_field""}",{}
https://rolesweep.com/jobs/2a4fe98dbe095f81736c0d6c74f27a09-staff-software-engineer-customer-facing-applied-ai,Staff Software Engineer - Customer Facing Applied AI,Staff Software Engineer - Customer Facing Applied AI Seen 3d ago Addepar,"Remote, USA",158000.0,248000.0,USD,,"$158,000 - $248,000 USD",,,,,remote,full_time,,,,,rolesweep,https://rolesweep.com/jobs/2a4fe98dbe095f81736c0d6c74f27a09-staff-software-engineer-customer-facing-applied-ai,,rolesweep,"[{""site"": ""rolesweep"", ""url"": ""https://rolesweep.com/jobs/2a4fe98dbe095f81736c0d6c74f27a09-staff-software-engineer-customer-facing-applied-ai""}]",[],[],"{""location"": [""Remote, USA""]}",{},"{""location"": ""array_field""}",{}
https://rolesweep.com/jobs/dbba0ea73b4ad40d7c14409667b33509-senior-software-engineer-ai-solutions-engineering-trading-technology,Senior Software Engineer - AI Solutions Engineering - Trading Technology,Senior Software Engineer - AI Solutions Engineering - Trading Technology Seen 3d ago Charles Schwab,"Ann Arbor, MI; Southlake, TX; Austin, TX",150000.0,180000.0,,year,"$150,000.00 - $180,000.00 / Year",,,,,onsite,full_time,,,,,rolesweep,https://rolesweep.com/jobs/dbba0ea73b4ad40d7c14409667b33509-senior-software-engineer-ai-solutions-engineering-trading-technology,,rolesweep,"[{""site"": ""rolesweep"", ""url"": ""https://rolesweep.com/jobs/dbba0ea73b4ad40d7c14409667b33509-senior-software-engineer-ai-solutions-engineering-trading-technology""}]",[],[],"{""location"": [""Ann Arbor, MI; Southlake, TX; Austin, TX""]}",{},"{""location"": ""array_field""}",{}
https://rolesweep.com/jobs/79077bc96f85dcdb9956d8dc8007de9c-software-engineer-professional-services-1,"Software Engineer, Professional Services-1","Software Engineer, Professional Services-1 Seen 1d ago Thomson Reuters",Mexico City,,,,,,,,,,hybrid,full_time,,,,,rolesweep,https://rolesweep.com/jobs/79077bc96f85dcdb9956d8dc8007de9c-software-engineer-professional-services-1,,rolesweep,"[{""site"": ""rolesweep"", ""url"": ""https://rolesweep.com/jobs/79077bc96f85dcdb9956d8dc8007de9c-software-engineer-professional-services-1""}]",[],[],"{""location"": [""Mexico City""]}",{},"{""location"": ""array_field""}",{}
https://rolesweep.com/jobs/ddc251f787184646cca3b7254e2ca053-director-principal-software-engineer-strategic-engineering,"Director, Principal Software Engineer - Strategic Engineering","Director, Principal Software Engineer - Strategic Engineering Seen 1d ago Pfizer",2 Locations,176600.0,294300.0,,,"$176,600.00 - $294,300.00",,,,,hybrid,full_time,,,,,rolesweep,https://rolesweep.com/jobs/ddc251f787184646cca3b7254e2ca053-director-principal-software-engineer-strategic-engineering,,rolesweep,"[{""site"": ""rolesweep"", ""url"": ""https://rolesweep.com/jobs/ddc251f787184646cca3b7254e2ca053-director-principal-software-engineer-strategic-engineering""}]",[],[],"{""location"": [""2 Locations""]}",{},"{""location"": ""array_field""}",{}
https://rolesweep.com/jobs/4bc8a5f7333026e9f7e33de3ed5d89fd-senior-software-engineer-marketing-enablement-technology,"Senior Software Engineer, Marketing Enablement & Technology","Senior Software Engineer, Marketing Enablement & Technology Seen 1d ago Instacart","Canada - Remote (ON, AB, BC, or NS Only)",168000.0,177500.0,USD,,"$168,000 - $177,500 USD",,,,,remote,full_time,,,,,rolesweep,https://rolesweep.com/jobs/4bc8a5f7333026e9f7e33de3ed5d89fd-senior-software-engineer-marketing-enablement-technology,,rolesweep,"[{""site"": ""rolesweep"", ""url"": ""https://rolesweep.com/jobs/4bc8a5f7333026e9f7e33de3ed5d89fd-senior-software-engineer-marketing-enablement-technology""}]",[],[],"{""location"": [""Canada - Remote (ON, AB, BC, or NS Only)""]}",{},"{""location"": ""array_field""}",{}
https://rolesweep.com/jobs/e4e6e082a30fbdddb5d75c4e4a338c8c-senior-software-engineer-marketing-enablement-technology,"Senior Software Engineer, Marketing Enablement & Technology","Senior Software Engineer, Marketing Enablement & Technology Seen 1d ago Instacart",United States - Remote,199000.0,210000.0,USD,,"$199,000 - $210,000 USD",,,,,remote,full_time,,,,,rolesweep,https://rolesweep.com/jobs/e4e6e082a30fbdddb5d75c4e4a338c8c-senior-software-engineer-marketing-enablement-technology,,rolesweep,"[{""site"": ""rolesweep"", ""url"": ""https://rolesweep.com/jobs/e4e6e082a30fbdddb5d75c4e4a338c8c-senior-software-engineer-marketing-enablement-technology""}]",[],[],"{""location"": [""United States - Remote""]}",{},"{""location"": ""array_field""}",{}
https://rolesweep.com/jobs/0e9b2e7f49cebd1dd70cc3b6b8229c4c-software-engineer-iii,Software Engineer III,Software Engineer III Seen 1d ago Walmart (US),"Sunnyvale, CA",117000.0,234000.0,,,"$117,000.00 - $234,000.00",,,,,onsite,full_time,,,,,rolesweep,https://rolesweep.com/jobs/0e9b2e7f49cebd1dd70cc3b6b8229c4c-software-engineer-iii,,rolesweep,"[{""site"": ""rolesweep"", ""url"": ""https://rolesweep.com/jobs/0e9b2e7f49cebd1dd70cc3b6b8229c4c-software-engineer-iii""}]",[],[],"{""location"": [""Sunnyvale, CA""]}",{},"{""location"": ""array_field""}",{}
https://rolesweep.com/jobs/1d508b1920d75daf9cde65097b4a528e-staff-software-engineer-frontend,"Staff, Software Engineer - Frontend","Staff, Software Engineer - Frontend Seen 1d ago Walmart (US)",(USA) SUNNYVALE TECH CORNERS BLDG 6 CA SUNNYVALE Home Office,143000.0,286000.0,,,"$143,000.00 - $286,000.00",,,,,hybrid,full_time,,,,,rolesweep,https://rolesweep.com/jobs/1d508b1920d75daf9cde65097b4a528e-staff-software-engineer-frontend,,rolesweep,"[{""site"": ""rolesweep"", ""url"": ""https://rolesweep.com/jobs/1d508b1920d75daf9cde65097b4a528e-staff-software-engineer-frontend""}]",[],[],"{""location"": [""(USA) SUNNYVALE TECH CORNERS BLDG 6 CA SUNNYVALE Home Office""]}",{},"{""location"": ""array_field""}",{}
https://rolesweep.com/jobs/6e1f47f8d3f5c73064af0f12b1c0ec47-software-engineer-devsecops-co-op-summer-fall-2027-hybrid,"Software Engineer, DevSecOps Co-Op (Summer/Fall 2027) (Hybrid)","Software Engineer, DevSecOps Co-Op (Summer/Fall 2027) (Hybrid) Seen 1d ago Raytheon Technologies (RTX)",US-PR-AGUADILLA-110 ~ Rd 110 N Km 28.8 ~ RD110,,,,,,,,true,,hybrid,full_time,,,,,rolesweep,https://rolesweep.com/jobs/6e1f47f8d3f5c73064af0f12b1c0ec47-software-engineer-devsecops-co-op-summer-fall-2027-hybrid,,rolesweep,"[{""site"": ""rolesweep"", ""url"": ""https://rolesweep.com/jobs/6e1f47f8d3f5c73064af0f12b1c0ec47-software-engineer-devsecops-co-op-summer-fall-2027-hybrid""}]",[],[],"{""location"": [""US-PR-AGUADILLA-110 ~ Rd 110 N Km 28.8 ~ RD110""]}",{},"{""location"": ""array_field""}",{}
https://rolesweep.com/jobs/2c8c26ea30ded2c90a8d87819fa7b69a-software-engineering-co-op-summer-fall-2027-hybrid,Software Engineering Co-Op (Summer/Fall 2027) (Hybrid),Software Engineering Co-Op (Summer/Fall 2027) (Hybrid) Seen 1d ago Raytheon Technologies (RTX),US-PR-AGUADILLA-110 ~ Rd 110 N Km 28.8 ~ RD110,,,,,,,,true,,hybrid,full_time,,,,,rolesweep,https://rolesweep.com/jobs/2c8c26ea30ded2c90a8d87819fa7b69a-software-engineering-co-op-summer-fall-2027-hybrid,,rolesweep,"[{""site"": ""rolesweep"", ""url"": ""https://rolesweep.com/jobs/2c8c26ea30ded2c90a8d87819fa7b69a-software-engineering-co-op-summer-fall-2027-hybrid""}]",[],[],"{""location"": [""US-PR-AGUADILLA-110 ~ Rd 110 N Km 28.8 ~ RD110""]}",{},"{""location"": ""array_field""}",{}
https://rolesweep.com/jobs/7546e2a12bd2f9170b162e0febefe80e-staff-software-engineer-extreme-platform-one-10548,Staff Software Engineer – Extreme Platform ONE (10548),Staff Software Engineer – Extreme Platform ONE (10548) Seen 1d ago Extreme Networks,"San Jose, California, United States",,,,,,,,,,hybrid,full_time,,,,,rolesweep,https://rolesweep.com/jobs/7546e2a12bd2f9170b162e0febefe80e-staff-software-engineer-extreme-platform-one-10548,,rolesweep,"[{""site"": ""rolesweep"", ""url"": ""https://rolesweep.com/jobs/7546e2a12bd2f9170b162e0febefe80e-staff-software-engineer-extreme-platform-one-10548""}]",[],[],"{""location"": [""San Jose, California, United States""]}",{},"{""location"": ""array_field""}",{}
https://rolesweep.com/jobs/7ed041ae0a9303e16807a991be7d3309-principal-software-engineer-evisort-ai,Principal Software Engineer - Evisort AI,Principal Software Engineer - Evisort AI Seen 1d ago Workday,"Canada, BC, Vancouver",168000.0,252000.0,,,"$168,000 - $252,000",,,,,hybrid,full_time,,,,,rolesweep,https://rolesweep.com/jobs/7ed041ae0a9303e16807a991be7d3309-principal-software-engineer-evisort-ai,,rolesweep,"[{""site"": ""rolesweep"", ""url"": ""https://rolesweep.com/jobs/7ed041ae0a9303e16807a991be7d3309-principal-software-engineer-evisort-ai""}]",[],[],"{""location"": [""Canada, BC, Vancouver""]}",{},"{""location"": ""array_field""}",{}
https://rolesweep.com/jobs/f74a490904786a5022cfccc0768a41b7-software-engineer-w-m-d,Software Engineer (w/m/d),Software Engineer (w/m/d) Seen 1d ago Siemens Healthineers,North Rhine-Westphalia,,,,,,,,,,onsite,full_time,,,,,rolesweep,https://rolesweep.com/jobs/f74a490904786a5022cfccc0768a41b7-software-engineer-w-m-d,,rolesweep,"[{""site"": ""rolesweep"", ""url"": ""https://rolesweep.com/jobs/f74a490904786a5022cfccc0768a41b7-software-engineer-w-m-d""}]",[],[],"{""location"": [""North Rhine-Westphalia""]}",{},"{""location"": ""array_field""}",{}
https://rolesweep.com/jobs/16b1585872a44321e32d0bba15156b35-senior-software-engineer-w-m-d,Senior Software Engineer (w/m/d),Senior Software Engineer (w/m/d) Seen 1d ago Siemens Healthineers,North Rhine-Westphalia,,,,,,,,,,onsite,full_time,,,,,rolesweep,https://rolesweep.com/jobs/16b1585872a44321e32d0bba15156b35-senior-software-engineer-w-m-d,,rolesweep,"[{""site"": ""rolesweep"", ""url"": ""https://rolesweep.com/jobs/16b1585872a44321e32d0bba15156b35-senior-software-engineer-w-m-d""}]",[],[],"{""location"": [""North Rhine-Westphalia""]}",{},"{""location"": ""array_field""}",{}
https://rolesweep.com/jobs/a7e226be0d7ebc18b36f4a4061c3f9c5-software-engineer-passport-commerce-android,"Software Engineer, Passport & Commerce, Android","Software Engineer, Passport & Commerce, Android Seen 1d ago Airbnb","Remote, USA",162000.0,186000.0,USD,,"$162,000 - $186,000 USD",,,,,remote,full_time,,,,,rolesweep,https://rolesweep.com/jobs/a7e226be0d7ebc18b36f4a4061c3f9c5-software-engineer-passport-commerce-android,,rolesweep,"[{""site"": ""rolesweep"", ""url"": ""https://rolesweep.com/jobs/a7e226be0d7ebc18b36f4a4061c3f9c5-software-engineer-passport-commerce-android""}]",[],[],"{""location"": [""Remote, USA""]}",{},"{""location"": ""array_field""}",{}
https://rolesweep.com/jobs/0740d72787755d15117f3a11c0997215-principal-software-engineer-ai-performance-reliability,Principal Software Engineer — AI Performance & Reliability,Principal Software Engineer — AI Performance & Reliability Seen 1d ago AMD,"US,CA,San Jose",210000.0,,,year,"$210,000.00/Yr",,,,,hybrid,full_time,,,,,rolesweep,https://rolesweep.com/jobs/0740d72787755d15117f3a11c0997215-principal-software-engineer-ai-performance-reliability,,rolesweep,"[{""site"": ""rolesweep"", ""url"": ""https://rolesweep.com/jobs/0740d72787755d15117f3a11c0997215-principal-software-engineer-ai-performance-reliability""}]",[],[],"{""location"": [""US,CA,San Jose""]}",{},"{""location"": ""array_field""}",{}
https://rolesweep.com/jobs/a2bf803853d44c0558cda60f9766af83-principal-software-engineer-apache-cassandra,Principal Software Engineer - Apache Cassandra,Principal Software Engineer - Apache Cassandra Seen 1d ago JPMorgan Chase,"Columbus, OH, United States",,,,,,,,,,onsite,full_time,,,,,rolesweep,https://rolesweep.com/jobs/a2bf803853d44c0558cda60f9766af83-principal-software-engineer-apache-cassandra,,rolesweep,"[{""site"": ""rolesweep"", ""url"": ""https://rolesweep.com/jobs/a2bf803853d44c0558cda60f9766af83-principal-software-engineer-apache-cassandra""}]",[],[],"{""location"": [""Columbus, OH, United States""]}",{},"{""location"": ""array_field""}",{}
https://rolesweep.com/jobs/018ca41022cfe689014adbbd2dd04f07-software-engineer-iii-oracle-hcm,Software Engineer III - Oracle HCM,Software Engineer III - Oracle HCM Seen 1d ago JPMorgan Chase,"OH, United States",,,,,,,,,,onsite,full_time,,,,,rolesweep,https://rolesweep.com/jobs/018ca41022cfe689014adbbd2dd04f07-software-engineer-iii-oracle-hcm,,rolesweep,"[{""site"": ""rolesweep"", ""url"": ""https://rolesweep.com/jobs/018ca41022cfe689014adbbd2dd04f07-software-engineer-iii-oracle-hcm""}]",[],[],"{""location"": [""OH, United States""]}",{},"{""location"": ""array_field""}",{}
https://rolesweep.com/jobs/0ec8a07af447d1a9d291548e19206905-core-os-software-engineer-usb4-thunderbolt,Core OS Software Engineer - USB4/Thunderbolt,Core OS Software Engineer - USB4/Thunderbolt Seen 1d ago Apple,"Cupertino, United States of America",150400.0,277600.0,,,"$150,400 - $277,600",,,,,onsite,full_time,,,,,rolesweep,https://rolesweep.com/jobs/0ec8a07af447d1a9d291548e19206905-core-os-software-engineer-usb4-thunderbolt,,rolesweep,"[{""site"": ""rolesweep"", ""url"": ""https://rolesweep.com/jobs/0ec8a07af447d1a9d291548e19206905-core-os-software-engineer-usb4-thunderbolt""}]",[],[],"{""location"": [""Cupertino, United States of America""]}",{},"{""location"": ""array_field""}",{}
https://rolesweep.com/jobs/bd1024029586da5a139312cc4ce62487-principal-software-engineer,Principal Software Engineer,Principal Software Engineer Seen 1d ago Microsoft,"United States, Washington, Redmond",142800.0,274800.0,,year,"$142,800 - $274,800 per year",,,,,onsite,full_time,,,,,rolesweep,https://rolesweep.com/jobs/bd1024029586da5a139312cc4ce62487-principal-software-engineer,,rolesweep,"[{""site"": ""rolesweep"", ""url"": ""https://rolesweep.com/jobs/bd1024029586da5a139312cc4ce62487-principal-software-engineer""}]",[],[],"{""location"": [""United States, Washington, Redmond""]}",{},"{""location"": ""array_field""}",{}
https://rolesweep.com/jobs/d72e7e7ffe8afee15dd934c58aadf9a5-software-engineer-ii-minecraft,"Software Engineer II, Minecraft","Software Engineer II, Minecraft Seen 1d ago Microsoft","United States, Washington, Redmond",102100.0,202200.0,,year,"$102,100 - $202,200 per year",,,,,onsite,full_time,,,,,rolesweep,https://rolesweep.com/jobs/d72e7e7ffe8afee15dd934c58aadf9a5-software-engineer-ii-minecraft,,rolesweep,"[{""site"": ""rolesweep"", ""url"": ""https://rolesweep.com/jobs/d72e7e7ffe8afee15dd934c58aadf9a5-software-engineer-ii-minecraft""}]",[],[],"{""location"": [""United States, Washington, Redmond""]}",{},"{""location"": ""array_field""}",{}
https://rolesweep.com/jobs/182c29d9b2680186ab298b215a07ceeb-senior-software-engineer-minecraft,"Senior Software Engineer, Minecraft","Senior Software Engineer, Minecraft Seen 1d ago Microsoft","United States, Washington, Redmond",119800.0,234700.0,,year,"$119,800 - $234,700 per year",,,,,onsite,full_time,,,,,rolesweep,https://rolesweep.com/jobs/182c29d9b2680186ab298b215a07ceeb-senior-software-engineer-minecraft,,rolesweep,"[{""site"": ""rolesweep"", ""url"": ""https://rolesweep.com/jobs/182c29d9b2680186ab298b215a07ceeb-senior-software-engineer-minecraft""}]",[],[],"{""location"": [""United States, Washington, Redmond""]}",{},"{""location"": ""array_field""}",{}
https://rolesweep.com/jobs/359b0094b4fc5a172ccf9e3a66e6aca2-software-engineering-technical-leader-backend,Software Engineering Technical Leader - Backend,Software Engineering Technical Leader - Backend Seen 1d ago Cisco Systems,"San Jose, California, United States of America",186900.0,267700.0,,,"$186,900.00 - $267,700.00",,,,,hybrid,full_time,,,,,rolesweep,https://rolesweep.com/jobs/359b0094b4fc5a172ccf9e3a66e6aca2-software-engineering-technical-leader-backend,,rolesweep,"[{""site"": ""rolesweep"", ""url"": ""https://rolesweep.com/jobs/359b0094b4fc5a172ccf9e3a66e6aca2-software-engineering-technical-leader-backend""}]",[],[],"{""location"": [""San Jose, California, United States of America""]}",{},"{""location"": ""array_field""}",{}
https://rolesweep.com/jobs/aca2f9157d3d5ee4469e93d9c827c290-senior-software-engineer-java-microservices-aws,Senior Software Engineer - Java Microservices & AWS,Senior Software Engineer - Java Microservices & AWS Seen 1d ago Cognizant,"Pleasanton,CA-StonrigeM Rd, California, United States",81337.0,141500.0,,,"$81,337 to $141,500",,,,,remote,full_time,,,,,rolesweep,https://rolesweep.com/jobs/aca2f9157d3d5ee4469e93d9c827c290-senior-software-engineer-java-microservices-aws,,rolesweep,"[{""site"": ""rolesweep"", ""url"": ""https://rolesweep.com/jobs/aca2f9157d3d5ee4469e93d9c827c290-senior-software-engineer-java-microservices-aws""}]",[],[],"{""location"": [""Pleasanton,CA-StonrigeM Rd, California, United States""]}",{},"{""location"": ""array_field""}",{}
https://rolesweep.com/jobs/6dec7a470f83bec366de5669ec9c2dde-sr-software-engineer-ai-infrastructure-starshield,"Sr. Software Engineer, AI Infrastructure (Starshield)","Sr. Software Engineer, AI Infrastructure (Starshield) Seen 1d ago SpaceX","Palo Alto, CA",165000.0,265000.0,,,"$165,000.00 - $265,000.00",,,,,onsite,full_time,,,,,rolesweep,https://rolesweep.com/jobs/6dec7a470f83bec366de5669ec9c2dde-sr-software-engineer-ai-infrastructure-starshield,,rolesweep,"[{""site"": ""rolesweep"", ""url"": ""https://rolesweep.com/jobs/6dec7a470f83bec366de5669ec9c2dde-sr-software-engineer-ai-infrastructure-starshield""}]",[],[],"{""location"": [""Palo Alto, CA""]}",{},"{""location"": ""array_field""}",{}
https://rolesweep.com/jobs/025c48b2f7624a1a0f219471fc4c963d-sr-software-engineer-ai-infrastructure-starshield,"Sr. Software Engineer, AI Infrastructure (Starshield)","Sr. Software Engineer, AI Infrastructure (Starshield) Seen 1d ago SpaceX","Redmond, WA",165000.0,270000.0,,,"$165,000.00 - $270,000.00",,,,,onsite,full_time,,,,,rolesweep,https://rolesweep.com/jobs/025c48b2f7624a1a0f219471fc4c963d-sr-software-engineer-ai-infrastructure-starshield,,rolesweep,"[{""site"": ""rolesweep"", ""url"": ""https://rolesweep.com/jobs/025c48b2f7624a1a0f219471fc4c963d-sr-software-engineer-ai-infrastructure-starshield""}]",[],[],"{""location"": [""Redmond, WA""]}",{},"{""location"": ""array_field""}",{}
https://rolesweep.com/jobs/0803daab28cc165c725a302c1e7e8c17-senior-software-engineer-servicenow,Senior Software Engineer - ServiceNow,Senior Software Engineer - ServiceNow Seen 5h ago Unum Group,4 Locations,89400.0,183500.0,,,"$89,400.00 - $183,500.00",,,,,onsite,full_time,,,,,rolesweep,https://rolesweep.com/jobs/0803daab28cc165c725a302c1e7e8c17-senior-software-engineer-servicenow,,rolesweep,"[{""site"": ""rolesweep"", ""url"": ""https://rolesweep.com/jobs/0803daab28cc165c725a302c1e7e8c17-senior-software-engineer-servicenow""}]",[],[],"{""location"": [""4 Locations""]}",{},"{""location"": ""array_field""}",{}
https://rolesweep.com/jobs/b81334ed317d22bf3b5327087e2ac6c6-senior-software-engineer-product-led-growth,Senior Software Engineer - Product-Led Growth,Senior Software Engineer - Product-Led Growth Seen 5h ago Toast,"Dublin, Ireland",,,,,,,,,,hybrid,full_time,,,,,rolesweep,https://rolesweep.com/jobs/b81334ed317d22bf3b5327087e2ac6c6-senior-software-engineer-product-led-growth,,rolesweep,"[{""site"": ""rolesweep"", ""url"": ""https://rolesweep.com/jobs/b81334ed317d22bf3b5327087e2ac6c6-senior-software-engineer-product-led-growth""}]",[],[],"{""location"": [""Dublin, Ireland""]}",{},"{""location"": ""array_field""}",{}
https://rolesweep.com/jobs/0ac8340492018157c200a78799fd1330-senior-software-engineer-iq-grow,"Senior Software Engineer, IQ Grow","Senior Software Engineer, IQ Grow Seen 5h ago Toast","Dublin, Ireland",,,,,,,,,,hybrid,full_time,,,,,rolesweep,https://rolesweep.com/jobs/0ac8340492018157c200a78799fd1330-senior-software-engineer-iq-grow,,rolesweep,"[{""site"": ""rolesweep"", ""url"": ""https://rolesweep.com/jobs/0ac8340492018157c200a78799fd1330-senior-software-engineer-iq-grow""}]",[],[],"{""location"": [""Dublin, Ireland""]}",{},"{""location"": ""array_field""}",{}
https://rolesweep.com/jobs/fe54b8209a16866e05f30c2b76f13c0c-realtime-software-engineer,Realtime Software Engineer,Realtime Software Engineer Seen 5h ago Anduril Industries,"Waltham, Massachusetts, United States",191000.0,253000.0,USD,,"$191,000 - $253,000 USD",,,,,onsite,full_time,,,,,rolesweep,https://rolesweep.com/jobs/fe54b8209a16866e05f30c2b76f13c0c-realtime-software-engineer,,rolesweep,"[{""site"": ""rolesweep"", ""url"": ""https://rolesweep.com/jobs/fe54b8209a16866e05f30c2b76f13c0c-realtime-software-engineer""}]",[],[],"{""location"": [""Waltham, Massachusetts, United States""]}",{},"{""location"": ""array_field""}",{}
https://rolesweep.com/jobs/6c52e0bbf4ff9b040e0a33df16884567-embedded-software-engineer,Embedded Software Engineer,Embedded Software Engineer Seen 5h ago Deere & Company,"Dubuque, Iowa, United States",86892.0,130332.0,,,"$86,892.00 - $130,332.00",,,,,onsite,full_time,,,,,rolesweep,https://rolesweep.com/jobs/6c52e0bbf4ff9b040e0a33df16884567-embedded-software-engineer,,rolesweep,"[{""site"": ""rolesweep"", ""url"": ""https://rolesweep.com/jobs/6c52e0bbf4ff9b040e0a33df16884567-embedded-software-engineer""}]",[],[],"{""location"": [""Dubuque, Iowa, United States""]}",{},"{""location"": ""array_field""}",{}
https://rolesweep.com/jobs/7ba0d8bd96007ea37fc5a22ac040efe1-sr-principal-software-engineer-26-355,Sr Principal Software Engineer (26-355),Sr Principal Software Engineer (26-355) Seen 5h ago Northrop Grumman,United States-Colorado-Colorado Springs,129300.0,193900.0,,,"$129,300.00 - $193,900.00",,,,,onsite,full_time,,,,,rolesweep,https://rolesweep.com/jobs/7ba0d8bd96007ea37fc5a22ac040efe1-sr-principal-software-engineer-26-355,,rolesweep,"[{""site"": ""rolesweep"", ""url"": ""https://rolesweep.com/jobs/7ba0d8bd96007ea37fc5a22ac040efe1-sr-principal-software-engineer-26-355""}]",[],[],"{""location"": [""United States-Colorado-Colorado Springs""]}",{},"{""location"": ""array_field""}",{}
https://rolesweep.com/jobs/768e9f82abd25a6a8972e07d6407e32d-embedded-software-engineer-leve-2-or-level-3,Embedded Software Engineer (Leve 2 or Level 3),Embedded Software Engineer (Leve 2 or Level 3) Seen 5h ago Northrop Grumman,United States-Ohio-Cincinnati,91800.0,137600.0,,,"$91,800.00 - $137,600.00",,,,,onsite,full_time,,,,,rolesweep,https://rolesweep.com/jobs/768e9f82abd25a6a8972e07d6407e32d-embedded-software-engineer-leve-2-or-level-3,,rolesweep,"[{""site"": ""rolesweep"", ""url"": ""https://rolesweep.com/jobs/768e9f82abd25a6a8972e07d6407e32d-embedded-software-engineer-leve-2-or-level-3""}]",[],[],"{""location"": [""United States-Ohio-Cincinnati""]}",{},"{""location"": ""array_field""}",{}
https://rolesweep.com/jobs/0cdb803a48d1016fbef69d57fed55c26-devops-software-engineer-iii,DevOps Software Engineer III,DevOps Software Engineer III Seen 5h ago JPMorgan Chase,"Columbus, OH, United States",,,,,,,,,,onsite,full_time,,,,,rolesweep,https://rolesweep.com/jobs/0cdb803a48d1016fbef69d57fed55c26-devops-software-engineer-iii,,rolesweep,"[{""site"": ""rolesweep"", ""url"": ""https://rolesweep.com/jobs/0cdb803a48d1016fbef69d57fed55c26-devops-software-engineer-iii""}]",[],[],"{""location"": [""Columbus, OH, United States""]}",{},"{""location"": ""array_field""}",{}
https://rolesweep.com/jobs/d875f81649258d96f8615abca5d376df-sr-lead-software-engineer,Sr Lead Software Engineer,Sr Lead Software Engineer Seen 5h ago JPMorgan Chase,"Jersey City, NJ, United States",175750.0,260000.0,,,"$175,750.00-$260,000.00",,,,,onsite,full_time,,,,,rolesweep,https://rolesweep.com/jobs/d875f81649258d96f8615abca5d376df-sr-lead-software-engineer,,rolesweep,"[{""site"": ""rolesweep"", ""url"": ""https://rolesweep.com/jobs/d875f81649258d96f8615abca5d376df-sr-lead-software-engineer""}]",[],[],"{""location"": [""Jersey City, NJ, United States""]}",{},"{""location"": ""array_field""}",{}
https://rolesweep.com/jobs/60f196ed42a6d68e6c4b10e944e3e0e0-sre-software-engineer-iii,SRE Software Engineer III,SRE Software Engineer III Seen 5h ago JPMorgan Chase,"OH, United States",,,,,,,,,,onsite,full_time,,,,,rolesweep,https://rolesweep.com/jobs/60f196ed42a6d68e6c4b10e944e3e0e0-sre-software-engineer-iii,,rolesweep,"[{""site"": ""rolesweep"", ""url"": ""https://rolesweep.com/jobs/60f196ed42a6d68e6c4b10e944e3e0e0-sre-software-engineer-iii""}]",[],[],"{""location"": [""OH, United States""]}",{},"{""location"": ""array_field""}",{}
https://rolesweep.com/jobs/7f8c36d9871f1ce491c8c0cc76725cef-lead-software-engineer-sas-viya,Lead Software Engineer - SAS Viya,Lead Software Engineer - SAS Viya Seen 5h ago JPMorgan Chase,"OH, United States",,,,,,,,,,onsite,full_time,,,,,rolesweep,https://rolesweep.com/jobs/7f8c36d9871f1ce491c8c0cc76725cef-lead-software-engineer-sas-viya,,rolesweep,"[{""site"": ""rolesweep"", ""url"": ""https://rolesweep.com/jobs/7f8c36d9871f1ce491c8c0cc76725cef-lead-software-engineer-sas-viya""}]",[],[],"{""location"": [""OH, United States""]}",{},"{""location"": ""array_field""}",{}
https://rolesweep.com/jobs/cd2b8558c7201fa4aceed9e7daa1bfdc-cloud-engineer-software-engineer-ii,Cloud Engineer - Software Engineer II,Cloud Engineer - Software Engineer II Seen 5h ago Deloitte,"Portland, Oregon, United States",,,,,,,,,,onsite,full_time,,,,,rolesweep,https://rolesweep.com/jobs/cd2b8558c7201fa4aceed9e7daa1bfdc-cloud-engineer-software-engineer-ii,,rolesweep,"[{""site"": ""rolesweep"", ""url"": ""https://rolesweep.com/jobs/cd2b8558c7201fa4aceed9e7daa1bfdc-cloud-engineer-software-engineer-ii""}]",[],[],"{""location"": [""Portland, Oregon, United States""]}",{},"{""location"": ""array_field""}",{}
https://rolesweep.com/jobs/6c1a560d3fd4ef2b13a66c477e3fc012-software-engineering,Software Engineering,Software Engineering Seen 5h ago Microsoft,"United States, Washington, Redmond",85400.0,168100.0,,year,"$85,400 - $168,100 per year",,,,,onsite,full_time,,,,,rolesweep,https://rolesweep.com/jobs/6c1a560d3fd4ef2b13a66c477e3fc012-software-engineering,,rolesweep,"[{""site"": ""rolesweep"", ""url"": ""https://rolesweep.com/jobs/6c1a560d3fd4ef2b13a66c477e3fc012-software-engineering""}]",[],[],"{""location"": [""United States, Washington, Redmond""]}",{},"{""location"": ""array_field""}",{}
https://rolesweep.com/jobs/d2b968c910c7d75d557c585002e6977b-senior-software-engineer-in-test-playwright-selenium-rest-assured,"Senior Software Engineer in Test (Playwright/Selenium, Rest Assured)","Senior Software Engineer in Test (Playwright/Selenium, Rest Assured) Seen 5h ago Fidelity Investments","Smithfield, RI",,,,,,,,,,onsite,full_time,,,,,rolesweep,https://rolesweep.com/jobs/d2b968c910c7d75d557c585002e6977b-senior-software-engineer-in-test-playwright-selenium-rest-assured,,rolesweep,"[{""site"": ""rolesweep"", ""url"": ""https://rolesweep.com/jobs/d2b968c910c7d75d557c585002e6977b-senior-software-engineer-in-test-playwright-selenium-rest-assured""}]",[],[],"{""location"": [""Smithfield, RI""]}",{},"{""location"": ""array_field""}",{}
https://rolesweep.com/jobs/06e637f985dc783ccfd37d9fa0543d66-digital-software-engineering-intermediate-analyst,Digital Software Engineering Intermediate Analyst,Digital Software Engineering Intermediate Analyst Seen 5h ago Citigroup,Chennai Tamil Nadu India,,,,,,,,,,onsite,full_time,,,,,rolesweep,https://rolesweep.com/jobs/06e637f985dc783ccfd37d9fa0543d66-digital-software-engineering-intermediate-analyst,,rolesweep,"[{""site"": ""rolesweep"", ""url"": ""https://rolesweep.com/jobs/06e637f985dc783ccfd37d9fa0543d66-digital-software-engineering-intermediate-analyst""}]",[],[],"{""location"": [""Chennai Tamil Nadu India""]}",{},"{""location"": ""array_field""}",{}
https://rolesweep.com/jobs/29c6ee61058139b9f87fba8a4b9ec412-staff-software-engineer,Staff Software Engineer,Staff Software Engineer Seen 5h ago STERIS,"Vernon Hills, Illinois, United States",124737.5,154087.5,,,"$124,737.50 - $154,087.50",,,,,remote,full_time,,,,,rolesweep,https://rolesweep.com/jobs/29c6ee61058139b9f87fba8a4b9ec412-staff-software-engineer,,rolesweep,"[{""site"": ""rolesweep"", ""url"": ""https://rolesweep.com/jobs/29c6ee61058139b9f87fba8a4b9ec412-staff-software-engineer""}]",[],[],"{""location"": [""Vernon Hills, Illinois, United States""]}",{},"{""location"": ""array_field""}",{}
https://rolesweep.com/jobs/79b56180d51fd24dcd8b13e0adc3a27c-lead-software-engineer-simulation,Lead Software Engineer-Simulation,Lead Software Engineer-Simulation Seen 5h ago Boeing,"USA - Berkeley, MO",198050.0,267950.0,,,"$198,050 - $267,950",,,,,onsite,full_time,,,,,rolesweep,https://rolesweep.com/jobs/79b56180d51fd24dcd8b13e0adc3a27c-lead-software-engineer-simulation,,rolesweep,"[{""site"": ""rolesweep"", ""url"": ""https://rolesweep.com/jobs/79b56180d51fd24dcd8b13e0adc3a27c-lead-software-engineer-simulation""}]",[],[],"{""location"": [""USA - Berkeley, MO""]}",{},"{""location"": ""array_field""}",{}
https://rolesweep.com/jobs/8f9365bca5f9a4ef449764f005a9ce4c-software-engineer,Software Engineer,Software Engineer Seen 5h ago Cisco Systems,"San Francisco, California, United States of America",155000.0,222600.0,,,"$155,000.00 - $222,600.00",,,,,hybrid,full_time,,,,,rolesweep,https://rolesweep.com/jobs/8f9365bca5f9a4ef449764f005a9ce4c-software-engineer,,rolesweep,"[{""site"": ""rolesweep"", ""url"": ""https://rolesweep.com/jobs/8f9365bca5f9a4ef449764f005a9ce4c-software-engineer""}]",[],[],"{""location"": [""San Francisco, California, United States of America""]}",{},"{""location"": ""array_field""}",{}
https://rolesweep.com/jobs/8e03e9d5614f7c56deb9be7eb1d614b0-software-engineer,Software Engineer,Software Engineer Seen 5h ago Cisco Systems,"Milpitas, California, United States of America",155000.0,222600.0,,,"$155,000.00 - $222,600.00",,,,,onsite,full_time,,,,,rolesweep,https://rolesweep.com/jobs/8e03e9d5614f7c56deb9be7eb1d614b0-software-engineer,,rolesweep,"[{""site"": ""rolesweep"", ""url"": ""https://rolesweep.com/jobs/8e03e9d5614f7c56deb9be7eb1d614b0-software-engineer""}]",[],[],"{""location"": [""Milpitas, California, United States of America""]}",{},"{""location"": ""array_field""}",{}
https://rolesweep.com/jobs/5905cb0862cad5d02dee51bc559de33e-global-banking-markets-software-engineer-vice-president-london,Global Banking & Markets - Software Engineer - Vice President - London,Global Banking & Markets - Software Engineer - Vice President - London Seen 5h ago Goldman Sachs,"London, Greater London, England, United Kingdom",,,,,,,,,,onsite,full_time,,,,,rolesweep,https://rolesweep.com/jobs/5905cb0862cad5d02dee51bc559de33e-global-banking-markets-software-engineer-vice-president-london,,rolesweep,"[{""site"": ""rolesweep"", ""url"": ""https://rolesweep.com/jobs/5905cb0862cad5d02dee51bc559de33e-global-banking-markets-software-engineer-vice-president-london""}]",[],[],"{""location"": [""London, Greater London, England, United Kingdom""]}",{},"{""location"": ""array_field""}",{}
https://rolesweep.com/jobs/3843d41eb690558cb8bcdaafc6731e3a-principal-software-engineer-asana-platform,"Principal Software Engineer, Asana Platform","Principal Software Engineer, Asana Platform Seen 6h ago Asana",New York City,365500.0,380000.0,,,"$365,500 - $380,000",,,,,hybrid,full_time,,,,,rolesweep,https://rolesweep.com/jobs/3843d41eb690558cb8bcdaafc6731e3a-principal-software-engineer-asana-platform,,rolesweep,"[{""site"": ""rolesweep"", ""url"": ""https://rolesweep.com/jobs/3843d41eb690558cb8bcdaafc6731e3a-principal-software-engineer-asana-platform""}]",[],[],"{""location"": [""New York City""]}",{},"{""location"": ""array_field""}",{}
https://rolesweep.com/jobs/4a9273bf6dc4dfb3a6ff2abc38df1c14-ai-fleet-platform-software-engineer,AI Fleet Platform Software Engineer,AI Fleet Platform Software Engineer Seen 6h ago Cerebras Systems,"Sunnyvale, CA",,,,,,,,,,hybrid,full_time,,,,,rolesweep,https://rolesweep.com/jobs/4a9273bf6dc4dfb3a6ff2abc38df1c14-ai-fleet-platform-software-engineer,,rolesweep,"[{""site"": ""rolesweep"", ""url"": ""https://rolesweep.com/jobs/4a9273bf6dc4dfb3a6ff2abc38df1c14-ai-fleet-platform-software-engineer""}]",[],[],"{""location"": [""Sunnyvale, CA""]}",{},"{""location"": ""array_field""}",{}
https://rolesweep.com/jobs/f5d8735589dc1bb53c5cadf9a861d98a-sr-principal-embedded-software-engineer-level-4,Sr Principal Embedded Software Engineer (level 4),Sr Principal Embedded Software Engineer (level 4) Seen 6h ago Northrop Grumman,United States-Ohio-Cincinnati,142200.0,213200.0,,,"$142,200.00 - $213,200.00",,,,,onsite,full_time,,,,,rolesweep,https://rolesweep.com/jobs/f5d8735589dc1bb53c5cadf9a861d98a-sr-principal-embedded-software-engineer-level-4,,rolesweep,"[{""site"": ""rolesweep"", ""url"": ""https://rolesweep.com/jobs/f5d8735589dc1bb53c5cadf9a861d98a-sr-principal-embedded-software-engineer-level-4""}]",[],[],"{""location"": [""United States-Ohio-Cincinnati""]}",{},"{""location"": ""array_field""}",{}
https://rolesweep.com/jobs/259888b07c835365ee0cf2bb7aa4ebce-python-software-engineer-level-2-or-3-aht,Python Software Engineer Level 2 or 3 (AHT),Python Software Engineer Level 2 or 3 (AHT) Seen 6h ago Northrop Grumman,United States-Colorado-Aurora,91800.0,137600.0,,,"$91,800.00 - $137,600.00",,,,,onsite,full_time,,,,,rolesweep,https://rolesweep.com/jobs/259888b07c835365ee0cf2bb7aa4ebce-python-software-engineer-level-2-or-3-aht,,rolesweep,"[{""site"": ""rolesweep"", ""url"": ""https://rolesweep.com/jobs/259888b07c835365ee0cf2bb7aa4ebce-python-software-engineer-level-2-or-3-aht""}]",[],[],"{""location"": [""United States-Colorado-Aurora""]}",{},"{""location"": ""array_field""}",{}
https://www.remoterocketship.com/publicjobs/company/smartsheet/jobs/software-engineer-ii-united-states-remote/,Software Engineer II,Smartsheet,🇺🇸 United States – Remote,145000.0,210000.0,,year,$145k - $210k / year,,,,,remote,full_time,,,,,remote_rocketship,https://www.remoterocketship.com/publicjobs/company/smartsheet/jobs/software-engineer-ii-united-states-remote/,,remote_rocketship,"[{""site"": ""remote_rocketship"", ""url"": ""https://www.remoterocketship.com/publicjobs/company/smartsheet/jobs/software-engineer-ii-united-states-remote/""}]",[],"[""https://www.smartsheet.com/""]","{""location"": [""🇺🇸 United States – Remote""]}",{},"{""location"": ""array_field""}",{}
https://www.remoterocketship.com/publicjobs/company/nest-health/jobs/product-engineer-united-states-remote/,Product Engineer,Nest Health,🇺🇸 United States – Remote,,,,,,,,,,remote,full_time,,,,,remote_rocketship,https://www.remoterocketship.com/publicjobs/company/nest-health/jobs/product-engineer-united-states-remote/,,remote_rocketship,"[{""site"": ""remote_rocketship"", ""url"": ""https://www.remoterocketship.com/publicjobs/company/nest-health/jobs/product-engineer-united-states-remote/""}]",[],"[""http://www.nesthealth.com/""]","{""location"": [""🇺🇸 United States – Remote""]}",{},"{""location"": ""array_field""}",{}
https://www.remoterocketship.com/publicjobs/company/usap/jobs/software-developer-united-states-remote-2/,Software Developer,US Anesthesia Partners,🇺🇸 United States – Remote,66900.0,113700.0,,year,$66.9k - $113.7k / year,,,,,remote,full_time,,,,,remote_rocketship,https://www.remoterocketship.com/publicjobs/company/usap/jobs/software-developer-united-states-remote-2/,,remote_rocketship,"[{""site"": ""remote_rocketship"", ""url"": ""https://www.remoterocketship.com/publicjobs/company/usap/jobs/software-developer-united-states-remote-2/""}]",[],"[""https://www.usap.com/""]","{""location"": [""🇺🇸 United States – Remote""]}",{},"{""location"": ""array_field""}",{}
https://www.remoterocketship.com/publicjobs/company/bixal-2/jobs/lead-developer-united-states-remote/,Lead Developer,Bixal,🇺🇸 United States – Remote,135000.0,145000.0,,year,$135k - $145k / year,,,,,remote,full_time,,,,,remote_rocketship,https://www.remoterocketship.com/publicjobs/company/bixal-2/jobs/lead-developer-united-states-remote/,,remote_rocketship,"[{""site"": ""remote_rocketship"", ""url"": ""https://www.remoterocketship.com/publicjobs/company/bixal-2/jobs/lead-developer-united-states-remote/""}]",[],"[""https://careers.bixal.com/""]","{""location"": [""🇺🇸 United States – Remote""]}",{},"{""location"": ""array_field""}",{}
https://www.remoterocketship.com/publicjobs/company/presidio-2/jobs/senior-engineer-modern-platforms-virtualization-united-states-remote/,"Senior Engineer, Modern Platforms, Virtualization",Presidio,🇺🇸 United States – Remote,,,,,,,,,,remote,full_time,,,,,remote_rocketship,https://www.remoterocketship.com/publicjobs/company/presidio-2/jobs/senior-engineer-modern-platforms-virtualization-united-states-remote/ | https://www.remoterocketship.com/publicjobs/company/presidio/jobs/senior-engineer-modern-platforms-virtualization-united-states-remote/,,remote_rocketship,"[{""site"": ""remote_rocketship"", ""url"": ""https://www.remoterocketship.com/publicjobs/company/presidio-2/jobs/senior-engineer-modern-platforms-virtualization-united-states-remote/""}, {""site"": ""remote_rocketship"", ""url"": ""https://www.remoterocketship.com/publicjobs/company/presidio/jobs/senior-engineer-modern-platforms-virtualization-united-states-remote/""}]",[],"[""https://www.presidio.com/""]","{""location"": [""🇺🇸 United States – Remote""]}",{},"{""location"": ""array_field""}",{}
https://www.remoterocketship.com/publicjobs/company/ciandt/jobs/senior-net-developer-colombia-remote-5/,Senior .NET Developer,CI&T,🇨🇴 Colombia – Remote,5.5,,,,$5.5,,,,,remote,full_time,,,,,remote_rocketship,https://www.remoterocketship.com/publicjobs/company/ciandt/jobs/senior-net-developer-colombia-remote-5/,,remote_rocketship,"[{""site"": ""remote_rocketship"", ""url"": ""https://www.remoterocketship.com/publicjobs/company/ciandt/jobs/senior-net-developer-colombia-remote-5/""}]",[],"[""https://ciandt.com/""]","{""location"": [""🇨🇴 Colombia – Remote""]}",{},"{""location"": ""array_field""}",{}
https://www.remoterocketship.com/publicjobs/company/vetsez/jobs/senior-applied-ai-product-engineer-florida-remote/,Senior Applied AI Product Engineer,VetsEZ,🐊 Florida – Remote,,,,,,,,,,remote,full_time,,,,,remote_rocketship,https://www.remoterocketship.com/publicjobs/company/vetsez/jobs/senior-applied-ai-product-engineer-florida-remote/,,remote_rocketship,"[{""site"": ""remote_rocketship"", ""url"": ""https://www.remoterocketship.com/publicjobs/company/vetsez/jobs/senior-applied-ai-product-engineer-florida-remote/""}]",[],"[""https://www.vetsez.com/""]","{""location"": [""🐊 Florida – Remote""]}",{},"{""location"": ""array_field""}",{}
https://www.remoterocketship.com/publicjobs/company/vetsez/jobs/senior-applied-ai-product-engineer-texas-remote/,Senior Applied AI Product Engineer,VetsEZ,🤠 Texas – Remote,,,,,,,,,,remote,full_time,,,,,remote_rocketship,https://www.remoterocketship.com/publicjobs/company/vetsez/jobs/senior-applied-ai-product-engineer-texas-remote/,,remote_rocketship,"[{""site"": ""remote_rocketship"", ""url"": ""https://www.remoterocketship.com/publicjobs/company/vetsez/jobs/senior-applied-ai-product-engineer-texas-remote/""}]",[],"[""https://www.vetsez.com/""]","{""location"": [""🤠 Texas – Remote""]}",{},"{""location"": ""array_field""}",{}
https://www.remoterocketship.com/publicjobs/company/coinbase/jobs/senior-software-engineer-institutional-financing-united-states-remote/,"Senior Software Engineer, Institutional Financing",Coinbase,🇺🇸 United States – Remote,208000.0,218900.0,,year,$208k - $218.9k / year,,,,,remote,full_time,,,,,remote_rocketship,https://www.remoterocketship.com/publicjobs/company/coinbase/jobs/senior-software-engineer-institutional-financing-united-states-remote/,,remote_rocketship,"[{""site"": ""remote_rocketship"", ""url"": ""https://www.remoterocketship.com/publicjobs/company/coinbase/jobs/senior-software-engineer-institutional-financing-united-states-remote/""}]",[],"[""https://www.coinbase.com/""]","{""location"": [""🇺🇸 United States – Remote""]}",{},"{""location"": ""array_field""}",{}
https://www.remoterocketship.com/publicjobs/company/weave-bio/jobs/senior-backend-engineer-payments-united-states-remote/,"Senior Backend Engineer, Payments",Weave,🇺🇸 United States – Remote,,,,,,,,,,remote,full_time,,,,,remote_rocketship,https://www.remoterocketship.com/publicjobs/company/weave-bio/jobs/senior-backend-engineer-payments-united-states-remote/,,remote_rocketship,"[{""site"": ""remote_rocketship"", ""url"": ""https://www.remoterocketship.com/publicjobs/company/weave-bio/jobs/senior-backend-engineer-payments-united-states-remote/""}]",[],"[""https://www.weave.bio/""]","{""location"": [""🇺🇸 United States – Remote""]}",{},"{""location"": ""array_field""}",{}
https://www.remoterocketship.com/publicjobs/company/gc/jobs/staff-software-engineer-ads-united-states-remote/,"Staff Software Engineer, Ads",GameChanger,🇺🇸 United States – Remote,165000.0,185000.0,,year,$165k - $185k / year,,,,,remote,full_time,,,,,remote_rocketship,https://www.remoterocketship.com/publicjobs/company/gc/jobs/staff-software-engineer-ads-united-states-remote/,,remote_rocketship,"[{""site"": ""remote_rocketship"", ""url"": ""https://www.remoterocketship.com/publicjobs/company/gc/jobs/staff-software-engineer-ads-united-states-remote/""}]",[],"[""https://gc.com/""]","{""location"": [""🇺🇸 United States – Remote""]}",{},"{""location"": ""array_field""}",{}
https://www.remoterocketship.com/publicjobs/company/gc/jobs/senior-full-stack-engineer-basketball-united-states-remote/,"Senior Full Stack Engineer, Basketball",GameChanger,🇺🇸 United States – Remote,140000.0,155000.0,,year,$140k - $155k / year,,,,,remote,full_time,,,,,remote_rocketship,https://www.remoterocketship.com/publicjobs/company/gc/jobs/senior-full-stack-engineer-basketball-united-states-remote/,,remote_rocketship,"[{""site"": ""remote_rocketship"", ""url"": ""https://www.remoterocketship.com/publicjobs/company/gc/jobs/senior-full-stack-engineer-basketball-united-states-remote/""}]",[],"[""https://gc.com/""]","{""location"": [""🇺🇸 United States – Remote""]}",{},"{""location"": ""array_field""}",{}
https://www.remoterocketship.com/publicjobs/company/nametag/jobs/full-stack-engineer-product-platform-united-states-remote/,"Full Stack Engineer, Product Platform",Nametag,🇺🇸 United States – Remote,,,,,,,,,,remote,full_time,,,,,remote_rocketship,https://www.remoterocketship.com/publicjobs/company/nametag/jobs/full-stack-engineer-product-platform-united-states-remote/,,remote_rocketship,"[{""site"": ""remote_rocketship"", ""url"": ""https://www.remoterocketship.com/publicjobs/company/nametag/jobs/full-stack-engineer-product-platform-united-states-remote/""}]",[],"[""https://getnametag.com/""]","{""location"": [""🇺🇸 United States – Remote""]}",{},"{""location"": ""array_field""}",{}
https://www.remoterocketship.com/publicjobs/company/hive-co/jobs/senior-software-engineer-machine-learning-canada-remote/,"Senior Software Engineer, Machine Learning",Hive.co,🇨🇦 Canada – Remote,,,,,,,,,,remote,full_time,,,,,remote_rocketship,https://www.remoterocketship.com/publicjobs/company/hive-co/jobs/senior-software-engineer-machine-learning-canada-remote/,,remote_rocketship,"[{""site"": ""remote_rocketship"", ""url"": ""https://www.remoterocketship.com/publicjobs/company/hive-co/jobs/senior-software-engineer-machine-learning-canada-remote/""}]",[],"[""https://www.hive.co/""]","{""location"": [""🇨🇦 Canada – Remote""]}",{},"{""location"": ""array_field""}",{}
https://www.remoterocketship.com/publicjobs/company/netdocuments/jobs/senior-software-engineer-ai-growth-utah-remote/,Senior Software Engineer – AI Growth,NetDocuments,⛷️ Utah – Remote,145000.0,165000.0,,year,$145k - $165k / year,,,,,remote,full_time,,,,,remote_rocketship,https://www.remoterocketship.com/publicjobs/company/netdocuments/jobs/senior-software-engineer-ai-growth-utah-remote/,,remote_rocketship,"[{""site"": ""remote_rocketship"", ""url"": ""https://www.remoterocketship.com/publicjobs/company/netdocuments/jobs/senior-software-engineer-ai-growth-utah-remote/""}]",[],"[""https://www.netdocuments.com/""]","{""location"": [""⛷️ Utah – Remote""]}",{},"{""location"": ""array_field""}",{}
https://www.remoterocketship.com/publicjobs/company/youxgroup-com-br/jobs/senior-front-end-developer-worldwide-remote-2/,Senior Front-End Developer,Youx Group,🇧🇷 Brazil – Remote,,,,,,,,,,remote,full_time,,,,,remote_rocketship,https://www.remoterocketship.com/publicjobs/company/youxgroup-com-br/jobs/senior-front-end-developer-worldwide-remote-2/,,remote_rocketship,"[{""site"": ""remote_rocketship"", ""url"": ""https://www.remoterocketship.com/publicjobs/company/youxgroup-com-br/jobs/senior-front-end-developer-worldwide-remote-2/""}]",[],"[""https://youxgroup.com.br/""]","{""location"": [""🇧🇷 Brazil – Remote""]}",{},"{""location"": ""array_field""}",{}
https://www.remoterocketship.com/publicjobs/company/reddit-inc/jobs/ios-software-engineer-consumer-engineering-united-states-remote/,"iOS Software Engineer, Consumer Engineering","Reddit, Inc.",🇺🇸 United States – Remote,164000.0,229000.0,,year,$164k - $229k / year,,,,,remote,full_time,,,,,remote_rocketship,https://www.remoterocketship.com/publicjobs/company/reddit-inc/jobs/ios-software-engineer-consumer-engineering-united-states-remote/,,remote_rocketship,"[{""site"": ""remote_rocketship"", ""url"": ""https://www.remoterocketship.com/publicjobs/company/reddit-inc/jobs/ios-software-engineer-consumer-engineering-united-states-remote/""}]",[],"[""https://redditinc.com/""]","{""location"": [""🇺🇸 United States – Remote""]}",{},"{""location"": ""array_field""}",{}
https://www.remoterocketship.com/publicjobs/company/microtech-net/jobs/lead-engineer-united-states-remote/,Lead Engineer,MicroTech,🇺🇸 United States – Remote,111000.0,157000.0,,year,$111k - $157k / year,,,,,remote,full_time,,,,,remote_rocketship,https://www.remoterocketship.com/publicjobs/company/microtech-net/jobs/lead-engineer-united-states-remote/,,remote_rocketship,"[{""site"": ""remote_rocketship"", ""url"": ""https://www.remoterocketship.com/publicjobs/company/microtech-net/jobs/lead-engineer-united-states-remote/""}]",[],"[""https://microtech.net/""]","{""location"": [""🇺🇸 United States – Remote""]}",{},"{""location"": ""array_field""}",{}
https://www.remoterocketship.com/publicjobs/company/microtech-net/jobs/senior-software-developer-united-states-remote/,Senior Software Developer,MicroTech,🇺🇸 United States – Remote,102000.0,151000.0,,year,$102k - $151k / year,,,,,remote,full_time,,,,,remote_rocketship,https://www.remoterocketship.com/publicjobs/company/microtech-net/jobs/senior-software-developer-united-states-remote/,,remote_rocketship,"[{""site"": ""remote_rocketship"", ""url"": ""https://www.remoterocketship.com/publicjobs/company/microtech-net/jobs/senior-software-developer-united-states-remote/""}]",[],[],"{""location"": [""🇺🇸 United States – Remote""]}",{},"{""location"": ""array_field""}",{}
https://www.linkedin.com/posts/kurizamei_softwareengineering-engineeringleadership-activity-7511153248301481985-St0x,"Director, Software Engineering",84.51˚,Cincinnati,,,,,,2026-10-01T12:31:07.195+00:00,2026-09-30T20:01:24.874+00:00,,,,,,Apply via recruiter (link),,,backchannel,https://www.linkedin.com/posts/kurizamei_softwareengineering-engineeringleadership-activity-7511153248301481985-St0x,,backchannel,"[{""site"": ""backchannel"", ""url"": ""https://www.linkedin.com/posts/kurizamei_softwareengineering-engineeringleadership-activity-7511153248301481985-St0x""}]",[],[],"{""location"": [""Cincinnati""]}",{},"{""location"": ""array_field""}",{}
https://www.linkedin.com/posts/vinay-j-176124250_hiring-jobopening-informatica-activity-7511132028990394368-4hfb,Senior ETL Informatica IDMC Engineer,Saransh Software Solutions,San Antonio,,,,,,2026-09-30T21:01:04.907+00:00,2026-09-30T18:37:05.796+00:00,,,,,,Apply via recruiter (email),,,backchannel,https://www.linkedin.com/posts/vinay-j-176124250_hiring-jobopening-informatica-activity-7511132028990394368-4hfb,,backchannel,"[{""site"": ""backchannel"", ""url"": ""https://www.linkedin.com/posts/vinay-j-176124250_hiring-jobopening-informatica-activity-7511132028990394368-4hfb""}]",[],[],"{""location"": [""San Antonio""]}",{},"{""location"": ""array_field""}",{}
https://www.linkedin.com/posts/activity-7511032103447220224-JUxE,Lead Software Engineer (.Net Core + LLM),Aperia,Dallas,,,,,,2026-09-30T13:01:59.129+00:00,2026-09-30T12:00:01.69+00:00,,,,,,Apply via recruiter (link),,,backchannel,https://www.linkedin.com/posts/activity-7511032103447220224-JUxE,,backchannel,"[{""site"": ""backchannel"", ""url"": ""https://www.linkedin.com/posts/activity-7511032103447220224-JUxE""}]",[],[],"{""location"": [""Dallas""]}",{},"{""location"": ""array_field""}",{}
https://www.linkedin.com/posts/rory-shanks_hiring-robotics-roboticsengineering-activity-7510861917301665792-u3Jn,Lead Robotics Engineer,Arran Bridge (recruiting for undisclosed robotics startup),Cambridge,,,,,,2026-09-30T08:02:14.401+00:00,2026-09-30T00:43:46.151+00:00,,,,,,Apply via recruiter (DM or link),,,backchannel,https://www.linkedin.com/posts/rory-shanks_hiring-robotics-roboticsengineering-activity-7510861917301665792-u3Jn,,backchannel,"[{""site"": ""backchannel"", ""url"": ""https://www.linkedin.com/posts/rory-shanks_hiring-robotics-roboticsengineering-activity-7510861917301665792-u3Jn""}]",[],[],"{""location"": [""Cambridge""]}",{},"{""location"": ""array_field""}",{}
https://www.linkedin.com/posts/vedamene_frontend-engineer-human-capitalists-activity-7510914890178486272-l6eA,Frontend Engineer,Undisclosed YC-backed Tax SaaS Startup,Chicago,150000.0,200000.0,,,$150K–$200K,2026-09-30T08:01:48.951+00:00,2026-09-30T04:14:15.869+00:00,,,,,,Apply via recruiter (DM or link),,,backchannel,https://www.linkedin.com/posts/vedamene_frontend-engineer-human-capitalists-activity-7510914890178486272-l6eA,,backchannel,"[{""site"": ""backchannel"", ""url"": ""https://www.linkedin.com/posts/vedamene_frontend-engineer-human-capitalists-activity-7510914890178486272-l6eA""}]",[],[],"{""location"": [""Chicago""]}",{},"{""location"": ""array_field""}",{}
https://www.linkedin.com/feed/update/urn:li:groupPost:10401301-7510739998669967360,Lead Software Engineer – Generative AI,1PointSys,Columbus,,,,,,2026-09-29T17:02:22.465+00:00,2026-09-29T16:39:18.81+00:00,,,,,,Apply via recruiter (DM or email ajay.tiwari@1pointsys.com),,,backchannel,https://www.linkedin.com/feed/update/urn:li:groupPost:10401301-7510739998669967360,,backchannel,"[{""site"": ""backchannel"", ""url"": ""https://www.linkedin.com/feed/update/urn:li:groupPost:10401301-7510739998669967360""}]",[],[],"{""location"": [""Columbus""]}",{},"{""location"": ""array_field""}",{}
https://www.linkedin.com/posts/youkesh-r-3543a0423_hiring-aijobs-genai-activity-7510673630914183169-w3Qf,GenAI Forward Deployed Engineer,Prognity Technologies,Dallas,,,,,,2026-09-29T13:02:37.161+00:00,2026-09-29T12:15:35.178+00:00,,,,,,Apply via recruiter (DM or email reach@prognity.org),,,backchannel,https://www.linkedin.com/posts/youkesh-r-3543a0423_hiring-aijobs-genai-activity-7510673630914183169-w3Qf,,backchannel,"[{""site"": ""backchannel"", ""url"": ""https://www.linkedin.com/posts/youkesh-r-3543a0423_hiring-aijobs-genai-activity-7510673630914183169-w3Qf""}]",[],[],"{""location"": [""Dallas""]}",{},"{""location"": ""array_field""}",{}
https://www.linkedin.com/posts/sri-lakshmi-prathipati-800384183_hiring-for-w2-position-position-agentic-activity-7510679769978613760-5mU4,Agentic AI / ML Software Engineer,Cliecon Solutions,New Jersey,,,,,,2026-09-29T13:02:11.507+00:00,2026-09-29T12:39:58.845+00:00,,,,,,Apply via recruiter (DM),,,backchannel,https://www.linkedin.com/posts/sri-lakshmi-prathipati-800384183_hiring-for-w2-position-position-agentic-activity-7510679769978613760-5mU4,,backchannel,"[{""site"": ""backchannel"", ""url"": ""https://www.linkedin.com/posts/sri-lakshmi-prathipati-800384183_hiring-for-w2-position-position-agentic-activity-7510679769978613760-5mU4""}]",[],[],"{""location"": [""New Jersey""]}",{},"{""location"": ""array_field""}",{}
https://www.linkedin.com/posts/vedant-pratap-singh-tomar-30a274232_hiring-aiengineer-mlengineer-activity-7510446167743270912-9B_q,AI/ML Engineer,JGoldmead Infotech LLC,St. Louis,,,,,,2026-09-29T11:01:49.66+00:00,2026-09-28T21:11:43.732+00:00,,,,,,Apply via recruiter (DM),,,backchannel,https://www.linkedin.com/posts/vedant-pratap-singh-tomar-30a274232_hiring-aiengineer-mlengineer-activity-7510446167743270912-9B_q,,backchannel,"[{""site"": ""backchannel"", ""url"": ""https://www.linkedin.com/posts/vedant-pratap-singh-tomar-30a274232_hiring-aiengineer-mlengineer-activity-7510446167743270912-9B_q""}]",[],[],"{""location"": [""St. Louis""]}",{},"{""location"": ""array_field""}",{}
https://www.linkedin.com/posts/nithish-jayaprakash-203477387_hiring-dataengineer-etl-activity-7510450705921363969-nkaE,"Data Engineer – ETL, Surveillance & Marketing Analytics",Alchemy Software Solutions,Pittsburgh,,,,,,2026-09-29T08:01:37.444+00:00,2026-09-28T21:29:45.718+00:00,,,,,,Apply via recruiter (email),,,backchannel,https://www.linkedin.com/posts/nithish-jayaprakash-203477387_hiring-dataengineer-etl-activity-7510450705921363969-nkaE,,backchannel,"[{""site"": ""backchannel"", ""url"": ""https://www.linkedin.com/posts/nithish-jayaprakash-203477387_hiring-dataengineer-etl-activity-7510450705921363969-nkaE""}]",[],[],"{""location"": [""Pittsburgh""]}",{},"{""location"": ""array_field""}",{}
https://www.linkedin.com/posts/ashish50_hiring-softwareengineer-javadeveloper-activity-7510453960349184000-60Zi,Software Engineer – Java/Python/Gen AI Lead/Senior,Source Infotech,Columbus,,,,,,2026-09-29T05:01:21.444+00:00,2026-09-28T21:42:41.634+00:00,,,,,,Apply via recruiter (email),,,backchannel,https://www.linkedin.com/posts/ashish50_hiring-softwareengineer-javadeveloper-activity-7510453960349184000-60Zi,,backchannel,"[{""site"": ""backchannel"", ""url"": ""https://www.linkedin.com/posts/ashish50_hiring-softwareengineer-javadeveloper-activity-7510453960349184000-60Zi""}]",[],[],"{""location"": [""Columbus""]}",{},"{""location"": ""array_field""}",{}
https://www.linkedin.com/feed/update/urn:li:groupPost:10529815-7510383038187393024,AIDLC Manager / AI Architect,Exl Neo,Minneapolis,,,,,,2026-09-28T19:03:24.727+00:00,2026-09-28T17:00:52.643+00:00,,,,,,Apply via recruiter (email),,,backchannel,https://www.linkedin.com/feed/update/urn:li:groupPost:10529815-7510383038187393024 | https://www.linkedin.com/posts/sneha-gupta-59965a382_hiring-aidlc-aiengineering-activity-7510388909961408525-sNWi | https://www.linkedin.com/feed/update/urn:li:groupPost:4299996-7510402491277053952 | https://www.linkedin.com/feed/update/urn:li:groupPost:13724836-7510402472658726912,,backchannel,"[{""site"": ""backchannel"", ""url"": ""https://www.linkedin.com/feed/update/urn:li:groupPost:10529815-7510383038187393024""}, {""site"": ""backchannel"", ""url"": ""https://www.linkedin.com/posts/sneha-gupta-59965a382_hiring-aidlc-aiengineering-activity-7510388909961408525-sNWi""}, {""site"": ""backchannel"", ""url"": ""https://www.linkedin.com/feed/update/urn:li:groupPost:4299996-7510402491277053952""}, {""site"": ""backchannel"", ""url"": ""https://www.linkedin.com/feed/update/urn:li:groupPost:13724836-7510402472658726912""}]",[],[],"{""location"": [""Minneapolis""]}",{},"{""location"": ""array_field""}",{}
https://www.linkedin.com/feed/update/urn:li:groupPost:10529815-7510378330831937536,Senior Full Stack Lead (Java + React/Angular) / AI/ML Architect,EXL Neo,Minneapolis,,,,,,2026-09-28T19:03:11.672+00:00,2026-09-28T16:42:10.367+00:00,,,,,,Apply via recruiter (email),,,backchannel,https://www.linkedin.com/feed/update/urn:li:groupPost:10529815-7510378330831937536,,backchannel,"[{""site"": ""backchannel"", ""url"": ""https://www.linkedin.com/feed/update/urn:li:groupPost:10529815-7510378330831937536""}]",[],[],"{""location"": [""Minneapolis""]}",{},"{""location"": ""array_field""}",{}
https://www.linkedin.com/feed/update/urn:li:groupPost:10529815-7510390316710141952,AIDLC Senior Manager,EXL Neo,Minneapolis,,,,,,2026-09-28T19:03:11.542+00:00,2026-09-28T17:29:47.996+00:00,,,,,,Apply via recruiter (email),,,backchannel,https://www.linkedin.com/feed/update/urn:li:groupPost:10529815-7510390316710141952,,backchannel,"[{""site"": ""backchannel"", ""url"": ""https://www.linkedin.com/feed/update/urn:li:groupPost:10529815-7510390316710141952""}]",[],[],"{""location"": [""Minneapolis""]}",{},"{""location"": ""array_field""}",{}
https://www.linkedin.com/posts/activity-7510383238411100160-Qnph,Software/Radar/Defense Engineer,Raytheon,Tucson,,,,,,2026-09-28T19:02:49.688+00:00,2026-09-28T17:01:40.21+00:00,,,,,,Apply via recruiter (link),,,backchannel,https://www.linkedin.com/posts/activity-7510383238411100160-Qnph,,backchannel,"[{""site"": ""backchannel"", ""url"": ""https://www.linkedin.com/posts/activity-7510383238411100160-Qnph""}]",[],[],"{""location"": [""Tucson""]}",{},"{""location"": ""array_field""}",{}
https://www.linkedin.com/posts/g2-software-systems_put-your-nlp-and-llm-skills-to-work-for-national-activity-7510387865965514753-RRNh,Software Engineer (AI/ML),G2 Software Systems,San Diego,130000.0,150000.0,,,$130K–$150K,2026-09-28T19:02:21.075+00:00,2026-09-28T17:20:03.505+00:00,,,,,,Apply via recruiter (link),,,backchannel,https://www.linkedin.com/posts/g2-software-systems_put-your-nlp-and-llm-skills-to-work-for-national-activity-7510387865965514753-RRNh,,backchannel,"[{""site"": ""backchannel"", ""url"": ""https://www.linkedin.com/posts/g2-software-systems_put-your-nlp-and-llm-skills-to-work-for-national-activity-7510387865965514753-RRNh""}]",[],[],"{""location"": [""San Diego""]}",{},"{""location"": ""array_field""}",{}
https://www.linkedin.com/posts/poojasprasad_cybersecurity-generativeai-aiagents-activity-7510400362395234304-OpS-,Senior AI Security & Agentic Engineering Lead,YPTL LLC,Phoenix,,,,,,2026-09-28T19:02:00.243+00:00,2026-09-28T18:09:42.886+00:00,,,,,,Apply via recruiter (email),,,backchannel,https://www.linkedin.com/posts/poojasprasad_cybersecurity-generativeai-aiagents-activity-7510400362395234304-OpS-,,backchannel,"[{""site"": ""backchannel"", ""url"": ""https://www.linkedin.com/posts/poojasprasad_cybersecurity-generativeai-aiagents-activity-7510400362395234304-OpS-""}]",[],[],"{""location"": [""Phoenix""]}",{},"{""location"": ""array_field""}",{}
https://www.linkedin.com/posts/m-asadullah-khan-7900a623b_hiring-qaautomation-playwright-activity-7510407887249379328-FI7P,Senior QA Automation Engineer / Lead,Jayes Tech IT Consulting,Phoenix,,,,,,2026-09-28T19:01:37.12+00:00,2026-09-28T18:39:36.951+00:00,,,,,,Apply via recruiter (email),,,backchannel,https://www.linkedin.com/posts/m-asadullah-khan-7900a623b_hiring-qaautomation-playwright-activity-7510407887249379328-FI7P,,backchannel,"[{""site"": ""backchannel"", ""url"": ""https://www.linkedin.com/posts/m-asadullah-khan-7900a623b_hiring-qaautomation-playwright-activity-7510407887249379328-FI7P""}]",[],[],"{""location"": [""Phoenix""]}",{},"{""location"": ""array_field""}",{}
https://www.linkedin.com/feed/update/urn:li:groupPost:9384091-7510369206748721153,Data Developer / Data Engineer,Talent Software Services,Denver,,,,,,2026-09-28T17:02:34.841+00:00,2026-09-28T16:05:04.865+00:00,,,,,,Apply via recruiter (email),,,backchannel,https://www.linkedin.com/feed/update/urn:li:groupPost:9384091-7510369206748721153 | https://www.linkedin.com/posts/amit-suryawanshi-032337271_hiring-datadeveloper-dataengineer-activity-7510368997301878784-Wb0C,,backchannel,"[{""site"": ""backchannel"", ""url"": ""https://www.linkedin.com/feed/update/urn:li:groupPost:9384091-7510369206748721153""}, {""site"": ""backchannel"", ""url"": ""https://www.linkedin.com/posts/amit-suryawanshi-032337271_hiring-datadeveloper-dataengineer-activity-7510368997301878784-Wb0C""}]",[],[],"{""location"": [""Denver""]}",{},"{""location"": ""array_field""}",{}
https://www.linkedin.com/posts/tinafb_embedded-sde-ii-prime-air-activity-7510375743785299968-cWRh,Embedded Software Development Engineer,Amazon,Seattle,,,,,,2026-09-28T17:01:44.906+00:00,2026-09-28T16:31:53.352+00:00,,,,,,Apply via recruiter (link),,,backchannel,https://www.linkedin.com/posts/tinafb_embedded-sde-ii-prime-air-activity-7510375743785299968-cWRh,,backchannel,"[{""site"": ""backchannel"", ""url"": ""https://www.linkedin.com/posts/tinafb_embedded-sde-ii-prime-air-activity-7510375743785299968-cWRh""}]",[],[],"{""location"": [""Seattle""]}",{},"{""location"": ""array_field""}",{}
https://www.linkedin.com/posts/joyce-lantz-6771821b_nowhiring-activity-7510365320763850752-F8xr,Systems Development Engineer,Amazon Web Services (AWS),Seattle,,,,,,2026-09-28T17:01:39.398+00:00,2026-09-28T15:50:28.31+00:00,,,,,,Apply via recruiter (email),,,backchannel,https://www.linkedin.com/posts/joyce-lantz-6771821b_nowhiring-activity-7510365320763850752-F8xr,,backchannel,"[{""site"": ""backchannel"", ""url"": ""https://www.linkedin.com/posts/joyce-lantz-6771821b_nowhiring-activity-7510365320763850752-F8xr""}]",[],[],"{""location"": [""Seattle""]}",{},"{""location"": ""array_field""}",{}
https://www.linkedin.com/feed/update/urn:li:groupPost:10529815-7510343998474076160,IAM / SailPoint Engineer (Software Developer III),"Veridian Tech Solutions, Inc.","Austin, TX",,,,,,2026-09-28T15:02:36.664+00:00,2026-09-28T14:25:44.925+00:00,,,,,,Apply via recruiter (email),,,backchannel,https://www.linkedin.com/feed/update/urn:li:groupPost:10529815-7510343998474076160,,backchannel,"[{""site"": ""backchannel"", ""url"": ""https://www.linkedin.com/feed/update/urn:li:groupPost:10529815-7510343998474076160""}]",[],[],"{""location"": [""Austin, TX""]}",{},"{""location"": ""array_field""}",{}
https://www.linkedin.com/posts/geetanshimunjal028_hiring-agileplm-oracleagileplm-activity-7510345673502896128-sv9F,Agile PLM Data Migration Expert – Software Engineer,Inceptra Solutions,Austin,,,,,,2026-09-28T15:02:31.674+00:00,2026-09-28T14:32:24.038+00:00,,,,,,Apply via recruiter (email),,,backchannel,https://www.linkedin.com/posts/geetanshimunjal028_hiring-agileplm-oracleagileplm-activity-7510345673502896128-sv9F,,backchannel,"[{""site"": ""backchannel"", ""url"": ""https://www.linkedin.com/posts/geetanshimunjal028_hiring-agileplm-oracleagileplm-activity-7510345673502896128-sv9F""}]",[],[],"{""location"": [""Austin""]}",{},"{""location"": ""array_field""}",{}
https://www.linkedin.com/posts/nashville-jobs_httpsjobsrminecomjobussdet-sr-st-nashville-tn-activity-7510340671812268032-nT-h,Senior Software Development Engineer in Test (SDET),Starbucks,Nashville,,,,,,2026-09-28T15:02:19.179+00:00,2026-09-28T14:12:31.542+00:00,,,,,,Apply via recruiter (link),,,backchannel,https://www.linkedin.com/posts/nashville-jobs_httpsjobsrminecomjobussdet-sr-st-nashville-tn-activity-7510340671812268032-nT-h,,backchannel,"[{""site"": ""backchannel"", ""url"": ""https://www.linkedin.com/posts/nashville-jobs_httpsjobsrminecomjobussdet-sr-st-nashville-tn-activity-7510340671812268032-nT-h""}]",[],[],"{""location"": [""Nashville""]}",{},"{""location"": ""array_field""}",{}
https://www.linkedin.com/posts/nashville-jobs_httpsjobsrminecomjobussoftware-engineer-st-nashville-tn-activity-7510341233962127360-m__d,Software Engineer,Starbucks,Nashville,,,,,,2026-09-28T15:01:57.814+00:00,2026-09-28T14:14:45.569+00:00,,,,,,Apply via recruiter (link),,,backchannel,https://www.linkedin.com/posts/nashville-jobs_httpsjobsrminecomjobussoftware-engineer-st-nashville-tn-activity-7510341233962127360-m__d,,backchannel,"[{""site"": ""backchannel"", ""url"": ""https://www.linkedin.com/posts/nashville-jobs_httpsjobsrminecomjobussoftware-engineer-st-nashville-tn-activity-7510341233962127360-m__d""}]",[],[],"{""location"": [""Nashville""]}",{},"{""location"": ""array_field""}",{}
https://www.linkedin.com/posts/olga-rupic-a98414193_ing%C3%A9nieur-software-java-engineer-sant%C3%A9-activity-7510240214637019136-6g6U,Java Software Engineer – Healthcare,adesso Switzerland,Switzerland,,,,,,2026-09-28T08:02:33.411+00:00,2026-09-28T07:33:20.685+00:00,,,,,,,,,backchannel,https://www.linkedin.com/posts/olga-rupic-a98414193_ing%C3%A9nieur-software-java-engineer-sant%C3%A9-activity-7510240214637019136-6g6U,,backchannel,"[{""site"": ""backchannel"", ""url"": ""https://www.linkedin.com/posts/olga-rupic-a98414193_ing%C3%A9nieur-software-java-engineer-sant%C3%A9-activity-7510240214637019136-6g6U""}]",[],[],"{""location"": [""Switzerland""]}",{},"{""location"": ""array_field""}",{}
https://www.linkedin.com/posts/vinayaksattigeri_security-engineer-iii-activity-7509907189785096192-vpOB,Security Engineer III,GHX,Unknown,,,,,,2026-09-27T10:01:23.712+00:00,2026-09-27T09:30:01.373+00:00,,,,,,Apply via recruiter (link),,,backchannel,https://www.linkedin.com/posts/vinayaksattigeri_security-engineer-iii-activity-7509907189785096192-vpOB,,backchannel,"[{""site"": ""backchannel"", ""url"": ""https://www.linkedin.com/posts/vinayaksattigeri_security-engineer-iii-activity-7509907189785096192-vpOB""}]",[],[],"{""location"": [""Unknown""]}",{},"{""location"": ""array_field""}",{}
https://www.linkedin.com/posts/vinayaksattigeri_security-engineer-iii-activity-7509544802418581504-Znbw,Security Engineer III,GHX,Unknown,,,,,,2026-09-26T10:02:18.624+00:00,2026-09-26T09:30:01.492+00:00,,,,,,Apply via recruiter (link),,,backchannel,https://www.linkedin.com/posts/vinayaksattigeri_security-engineer-iii-activity-7509544802418581504-Znbw,,backchannel,"[{""site"": ""backchannel"", ""url"": ""https://www.linkedin.com/posts/vinayaksattigeri_security-engineer-iii-activity-7509544802418581504-Znbw""}]",[],[],"{""location"": [""Unknown""]}",{},"{""location"": ""array_field""}",{}
https://www.linkedin.com/posts/activity-7509348702935810048-Kaz0,Senior Software Engineer – DevOps & Mobile Operations,Ekcel Systems,"Plano, TX",,,,,,2026-09-25T21:01:15.009+00:00,2026-09-25T20:30:47.732+00:00,,,,,,Apply via recruiter (email),,,backchannel,https://www.linkedin.com/posts/activity-7509348702935810048-Kaz0,,backchannel,"[{""site"": ""backchannel"", ""url"": ""https://www.linkedin.com/posts/activity-7509348702935810048-Kaz0""}]",[],[],"{""location"": [""Plano, TX""]}",{},"{""location"": ""array_field""}",{}
https://www.linkedin.com/posts/remoteyeah_remote-senior-software-engineer-records-activity-7509349522997735424-rXMn,"Senior Software Engineer, Records",Magna Legal Services,Remote,165000.0,180000.0,,year,$165K—$180K / year,2026-09-25T21:01:14.61+00:00,2026-09-25T20:34:03.25+00:00,,,remote,,,Apply via recruiter (link),,,backchannel,https://www.linkedin.com/posts/remoteyeah_remote-senior-software-engineer-records-activity-7509349522997735424-rXMn,,backchannel,"[{""site"": ""backchannel"", ""url"": ""https://www.linkedin.com/posts/remoteyeah_remote-senior-software-engineer-records-activity-7509349522997735424-rXMn""}]",[],[],"{""location"": [""Remote""]}",{},"{""location"": ""array_field""}",{}
https://www.linkedin.com/posts/rachana-patil-88780148_forward-deployed-engineer-activity-7509282639351246848-h_sH,Forward Deployed Engineer,AiStrike,New Jersey,,,,,,2026-09-25T17:00:53.695+00:00,2026-09-25T16:08:16.946+00:00,,,,,,Apply via recruiter (link),,,backchannel,https://www.linkedin.com/posts/rachana-patil-88780148_forward-deployed-engineer-activity-7509282639351246848-h_sH,,backchannel,"[{""site"": ""backchannel"", ""url"": ""https://www.linkedin.com/posts/rachana-patil-88780148_forward-deployed-engineer-activity-7509282639351246848-h_sH""}]",[],[],"{""location"": [""New Jersey""]}",{},"{""location"": ""array_field""}",{}
https://www.linkedin.com/posts/alexgladd_anduril-cyber-nowhiring-activity-7509253419975491584-XDL4,Multiple Cyber Engineering Roles,Anduril,Washington DC,,,,,,2026-09-25T15:03:22.652+00:00,2026-09-25T14:12:10.504+00:00,,,,,,Apply via recruiter (comment on post),,,backchannel,https://www.linkedin.com/posts/alexgladd_anduril-cyber-nowhiring-activity-7509253419975491584-XDL4,,backchannel,"[{""site"": ""backchannel"", ""url"": ""https://www.linkedin.com/posts/alexgladd_anduril-cyber-nowhiring-activity-7509253419975491584-XDL4""}]",[],[],"{""location"": [""Washington DC""]}",{},"{""location"": ""array_field""}",{}
https://www.linkedin.com/posts/prashanth-rachakonda-605661227_ice-medicaldevice-scs-activity-7509253106002649088-vke8,Senior Software Engineer - DevOps and Mobile Operations,"Softpath System, LLC",Richmond,,,,,,2026-09-25T15:01:28.479+00:00,2026-09-25T14:10:55.647+00:00,,,,,,Apply via recruiter (email),,,backchannel,https://www.linkedin.com/posts/prashanth-rachakonda-605661227_ice-medicaldevice-scs-activity-7509253106002649088-vke8 | https://www.linkedin.com/feed/update/urn:li:groupPost:9208930-7509253961158385664,,backchannel,"[{""site"": ""backchannel"", ""url"": ""https://www.linkedin.com/posts/prashanth-rachakonda-605661227_ice-medicaldevice-scs-activity-7509253106002649088-vke8""}, {""site"": ""backchannel"", ""url"": ""https://www.linkedin.com/feed/update/urn:li:groupPost:9208930-7509253961158385664""}]",[],[],"{""location"": [""Richmond""]}",{},"{""location"": ""array_field""}",{}
https://www.linkedin.com/posts/timfernando_hiring-jobs-aviation-activity-7508972453742694400-t-Fr,Director of Engineering / Engineering Manager / Product Manager / Principal Product Designer,TrustFlight,London,,,,,,2026-09-25T12:30:58.474+00:00,2026-09-24T19:35:42.934+00:00,,,,,,Apply via recruiter (DM or link),,,backchannel,https://www.linkedin.com/posts/timfernando_hiring-jobs-aviation-activity-7508972453742694400-t-Fr,,backchannel,"[{""site"": ""backchannel"", ""url"": ""https://www.linkedin.com/posts/timfernando_hiring-jobs-aviation-activity-7508972453742694400-t-Fr""}]",[],[],"{""location"": [""London""]}",{},"{""location"": ""array_field""}",{}
https://www.linkedin.com/posts/kris-nelson-mn_hiring-activity-7509019100057174016-aynN,Software Development Engineer,Amazon Web Services (AWS),Minneapolis,,,,,,2026-09-25T05:01:46.393+00:00,2026-09-24T22:41:04.282+00:00,,,,,,Apply via recruiter (link),,,backchannel,https://www.linkedin.com/posts/kris-nelson-mn_hiring-activity-7509019100057174016-aynN,,backchannel,"[{""site"": ""backchannel"", ""url"": ""https://www.linkedin.com/posts/kris-nelson-mn_hiring-activity-7509019100057174016-aynN""}]",[],[],"{""location"": [""Minneapolis""]}",{},"{""location"": ""array_field""}",{}
https://www.linkedin.com/posts/jacobs-school-of-engineering-corporate-affiliates-program_uc-san-diego-jacobs-school-of-engineering-activity-7509014560192917505-yqq8,Software Engineering Intern – Product & Developer Productivity,HP,Remote,,,,,,2026-09-25T05:01:19.359+00:00,2026-09-24T22:23:01.894+00:00,true,,remote,,,Apply via recruiter (link),,,backchannel,https://www.linkedin.com/posts/jacobs-school-of-engineering-corporate-affiliates-program_uc-san-diego-jacobs-school-of-engineering-activity-7509014560192917505-yqq8,,backchannel,"[{""site"": ""backchannel"", ""url"": ""https://www.linkedin.com/posts/jacobs-school-of-engineering-corporate-affiliates-program_uc-san-diego-jacobs-school-of-engineering-activity-7509014560192917505-yqq8""}]",[],[],"{""location"": [""Remote""]}",{},"{""location"": ""array_field""}",{}
https://www.linkedin.com/posts/joyce-lantz-6771821b_amazonjobs-softwareengineering-techcareers-activity-7508975112730238976-UoOW,Software Development Engineer (SDE2),Amazon,Seattle,,,,,,2026-09-24T21:00:32.918+00:00,2026-09-24T19:46:16.886+00:00,,,,,,Apply via recruiter (email),,,backchannel,https://www.linkedin.com/posts/joyce-lantz-6771821b_amazonjobs-softwareengineering-techcareers-activity-7508975112730238976-UoOW,,backchannel,"[{""site"": ""backchannel"", ""url"": ""https://www.linkedin.com/posts/joyce-lantz-6771821b_amazonjobs-softwareengineering-techcareers-activity-7508975112730238976-UoOW""}]",[],[],"{""location"": [""Seattle""]}",{},"{""location"": ""array_field""}",{}
https://www.linkedin.com/posts/shreeya-sharma-71885a269_aem-adobeexperiencemanager-aemaacs-activity-7508956058367909891-y3Fe,AEM Cloud Migration Lead / Architect,Qualis1 Inc,"Malvern, PA",,,,,,2026-09-24T19:03:08.184+00:00,2026-09-24T18:30:33.972+00:00,,,,,,Apply via recruiter (email),,,backchannel,https://www.linkedin.com/posts/shreeya-sharma-71885a269_aem-adobeexperiencemanager-aemaacs-activity-7508956058367909891-y3Fe,,backchannel,"[{""site"": ""backchannel"", ""url"": ""https://www.linkedin.com/posts/shreeya-sharma-71885a269_aem-adobeexperiencemanager-aemaacs-activity-7508956058367909891-y3Fe""}]",[],[],"{""location"": [""Malvern, PA""]}",{},"{""location"": ""array_field""}",{}
https://www.linkedin.com/feed/update/urn:li:groupPost:44194-7508956940971106305,QA Engineer – Salesforce,HBR Analytics and BI Solutions,Austin,,,,,,2026-09-24T19:01:45.839+00:00,2026-09-24T18:34:04.561+00:00,,,,,,Apply via recruiter (email),,,backchannel,https://www.linkedin.com/feed/update/urn:li:groupPost:44194-7508956940971106305 | https://www.linkedin.com/feed/update/urn:li:groupPost:10504157-7508958471602475008,,backchannel,"[{""site"": ""backchannel"", ""url"": ""https://www.linkedin.com/feed/update/urn:li:groupPost:44194-7508956940971106305""}, {""site"": ""backchannel"", ""url"": ""https://www.linkedin.com/feed/update/urn:li:groupPost:10504157-7508958471602475008""}]",[],[],"{""location"": [""Austin""]}",{},"{""location"": ""array_field""}",{}
https://www.linkedin.com/posts/amrit-chahal-074a50260_hello-linkedin-family-i-hopeyou-are-doing-activity-7508948871054561280-ZERI,SDE 3 (Senior Software Development Engineer),Pro-Tek Consulting,Bellevue,,,,,,2026-09-24T19:01:02.557+00:00,2026-09-24T18:02:00.383+00:00,,,,,,Apply via recruiter (email),,,backchannel,https://www.linkedin.com/posts/amrit-chahal-074a50260_hello-linkedin-family-i-hopeyou-are-doing-activity-7508948871054561280-ZERI,,backchannel,"[{""site"": ""backchannel"", ""url"": ""https://www.linkedin.com/posts/amrit-chahal-074a50260_hello-linkedin-family-i-hopeyou-are-doing-activity-7508948871054561280-ZERI""}]",[],[],"{""location"": [""Bellevue""]}",{},"{""location"": ""array_field""}",{}
https://www.linkedin.com/posts/annakhabibullina_hiring-walmart-marketplace-activity-7508663903401402368-7D1k,Distinguished Software Engineer,Walmart Global Tech,San Francisco,,,,,,2026-09-24T05:02:08.218+00:00,2026-09-23T23:09:38.8+00:00,,,,,,Apply via recruiter (link),,,backchannel,https://www.linkedin.com/posts/annakhabibullina_hiring-walmart-marketplace-activity-7508663903401402368-7D1k,,backchannel,"[{""site"": ""backchannel"", ""url"": ""https://www.linkedin.com/posts/annakhabibullina_hiring-walmart-marketplace-activity-7508663903401402368-7D1k""}]",[],[],"{""location"": [""San Francisco""]}",{},"{""location"": ""array_field""}",{}
https://www.linkedin.com/posts/ben-guise_hiring-activity-7508626943244722176-gwge,Full Stack Software Engineer,Lab37,Pittsburgh,,,,,,2026-09-24T05:02:08.047+00:00,2026-09-23T20:42:46.812+00:00,,,,,,Apply via recruiter (link),,,backchannel,https://www.linkedin.com/posts/ben-guise_hiring-activity-7508626943244722176-gwge,,backchannel,"[{""site"": ""backchannel"", ""url"": ""https://www.linkedin.com/posts/ben-guise_hiring-activity-7508626943244722176-gwge""}]",[],[],"{""location"": [""Pittsburgh""]}",{},"{""location"": ""array_field""}",{}
https://www.linkedin.com/posts/kelsi-lee_hiring-activity-7508655477061263360-U6h-,Distinguished Software Engineer,Walmart Global Tech,Sunnyvale,,,,,,2026-09-24T05:01:48.815+00:00,2026-09-23T22:36:09.804+00:00,,,,,,Apply via recruiter (link),,,backchannel,https://www.linkedin.com/posts/kelsi-lee_hiring-activity-7508655477061263360-U6h-,,backchannel,"[{""site"": ""backchannel"", ""url"": ""https://www.linkedin.com/posts/kelsi-lee_hiring-activity-7508655477061263360-U6h-""}]",[],[],"{""location"": [""Sunnyvale""]}",{},"{""location"": ""array_field""}",{}
https://www.linkedin.com/posts/aytek-aman-89b40316_we-are-hiring-my-team-is-looking-for-a-sr-activity-7508613559325532162-GW8Y,"Sr Software Engineer, Graphics",LEGO Digital Play,London,,,,,,2026-09-23T21:00:32.119+00:00,2026-09-23T19:49:35.837+00:00,,,,,,Apply via recruiter (link),,,backchannel,https://www.linkedin.com/posts/aytek-aman-89b40316_we-are-hiring-my-team-is-looking-for-a-sr-activity-7508613559325532162-GW8Y,,backchannel,"[{""site"": ""backchannel"", ""url"": ""https://www.linkedin.com/posts/aytek-aman-89b40316_we-are-hiring-my-team-is-looking-for-a-sr-activity-7508613559325532162-GW8Y""}]",[],[],"{""location"": [""London""]}",{},"{""location"": ""array_field""}",{}
https://www.linkedin.com/posts/pawantahelyani-verdictrpo_hiring-activity-7508564692081115137-667y,Business Analyst (Developer Experience & Engineering Productivity),Verdict RPO (client unnamed),Memphis,,,,,,2026-09-23T19:01:31.86+00:00,2026-09-23T16:35:24.978+00:00,,,,,,Apply via recruiter (DM or email pawant@verdictrpo.com),,,backchannel,https://www.linkedin.com/posts/pawantahelyani-verdictrpo_hiring-activity-7508564692081115137-667y,,backchannel,"[{""site"": ""backchannel"", ""url"": ""https://www.linkedin.com/posts/pawantahelyani-verdictrpo_hiring-activity-7508564692081115137-667y""}]",[],[],"{""location"": [""Memphis""]}",{},"{""location"": ""array_field""}",{}
https://www.linkedin.com/posts/activity-7508549461892046848-tpRr,Senior Software Engineer,David Salinas,Kansas City,125000.0,135000.0,,,$125K–$135K,2026-09-23T17:01:54.695+00:00,2026-09-23T15:34:53.818+00:00,,,,,,Apply via recruiter (DM),,,backchannel,https://www.linkedin.com/posts/activity-7508549461892046848-tpRr,,backchannel,"[{""site"": ""backchannel"", ""url"": ""https://www.linkedin.com/posts/activity-7508549461892046848-tpRr""}]",[],[],"{""location"": [""Kansas City""]}",{},"{""location"": ""array_field""}",{}
https://www.linkedin.com/posts/harsha-vardhan-443331252_softwareengineer-softwaredevelopment-softwaredeveloper-activity-7508279636506882048-pfmf,Software Engineer / Senior Full Stack Engineer,Conflux Systems,Detroit,,,,,,2026-09-23T11:03:18.786+00:00,2026-09-22T21:42:42.433+00:00,,,,,,Apply via recruiter (email); Apply via recruiter (email or phone: harshavardhan@confluxsystems.com / 678-720-5769),,,backchannel,https://www.linkedin.com/posts/harsha-vardhan-443331252_softwareengineer-softwaredevelopment-softwaredeveloper-activity-7508279636506882048-pfmf | https://www.linkedin.com/feed/update/urn:li:groupPost:10529815-7508279994654019585 | https://www.linkedin.com/feed/update/urn:li:groupPost:4473591-7508282468970598401 | https://www.linkedin.com/feed/update/urn:li:groupPost:8164620-7508282730623795201,,backchannel,"[{""site"": ""backchannel"", ""url"": ""https://www.linkedin.com/posts/harsha-vardhan-443331252_softwareengineer-softwaredevelopment-softwaredeveloper-activity-7508279636506882048-pfmf""}, {""site"": ""backchannel"", ""url"": ""https://www.linkedin.com/feed/update/urn:li:groupPost:10529815-7508279994654019585""}, {""site"": ""backchannel"", ""url"": ""https://www.linkedin.com/feed/update/urn:li:groupPost:4473591-7508282468970598401""}, {""site"": ""backchannel"", ""url"": ""https://www.linkedin.com/feed/update/urn:li:groupPost:8164620-7508282730623795201""}]",[],[],"{""location"": [""Detroit""]}",{},"{""location"": ""array_field""}",{}
https://www.linkedin.com/posts/bridgitte-b-48184029_makeadifferenceatrtx-engineeringhiringevent-activity-7508281751249747968-Kq4-,Professional Engineer (Multiple Disciplines),Raytheon,Arizona,,,,,,2026-09-23T11:03:03.076+00:00,2026-09-22T21:51:06.627+00:00,,,,,,Apply via recruiter (link),,,backchannel,https://www.linkedin.com/posts/bridgitte-b-48184029_makeadifferenceatrtx-engineeringhiringevent-activity-7508281751249747968-Kq4-,,backchannel,"[{""site"": ""backchannel"", ""url"": ""https://www.linkedin.com/posts/bridgitte-b-48184029_makeadifferenceatrtx-engineeringhiringevent-activity-7508281751249747968-Kq4-""}]",[],[],"{""location"": [""Arizona""]}",{},"{""location"": ""array_field""}",{}
https://www.linkedin.com/posts/ankit-kumar-aa3a63204_hiring-c2c-corptocorp-activity-7508270466676187136-bBxi,AI Architect Engineering Manager – AI-Enabled Software Engineering,EXL NEO,Minneapolis,,,,,,2026-09-23T11:01:48.709+00:00,2026-09-22T21:06:16.175+00:00,,,,,,Apply via recruiter (email); Apply via recruiter (email sneha.gupta@exlneo.com),,,backchannel,https://www.linkedin.com/posts/ankit-kumar-aa3a63204_hiring-c2c-corptocorp-activity-7508270466676187136-bBxi | https://www.linkedin.com/feed/update/urn:li:groupPost:99563-7508271076934737920 | https://www.linkedin.com/posts/sneha-gupta-59965a382_hiring-ai-architect-engineering-manager-activity-7508271225719111680-gUiD | https://www.linkedin.com/feed/update/urn:li:groupPost:10472901-7508272237230149632,,backchannel,"[{""site"": ""backchannel"", ""url"": ""https://www.linkedin.com/posts/ankit-kumar-aa3a63204_hiring-c2c-corptocorp-activity-7508270466676187136-bBxi""}, {""site"": ""backchannel"", ""url"": ""https://www.linkedin.com/feed/update/urn:li:groupPost:99563-7508271076934737920""}, {""site"": ""backchannel"", ""url"": ""https://www.linkedin.com/posts/sneha-gupta-59965a382_hiring-ai-architect-engineering-manager-activity-7508271225719111680-gUiD""}, {""site"": ""backchannel"", ""url"": ""https://www.linkedin.com/feed/update/urn:li:groupPost:10472901-7508272237230149632""}]",[],[],"{""location"": [""Minneapolis""]}",{},"{""location"": ""array_field""}",{}
https://www.linkedin.com/posts/kundan-kumar-09221823b_hiring-activity-7508261434976514049-YPzu,"Senior AI Engineer - Risk, Compliance, and Fraud",PeopleIntegra,Charlotte,,,,,,2026-09-23T11:01:24.96+00:00,2026-09-22T20:30:22.85+00:00,,,,,,Apply via recruiter (email),,,backchannel,https://www.linkedin.com/posts/kundan-kumar-09221823b_hiring-activity-7508261434976514049-YPzu,,backchannel,"[{""site"": ""backchannel"", ""url"": ""https://www.linkedin.com/posts/kundan-kumar-09221823b_hiring-activity-7508261434976514049-YPzu""}]",[],[],"{""location"": [""Charlotte""]}",{},"{""location"": ""array_field""}",{}
https://www.linkedin.com/posts/activity-7508352794014388224-Bazl,Software Engineer,Leidos,San Diego,,,,,,2026-09-23T11:01:07.539+00:00,2026-09-23T02:33:24.542+00:00,,,,,,Apply via recruiter (link),,,backchannel,https://www.linkedin.com/posts/activity-7508352794014388224-Bazl,,backchannel,"[{""site"": ""backchannel"", ""url"": ""https://www.linkedin.com/posts/activity-7508352794014388224-Bazl""}]",[],[],"{""location"": [""San Diego""]}",{},"{""location"": ""array_field""}",{}
https://www.linkedin.com/posts/latonyawalker_hiring-sql-sqlserver-activity-7508388565509226497-LT3I,Senior Full Stack Software Developer,Docupace,Remote,,,,,,2026-09-23T08:01:41.984+00:00,2026-09-23T04:55:33.131+00:00,,,remote,,,Apply via recruiter (link),,,backchannel,https://www.linkedin.com/posts/latonyawalker_hiring-sql-sqlserver-activity-7508388565509226497-LT3I,,backchannel,"[{""site"": ""backchannel"", ""url"": ""https://www.linkedin.com/posts/latonyawalker_hiring-sql-sqlserver-activity-7508388565509226497-LT3I""}]",[],[],"{""location"": [""Remote""]}",{},"{""location"": ""array_field""}",{}
https://www.linkedin.com/posts/prosenjitsahak_software-development-engineer-amazon-web-activity-7508372729537159168-agSz,Software Development Engineer,AWS,Seattle,,,,,,2026-09-23T05:03:00.358+00:00,2026-09-23T03:52:37.541+00:00,,,,,,Apply via recruiter (link),,,backchannel,https://www.linkedin.com/posts/prosenjitsahak_software-development-engineer-amazon-web-activity-7508372729537159168-agSz,,backchannel,"[{""site"": ""backchannel"", ""url"": ""https://www.linkedin.com/posts/prosenjitsahak_software-development-engineer-amazon-web-activity-7508372729537159168-agSz""}]",[],[],"{""location"": [""Seattle""]}",{},"{""location"": ""array_field""}",{}
https://www.linkedin.com/posts/ted-o-98707977_awsjobs-machinelearning-distributedtraining-activity-7508339313416495104-gR6X,"Sr. Software Engineer - AI/ML, AWS Neuron Distributed Training",Amazon Web Services (AWS),Seattle,,,,,,2026-09-23T05:02:51.206+00:00,2026-09-23T01:39:50.517+00:00,,,,,,Apply via recruiter (link),,,backchannel,https://www.linkedin.com/posts/ted-o-98707977_awsjobs-machinelearning-distributedtraining-activity-7508339313416495104-gR6X,,backchannel,"[{""site"": ""backchannel"", ""url"": ""https://www.linkedin.com/posts/ted-o-98707977_awsjobs-machinelearning-distributedtraining-activity-7508339313416495104-gR6X""}]",[],[],"{""location"": [""Seattle""]}",{},"{""location"": ""array_field""}",{}
https://www.linkedin.com/posts/josh-abbott-9734299a_senior-software-engineer-zero-trust-client-activity-7508371122128621570-5UMY,Senior Windows Software Engineer,Cloudflare,Austin,,,,,,2026-09-23T05:00:54.509+00:00,2026-09-23T03:46:14.305+00:00,,,,,,Apply via recruiter (link),,,backchannel,https://www.linkedin.com/posts/josh-abbott-9734299a_senior-software-engineer-zero-trust-client-activity-7508371122128621570-5UMY,,backchannel,"[{""site"": ""backchannel"", ""url"": ""https://www.linkedin.com/posts/josh-abbott-9734299a_senior-software-engineer-zero-trust-client-activity-7508371122128621570-5UMY""}]",[],[],"{""location"": [""Austin""]}",{},"{""location"": ""array_field""}",{}
https://www.linkedin.com/posts/neha-abb008333_hiring-testautomation-softwaretesting-activity-7508246127930916864-J1T_,Test Automation Engineer / Software Test Engineer,Global Connect Technologies,Boston,,,,,,2026-09-22T21:00:39.083+00:00,2026-09-22T19:29:33.366+00:00,,,,,,Apply via recruiter (DM or email neha@gctus.com),,,backchannel,https://www.linkedin.com/posts/neha-abb008333_hiring-testautomation-softwaretesting-activity-7508246127930916864-J1T_,,backchannel,"[{""site"": ""backchannel"", ""url"": ""https://www.linkedin.com/posts/neha-abb008333_hiring-testautomation-softwaretesting-activity-7508246127930916864-J1T_""}]",[],[],"{""location"": [""Boston""]}",{},"{""location"": ""array_field""}",{}
https://www.linkedin.com/posts/simran-jaggi14_appliedaiengineer-appliedai-generativeai-activity-7508232202388893697-_2wO,Senior Applied AI Engineer,INCEPTRA SOLUTIONS,New York,,,,,,2026-09-22T19:02:44.686+00:00,2026-09-22T18:34:13.258+00:00,,,,,,Apply via recruiter (email),,,backchannel,https://www.linkedin.com/posts/simran-jaggi14_appliedaiengineer-appliedai-generativeai-activity-7508232202388893697-_2wO,,backchannel,"[{""site"": ""backchannel"", ""url"": ""https://www.linkedin.com/posts/simran-jaggi14_appliedaiengineer-appliedai-generativeai-activity-7508232202388893697-_2wO""}]",[],[],"{""location"": [""New York""]}",{},"{""location"": ""array_field""}",{}
https://www.linkedin.com/posts/harmanjot-kaur2003_hiring-applied-ai-engineer-new-york-activity-7508229043754795009-avgv,Applied AI Engineer,Inceptra Solutions,New York,,,,,,2026-09-22T19:02:40.511+00:00,2026-09-22T18:21:40.181+00:00,,,,,,Apply via recruiter (email),,,backchannel,https://www.linkedin.com/posts/harmanjot-kaur2003_hiring-applied-ai-engineer-new-york-activity-7508229043754795009-avgv,,backchannel,"[{""site"": ""backchannel"", ""url"": ""https://www.linkedin.com/posts/harmanjot-kaur2003_hiring-applied-ai-engineer-new-york-activity-7508229043754795009-avgv""}]",[],[],"{""location"": [""New York""]}",{},"{""location"": ""array_field""}",{}
https://www.linkedin.com/posts/foxmont-talent_hiring-softwareengineering-angular-activity-7507738414314696705-75Xp,Senior Software Engineer,Foxmont Talent (client undisclosed),Bern,,,,,,2026-09-22T17:02:26.839+00:00,2026-09-21T09:52:05.007+00:00,,,,,,Apply via recruiter (link),,,backchannel,https://www.linkedin.com/posts/foxmont-talent_hiring-softwareengineering-angular-activity-7507738414314696705-75Xp,,backchannel,"[{""site"": ""backchannel"", ""url"": ""https://www.linkedin.com/posts/foxmont-talent_hiring-softwareengineering-angular-activity-7507738414314696705-75Xp""}]",[],[],"{""location"": [""Bern""]}",{},"{""location"": ""array_field""}",{}
https://www.linkedin.com/posts/viktor-gsteiger_i-initially-wanted-to-study-business-then-activity-7508187996291096577-pu7w,Forward Deployed Engineer,Arrakis Technologies,London,,,,,,2026-09-22T17:01:22.302+00:00,2026-09-22T15:38:33.703+00:00,,,,,,Apply via recruiter (DM),,,backchannel,https://www.linkedin.com/posts/viktor-gsteiger_i-initially-wanted-to-study-business-then-activity-7508187996291096577-pu7w,,backchannel,"[{""site"": ""backchannel"", ""url"": ""https://www.linkedin.com/posts/viktor-gsteiger_i-initially-wanted-to-study-business-then-activity-7508187996291096577-pu7w""}]",[],[],"{""location"": [""London""]}",{},"{""location"": ""array_field""}",{}
https://www.linkedin.com/posts/tahamuzaffarbanday_urgenthiring2026-aboutcompany-about-activity-7507845213680390144-otGn,Forward Founding Engineer,Tenex,New York,180000.0,,,year,"$180,000 per year",2026-09-22T12:30:45.268+00:00,2026-09-20T14:55:05.814+00:00,,,,,,,,,backchannel,https://www.linkedin.com/posts/tahamuzaffarbanday_urgenthiring2026-aboutcompany-about-activity-7507845213680390144-otGn | https://www.linkedin.com/posts/tahamuzaffarbanday_urgenthiring2026-aboutcompany-about-activity-7507452282280570880-46v3,,backchannel,"[{""site"": ""backchannel"", ""url"": ""https://www.linkedin.com/posts/tahamuzaffarbanday_urgenthiring2026-aboutcompany-about-activity-7507845213680390144-otGn""}, {""site"": ""backchannel"", ""url"": ""https://www.linkedin.com/posts/tahamuzaffarbanday_urgenthiring2026-aboutcompany-about-activity-7507452282280570880-46v3""}]",[],[],"{""location"": [""New York""]}",{},"{""location"": ""array_field""}",{}
https://www.linkedin.com/posts/yvonne-crompton-66745186_hiring-itjobs-techjobs-activity-7508043312650522624-rhUJ,2nd/3rd Line Support Engineer,Managed Service Provider (unnamed),Rochdale,25000.0,30000.0,GBP,,"£25,000 – £30,000",2026-09-22T08:01:36.958+00:00,2026-09-22T06:03:38.435+00:00,,,,,,Apply via recruiter (Apply via vacancy listing or DM poster),,,backchannel,https://www.linkedin.com/posts/yvonne-crompton-66745186_hiring-itjobs-techjobs-activity-7508043312650522624-rhUJ,,backchannel,"[{""site"": ""backchannel"", ""url"": ""https://www.linkedin.com/posts/yvonne-crompton-66745186_hiring-itjobs-techjobs-activity-7508043312650522624-rhUJ""}]",[],[],"{""location"": [""Rochdale""]}",{},"{""location"": ""array_field""}",{}
https://www.linkedin.com/posts/activity-7507847278267813888-nYlv,Python Full Stack AI Engineer,KK Software Associates (client unnamed),Cincinnati,,,,,,2026-09-21T21:01:32.095+00:00,2026-09-21T17:04:40.196+00:00,,,,,,Apply via recruiter (email),,,backchannel,https://www.linkedin.com/posts/activity-7507847278267813888-nYlv,,backchannel,"[{""site"": ""backchannel"", ""url"": ""https://www.linkedin.com/posts/activity-7507847278267813888-nYlv""}]",[],[],"{""location"": [""Cincinnati""]}",{},"{""location"": ""array_field""}",{}
https://www.linkedin.com/posts/sandeep-arun-pedda-669235420_hiring-applicationsupport-applicationsupportengineer-activity-7507803481098047488-wdUq,Application Support Engineer,TCS,Salt Lake City,82.0,,,hour,$82/hr,2026-09-21T19:03:04.561+00:00,2026-09-21T14:10:38.137+00:00,,,,,,Apply via recruiter (email),,,backchannel,https://www.linkedin.com/posts/sandeep-arun-pedda-669235420_hiring-applicationsupport-applicationsupportengineer-activity-7507803481098047488-wdUq,,backchannel,"[{""site"": ""backchannel"", ""url"": ""https://www.linkedin.com/posts/sandeep-arun-pedda-669235420_hiring-applicationsupport-applicationsupportengineer-activity-7507803481098047488-wdUq""}]",[],[],"{""location"": [""Salt Lake City""]}",{},"{""location"": ""array_field""}",{}
https://www.linkedin.com/posts/mararice_hiring-validationengineer-softwarevalidation-activity-7507837485222240257-YQ63,Software Validation / Test Engineer,Mara Gross,Raleigh,,,,,,2026-09-21T17:02:36.065+00:00,2026-09-21T16:25:45.352+00:00,,,,,,Apply via recruiter (DM),,,backchannel,https://www.linkedin.com/posts/mararice_hiring-validationengineer-softwarevalidation-activity-7507837485222240257-YQ63,,backchannel,"[{""site"": ""backchannel"", ""url"": ""https://www.linkedin.com/posts/mararice_hiring-validationengineer-softwarevalidation-activity-7507837485222240257-YQ63""}]",[],[],"{""location"": [""Raleigh""]}",{},"{""location"": ""array_field""}",{}
https://www.linkedin.com/feed/update/urn:li:groupPost:10529815-7507825535453089792,Senior Software Test Engineer,Infoway Group,Raleigh,,,,,,2026-09-21T17:02:26.846+00:00,2026-09-21T15:38:16.509+00:00,,,,,,Apply via recruiter (email),,,backchannel,https://www.linkedin.com/feed/update/urn:li:groupPost:10529815-7507825535453089792,,backchannel,"[{""site"": ""backchannel"", ""url"": ""https://www.linkedin.com/feed/update/urn:li:groupPost:10529815-7507825535453089792""}]",[],[],"{""location"": [""Raleigh""]}",{},"{""location"": ""array_field""}",{}
https://www.linkedin.com/feed/update/urn:li:groupPost:10529815-7507805714585788417,Software Engineer – Front End / Mobile,SDIL Tech,Detroit,,,,,,2026-09-21T15:02:48.036+00:00,2026-09-21T14:19:30.779+00:00,,,,,,Apply via recruiter (email),,,backchannel,https://www.linkedin.com/feed/update/urn:li:groupPost:10529815-7507805714585788417,,backchannel,"[{""site"": ""backchannel"", ""url"": ""https://www.linkedin.com/feed/update/urn:li:groupPost:10529815-7507805714585788417""}]",[],[],"{""location"": [""Detroit""]}",{},"{""location"": ""array_field""}",{}
https://www.linkedin.com/posts/global-jobs-opportunity_frontend-software-engineer-ramp-remote-activity-7507741726976077825-BQ6c,Frontend Software Engineer,Ramp,Remote,143200.0,284000.0,,year,$143.2K – $284K per year,2026-09-21T11:00:22.804+00:00,2026-09-21T10:05:14.807+00:00,,,remote,,,Apply via recruiter (link),,,backchannel,https://www.linkedin.com/posts/global-jobs-opportunity_frontend-software-engineer-ramp-remote-activity-7507741726976077825-BQ6c,,backchannel,"[{""site"": ""backchannel"", ""url"": ""https://www.linkedin.com/posts/global-jobs-opportunity_frontend-software-engineer-ramp-remote-activity-7507741726976077825-BQ6c""}]",[],[],"{""location"": [""Remote""]}",{},"{""location"": ""array_field""}",{}
https://www.linkedin.com/posts/manoj-sangwan-a2189916a_hiring-qa-engineer-automated-3-austin-activity-7507639080730636289-6YzU,QA Engineer Automated,smtechpartner,"Austin, TX",,,,,,2026-09-21T08:03:39.613+00:00,2026-09-21T03:17:22.035+00:00,,,,,,Apply via recruiter (link),,,backchannel,https://www.linkedin.com/posts/manoj-sangwan-a2189916a_hiring-qa-engineer-automated-3-austin-activity-7507639080730636289-6YzU,,backchannel,"[{""site"": ""backchannel"", ""url"": ""https://www.linkedin.com/posts/manoj-sangwan-a2189916a_hiring-qa-engineer-automated-3-austin-activity-7507639080730636289-6YzU""}]",[],[],"{""location"": [""Austin, TX""]}",{},"{""location"": ""array_field""}",{}
https://www.linkedin.com/posts/vinayaksattigeri_senior-cloud-engineer-activity-7507370475728101376-z1MZ,Senior Cloud Engineer,GHX,Unknown,,,,,,2026-09-20T10:02:21.553+00:00,2026-09-20T09:30:01.612+00:00,,,,,,Apply via recruiter (link),,,backchannel,https://www.linkedin.com/posts/vinayaksattigeri_senior-cloud-engineer-activity-7507370475728101376-z1MZ,,backchannel,"[{""site"": ""backchannel"", ""url"": ""https://www.linkedin.com/posts/vinayaksattigeri_senior-cloud-engineer-activity-7507370475728101376-z1MZ""}]",[],[],"{""location"": [""Unknown""]}",{},"{""location"": ""array_field""}",{}
https://www.linkedin.com/posts/vinayaksattigeri_security-engineer-iii-activity-7507008086893715458-U7ku,Security Engineer III,GHX,Unknown,,,,,,2026-09-19T10:02:54.417+00:00,2026-09-19T09:30:01.381+00:00,,,,,,Apply via recruiter (link),,,backchannel,https://www.linkedin.com/posts/vinayaksattigeri_security-engineer-iii-activity-7507008086893715458-U7ku,,backchannel,"[{""site"": ""backchannel"", ""url"": ""https://www.linkedin.com/posts/vinayaksattigeri_security-engineer-iii-activity-7507008086893715458-U7ku""}]",[],[],"{""location"": [""Unknown""]}",{},"{""location"": ""array_field""}",{}
https://news.ycombinator.com/item?id=49939047,Software Engineer,Perry Street Software,Senior Mobile Developer (iOS),,,,,,,2026-10-02T21:51:03Z,,,,,,,,,hn,https://news.ycombinator.com/item?id=49939047,,hn,"[{""site"": ""hn"", ""url"": ""https://news.ycombinator.com/item?id=49939047""}]","[""https://www.perrystreet.com/careers"", ""https://medium.com/perry-street-software-engineering""]",[],"{""location"": [""Senior Mobile Developer (iOS)""]}",{},"{""location"": ""array_field""}",{}
https://news.ycombinator.com/item?id=49937835,Software Engineer,Middesk,Full-time,,,,,,,2026-10-02T19:53:53Z,,,,,,,,,hn,https://news.ycombinator.com/item?id=49937835,,hn,"[{""site"": ""hn"", ""url"": ""https://news.ycombinator.com/item?id=49937835""}]","[""https://jobs.ashbyhq.com/middesk/a72b1048-1001-49b1-92bd-9c44574f939b"", ""https://jobs.ashbyhq.com/middesk/e1c6af86-dce1-495f-a710-ad369fd1308c"", ""https://jobs.ashbyhq.com/middesk/f0da59d3-43fa-460b-88ea-4fc9c052b28c"", ""https://jobs.ashbyhq.com/middesk/7fd5aeb2-c33c-4f0a-ad3d-2161201bc174"", ""https://jobs.ashbyhq.com/middesk/aed2c535-cd58-4920-9618-a0cbbb62851e""]",[],"{""location"": [""Full-time""]}",{},"{""location"": ""array_field""}",{}
https://news.ycombinator.com/item?id=49937789,Principal Software Engineer,Tivly,Principal Software Engineer (Java),,,,,,,2026-10-02T19:50:44Z,,,,,,,,,hn,https://news.ycombinator.com/item?id=49937789,,hn,"[{""site"": ""hn"", ""url"": ""https://news.ycombinator.com/item?id=49937789""}]",[],[],"{""location"": [""Principal Software Engineer (Java)""]}",{},"{""location"": ""array_field""}",{}
https://news.ycombinator.com/item?id=49937360,Software Engineer,Software Engineer — Remote — US Only,Unknown,,,,,,,2026-10-02T19:15:41Z,,,,,,,,,hn,https://news.ycombinator.com/item?id=49937360,,hn,"[{""site"": ""hn"", ""url"": ""https://news.ycombinator.com/item?id=49937360""}]",[],[],"{""location"": [""Unknown""]}",{},"{""location"": ""array_field""}",{}
https://news.ycombinator.com/item?id=49937104,Software Engineer,Paradromics,Embedded Software Engineer,,,,,,,2026-10-02T18:49:35Z,,,,,,,,,hn,https://news.ycombinator.com/item?id=49937104,,hn,"[{""site"": ""hn"", ""url"": ""https://news.ycombinator.com/item?id=49937104""}]","[""https://archive.ph/C6CRb"", ""https://paradromicsinc.applytojob.com/apply/u5hXN4N9ID/Embedded-Software-Engineer""]",[],"{""location"": [""Embedded Software Engineer""]}",{},"{""location"": ""array_field""}",{}
https://news.ycombinator.com/item?id=49937058,Software Engineer,Vola Dynamics,"Software Engineers (C++, Python)",,,,,,,2026-10-02T18:44:13Z,,,,,,,,,hn,https://news.ycombinator.com/item?id=49937058,,hn,"[{""site"": ""hn"", ""url"": ""https://news.ycombinator.com/item?id=49937058""}]","[""https://voladynamics.com"", ""https://jobs.ashbyhq.com/voladynamics""]",[],"{""location"": [""Software Engineers (C++, Python)""]}",{},"{""location"": ""array_field""}",{}
https://news.ycombinator.com/item?id=49936718,Software Engineer,K2 Space,k2space.com,,,,,,,2026-10-02T18:13:45Z,,,,,,,,,hn,https://news.ycombinator.com/item?id=49936718,,hn,"[{""site"": ""hn"", ""url"": ""https://news.ycombinator.com/item?id=49936718""}]","[""https://job-boards.greenhouse.io/k2spacecorporation/jobs/5165724008"", ""https://job-boards.greenhouse.io/k2spacecorporation/jobs/5165720008"", ""https://job-boards.greenhouse.io/k2spacecorporation/jobs/5026916008"", ""https://job-boards.greenhouse.io/k2spacecorporation/jobs/5210461008"", ""https://job-boards.greenhouse.io/k2spacecorporation/jobs/5216836008"", ""https://job-boards.greenhouse.io/k2spacecorporation/jobs/5247348008"", ""https://job-boards.greenhouse.io/k2spacecorporation/jobs/5205347008""]",[],"{""location"": [""k2space.com""]}",{},"{""location"": ""array_field""}",{}
https://news.ycombinator.com/item?id=49936182,Software Engineer,Oklo,Remote (US) or Santa Clara or Brooklyn,,,,,,,2026-10-02T17:31:35Z,,,remote,,,,,,hn,https://news.ycombinator.com/item?id=49936182,,hn,"[{""site"": ""hn"", ""url"": ""https://news.ycombinator.com/item?id=49936182""}]","[""https://oklo.com"", ""https://job-boards.greenhouse.io/oklo/jobs/4018702004"", ""https://job-boards.greenhouse.io/oklo/jobs/5739483004"", ""https://job-boards.greenhouse.io/oklo/jobs/6150355004"", ""https://job-boards.greenhouse.io/oklo""]",[],"{""location"": [""Remote (US) or Santa Clara or Brooklyn""]}",{},"{""location"": ""array_field""}",{}
https://news.ycombinator.com/item?id=49935698,Software Engineer,"We're hiring software engineers, product designers, and design engineers at the IRS!",Unknown,,,,,,,2026-10-02T16:48:28Z,,,,,,,,,hn,https://news.ycombinator.com/item?id=49935698,,hn,"[{""site"": ""hn"", ""url"": ""https://news.ycombinator.com/item?id=49935698""}]","[""https://www.usajobs.gov/job/882910800""]",[],"{""location"": [""Unknown""]}",{},"{""location"": ""array_field""}",{}
https://news.ycombinator.com/item?id=49935692,Senior Software Engineer,Small prop-trading firm,Senior Software Engineer,,,,,,,2026-10-02T16:48:15Z,,,,,,,,,hn,https://news.ycombinator.com/item?id=49935692,,hn,"[{""site"": ""hn"", ""url"": ""https://news.ycombinator.com/item?id=49935692""}]","[""https://www.kairos-research.ai/blog/cracked-software-engineer""]",[],"{""location"": [""Senior Software Engineer""]}",{},"{""location"": ""array_field""}",{}
https://news.ycombinator.com/item?id=49935441,Senior Software Engineer,meetyogi.com,"Senior Software Engineer, Backend / Product",,,,,,,2026-10-02T16:30:25Z,,,,,,,,,hn,https://news.ycombinator.com/item?id=49935441,,hn,"[{""site"": ""hn"", ""url"": ""https://news.ycombinator.com/item?id=49935441""}]",[],[],"{""location"": [""Senior Software Engineer, Backend / Product""]}",{},"{""location"": ""array_field""}",{}
https://news.ycombinator.com/item?id=49935210,Senior Software Engineer,ML6,Senior AI Engineer,,,,,,,2026-10-02T16:14:06Z,,,,,,,,,hn,https://news.ycombinator.com/item?id=49935210,,hn,"[{""site"": ""hn"", ""url"": ""https://news.ycombinator.com/item?id=49935210""}]","[""https://www.ml6.eu/en/customers/cases/"", ""https://jobs.ml6.eu/""]",[],"{""location"": [""Senior AI Engineer""]}",{},"{""location"": ""array_field""}",{}
https://news.ycombinator.com/item?id=49934886,Senior Software Engineer,Koop AI,Senior Software Engineer,,,,,,,2026-10-02T15:50:28Z,,,,,,,,,hn,https://news.ycombinator.com/item?id=49934886,,hn,"[{""site"": ""hn"", ""url"": ""https://news.ycombinator.com/item?id=49934886""}]","[""https://www.linkedin.com/jobs/view/4473527631""]",[],"{""location"": [""Senior Software Engineer""]}",{},"{""location"": ""array_field""}",{}
https://news.ycombinator.com/item?id=49934530,Software Engineer,Rebar,"Software Engineers (Product, Applied AI, ML Infra, Data Platform)",,,,,,,2026-10-02T15:21:04Z,,,,,,,,,hn,https://news.ycombinator.com/item?id=49934530,,hn,"[{""site"": ""hn"", ""url"": ""https://news.ycombinator.com/item?id=49934530""}]","[""https://jobs.ashbyhq.com/rebar"", ""https://jobs.ashbyhq.com/rebar/5ab49c2d-9a70-4723-9217-7704a455155c"", ""https://jobs.ashbyhq.com/rebar/ad41a627-d9a4-49a4-a1b4-f7202d9d5eb1"", ""https://jobs.ashbyhq.com/rebar/ead8df0c-b6da-4e79-90d0-99651cc309f5"", ""https://jobs.ashbyhq.com/rebar/c227ea05-98f8-4a08-9760-f7e3c37927c4""]",[],"{""location"": [""Software Engineers (Product, Applied AI, ML Infra, Data Platform)""]}",{},"{""location"": ""array_field""}",{}
https://news.ycombinator.com/item?id=49933183,Software Engineer,GROWTH HACKER - GLOBAL - $50/HR,Unknown,,,,,,,2026-10-02T13:12:02Z,,,,,,,,,hn,https://news.ycombinator.com/item?id=49933183,,hn,"[{""site"": ""hn"", ""url"": ""https://news.ycombinator.com/item?id=49933183""}]","[""https://www.techjobfinder.com""]",[],"{""location"": [""Unknown""]}",{},"{""location"": ""array_field""}",{}
https://news.ycombinator.com/item?id=49933080,software engineer,TELEKIN,multiple roles,,,,,,,2026-10-02T13:01:32Z,,,,,,,,,hn,https://news.ycombinator.com/item?id=49933080,,hn,"[{""site"": ""hn"", ""url"": ""https://news.ycombinator.com/item?id=49933080""}]","[""https://telekin.tech"", ""https://www.telekin.tech/careers""]",[],"{""location"": [""multiple roles""]}",{},"{""location"": ""array_field""}",{}
https://news.ycombinator.com/item?id=49932525,Senior Software Engineer,Proxima Fusion,Senior Software Engineer (Dev Platform),,,,,,,2026-10-02T12:01:38Z,,,,,,,,,hn,https://news.ycombinator.com/item?id=49932525,,hn,"[{""site"": ""hn"", ""url"": ""https://news.ycombinator.com/item?id=49932525""}]","[""https://jobs.ashbyhq.com/proxima-fusion/5aebfef0-0c2c-4c87-990d-bbbbd53b94d2""]",[],"{""location"": [""Senior Software Engineer (Dev Platform)""]}",{},"{""location"": ""array_field""}",{}
https://news.ycombinator.com/item?id=49932275,Software Engineer,Sundream Studio,Multiple Roles,,,,,,,2026-10-02T11:25:48Z,,,,,,,,,hn,https://news.ycombinator.com/item?id=49932275,,hn,"[{""site"": ""hn"", ""url"": ""https://news.ycombinator.com/item?id=49932275""}]",[],[],"{""location"": [""Multiple Roles""]}",{},"{""location"": ""array_field""}",{}
https://news.ycombinator.com/item?id=49931033,Software Engineer,PlantingSpace,Full-time,,,,,,,2026-10-02T08:06:14Z,,,,,,,,,hn,https://news.ycombinator.com/item?id=49931033,,hn,"[{""site"": ""hn"", ""url"": ""https://news.ycombinator.com/item?id=49931033""}]","[""https://planting.space"", ""https://planting.space/joinus/""]",[],"{""location"": [""Full-time""]}",{},"{""location"": ""array_field""}",{}
https://news.ycombinator.com/item?id=49929563,Software Engineer,Stoke Space,"ONSITE in Seattle, WA / Moses Lake, WA / Cape Canaveral, FL",,,,,,,2026-10-02T03:31:38Z,,,,,,,,,hn,https://news.ycombinator.com/item?id=49929563,,hn,"[{""site"": ""hn"", ""url"": ""https://news.ycombinator.com/item?id=49929563""}]","[""https://www.stokespace.com"", ""https://www.stokespace.com/open-roles?department=Software""]",[],"{""location"": [""ONSITE in Seattle, WA / Moses Lake, WA / Cape Canaveral, FL""]}",{},"{""location"": ""array_field""}",{}
https://news.ycombinator.com/item?id=49929553,Software Engineer,Hiya,Senior Backend Software Engineer,,,,,,,2026-10-02T03:28:39Z,,,,,,,,,hn,https://news.ycombinator.com/item?id=49929553,,hn,"[{""site"": ""hn"", ""url"": ""https://news.ycombinator.com/item?id=49929553""}]","[""https://jobs.ashbyhq.com/hiya/2de4d41b-a919-48c4-9a6c-e0d4f3422318?utm_source=6YmR5zMkD0""]",[],"{""location"": [""Senior Backend Software Engineer""]}",{},"{""location"": ""array_field""}",{}
https://news.ycombinator.com/item?id=49929547,Software Engineer,Relativity Space,"In Office (Long Beach, CA )",,,,,,,2026-10-02T03:26:18Z,,,,,,,,,hn,https://news.ycombinator.com/item?id=49929547,,hn,"[{""site"": ""hn"", ""url"": ""https://news.ycombinator.com/item?id=49929547""}]","[""https://www.relativityspace.com"", ""https://boards.greenhouse.io/relativity/jobs/8633354002?gh_jid=8633354002"", ""https://boards.greenhouse.io/relativity/jobs/8834015002?gh_jid=8834015002"", ""https://boards.greenhouse.io/relativity/jobs/8834005002?gh_jid=8834005002""]",[],"{""location"": [""In Office (Long Beach, CA )""]}",{},"{""location"": ""array_field""}",{}
https://news.ycombinator.com/item?id=49929522,Principal Software Engineer,Seeq,Unknown,,,,,,,2026-10-02T03:21:00Z,,,,,,,,,hn,https://news.ycombinator.com/item?id=49929522,,hn,"[{""site"": ""hn"", ""url"": ""https://news.ycombinator.com/item?id=49929522""}]","[""https://seeq.com"", ""https://geeq.seeq.com/"", ""https://apply.workable.com/seeq/j/1B6E0A1710/"", ""https://apply.workable.com/seeq/j/CD7BA6EE7B/"", ""https://apply.workable.com/seeq/j/763AE68666/""]",[],"{""location"": [""Unknown""]}",{},"{""location"": ""array_field""}",{}
https://news.ycombinator.com/item?id=49929352,Software Engineer,Stellar Science,Unknown,,,,,,,2026-10-02T02:41:47Z,,,,,,,,,hn,https://news.ycombinator.com/item?id=49929352,,hn,"[{""site"": ""hn"", ""url"": ""https://news.ycombinator.com/item?id=49929352""}]","[""https://www.stellarscience.com"", ""https://www.stellarscience.com/careers/""]",[],"{""location"": [""Unknown""]}",{},"{""location"": ""array_field""}",{}
https://news.ycombinator.com/item?id=49929283,Software Engineer,Anthropic,Software Engineer (Staff+ level),,,,,,,2026-10-02T02:26:47Z,,,,,,,,,hn,https://news.ycombinator.com/item?id=49929283,,hn,"[{""site"": ""hn"", ""url"": ""https://news.ycombinator.com/item?id=49929283""}]","[""https://www.anthropic.com/careers""]",[],"{""location"": [""Software Engineer (Staff+ level)""]}",{},"{""location"": ""array_field""}",{}
https://news.ycombinator.com/item?id=49929264,Software Engineer,CVector,"Software Engineers, Senior Research Engineer",,,,,,,2026-10-02T02:23:46Z,,,,,,,,,hn,https://news.ycombinator.com/item?id=49929264,,hn,"[{""site"": ""hn"", ""url"": ""https://news.ycombinator.com/item?id=49929264""}]",[],[],"{""location"": [""Software Engineers, Senior Research Engineer""]}",{},"{""location"": ""array_field""}",{}
https://news.ycombinator.com/item?id=49929235,Software Engineer,Radar Labs,"Software Engineers (SRE, ML, backend, full-stack, mobile, security, QA)",,,,,,,2026-10-02T02:16:20Z,,,,,,,,,hn,https://news.ycombinator.com/item?id=49929235,,hn,"[{""site"": ""hn"", ""url"": ""https://news.ycombinator.com/item?id=49929235""}]","[""https://radar.com"", ""https://radar.com/jobs#jobs""]",[],"{""location"": [""Software Engineers (SRE, ML, backend, full-stack, mobile, security, QA)""]}",{},"{""location"": ""array_field""}",{}
https://news.ycombinator.com/item?id=49929056,Senior Software Engineer,GiveDirectly,Senior Software Engineer,,,,,,,2026-10-02T01:46:45Z,,,,,,,,,hn,https://news.ycombinator.com/item?id=49929056,,hn,"[{""site"": ""hn"", ""url"": ""https://news.ycombinator.com/item?id=49929056""}]","[""https://perfectwiki.page/p/iOeyfUha_9"", ""https://job-boards.greenhouse.io/givedirectly/jobs/4558349005""]",[],"{""location"": [""Senior Software Engineer""]}",{},"{""location"": ""array_field""}",{}
https://news.ycombinator.com/item?id=49928755,Principal Software Engineer,FusionAuth,"Principal Software Engineer, Senior Java Engineers, Account Executive, Customer Support Manager",,,,,,,2026-10-02T00:56:59Z,,,,,,,,,hn,https://news.ycombinator.com/item?id=49928755,,hn,"[{""site"": ""hn"", ""url"": ""https://news.ycombinator.com/item?id=49928755""}]","[""https://fusionauth.io/careers/""]",[],"{""location"": [""Principal Software Engineer, Senior Java Engineers, Account Executive, Customer Support Manager""]}",{},"{""location"": ""array_field""}",{}
https://news.ycombinator.com/item?id=49928430,Software Engineer,CABLE,Software Engineer (early team),,,,,,,2026-10-02T00:03:55Z,,,,,,,,,hn,https://news.ycombinator.com/item?id=49928430,,hn,"[{""site"": ""hn"", ""url"": ""https://news.ycombinator.com/item?id=49928430""}]","[""https://jobs.cable.energy/roles/3e2cd174-71f5-80ae-a1d2-db8b93f2e51d""]",[],"{""location"": [""Software Engineer (early team)""]}",{},"{""location"": ""array_field""}",{}
https://news.ycombinator.com/item?id=49928066,Senior Software Engineer,All Gravy,Senior Software Engineer (Full-stack TypeScript),,,,,,,2026-10-01T23:01:24Z,,,,,,,,,hn,https://news.ycombinator.com/item?id=49928066,,hn,"[{""site"": ""hn"", ""url"": ""https://news.ycombinator.com/item?id=49928066""}]","[""https://nordictechjobs.com/jobs/3MlSv0uALS""]",[],"{""location"": [""Senior Software Engineer (Full-stack TypeScript)""]}",{},"{""location"": ""array_field""}",{}
https://news.ycombinator.com/item?id=49928023,Software Engineer,HRS Systems,Unknown,,,,,,,2026-10-01T22:56:04Z,,,,,,,,,hn,https://news.ycombinator.com/item?id=49928023,,hn,"[{""site"": ""hn"", ""url"": ""https://news.ycombinator.com/item?id=49928023""}]","[""https://hrssystems.com""]",[],"{""location"": [""Unknown""]}",{},"{""location"": ""array_field""}",{}
https://news.ycombinator.com/item?id=49927896,Software Engineer,Column (,Unknown,,,,,,,2026-10-01T22:39:13Z,,,,,,,,,hn,https://news.ycombinator.com/item?id=49927896,,hn,"[{""site"": ""hn"", ""url"": ""https://news.ycombinator.com/item?id=49927896""}]","[""https://column.com"", ""https://column.com/launch"", ""https://column.com/careers""]",[],"{""location"": [""Unknown""]}",{},"{""location"": ""array_field""}",{}
https://news.ycombinator.com/item?id=49927692,Software Engineer,RINSE,"REMOTE (US or Canada) or San Francisco, Los Angeles, Chicago, Boston, New York City, New Jersey, Seattle, Austin, Toronto, or Washington DC",,,,,,,2026-10-01T22:15:50Z,,,remote,,,,,,hn,https://news.ycombinator.com/item?id=49927692,,hn,"[{""site"": ""hn"", ""url"": ""https://news.ycombinator.com/item?id=49927692""}]","[""https://www.rinse.com""]",[],"{""location"": [""REMOTE (US or Canada) or San Francisco, Los Angeles, Chicago, Boston, New York City, New Jersey, Seattle, Austin, Toronto, or Washington DC""]}",{},"{""location"": ""array_field""}",{}
https://news.ycombinator.com/item?id=49927158,Senior Software Engineer,Veo Technologies,"Senior Software Engineer (Rust, Python, C, Embedded Linux)",,,,,,,2026-10-01T21:13:52Z,,,,,,,,,hn,https://news.ycombinator.com/item?id=49927158,,hn,"[{""site"": ""hn"", ""url"": ""https://news.ycombinator.com/item?id=49927158""}]","[""https://nordictechjobs.com/jobs/wQWZw34HNY""]",[],"{""location"": [""Senior Software Engineer (Rust, Python, C, Embedded Linux)""]}",{},"{""location"": ""array_field""}",{}
https://news.ycombinator.com/item?id=49927073,Software Engineer,MONUMENTAL,Unknown,,,,,,,2026-10-01T21:04:56Z,,,,,,,,,hn,https://news.ycombinator.com/item?id=49927073,,hn,"[{""site"": ""hn"", ""url"": ""https://news.ycombinator.com/item?id=49927073""}]","[""https://www.monumental.co/"", ""https://www.monumental.co/atrium"", ""https://www.youtube.com/watch?v=eh9BfQoKCy0"", ""https://www.monumental.co/jobs""]",[],"{""location"": [""Unknown""]}",{},"{""location"": ""array_field""}",{}
https://news.ycombinator.com/item?id=49926811,Software Engineer,KSC Trading,Remote,,,,,,,2026-10-01T20:39:35Z,,,remote,,,,,,hn,https://news.ycombinator.com/item?id=49926811,,hn,"[{""site"": ""hn"", ""url"": ""https://news.ycombinator.com/item?id=49926811""}]",[],[],"{""location"": [""Remote""]}",{},"{""location"": ""array_field""}",{}
https://news.ycombinator.com/item?id=49926793,Software Engineer,Factory,Security Engineer,,,,,,,2026-10-01T20:38:06Z,,,,,,,,,hn,https://news.ycombinator.com/item?id=49926793,,hn,"[{""site"": ""hn"", ""url"": ""https://news.ycombinator.com/item?id=49926793""}]","[""https://factory.com/"", ""https://factory.com/careers/software-engineer-security""]",[],"{""location"": [""Security Engineer""]}",{},"{""location"": ""array_field""}",{}
https://news.ycombinator.com/item?id=49926771,Software Engineer -,Innolitics,Unknown,,,,,,,2026-10-01T20:36:33Z,,,,,,,,,hn,https://news.ycombinator.com/item?id=49926771,,hn,"[{""site"": ""hn"", ""url"": ""https://news.ycombinator.com/item?id=49926771""}]","[""https://innolitics.com/join""]",[],"{""location"": [""Unknown""]}",{},"{""location"": ""array_field""}",{}
https://news.ycombinator.com/item?id=49925644,Senior Software Engineer,MeritFirst,Senior Software Engineer,,,,,,,2026-10-01T18:55:46Z,,,,,,,,,hn,https://news.ycombinator.com/item?id=49925644,,hn,"[{""site"": ""hn"", ""url"": ""https://news.ycombinator.com/item?id=49925644""}]","[""https://www.meritfirst.us/candidate/tests/40bfae94-dbf6-43fd-8ac3-b804eee7ad47""]",[],"{""location"": [""Senior Software Engineer""]}",{},"{""location"": ""array_field""}",{}
https://news.ycombinator.com/item?id=49925583,Senior Software Engineer - Windows,"Sorry for the off-topic post, but since you're from Cisco... is there someone I could speak with regarding the Senior Software Engineer - Windows (Duo) position",Unknown,,,,,,,2026-10-01T18:51:52Z,,,,,,,,,hn,https://news.ycombinator.com/item?id=49925583,,hn,"[{""site"": ""hn"", ""url"": ""https://news.ycombinator.com/item?id=49925583""}]","[""https://careers.cisco.com/global/en/job/2023286/Senior-Software-Engineer-Windows-Duo""]",[],"{""location"": [""Unknown""]}",{},"{""location"": ""array_field""}",{}
https://news.ycombinator.com/item?id=49925526,Senior Software Engineer,Octane,"Senior Software Engineer, Decisioning",,,,,,,2026-10-01T18:47:24Z,,,,,,,,,hn,https://news.ycombinator.com/item?id=49925526,,hn,"[{""site"": ""hn"", ""url"": ""https://news.ycombinator.com/item?id=49925526""}]","[""https://octane.co/o/who-we-are/careers/jobs-open/?gh_jid=7997608003&gh_src=f2f474523us""]",[],"{""location"": [""Senior Software Engineer, Decisioning""]}",{},"{""location"": ""array_field""}",{}
https://news.ycombinator.com/item?id=49925497,Software Engineer,Paramark,Software Engineer (L4),,,,,,,2026-10-01T18:45:19Z,,,,,,,,,hn,https://news.ycombinator.com/item?id=49925497,,hn,"[{""site"": ""hn"", ""url"": ""https://news.ycombinator.com/item?id=49925497""}]","[""https://www.mercurynews.com/2025/08/25/silicon-valley-startup-grind-long-hours/"", ""https://paramark.com/careers/software-engineer-l4"", ""https://paramark.com/careers/software-engineer-l4-remote""]",[],"{""location"": [""Software Engineer (L4)""]}",{},"{""location"": ""array_field""}",{}
https://news.ycombinator.com/item?id=49925489,Software Engineer,"Enveritas (YC S18, non-profit)",Backend Software Engineer,,,,,,,2026-10-01T18:44:56Z,,,,,,,,,hn,https://news.ycombinator.com/item?id=49925489,,hn,"[{""site"": ""hn"", ""url"": ""https://news.ycombinator.com/item?id=49925489""}]","[""https://enveritas.org/jobs/"", ""https://enveritas.org/jobs/backend-software-eng/#10d7adef8us""]",[],"{""location"": [""Backend Software Engineer""]}",{},"{""location"": ""array_field""}",{}
https://news.ycombinator.com/item?id=49925469,Senior Software Engineer,Descartes - Finale Inventory,Senior Software Engineer,,,,,,,2026-10-01T18:42:56Z,,,,,,,,,hn,https://news.ycombinator.com/item?id=49925469,,hn,"[{""site"": ""hn"", ""url"": ""https://news.ycombinator.com/item?id=49925469""}]",[],[],"{""location"": [""Senior Software Engineer""]}",{},"{""location"": ""array_field""}",{}
https://news.ycombinator.com/item?id=49925329,Staff Software Engineer,Google,"Senior Staff Software Engineer, CodeAI",,,,,,,2026-10-01T18:30:53Z,,,,,,,,,hn,https://news.ycombinator.com/item?id=49925329,,hn,"[{""site"": ""hn"", ""url"": ""https://news.ycombinator.com/item?id=49925329""}]","[""https://www.google.com/about/careers/applications/jobs/results/87958496640672454-senior-staff-software-engineer-full-stack-codeai""]",[],"{""location"": [""Senior Staff Software Engineer, CodeAI""]}",{},"{""location"": ""array_field""}",{}
https://news.ycombinator.com/item?id=49925283,Software Engineer,ko-br,"Engineering, sales, operations",,,,,,,2026-10-01T18:27:31Z,,,,,,,,,hn,https://news.ycombinator.com/item?id=49925283,,hn,"[{""site"": ""hn"", ""url"": ""https://news.ycombinator.com/item?id=49925283""}]","[""https://ko-br.com"", ""https://app.dover.com/jobs/ko-br""]",[],"{""location"": [""Engineering, sales, operations""]}",{},"{""location"": ""array_field""}",{}
https://news.ycombinator.com/item?id=49925116,Lead Software Engineer -,Cisco ThousandEyes,"San Francisco, CA and San Jose, CA",,,,,,,2026-10-01T18:14:14Z,,,,,,,,,hn,https://news.ycombinator.com/item?id=49925116,,hn,"[{""site"": ""hn"", ""url"": ""https://news.ycombinator.com/item?id=49925116""}]","[""https://www.thousandeyes.com/"", ""https://careers.cisco.com/global/en/job/2023366/Lead-Software-Engineer-Account-Management-ThousandEyes-Hybrid""]",[],"{""location"": [""San Francisco, CA and San Jose, CA""]}",{},"{""location"": ""array_field""}",{}
https://news.ycombinator.com/item?id=49925063,Senior Software Engineer,Discord,"Senior Software Engineer, Application Security",,,,,,,2026-10-01T18:09:56Z,,,,,,,,,hn,https://news.ycombinator.com/item?id=49925063,,hn,"[{""site"": ""hn"", ""url"": ""https://news.ycombinator.com/item?id=49925063""}]","[""https://discord.com/jobs/8656854002""]",[],"{""location"": [""Senior Software Engineer, Application Security""]}",{},"{""location"": ""array_field""}",{}
https://news.ycombinator.com/item?id=49924974,Software Engineer,Curai,Remote (US),,,,,,,2026-10-01T18:02:35Z,,,remote,,,,,,hn,https://news.ycombinator.com/item?id=49924974,,hn,"[{""site"": ""hn"", ""url"": ""https://news.ycombinator.com/item?id=49924974""}]","[""https://curaihealth.com"", ""https://jobs.lever.co/curai/46e0dd2f-c1dd-4ca2-9095-5b45f477b656"", ""https://jobs.lever.co/curai/cd31b67b-d83c-466a-ac55-cfa4c2ec4237"", ""https://jobs.lever.co/curai/b157298e-4dc7-4594-a9c4-29f0dec4bfa4""]",[],"{""location"": [""Remote (US)""]}",{},"{""location"": ""array_field""}",{}
https://news.ycombinator.com/item?id=49924972,Software Engineer,QUOBYTE,"Santa Clara, CA and Berlin, Germany",,,,,,,2026-10-01T18:02:17Z,,,,,,,,,hn,https://news.ycombinator.com/item?id=49924972,,hn,"[{""site"": ""hn"", ""url"": ""https://news.ycombinator.com/item?id=49924972""}]","[""https://www.quobyte.com/"", ""https://www.quobyte.com/company/careers""]",[],"{""location"": [""Santa Clara, CA and Berlin, Germany""]}",{},"{""location"": ""array_field""}",{}
https://news.ycombinator.com/item?id=49924509,Senior Software Engineer,Yardstik,Multiple Open Roles,,,,,,,2026-10-01T17:24:17Z,,,,,,,,,hn,https://news.ycombinator.com/item?id=49924509,,hn,"[{""site"": ""hn"", ""url"": ""https://news.ycombinator.com/item?id=49924509""}]","[""https://app.trinethire.com/companies/135023-yardstik/jobs/124640-devsecops-engineer"", ""https://app.trinethire.com/companies/135023-yardstik/jobs/121875-senior-software-engineer"", ""https://yardstik.com/news-articles/yardstik-raises-30m-in-series-b/""]",[],"{""location"": [""Multiple Open Roles""]}",{},"{""location"": ""array_field""}",{}
https://news.ycombinator.com/item?id=49924327,Staff Software Engineer,Solace Health,Multiple Engineering Roles,,,,,,,2026-10-01T17:09:57Z,,,,,,,,,hn,https://news.ycombinator.com/item?id=49924327,,hn,"[{""site"": ""hn"", ""url"": ""https://news.ycombinator.com/item?id=49924327""}]","[""https://jobs.ashbyhq.com/Solace?utm_source=x4QJmBQEg7""]",[],"{""location"": [""Multiple Engineering Roles""]}",{},"{""location"": ""array_field""}",{}
https://news.ycombinator.com/item?id=49924087,Staff Software Engineer - Infrastructure,Baton,"San Francisco, CA (Hybrid)",,,,,,,2026-10-01T16:50:08Z,,,,,,,,,hn,https://news.ycombinator.com/item?id=49924087,,hn,"[{""site"": ""hn"", ""url"": ""https://news.ycombinator.com/item?id=49924087""}]","[""https://grnh.se/55wbfa9g7us"", ""https://grnh.se/8pm4cytg7us"", ""https://grnh.se/wb558ncz7us"", ""https://grnh.se/537yusl37us"", ""https://grnh.se/770pgzv17us"", ""https://grnh.se/zjf8nfrb7us""]",[],"{""location"": [""San Francisco, CA (Hybrid)""]}",{},"{""location"": ""array_field""}",{}
https://news.ycombinator.com/item?id=49923870,Staff Software Engineer,Brilliant.org,Senior/Staff Software Engineer (Interactives),,,,,,,2026-10-01T16:32:10Z,,,,,,,,,hn,https://news.ycombinator.com/item?id=49923870,,hn,"[{""site"": ""hn"", ""url"": ""https://news.ycombinator.com/item?id=49923870""}]","[""https://brilliant.org"", ""https://brilliant.org/careers""]",[],"{""location"": [""Senior/Staff Software Engineer (Interactives)""]}",{},"{""location"": ""array_field""}",{}
https://news.ycombinator.com/item?id=49923784,Software Engineer,Namespace,"San Francisco, CA / New York, NY / Zurich, Switzerland / Remote",,,,,,,2026-10-01T16:26:14Z,,,remote,,,,,,hn,https://news.ycombinator.com/item?id=49923784,,hn,"[{""site"": ""hn"", ""url"": ""https://news.ycombinator.com/item?id=49923784""}]","[""https://namespace.so"", ""https://namespace.so/careers""]",[],"{""location"": [""San Francisco, CA / New York, NY / Zurich, Switzerland / Remote""]}",{},"{""location"": ""array_field""}",{}
https://news.ycombinator.com/item?id=49923426,Software Engineer,PDT Partners,"NYC, Hybrid, 3 days in office",,,,,,,2026-10-01T15:58:38Z,,,,,,,,,hn,https://news.ycombinator.com/item?id=49923426,,hn,"[{""site"": ""hn"", ""url"": ""https://news.ycombinator.com/item?id=49923426""}]","[""https://grnh.se/lbqjx7de1us"", ""https://grnh.se/a13993bl1us"", ""https://grnh.se/8pvu6jy91us"", ""https://grnh.se/vwvd8k041us""]",[],"{""location"": [""NYC, Hybrid, 3 days in office""]}",{},"{""location"": ""array_field""}",{}
https://news.ycombinator.com/item?id=49923384,Senior Software Engineer,Fazeshift,Senior Software Engineer,,,,,,,2026-10-01T15:56:17Z,,,,,,,,,hn,https://news.ycombinator.com/item?id=49923384,,hn,"[{""site"": ""hn"", ""url"": ""https://news.ycombinator.com/item?id=49923384""}]",[],[],"{""location"": [""Senior Software Engineer""]}",{},"{""location"": ""array_field""}",{}
https://news.ycombinator.com/item?id=49923163,Senior Software Engineer,JustPark,"Senior Software Engineer, Reporting",,,,,,,2026-10-01T15:40:47Z,,,,,,,,,hn,https://news.ycombinator.com/item?id=49923163,,hn,"[{""site"": ""hn"", ""url"": ""https://news.ycombinator.com/item?id=49923163""}]","[""https://apply.workable.com/j/FE43DE896A""]",[],"{""location"": [""Senior Software Engineer, Reporting""]}",{},"{""location"": ""array_field""}",{}
https://news.ycombinator.com/item?id=49923010,Staff Software Engineer,River,Staff Engineers (Elixir),,,,,,,2026-10-01T15:30:44Z,,,,,,,,,hn,https://news.ycombinator.com/item?id=49923010,,hn,"[{""site"": ""hn"", ""url"": ""https://news.ycombinator.com/item?id=49923010""}]","[""https://jobs.ashbyhq.com/river?utm_source=Zp9nJyqvd4"", ""https://jobs.ashbyhq.com/river/610f652b-bdb9-4d82-9973-680babe16a07""]",[],"{""location"": [""Staff Engineers (Elixir)""]}",{},"{""location"": ""array_field""}",{}
https://news.ycombinator.com/item?id=49922929,Software Engineer,Fastly,"Software Engineers (Senior, Staff, Principal)",,,,,,,2026-10-01T15:24:06Z,,,,,,,,,hn,https://news.ycombinator.com/item?id=49922929,,hn,"[{""site"": ""hn"", ""url"": ""https://news.ycombinator.com/item?id=49922929""}]","[""https://www.fastly.com/about/careers""]",[],"{""location"": [""Software Engineers (Senior, Staff, Principal)""]}",{},"{""location"": ""array_field""}",{}
https://news.ycombinator.com/item?id=49922881,Software Engineer,Smarkets (,Unknown,,,,,,,2026-10-01T15:20:57Z,,,,,,,,,hn,https://news.ycombinator.com/item?id=49922881,,hn,"[{""site"": ""hn"", ""url"": ""https://news.ycombinator.com/item?id=49922881""}]","[""https://www.smarkets.com"", ""https://jobs.ashbyhq.com/smarkets/97b041b6-489c-4148-8e2c-2d5a14264fcb"", ""https://jobs.ashbyhq.com/smarkets/aaaf901f-77c0-4b35-9240-ed4cfa668ba9"", ""https://jobs.ashbyhq.com/smarkets/59c8a1d1-25b6-4350-840c-9eb370d14330"", ""https://jobs.ashbyhq.com/smarkets/d24b8384-0894-46b3-834c-eeeba59274fd"", ""https://jobs.ashbyhq.com/smarkets/c2950791-db73-444c-809e-f7784ba26fce""]",[],"{""location"": [""Unknown""]}",{},"{""location"": ""array_field""}",{}
https://news.ycombinator.com/item?id=49922850,Software Engineer,Thunder Compute (YC S24),"C++ Systems, Infrastructure, BizOps",,,,,,,2026-10-01T15:18:54Z,,,,,,,,,hn,https://news.ycombinator.com/item?id=49922850,,hn,"[{""site"": ""hn"", ""url"": ""https://news.ycombinator.com/item?id=49922850""}]","[""https://www.thundercompute.com"", ""https://jobs.ashbyhq.com/thundercompute/2efae53b-817c-43e7-9da3-72694813f608"", ""https://jobs.ashbyhq.com/thundercompute/927a922b-c607-4b0e-a6f2-451571a537f4"", ""https://jobs.ashbyhq.com/thundercompute/4f28e418-b77b-446e-a30e-6b5bed36c093""]",[],"{""location"": [""C++ Systems, Infrastructure, BizOps""]}",{},"{""location"": ""array_field""}",{}
https://news.ycombinator.com/item?id=49922803,Software Engineer,Flexibits,Android Software Engineer,,,,,,,2026-10-01T15:15:38Z,,,,,,,,,hn,https://news.ycombinator.com/item?id=49922803,,hn,"[{""site"": ""hn"", ""url"": ""https://news.ycombinator.com/item?id=49922803""}]","[""https://flexibits.com/jobs""]",[],"{""location"": [""Android Software Engineer""]}",{},"{""location"": ""array_field""}",{}
https://news.ycombinator.com/item?id=49922711,Software Engineer,CareerJumpShip,Multiple engineering + go-to-market roles,,,,,,,2026-10-01T15:09:41Z,,,,,,,,,hn,https://news.ycombinator.com/item?id=49922711,,hn,"[{""site"": ""hn"", ""url"": ""https://news.ycombinator.com/item?id=49922711""}]","[""https://www.careerjumpship.com/jobs/technical-writer-ii-shinvestmentsllc-5dba0cda?utm_source=hn"", ""https://www.careerjumpship.com/jobs/software-engineer-backend-coop-bree-590b2cb4?utm_source=hn"", ""https://www.careerjumpship.com/jobs/ai-director-emergent-software-2b97b291?utm_source=hn"", ""https://www.careerjumpship.com/jobs/software-engineer-senior-leadership-connect-03dc94a9?utm_source=hn"", ""https://www.careerjumpship.com/jobs/software-engineer-ii-android-match-group-caa3f75d?utm_source=hn"", ""https://www.careerjumpship.com/jobs/manager-ii-software-engineering-samsara-57d3a2c8?utm_source=hn"", ""https://www.careerjumpship.com/jobs/full-stack-software-engineer-spacex-98740d55?utm_source=hn"", ""https://www.careerjumpship.com/jobs/power-platform-developer-truetandem-eda6b282?utm_source=hn""]",[],"{""location"": [""Multiple engineering + go-to-market roles""]}",{},"{""location"": ""array_field""}",{}
https://news.ycombinator.com/item?id=49922609,Senior Software Engineer,Sidekick Labs,"Senior SWE, R&D Engineer, Intelligence Engineer",,,,,,,2026-10-01T15:03:36Z,,,,,,,,,hn,https://news.ycombinator.com/item?id=49922609,,hn,"[{""site"": ""hn"", ""url"": ""https://news.ycombinator.com/item?id=49922609""}]","[""https://www.linkedin.com/in/three-two-one"", ""https://sidekicklabs.com""]",[],"{""location"": [""Senior SWE, R&D Engineer, Intelligence Engineer""]}",{},"{""location"": ""array_field""}",{}
https://news.ycombinator.com/item?id=49922593,Software Engineer,Shepherd (Series B),ONSITE,,,,,,,2026-10-01T15:02:51Z,,,,,,,,,hn,https://news.ycombinator.com/item?id=49922593,,hn,"[{""site"": ""hn"", ""url"": ""https://news.ycombinator.com/item?id=49922593""}]","[""https://shepherdinsurance.com/careers"", ""https://shepherdinsurance.com/blog""]",[],"{""location"": [""ONSITE""]}",{},"{""location"": ""array_field""}",{}
https://news.ycombinator.com/item?id=49922584,Software Engineer,PrairieLearn (Remote US) — Full-Stack Software Engineer — TypeScript / Postgres / React / AI,Unknown,,,,,,,2026-10-01T15:02:37Z,,,,,,,,,hn,https://news.ycombinator.com/item?id=49922584,,hn,"[{""site"": ""hn"", ""url"": ""https://news.ycombinator.com/item?id=49922584""}]","[""https://www.prairielearn.com"", ""https://github.com/PrairieLearn/PrairieLearn"", ""https://www.prairielearn.com/jobs-ashby?utm_source=YeEJ5MAKkr&ashby_jid=ee6fdbc3-1c3a-4fa3-bb3f-13ddab449baf""]",[],"{""location"": [""Unknown""]}",{},"{""location"": ""array_field""}",{}
https://news.ycombinator.com/item?id=49934638,Software Engineer,Fredrin,Forward Deployed Engineers,,,,,,,2026-10-02T15:30:52Z,,,,,,,,,hn,https://news.ycombinator.com/item?id=49934638,,hn,"[{""site"": ""hn"", ""url"": ""https://news.ycombinator.com/item?id=49934638""}]","[""https://www.fredrin.com"", ""https://www.fredrin.com/careers/forward-deployed-engineer""]",[],"{""location"": [""Forward Deployed Engineers""]}",{},"{""location"": ""array_field""}",{}
https://news.ycombinator.com/item?id=49931362,Software Engineer,EggAI,"IT Operations Lead, Software and Platform engineers",,,,,,,2026-10-02T09:00:41Z,,,,,,,,,hn,https://news.ycombinator.com/item?id=49931362,,hn,"[{""site"": ""hn"", ""url"": ""https://news.ycombinator.com/item?id=49931362""}]","[""https://grnh.se/wr97lgu2teu"", ""https://egg-ai.com/""]",[],"{""location"": [""IT Operations Lead, Software and Platform engineers""]}",{},"{""location"": ""array_field""}",{}
https://news.ycombinator.com/item?id=49926872,Software Engineer,Cardog,"Toronto, Ontario",,,,,,,2026-10-01T20:45:24Z,,,,,,,,,hn,https://news.ycombinator.com/item?id=49926872,,hn,"[{""site"": ""hn"", ""url"": ""https://news.ycombinator.com/item?id=49926872""}]","[""https://cardog.app/careers""]",[],"{""location"": [""Toronto, Ontario""]}",{},"{""location"": ""array_field""}",{}
https://news.ycombinator.com/item?id=49922693,Software Engineer,Planlab.ai,Product Engineer (Design) & Platform Engineer,,,,,,,2026-10-01T15:08:44Z,,,,,,,,,hn,https://news.ycombinator.com/item?id=49922693,,hn,"[{""site"": ""hn"", ""url"": ""https://news.ycombinator.com/item?id=49922693""}]","[""https://planlab.ai/jobs""]",[],"{""location"": [""Product Engineer (Design) & Platform Engineer""]}",{},"{""location"": ""array_field""}",{}
https://news.ycombinator.com/item?id=49932264,Software Engineer,Flok Health,Multiple roles,,,,,,,2026-10-02T11:24:13Z,,,,,,,,,hn,https://news.ycombinator.com/item?id=49932264,,hn,"[{""site"": ""hn"", ""url"": ""https://news.ycombinator.com/item?id=49932264""}]","[""https://www.flok.health"", ""https://www.flok.health/careers/engineering-team""]",[],"{""location"": [""Multiple roles""]}",{},"{""location"": ""array_field""}",{}
https://news.ycombinator.com/item?id=49930868,Software Engineer,Hospitable,Senior Product Engineer (Laravel); Technical Support Engineer,,,,,,,2026-10-02T07:39:42Z,,,,,,,,,hn,https://news.ycombinator.com/item?id=49930868,,hn,"[{""site"": ""hn"", ""url"": ""https://news.ycombinator.com/item?id=49930868""}]","[""https://hospitable.com/careers"", ""https://hsptb.com/hndbk"", ""https://apply.hospitable.com"", ""https://wrkbl.ink/6P8FU3Z"", ""https://wrkbl.ink/aVGzgxd""]",[],"{""location"": [""Senior Product Engineer (Laravel); Technical Support Engineer""]}",{},"{""location"": ""array_field""}",{}
https://news.ycombinator.com/item?id=49930478,Software Engineer,neoshare,Senior Product Engineers (AI),,,,,,,2026-10-02T06:38:55Z,,,,,,,,,hn,https://news.ycombinator.com/item?id=49930478,,hn,"[{""site"": ""hn"", ""url"": ""https://news.ycombinator.com/item?id=49930478""}]","[""https://neoshare.com""]",[],"{""location"": [""Senior Product Engineers (AI)""]}",{},"{""location"": ""array_field""}",{}
https://news.ycombinator.com/item?id=49930260,Software Engineer,lovable,"stockholm, london (in-person)",,,,,,,2026-10-02T06:01:55Z,,,,,,,,,hn,https://news.ycombinator.com/item?id=49930260,,hn,"[{""site"": ""hn"", ""url"": ""https://news.ycombinator.com/item?id=49930260""}]","[""https://lovable.dev/careers"", ""https://lovable.dev/blog"", ""https://x.com/cviktore""]",[],"{""location"": [""stockholm, london (in-person)""]}",{},"{""location"": ""array_field""}",{}
https://news.ycombinator.com/item?id=49929798,Software Engineer,Tahoma AI,tahoma.io,,,,,,,2026-10-02T04:18:30Z,,,,,,,,,hn,https://news.ycombinator.com/item?id=49929798,,hn,"[{""site"": ""hn"", ""url"": ""https://news.ycombinator.com/item?id=49929798""}]","[""https://www.tahoma.io/careers""]",[],"{""location"": [""tahoma.io""]}",{},"{""location"": ""array_field""}",{}
https://news.ycombinator.com/item?id=49928997,Software Engineer,BCC,Platform Systems Engineers,,,,,,,2026-10-02T01:35:26Z,,,,,,,,,hn,https://news.ycombinator.com/item?id=49928997,,hn,"[{""site"": ""hn"", ""url"": ""https://news.ycombinator.com/item?id=49928997""}]","[""https://www.ncbi.nlm.nih.gov"", ""https://job-boards.greenhouse.io/blackcanyonconsulting/jobs/5531216003"", ""https://job-boards.greenhouse.io/blackcanyonconsulting/jobs/6561833003"", ""https://job-boards.greenhouse.io/blackcanyonconsulting/jobs/6561852003""]",[],"{""location"": [""Platform Systems Engineers""]}",{},"{""location"": ""array_field""}",{}
https://news.ycombinator.com/item?id=49928358,Software Engineer,Qualcomm,Canada,,,,,,,2026-10-01T23:53:15Z,,,,,,,,,hn,https://news.ycombinator.com/item?id=49928358,,hn,"[{""site"": ""hn"", ""url"": ""https://news.ycombinator.com/item?id=49928358""}]","[""https://github.com/qemu/qemu/tree/master/target/hexagon"", ""https://en.wikipedia.org/wiki/Qualcomm_Hexagon"", ""https://en.wikipedia.org/wiki/Very_long_instruction_word"", ""https://foundation.llvm.org/sponsors/"", ""https://www.linuxfoundation.org/our-members-are-our-superpower-2/""]",[],"{""location"": [""Canada""]}",{},"{""location"": ""array_field""}",{}
https://news.ycombinator.com/item?id=49927984,Software Engineer,Sourcegraph,Remote,,,,,,,2026-10-01T22:51:25Z,,,remote,,,,,,hn,https://news.ycombinator.com/item?id=49927984,,hn,"[{""site"": ""hn"", ""url"": ""https://news.ycombinator.com/item?id=49927984""}]","[""https://sourcegraph.com"", ""https://grnh.se/0572f98b4us""]",[],"{""location"": [""Remote""]}",{},"{""location"": ""array_field""}",{}
https://news.ycombinator.com/item?id=49925468,Software Engineer,etc. (Exploration Technology Corp.),Vision Systems Engineer,,,,,,,2026-10-01T18:42:54Z,,,,,,,,,hn,https://news.ycombinator.com/item?id=49925468,,hn,"[{""site"": ""hn"", ""url"": ""https://news.ycombinator.com/item?id=49925468""}]","[""https://ats.rippling.com/etc/jobs/3300a2a6-a2af-4b7a-b44a-1a41b07405a5""]",[],"{""location"": [""Vision Systems Engineer""]}",{},"{""location"": ""array_field""}",{}
https://news.ycombinator.com/item?id=49925098,Software Engineer,Strategy & Transformation Consulting (s&t),Head of Development – AI Agent Platform,,,,,,,2026-10-01T18:12:47Z,,,,,,,,,hn,https://news.ycombinator.com/item?id=49925098,,hn,"[{""site"": ""hn"", ""url"": ""https://news.ycombinator.com/item?id=49925098""}]",[],[],"{""location"": [""Head of Development – AI Agent Platform""]}",{},"{""location"": ""array_field""}",{}
