url,title,company,location,salary_minimum,salary_maximum,salary_currency,salary_period,salary_text,last_updated,posted_at,internship,sponsors_visa,workplace,employment_type,experience_levels,note,url_validated_at,application_url_type,source_sites,source_urls,valid_through,source,sources_json,application_urls_json,employer_urls_json,array_fields_json,fields_json,field_types_json,enrichment_json
https://simplify.jobs/p/87c76ad4-84ce-4edb-af30-d4989673f9d5,Senior Front-end Engineer,Beacon Biosignals,"Remote; Boston, MA, USA",170000.0,190000.0,USD,,,2026-09-30T22:30:01+00:00,2026-09-15T22:22:32+00:00,false,,remote,full_time,senior,,,,simplify,https://simplify.jobs/p/87c76ad4-84ce-4edb-af30-d4989673f9d5,,simplify,"[{""site"": ""simplify"", ""url"": ""https://simplify.jobs/p/87c76ad4-84ce-4edb-af30-d4989673f9d5""}]",[],[],"{""location"": [""Remote; Boston, MA, USA""]}",{},"{""location"": ""array_field""}",{}
https://simplify.jobs/p/91729a08-4d9f-4788-a0a1-a2a8e03efe4c,Senior Frontend Software Engineer,Tenet3,"Dayton, OH, USA",115000.0,140000.0,USD,,,2026-09-15T23:02:31+00:00,2026-09-15T22:41:32+00:00,false,,hybrid,full_time,senior,,,,simplify,https://simplify.jobs/p/91729a08-4d9f-4788-a0a1-a2a8e03efe4c,,simplify,"[{""site"": ""simplify"", ""url"": ""https://simplify.jobs/p/91729a08-4d9f-4788-a0a1-a2a8e03efe4c""}]",[],[],"{""location"": [""Dayton, OH, USA""]}",{},"{""location"": ""array_field""}",{}
https://simplify.jobs/p/09665894-1998-44e9-a503-fe776206ce8e,Frontend Engineer,Ernst & Young,"Raleigh, NC, USA",55400.0,128500.0,USD,,,2026-09-15T22:25:56+00:00,2026-09-15T22:10:09+00:00,false,,onsite,full_time,junior,,,,simplify,https://simplify.jobs/p/09665894-1998-44e9-a503-fe776206ce8e,,simplify,"[{""site"": ""simplify"", ""url"": ""https://simplify.jobs/p/09665894-1998-44e9-a503-fe776206ce8e""}]",[],[],"{""location"": [""Raleigh, NC, USA""]}",{},"{""location"": ""array_field""}",{}
https://simplify.jobs/p/5f1e4b28-4eb8-47ed-b943-b8afa14f4683,Senior Frontend Engineer - Conversions,Hello Fresh,"Toronto, ON, Canada",130000.0,150000.0,CAD,,,2026-10-02T10:40:48+00:00,2026-09-30T09:28:09+00:00,false,,hybrid,full_time,senior,,,,simplify,https://simplify.jobs/p/5f1e4b28-4eb8-47ed-b943-b8afa14f4683 | https://simplify.jobs/p/e0893454-ae27-41d4-b746-dce70d3a2cfd,,simplify,"[{""site"": ""simplify"", ""url"": ""https://simplify.jobs/p/5f1e4b28-4eb8-47ed-b943-b8afa14f4683""}, {""site"": ""simplify"", ""url"": ""https://simplify.jobs/p/e0893454-ae27-41d4-b746-dce70d3a2cfd""}]",[],[],"{""location"": [""Toronto, ON, Canada""]}",{},"{""location"": ""array_field""}",{}
https://simplify.jobs/p/fa14060f-443e-4c7a-ab28-e1e91badf50a,Frontend Developer - TypeScript / React,LOD Technologies,"Vancouver, BC, Canada",,,,,,2026-09-04T01:39:21+00:00,2026-08-11T01:32:42+00:00,false,,onsite,full_time,mid,,,,simplify,https://simplify.jobs/p/fa14060f-443e-4c7a-ab28-e1e91badf50a,,simplify,"[{""site"": ""simplify"", ""url"": ""https://simplify.jobs/p/fa14060f-443e-4c7a-ab28-e1e91badf50a""}]",[],[],"{""location"": [""Vancouver, BC, Canada""]}",{},"{""location"": ""array_field""}",{}
https://simplify.jobs/p/8631e6e5-91ef-4c17-b39f-e306cbff9f70,Senior Frontend Engineer - Vue - Create: Repository Management,GitLab,Remote; Remote in UK,,,,,,2026-09-04T10:54:01+00:00,2026-08-13T22:35:11+00:00,false,,remote,full_time,senior,,,,simplify,https://simplify.jobs/p/8631e6e5-91ef-4c17-b39f-e306cbff9f70,,simplify,"[{""site"": ""simplify"", ""url"": ""https://simplify.jobs/p/8631e6e5-91ef-4c17-b39f-e306cbff9f70""}]",[],[],"{""location"": [""Remote; Remote in UK""]}",{},"{""location"": ""array_field""}",{}
https://simplify.jobs/p/8115fa0c-17b3-4ba2-8778-e4f20bd8b0f0,Senior Frontend Engineer,Outsight,"Paris, France",,,,,,2026-09-04T08:15:01+00:00,2026-06-12T14:05:52+00:00,false,,onsite,full_time,senior,,,,simplify,https://simplify.jobs/p/8115fa0c-17b3-4ba2-8778-e4f20bd8b0f0,,simplify,"[{""site"": ""simplify"", ""url"": ""https://simplify.jobs/p/8115fa0c-17b3-4ba2-8778-e4f20bd8b0f0""}]",[],[],"{""location"": [""Paris, France""]}",{},"{""location"": ""array_field""}",{}
https://simplify.jobs/p/0604c34f-2c94-4d87-a5ef-c875313068ab,Frontend Engineer - Underwriting,Coalition,Remote; Remote in USA,115000.0,168000.0,USD,,,2026-09-16T22:45:02+00:00,2026-09-16T22:43:38+00:00,false,,remote,full_time,junior,,,,simplify,https://simplify.jobs/p/0604c34f-2c94-4d87-a5ef-c875313068ab,,simplify,"[{""site"": ""simplify"", ""url"": ""https://simplify.jobs/p/0604c34f-2c94-4d87-a5ef-c875313068ab""}]",[],[],"{""location"": [""Remote; Remote in USA""]}",{},"{""location"": ""array_field""}",{}
https://simplify.jobs/p/231dfb20-126d-4c1f-9242-06bd77b71753,Frontend Engineer - Vision,Sarvam,"Bengaluru, Karnataka, India",,,,,,2026-09-04T12:09:01+00:00,2026-08-18T22:56:47+00:00,false,,onsite,full_time,mid,,,,simplify,https://simplify.jobs/p/231dfb20-126d-4c1f-9242-06bd77b71753,,simplify,"[{""site"": ""simplify"", ""url"": ""https://simplify.jobs/p/231dfb20-126d-4c1f-9242-06bd77b71753""}]",[],[],"{""location"": [""Bengaluru, Karnataka, India""]}",{},"{""location"": ""array_field""}",{}
https://simplify.jobs/p/4f5ad30b-6c83-407c-a994-e2e9da7c9754,React Front-End Developer - Applications Programming,Analog Devices,"Remote; Bengaluru, Karnataka, India",,,,,,2026-09-03T21:51:21+00:00,2026-07-04T14:06:15+00:00,false,,remote,full_time,senior,,,,simplify,https://simplify.jobs/p/4f5ad30b-6c83-407c-a994-e2e9da7c9754,,simplify,"[{""site"": ""simplify"", ""url"": ""https://simplify.jobs/p/4f5ad30b-6c83-407c-a994-e2e9da7c9754""}]",[],[],"{""location"": [""Remote; Bengaluru, Karnataka, India""]}",{},"{""location"": ""array_field""}",{}
https://simplify.jobs/p/8837aeee-3c63-4734-bb66-d01beceb201f,Senior Frontend Engineer,MUBI,"London, UK; Berlin, Germany",,,,,,2026-09-25T22:57:02+00:00,2026-09-25T22:19:35+00:00,false,,hybrid,full_time,senior,,,,simplify,https://simplify.jobs/p/8837aeee-3c63-4734-bb66-d01beceb201f,,simplify,"[{""site"": ""simplify"", ""url"": ""https://simplify.jobs/p/8837aeee-3c63-4734-bb66-d01beceb201f""}]",[],[],"{""location"": [""London, UK; Berlin, Germany""]}",{},"{""location"": ""array_field""}",{}
https://simplify.jobs/p/c745577e-d973-4ffe-803e-4570b9482506,Frontend Engineer,Restate,Remote; Europe,,,,,,2026-10-02T11:33:50+00:00,2026-09-17T09:30:39+00:00,false,,remote,full_time,mid,,,,simplify,https://simplify.jobs/p/c745577e-d973-4ffe-803e-4570b9482506,,simplify,"[{""site"": ""simplify"", ""url"": ""https://simplify.jobs/p/c745577e-d973-4ffe-803e-4570b9482506""}]",[],[],"{""location"": [""Remote; Europe""]}",{},"{""location"": ""array_field""}",{}
https://simplify.jobs/p/6d5e8ccf-4818-4cc8-8b3c-921c66816a2a,Senior Frontend Engineer,Level AI,"Noida, Uttar Pradesh, India",,,,,,2026-09-04T06:57:01+00:00,2026-07-09T09:06:47+00:00,false,,hybrid,full_time,mid | senior,,,,simplify,https://simplify.jobs/p/6d5e8ccf-4818-4cc8-8b3c-921c66816a2a,,simplify,"[{""site"": ""simplify"", ""url"": ""https://simplify.jobs/p/6d5e8ccf-4818-4cc8-8b3c-921c66816a2a""}]",[],[],"{""location"": [""Noida, Uttar Pradesh, India""]}",{},"{""location"": ""array_field""}",{}
https://simplify.jobs/p/9349c437-486d-49f1-ba57-9fac5bf9ff36,Software Engineer 2 - Frontend,Teamworks,Remote; Remote in USA,166000.0,166000.0,USD,,,2026-09-03T14:06:30+00:00,2026-08-18T23:01:39+00:00,false,,remote,full_time,mid,,,,simplify,https://simplify.jobs/p/9349c437-486d-49f1-ba57-9fac5bf9ff36,,simplify,"[{""site"": ""simplify"", ""url"": ""https://simplify.jobs/p/9349c437-486d-49f1-ba57-9fac5bf9ff36""}]",[],[],"{""location"": [""Remote; Remote in USA""]}",{},"{""location"": ""array_field""}",{}
https://simplify.jobs/p/35ef36b7-54b3-4e96-a8e7-0d7191f3c584,Software Engineer 2 - Frontend Agentic AI,Okta,"San Francisco, CA, USA",140000.0,192000.0,USD,,,2026-09-03T14:21:14+00:00,2026-08-18T22:06:59+00:00,false,,onsite,full_time,senior,,,,simplify,https://simplify.jobs/p/35ef36b7-54b3-4e96-a8e7-0d7191f3c584,,simplify,"[{""site"": ""simplify"", ""url"": ""https://simplify.jobs/p/35ef36b7-54b3-4e96-a8e7-0d7191f3c584""}]",[],[],"{""location"": [""San Francisco, CA, USA""]}",{},"{""location"": ""array_field""}",{}
https://simplify.jobs/p/7e8883e3-8e5f-4e48-8c65-50fa1e4fce12,Senior Frontend Software Engineer,Atlassian,Remote; Remote in Canada,144900.0,189175.0,CAD,,,2026-10-01T01:09:14+00:00,2026-10-01T01:07:07+00:00,false,,remote,full_time,senior,,,,simplify,https://simplify.jobs/p/7e8883e3-8e5f-4e48-8c65-50fa1e4fce12,,simplify,"[{""site"": ""simplify"", ""url"": ""https://simplify.jobs/p/7e8883e3-8e5f-4e48-8c65-50fa1e4fce12""}]",[],[],"{""location"": [""Remote; Remote in Canada""]}",{},"{""location"": ""array_field""}",{}
https://simplify.jobs/p/3c63c9c9-ffbd-447b-96d2-b5109f48e4f2,Design Engineer - UI - Frontend,Octopus Energy,"London, UK",,,,,,2026-09-17T14:12:12+00:00,2026-09-17T14:12:09+00:00,false,,hybrid,full_time,junior,,,,simplify,https://simplify.jobs/p/3c63c9c9-ffbd-447b-96d2-b5109f48e4f2,,simplify,"[{""site"": ""simplify"", ""url"": ""https://simplify.jobs/p/3c63c9c9-ffbd-447b-96d2-b5109f48e4f2""}]",[],[],"{""location"": [""London, UK""]}",{},"{""location"": ""array_field""}",{}
https://simplify.jobs/p/634fff16-a0c1-416e-b621-833316c1e584,Frontend Developer,Particle41,Remote; Remote in India,,,,,,2026-09-04T06:57:01+00:00,2025-10-10T03:29:33+00:00,false,,remote,full_time,mid,,,,simplify,https://simplify.jobs/p/634fff16-a0c1-416e-b621-833316c1e584,,simplify,"[{""site"": ""simplify"", ""url"": ""https://simplify.jobs/p/634fff16-a0c1-416e-b621-833316c1e584""}]",[],[],"{""location"": [""Remote; Remote in India""]}",{},"{""location"": ""array_field""}",{}
https://simplify.jobs/p/c541b1bf-3002-4483-b3ce-2ac609b5629b,Senior Software Engineer - Frontend,SigNoz,Remote; Remote in India,,,,,,2026-09-03T19:51:22+00:00,2026-07-21T14:13:36+00:00,false,,remote,full_time,mid | senior,,,,simplify,https://simplify.jobs/p/c541b1bf-3002-4483-b3ce-2ac609b5629b,,simplify,"[{""site"": ""simplify"", ""url"": ""https://simplify.jobs/p/c541b1bf-3002-4483-b3ce-2ac609b5629b""}]",[],[],"{""location"": [""Remote; Remote in India""]}",{},"{""location"": ""array_field""}",{}
https://simplify.jobs/p/3a748bed-4bc7-4cf6-a688-e12847b52d02,Staff Frontend Engineer,Lunar,"San Francisco, CA, USA",190000.0,250000.0,USD,,,2026-09-04T08:57:01+00:00,2026-07-03T01:10:01+00:00,false,,onsite,full_time,senior,,,,simplify,https://simplify.jobs/p/3a748bed-4bc7-4cf6-a688-e12847b52d02,,simplify,"[{""site"": ""simplify"", ""url"": ""https://simplify.jobs/p/3a748bed-4bc7-4cf6-a688-e12847b52d02""}]",[],[],"{""location"": [""San Francisco, CA, USA""]}",{},"{""location"": ""array_field""}",{}
https://simplify.jobs/p/8b07d034-e013-4a23-92b1-87efbcd16ff1,Front-End Developer,Belay Technologies,"Annapolis Junction, MD, USA",168000.0,240000.0,USD,,,2026-09-04T12:09:01+00:00,2026-08-18T22:55:08+00:00,false,,onsite,full_time,mid | senior,,,,simplify,https://simplify.jobs/p/8b07d034-e013-4a23-92b1-87efbcd16ff1,,simplify,"[{""site"": ""simplify"", ""url"": ""https://simplify.jobs/p/8b07d034-e013-4a23-92b1-87efbcd16ff1""}]",[],[],"{""location"": [""Annapolis Junction, MD, USA""]}",{},"{""location"": ""array_field""}",{}
https://simplify.jobs/p/239fd5fc-748b-4bba-99c5-dd41eb1e5e82,Frontend Engineer - Ko/Terminal,Modo Energy,"London, UK",,,,,,2026-09-04T12:09:01+00:00,2026-08-18T08:05:12+00:00,false,,hybrid,full_time,mid,,,,simplify,https://simplify.jobs/p/239fd5fc-748b-4bba-99c5-dd41eb1e5e82,,simplify,"[{""site"": ""simplify"", ""url"": ""https://simplify.jobs/p/239fd5fc-748b-4bba-99c5-dd41eb1e5e82""}]",[],[],"{""location"": [""London, UK""]}",{},"{""location"": ""array_field""}",{}
https://simplify.jobs/p/7c50d94d-345c-4ba4-a77e-6447cc6dc14a,Front-End Developer Expert,Cygnus Professionals,"Lansing, MI, USA",,,,,,2026-09-03T17:51:05+00:00,2026-02-20T15:06:41+00:00,false,,onsite,full_time,,,,,simplify,https://simplify.jobs/p/7c50d94d-345c-4ba4-a77e-6447cc6dc14a,,simplify,"[{""site"": ""simplify"", ""url"": ""https://simplify.jobs/p/7c50d94d-345c-4ba4-a77e-6447cc6dc14a""}]",[],[],"{""location"": [""Lansing, MI, USA""]}",{},"{""location"": ""array_field""}",{}
https://simplify.jobs/p/00291d85-66e4-4308-9931-e936e06f1651,Frontend 3D Visualization Developer,Stratum AI,Remote; Remote in Canada,,,,,,2026-09-03T19:51:22+00:00,2026-07-21T01:13:58+00:00,false,,remote,full_time,mid,,,,simplify,https://simplify.jobs/p/00291d85-66e4-4308-9931-e936e06f1651,,simplify,"[{""site"": ""simplify"", ""url"": ""https://simplify.jobs/p/00291d85-66e4-4308-9931-e936e06f1651""}]",[],[],"{""location"": [""Remote; Remote in Canada""]}",{},"{""location"": ""array_field""}",{}
https://simplify.jobs/p/e65d5dec-f26b-4b24-9949-7b3aff6f8915,Frontend Software Engineer,Jobsbridge,"San Jose, CA, USA",,,,,,2026-09-03T17:54:20+00:00,2026-02-24T07:18:11+00:00,false,,onsite,full_time,senior,,,,simplify,https://simplify.jobs/p/e65d5dec-f26b-4b24-9949-7b3aff6f8915 | https://simplify.jobs/p/e2864faf-4782-470a-9b8f-0ecd0428b6d3 | https://simplify.jobs/p/1b4deb3d-1af7-420a-8a14-68372ccfceee,,simplify,"[{""site"": ""simplify"", ""url"": ""https://simplify.jobs/p/e65d5dec-f26b-4b24-9949-7b3aff6f8915""}, {""site"": ""simplify"", ""url"": ""https://simplify.jobs/p/e2864faf-4782-470a-9b8f-0ecd0428b6d3""}, {""site"": ""simplify"", ""url"": ""https://simplify.jobs/p/1b4deb3d-1af7-420a-8a14-68372ccfceee""}]",[],[],"{""location"": [""San Jose, CA, USA""]}",{},"{""location"": ""array_field""}",{}
https://simplify.jobs/p/ddef8625-d294-446b-98e4-6ec749f86ea5,Frontend Software Engineer,HeyGen,"Palo Alto, CA, USA; Toronto, ON, Canada; San Francisco, CA, USA; Los Angeles, CA, USA",180000.0,240000.0,USD,,,2026-09-04T05:18:01+00:00,2024-06-05T07:06:56+00:00,false,,onsite,full_time,mid | senior,,,,simplify,https://simplify.jobs/p/ddef8625-d294-446b-98e4-6ec749f86ea5,,simplify,"[{""site"": ""simplify"", ""url"": ""https://simplify.jobs/p/ddef8625-d294-446b-98e4-6ec749f86ea5""}]",[],[],"{""location"": [""Palo Alto, CA, USA; Toronto, ON, Canada; San Francisco, CA, USA; Los Angeles, CA, USA""]}",{},"{""location"": ""array_field""}",{}
https://simplify.jobs/p/899e2988-3fc2-4049-9140-6aedde60837b,Front-End Developer,Amentum,"Arlington County, Arlington, VA, USA",130000.0,145000.0,USD,,,2026-09-03T18:48:22+00:00,2026-06-20T10:11:13+00:00,false,,onsite,full_time,senior,,,,simplify,https://simplify.jobs/p/899e2988-3fc2-4049-9140-6aedde60837b,,simplify,"[{""site"": ""simplify"", ""url"": ""https://simplify.jobs/p/899e2988-3fc2-4049-9140-6aedde60837b""}]",[],[],"{""location"": [""Arlington County, Arlington, VA, USA""]}",{},"{""location"": ""array_field""}",{}
https://simplify.jobs/p/a55cf763-069e-4247-8372-04a1dff0e477,Front-End Developer - WPF,Infojini,"Mountain View, CA, USA",,,,,,2026-09-04T07:24:02+00:00,2026-02-24T07:14:58+00:00,false,,onsite,full_time,mid | senior,,,,simplify,https://simplify.jobs/p/a55cf763-069e-4247-8372-04a1dff0e477,,simplify,"[{""site"": ""simplify"", ""url"": ""https://simplify.jobs/p/a55cf763-069e-4247-8372-04a1dff0e477""}]",[],[],"{""location"": [""Mountain View, CA, USA""]}",{},"{""location"": ""array_field""}",{}
https://simplify.jobs/p/f90e65b6-c3fa-4657-b70d-577c4ba8de2f,Tradeweb International Intern - Frontend Software Engineer - Technology Division,Tradeweb,"Sydney NSW, Australia",,,,,,2026-03-23T22:12:09+00:00,2026-03-23T22:12:09+00:00,true,,onsite,internship,intern,,,,simplify,https://simplify.jobs/p/f90e65b6-c3fa-4657-b70d-577c4ba8de2f,,simplify,"[{""site"": ""simplify"", ""url"": ""https://simplify.jobs/p/f90e65b6-c3fa-4657-b70d-577c4ba8de2f""}]",[],[],"{""location"": [""Sydney NSW, Australia""]}",{},"{""location"": ""array_field""}",{}
https://simplify.jobs/p/668df491-e9ab-4246-a36d-437cafb3ab02,Principal Frontend Engineer,SonicWall,"Pune, Maharashtra, India",,,,,,2026-09-04T12:09:01+00:00,2026-08-18T22:05:58+00:00,false,,hybrid,full_time,senior,,,,simplify,https://simplify.jobs/p/668df491-e9ab-4246-a36d-437cafb3ab02,,simplify,"[{""site"": ""simplify"", ""url"": ""https://simplify.jobs/p/668df491-e9ab-4246-a36d-437cafb3ab02""}]",[],[],"{""location"": [""Pune, Maharashtra, India""]}",{},"{""location"": ""array_field""}",{}
https://simplify.jobs/p/d8be4535-fbcc-4b90-9d54-1f2a188749bf,Frontend Developer - Vue.js,Photon,India,,,,,,2026-01-09T16:11:13+00:00,2026-01-09T16:11:13+00:00,false,,onsite,full_time,mid,,,,simplify,https://simplify.jobs/p/d8be4535-fbcc-4b90-9d54-1f2a188749bf,,simplify,"[{""site"": ""simplify"", ""url"": ""https://simplify.jobs/p/d8be4535-fbcc-4b90-9d54-1f2a188749bf""}]",[],[],"{""location"": [""India""]}",{},"{""location"": ""array_field""}",{}
https://simplify.jobs/p/9d035d8d-0dfb-42ab-b5b5-cd7b7ec074c3,Senior Frontend Engineer - Webstack,ABOUT YOU,"Hamburg, Germany",60000.0,70000.0,EUR,,,2026-09-21T10:10:58+00:00,2026-08-13T14:03:57+00:00,false,,hybrid,full_time,mid | senior,,,,simplify,https://simplify.jobs/p/9d035d8d-0dfb-42ab-b5b5-cd7b7ec074c3 | https://simplify.jobs/p/b935d4f4-0ad7-4a08-ad36-8edaaaa22871,,simplify,"[{""site"": ""simplify"", ""url"": ""https://simplify.jobs/p/9d035d8d-0dfb-42ab-b5b5-cd7b7ec074c3""}, {""site"": ""simplify"", ""url"": ""https://simplify.jobs/p/b935d4f4-0ad7-4a08-ad36-8edaaaa22871""}]",[],[],"{""location"": [""Hamburg, Germany""]}",{},"{""location"": ""array_field""}",{}
https://simplify.jobs/p/45db3efc-262e-4906-ab3d-c2f86ae78f3f,Frontend Engineer - Payments,KRAFTON India,"Bengaluru, Karnataka, India",,,,,,2026-09-04T07:36:01+00:00,2026-04-20T14:22:36+00:00,false,,onsite,full_time,mid | senior,,,,simplify,https://simplify.jobs/p/45db3efc-262e-4906-ab3d-c2f86ae78f3f,,simplify,"[{""site"": ""simplify"", ""url"": ""https://simplify.jobs/p/45db3efc-262e-4906-ab3d-c2f86ae78f3f""}]",[],[],"{""location"": [""Bengaluru, Karnataka, India""]}",{},"{""location"": ""array_field""}",{}
https://simplify.jobs/p/00e62dfc-dbe4-4e0d-80d2-3629c13e33e1,Front-end Engineer - India,Photon,India,,,,,,2025-10-31T07:57:32+00:00,2025-10-31T07:57:32+00:00,false,,onsite,full_time,mid,,,,simplify,https://simplify.jobs/p/00e62dfc-dbe4-4e0d-80d2-3629c13e33e1,,simplify,"[{""site"": ""simplify"", ""url"": ""https://simplify.jobs/p/00e62dfc-dbe4-4e0d-80d2-3629c13e33e1""}]",[],[],"{""location"": [""India""]}",{},"{""location"": ""array_field""}",{}
https://simplify.jobs/p/c76ad235-c435-4c5d-b795-5c93cb595db2,Senior Frontend Engineer,Partyhat,Remote; Remote in Germany; Remote in Canada,,,,,,2026-09-04T09:15:01+00:00,2026-07-07T09:10:12+00:00,false,,remote,full_time,senior,,,,simplify,https://simplify.jobs/p/c76ad235-c435-4c5d-b795-5c93cb595db2,,simplify,"[{""site"": ""simplify"", ""url"": ""https://simplify.jobs/p/c76ad235-c435-4c5d-b795-5c93cb595db2""}]",[],[],"{""location"": [""Remote; Remote in Germany; Remote in Canada""]}",{},"{""location"": ""array_field""}",{}
https://simplify.jobs/p/9c63663a-789c-46b3-9760-6f98e58ab2b7,Software Engineer 4 - Front-End,Daifuku,"Clearwater, FL, USA",,,,,,2026-09-03T15:48:17+00:00,2026-08-14T22:13:15+00:00,false,,onsite,full_time,,,,,simplify,https://simplify.jobs/p/9c63663a-789c-46b3-9760-6f98e58ab2b7 | https://simplify.jobs/p/e2f63683-7084-4b7e-95aa-0c9ca3b1740c,,simplify,"[{""site"": ""simplify"", ""url"": ""https://simplify.jobs/p/9c63663a-789c-46b3-9760-6f98e58ab2b7""}, {""site"": ""simplify"", ""url"": ""https://simplify.jobs/p/e2f63683-7084-4b7e-95aa-0c9ca3b1740c""}]",[],[],"{""location"": [""Clearwater, FL, USA""]}",{},"{""location"": ""array_field""}",{}
https://simplify.jobs/p/b7e3a3bc-2b79-4659-9c14-27d0b2ca99a4,Intermediate Frontend Angular Developer,TELUS,"Toronto, ON, Canada; Ottawa, ON, Canada",60000.0,85000.0,USD,,,2026-09-04T10:06:01+00:00,2026-07-27T00:00:00+00:00,false,,hybrid,full_time,senior,,,,simplify,https://simplify.jobs/p/b7e3a3bc-2b79-4659-9c14-27d0b2ca99a4,,simplify,"[{""site"": ""simplify"", ""url"": ""https://simplify.jobs/p/b7e3a3bc-2b79-4659-9c14-27d0b2ca99a4""}]",[],[],"{""location"": [""Toronto, ON, Canada; Ottawa, ON, Canada""]}",{},"{""location"": ""array_field""}",{}
https://simplify.jobs/p/dd60eb4e-fb76-4771-8276-0ddfbd221dec,Senior Frontend Engineer - Conversational & Gen UI,Farther,"New York, NY, USA",,,,,,2026-09-09T22:45:10+00:00,2026-09-08T16:01:02+00:00,false,,hybrid,full_time,senior,,,,simplify,https://simplify.jobs/p/dd60eb4e-fb76-4771-8276-0ddfbd221dec,,simplify,"[{""site"": ""simplify"", ""url"": ""https://simplify.jobs/p/dd60eb4e-fb76-4771-8276-0ddfbd221dec""}]",[],[],"{""location"": [""New York, NY, USA""]}",{},"{""location"": ""array_field""}",{}
https://simplify.jobs/p/26bd2ced-94ff-4d6e-80a2-b672d519de13,Frontend Engineer,Santander,"Remote; Boadilla del Monte, Madrid, Spain",,,,,,2026-09-18T22:12:11+00:00,2026-09-18T22:10:28+00:00,false,,remote,full_time,mid,,,,simplify,https://simplify.jobs/p/26bd2ced-94ff-4d6e-80a2-b672d519de13,,simplify,"[{""site"": ""simplify"", ""url"": ""https://simplify.jobs/p/26bd2ced-94ff-4d6e-80a2-b672d519de13""}]",[],[],"{""location"": [""Remote; Boadilla del Monte, Madrid, Spain""]}",{},"{""location"": ""array_field""}",{}
https://simplify.jobs/p/a44668f3-bebe-4c49-a929-a603fc0276dc,Senior Frontend Software Developer,Xsolla,Remote; Remote in Canada,100000.0,130000.0,CAD,,,2026-09-03T18:42:29+00:00,2026-06-02T22:06:13+00:00,false,,remote,full_time,senior,,,,simplify,https://simplify.jobs/p/a44668f3-bebe-4c49-a929-a603fc0276dc,,simplify,"[{""site"": ""simplify"", ""url"": ""https://simplify.jobs/p/a44668f3-bebe-4c49-a929-a603fc0276dc""}]",[],[],"{""location"": [""Remote; Remote in Canada""]}",{},"{""location"": ""array_field""}",{}
https://simplify.jobs/p/7efe19c7-fee8-4bec-b994-5c6a98d6284b,Senior Front-End Developer Vue.js,SQLI,"Levallois-Perret, France",,,,,,2026-09-04T02:06:24+00:00,2026-08-12T01:17:10+00:00,false,,hybrid,full_time,mid | senior,,,,simplify,https://simplify.jobs/p/7efe19c7-fee8-4bec-b994-5c6a98d6284b,,simplify,"[{""site"": ""simplify"", ""url"": ""https://simplify.jobs/p/7efe19c7-fee8-4bec-b994-5c6a98d6284b""}]",[],[],"{""location"": [""Levallois-Perret, France""]}",{},"{""location"": ""array_field""}",{}
https://simplify.jobs/p/7cde7ab8-2758-46b8-a017-96902c21b04a,Senior Frontend Engineer - Flow Builder,Adapty.io,"Remote; London, UK",,,,,,2026-09-05T11:12:02+00:00,2026-08-25T00:01:52+00:00,false,,remote,full_time,senior,,,,simplify,https://simplify.jobs/p/7cde7ab8-2758-46b8-a017-96902c21b04a,,simplify,"[{""site"": ""simplify"", ""url"": ""https://simplify.jobs/p/7cde7ab8-2758-46b8-a017-96902c21b04a""}]",[],[],"{""location"": [""Remote; London, UK""]}",{},"{""location"": ""array_field""}",{}
https://simplify.jobs/p/c4662c3b-847b-4ac0-8542-064486aa7e1f,Frontend Engineer,Simplified IT Solutions,"Los Angeles, CA, USA",,,,,,2026-09-04T01:57:21+00:00,2026-08-12T01:06:28+00:00,false,,onsite,full_time,mid,,,,simplify,https://simplify.jobs/p/c4662c3b-847b-4ac0-8542-064486aa7e1f,,simplify,"[{""site"": ""simplify"", ""url"": ""https://simplify.jobs/p/c4662c3b-847b-4ac0-8542-064486aa7e1f""}]",[],[],"{""location"": [""Los Angeles, CA, USA""]}",{},"{""location"": ""array_field""}",{}
https://simplify.jobs/p/f0096a09-7b63-4672-93e3-b6e590da28ff,Front-End Developer,Jobsbridge,"Austin, TX, USA",,,,,,2026-09-04T07:24:02+00:00,2026-02-24T07:20:32+00:00,false,,onsite,full_time,mid,,,,simplify,https://simplify.jobs/p/f0096a09-7b63-4672-93e3-b6e590da28ff,,simplify,"[{""site"": ""simplify"", ""url"": ""https://simplify.jobs/p/f0096a09-7b63-4672-93e3-b6e590da28ff""}]",[],[],"{""location"": [""Austin, TX, USA""]}",{},"{""location"": ""array_field""}",{}
https://simplify.jobs/p/db19bc65-2670-4899-8e6f-f42c7b3b19e2,Senior Software Engineer - Frontend,Tabs,"New York, NY, USA",175000.0,240000.0,USD,,,2026-09-23T11:09:01+00:00,2026-08-18T22:56:48+00:00,false,,onsite,full_time,mid | senior,,,,simplify,https://simplify.jobs/p/db19bc65-2670-4899-8e6f-f42c7b3b19e2,,simplify,"[{""site"": ""simplify"", ""url"": ""https://simplify.jobs/p/db19bc65-2670-4899-8e6f-f42c7b3b19e2""}]",[],[],"{""location"": [""New York, NY, USA""]}",{},"{""location"": ""array_field""}",{}
https://simplify.jobs/p/aaaa0f8a-9b3b-43f9-891b-aac14cd8dc99,Staff Frontend Engineer,Motorway,"London, UK",,,,,,2026-09-29T16:21:01+00:00,2026-09-25T22:20:05+00:00,false,,hybrid,full_time,senior,,,,simplify,https://simplify.jobs/p/aaaa0f8a-9b3b-43f9-891b-aac14cd8dc99,,simplify,"[{""site"": ""simplify"", ""url"": ""https://simplify.jobs/p/aaaa0f8a-9b3b-43f9-891b-aac14cd8dc99""}]",[],[],"{""location"": [""London, UK""]}",{},"{""location"": ""array_field""}",{}
https://simplify.jobs/p/7b6bc042-e5a7-4290-b2dd-0d734a4524e5,Principal Frontend Software Engineer,Atlassian,"Remote; Bengaluru, Karnataka, India",,,,,,2026-09-17T09:30:02+00:00,2026-09-16T06:06:53+00:00,false,,remote,full_time,senior,,,,simplify,https://simplify.jobs/p/7b6bc042-e5a7-4290-b2dd-0d734a4524e5,,simplify,"[{""site"": ""simplify"", ""url"": ""https://simplify.jobs/p/7b6bc042-e5a7-4290-b2dd-0d734a4524e5""}]",[],[],"{""location"": [""Remote; Bengaluru, Karnataka, India""]}",{},"{""location"": ""array_field""}",{}
https://simplify.jobs/p/71788468-9d57-4ba5-a2ce-1221421c941a,Frontend Engineer - Frontend,Cogent Security,"Remote; San Francisco, CA, USA; New York, NY, USA",100000.0,300000.0,USD,,,2026-09-04T07:12:12+00:00,2026-02-09T07:16:41+00:00,false,,remote,full_time,senior,,,,simplify,https://simplify.jobs/p/71788468-9d57-4ba5-a2ce-1221421c941a,,simplify,"[{""site"": ""simplify"", ""url"": ""https://simplify.jobs/p/71788468-9d57-4ba5-a2ce-1221421c941a""}]",[],[],"{""location"": [""Remote; San Francisco, CA, USA; New York, NY, USA""]}",{},"{""location"": ""array_field""}",{}
https://simplify.jobs/p/8e9beb82-189d-4b9f-9f53-83a374613764,Principal Frontend Developer,ING,"İstanbul, Türkiye",,,,,,2026-09-04T07:36:01+00:00,2026-06-20T10:14:23+00:00,false,,hybrid,full_time,senior,,,,simplify,https://simplify.jobs/p/8e9beb82-189d-4b9f-9f53-83a374613764,,simplify,"[{""site"": ""simplify"", ""url"": ""https://simplify.jobs/p/8e9beb82-189d-4b9f-9f53-83a374613764""}]",[],[],"{""location"": [""İstanbul, Türkiye""]}",{},"{""location"": ""array_field""}",{}
https://simplify.jobs/p/78401cd8-cf21-4e33-898a-df46bbd14cfb,Senior Frontend Engineer,Seed Health,Remote; Remote in USA,160000.0,180000.0,USD,,,2026-10-01T22:33:33+00:00,2026-09-22T22:24:56+00:00,false,,remote,full_time,senior,,,,simplify,https://simplify.jobs/p/78401cd8-cf21-4e33-898a-df46bbd14cfb,,simplify,"[{""site"": ""simplify"", ""url"": ""https://simplify.jobs/p/78401cd8-cf21-4e33-898a-df46bbd14cfb""}]",[],[],"{""location"": [""Remote; Remote in USA""]}",{},"{""location"": ""array_field""}",{}
https://simplify.jobs/p/dc631bd2-357a-4f1d-9b6f-db6e3131ec48,Senior Front-End Developer Vue.js,SQLI,"Massy, France",,,,,,2026-09-22T14:11:41+00:00,2026-09-22T14:06:36+00:00,false,,hybrid,full_time,mid | senior,,,,simplify,https://simplify.jobs/p/dc631bd2-357a-4f1d-9b6f-db6e3131ec48,,simplify,"[{""site"": ""simplify"", ""url"": ""https://simplify.jobs/p/dc631bd2-357a-4f1d-9b6f-db6e3131ec48""}]",[],[],"{""location"": [""Massy, France""]}",{},"{""location"": ""array_field""}",{}
https://simplify.jobs/p/3f2dbf34-1a5a-40fb-b0c5-ad7b319ccf21,Senior Frontend Engineer - Acquisition,Caesars Entertainment,"Remote; Las Vegas, NV, USA; Jersey City, NJ, USA",175000.0,180000.0,USD,,,2026-09-14T17:36:01+00:00,2026-09-14T17:33:13+00:00,false,,remote,full_time,senior,,,,simplify,https://simplify.jobs/p/3f2dbf34-1a5a-40fb-b0c5-ad7b319ccf21,,simplify,"[{""site"": ""simplify"", ""url"": ""https://simplify.jobs/p/3f2dbf34-1a5a-40fb-b0c5-ad7b319ccf21""}]",[],[],"{""location"": [""Remote; Las Vegas, NV, USA; Jersey City, NJ, USA""]}",{},"{""location"": ""array_field""}",{}
https://simplify.jobs/p/0e47940a-d0a9-4b79-9777-8dc39a0ea51c,Front-end Developer,Capco,"Milan, Metropolitan City of Milan, Italy",29000.0,29000.0,EUR,,,2026-09-04T06:57:01+00:00,2026-05-28T09:14:23+00:00,false,,hybrid,full_time,junior | mid,,,,simplify,https://simplify.jobs/p/0e47940a-d0a9-4b79-9777-8dc39a0ea51c,,simplify,"[{""site"": ""simplify"", ""url"": ""https://simplify.jobs/p/0e47940a-d0a9-4b79-9777-8dc39a0ea51c""}]",[],[],"{""location"": [""Milan, Metropolitan City of Milan, Italy""]}",{},"{""location"": ""array_field""}",{}
https://simplify.jobs/p/2470b381-61c4-4e0a-9a0b-dcc58f4956bd,Software Engineer Intern - Frontend,Ramp,"New York, NY, USA",72.11552329908326,72.11552329908326,USD,,,2026-09-24T01:25:27+00:00,2026-09-24T01:21:01+00:00,true,,hybrid,internship,intern,,,,simplify,https://simplify.jobs/p/2470b381-61c4-4e0a-9a0b-dcc58f4956bd,,simplify,"[{""site"": ""simplify"", ""url"": ""https://simplify.jobs/p/2470b381-61c4-4e0a-9a0b-dcc58f4956bd""}]",[],[],"{""location"": [""New York, NY, USA""]}",{},"{""location"": ""array_field""}",{}
https://simplify.jobs/p/4db5a65f-9f59-48ed-b9e0-99f7d7b3286e,Software Engineer - Frontend - Typescript,Motorola,"Uxbridge, UK",,,,,,2026-09-25T14:12:05+00:00,2026-07-31T00:00:00+00:00,false,,onsite,full_time,junior,,,,simplify,https://simplify.jobs/p/4db5a65f-9f59-48ed-b9e0-99f7d7b3286e,,simplify,"[{""site"": ""simplify"", ""url"": ""https://simplify.jobs/p/4db5a65f-9f59-48ed-b9e0-99f7d7b3286e""}]",[],[],"{""location"": [""Uxbridge, UK""]}",{},"{""location"": ""array_field""}",{}
https://simplify.jobs/p/2b845f89-b95d-4511-878d-5800bdcba557,Senior Frontend Engineer,LangChain,"Cambridge, MA, USA; Boston, MA, USA",175000.0,240000.0,USD,,,2026-09-24T22:33:01+00:00,2026-09-24T22:20:25+00:00,false,,onsite,full_time,senior,,,,simplify,https://simplify.jobs/p/2b845f89-b95d-4511-878d-5800bdcba557,,simplify,"[{""site"": ""simplify"", ""url"": ""https://simplify.jobs/p/2b845f89-b95d-4511-878d-5800bdcba557""}]",[],[],"{""location"": [""Cambridge, MA, USA; Boston, MA, USA""]}",{},"{""location"": ""array_field""}",{}
https://simplify.jobs/p/3dbac148-7f7f-4b5b-b37b-58fa2d7abd92,Senior Software Engineer - Frontend - Design System & Mobile,Doctolib,"Paris, France; Nantes, France",,,,,,2026-03-23T14:24:55+00:00,2026-03-23T14:24:55+00:00,false,,onsite,full_time,senior,,,,simplify,https://simplify.jobs/p/3dbac148-7f7f-4b5b-b37b-58fa2d7abd92,,simplify,"[{""site"": ""simplify"", ""url"": ""https://simplify.jobs/p/3dbac148-7f7f-4b5b-b37b-58fa2d7abd92""}]",[],[],"{""location"": [""Paris, France; Nantes, France""]}",{},"{""location"": ""array_field""}",{}
https://simplify.jobs/p/0c2d605d-185d-4d4d-bb57-07acb27ca8dc,Senior Developer - Front-end,Aritzia,"Vancouver, BC, Canada",100000.0,300000.0,CAD,,,2026-09-03T21:51:21+00:00,2026-07-06T22:06:32+00:00,false,,onsite,full_time,senior,,,,simplify,https://simplify.jobs/p/0c2d605d-185d-4d4d-bb57-07acb27ca8dc,,simplify,"[{""site"": ""simplify"", ""url"": ""https://simplify.jobs/p/0c2d605d-185d-4d4d-bb57-07acb27ca8dc""}]",[],[],"{""location"": [""Vancouver, BC, Canada""]}",{},"{""location"": ""array_field""}",{}
https://simplify.jobs/p/da57601e-44c2-4a5b-9e8d-294c357646d3,Frontend Software Engineer,Megaport,Remote; Remote in Australia,,,,,,2026-09-03T18:42:29+00:00,2026-06-08T01:05:33+00:00,false,,remote,full_time,mid,,,,simplify,https://simplify.jobs/p/da57601e-44c2-4a5b-9e8d-294c357646d3,,simplify,"[{""site"": ""simplify"", ""url"": ""https://simplify.jobs/p/da57601e-44c2-4a5b-9e8d-294c357646d3""}]",[],[],"{""location"": [""Remote; Remote in Australia""]}",{},"{""location"": ""array_field""}",{}
https://simplify.jobs/p/ea5e6340-857c-46ea-b13e-5155c6334a46,Frontend Developer,Vyapar,"Bengaluru, Karnataka, India",,,,,,2026-09-04T12:00:01+00:00,2026-08-18T01:11:55+00:00,false,,onsite,full_time,junior,,,,simplify,https://simplify.jobs/p/ea5e6340-857c-46ea-b13e-5155c6334a46,,simplify,"[{""site"": ""simplify"", ""url"": ""https://simplify.jobs/p/ea5e6340-857c-46ea-b13e-5155c6334a46""}]",[],[],"{""location"": [""Bengaluru, Karnataka, India""]}",{},"{""location"": ""array_field""}",{}
https://simplify.jobs/p/f4bfb06f-8627-40f3-8c01-d3f75d969438,Software Engineer - Frontend - React,"Plane Software, Inc.",United States,,,,,,2026-09-03T15:48:17+00:00,2026-08-14T17:17:34+00:00,false,,onsite,full_time,mid,,,,simplify,https://simplify.jobs/p/f4bfb06f-8627-40f3-8c01-d3f75d969438,,simplify,"[{""site"": ""simplify"", ""url"": ""https://simplify.jobs/p/f4bfb06f-8627-40f3-8c01-d3f75d969438""}]",[],[],"{""location"": [""United States""]}",{},"{""location"": ""array_field""}",{}
https://simplify.jobs/p/972abfbc-05f3-44b6-be3e-c1720392fbf7,Front-End Engineer,Eloquent AI,"Remote; San Francisco, CA, USA",,,,,,2026-10-01T11:00:14+00:00,2026-03-27T01:13:19+00:00,false,,remote,full_time,senior,,,,simplify,https://simplify.jobs/p/972abfbc-05f3-44b6-be3e-c1720392fbf7,,simplify,"[{""site"": ""simplify"", ""url"": ""https://simplify.jobs/p/972abfbc-05f3-44b6-be3e-c1720392fbf7""}]",[],[],"{""location"": [""Remote; San Francisco, CA, USA""]}",{},"{""location"": ""array_field""}",{}
https://simplify.jobs/p/e2cd2c18-b6de-4e54-bdcf-f35c06225ca4,Front-End Engineer Intern,Nebo,"Atlanta, GA, USA",,,,,,2026-09-03T21:45:21+00:00,2026-08-03T06:21:52+00:00,true,,hybrid,internship,intern,,,,simplify,https://simplify.jobs/p/e2cd2c18-b6de-4e54-bdcf-f35c06225ca4,,simplify,"[{""site"": ""simplify"", ""url"": ""https://simplify.jobs/p/e2cd2c18-b6de-4e54-bdcf-f35c06225ca4""}]",[],[],"{""location"": [""Atlanta, GA, USA""]}",{},"{""location"": ""array_field""}",{}
https://simplify.jobs/p/d923958b-f92c-48df-999f-45a442f1c09d,Senior Frontend Engineer,ABOUT YOU,"Hamburg, Germany",70000.0,85000.0,EUR,,,2026-10-01T10:30:09+00:00,2026-09-29T09:43:52+00:00,false,,hybrid,full_time,senior,,,,simplify,https://simplify.jobs/p/d923958b-f92c-48df-999f-45a442f1c09d,,simplify,"[{""site"": ""simplify"", ""url"": ""https://simplify.jobs/p/d923958b-f92c-48df-999f-45a442f1c09d""}]",[],[],"{""location"": [""Hamburg, Germany""]}",{},"{""location"": ""array_field""}",{}
https://simplify.jobs/p/cc679c56-db90-4974-882e-e4239320a7a4,Senior Frontend Engineer in React,ISS | Institutional Shareholder Services,"Mumbai, Maharashtra, India",,,,,,2026-10-01T09:15:01+00:00,2026-09-07T08:26:19+00:00,false,,onsite,full_time,senior,,,,simplify,https://simplify.jobs/p/cc679c56-db90-4974-882e-e4239320a7a4,,simplify,"[{""site"": ""simplify"", ""url"": ""https://simplify.jobs/p/cc679c56-db90-4974-882e-e4239320a7a4""}]",[],[],"{""location"": [""Mumbai, Maharashtra, India""]}",{},"{""location"": ""array_field""}",{}
https://simplify.jobs/p/71001726-7378-4fcc-91bd-5c1f7319c052,Senior Software Engineer - Frontend,Writesonic,Remote; Remote in India,,,,,,2026-09-04T01:18:24+00:00,2026-08-08T01:18:03+00:00,false,,remote,full_time,mid | senior,,,,simplify,https://simplify.jobs/p/71001726-7378-4fcc-91bd-5c1f7319c052,,simplify,"[{""site"": ""simplify"", ""url"": ""https://simplify.jobs/p/71001726-7378-4fcc-91bd-5c1f7319c052""}]",[],[],"{""location"": [""Remote; Remote in India""]}",{},"{""location"": ""array_field""}",{}
https://simplify.jobs/p/ac3a646a-f99c-4e91-a734-331fdff46220,Senior Software Engineer - Frontend - Care Platform Operations,Ro,"New York, NY, USA",182300.0,220000.0,USD,,,2026-09-03T18:48:22+00:00,2026-06-09T14:14:41+00:00,false,,hybrid,full_time,senior,,,,simplify,https://simplify.jobs/p/ac3a646a-f99c-4e91-a734-331fdff46220,,simplify,"[{""site"": ""simplify"", ""url"": ""https://simplify.jobs/p/ac3a646a-f99c-4e91-a734-331fdff46220""}]",[],[],"{""location"": [""New York, NY, USA""]}",{},"{""location"": ""array_field""}",{}
https://simplify.jobs/p/ac484418-c37b-4740-aa9a-45e510c1b0fe,AEM Front-End Lead Developer - AEM Front-end,Code and Theory,"Bengaluru, Karnataka, India",,,,,,2026-09-03T19:00:22+00:00,2026-06-22T14:15:05+00:00,false,,onsite,full_time,senior,,,,simplify,https://simplify.jobs/p/ac484418-c37b-4740-aa9a-45e510c1b0fe,,simplify,"[{""site"": ""simplify"", ""url"": ""https://simplify.jobs/p/ac484418-c37b-4740-aa9a-45e510c1b0fe""}]",[],[],"{""location"": [""Bengaluru, Karnataka, India""]}",{},"{""location"": ""array_field""}",{}
https://simplify.jobs/p/b469f6b3-5f42-4f55-b89c-9941f6a1351f,Software Engineer - Frontend - React,"Plane Software, Inc.",India,,,,,,2026-09-03T20:21:27+00:00,2026-07-21T01:14:28+00:00,false,,onsite,full_time,mid,,,,simplify,https://simplify.jobs/p/b469f6b3-5f42-4f55-b89c-9941f6a1351f,,simplify,"[{""site"": ""simplify"", ""url"": ""https://simplify.jobs/p/b469f6b3-5f42-4f55-b89c-9941f6a1351f""}]",[],[],"{""location"": [""India""]}",{},"{""location"": ""array_field""}",{}
https://simplify.jobs/p/3fd22672-5a2a-47f1-aa07-a71ee17c46be,Founding Engineer - Frontend,Tempo,"San Francisco, CA, USA; Remote in USA",,,,,,2026-09-03T19:51:22+00:00,2026-07-21T01:15:13+00:00,false,,hybrid,full_time,mid | senior,,,,simplify,https://simplify.jobs/p/3fd22672-5a2a-47f1-aa07-a71ee17c46be,,simplify,"[{""site"": ""simplify"", ""url"": ""https://simplify.jobs/p/3fd22672-5a2a-47f1-aa07-a71ee17c46be""}]",[],[],"{""location"": [""San Francisco, CA, USA; Remote in USA""]}",{},"{""location"": ""array_field""}",{}
https://simplify.jobs/p/01bdf93f-7d3a-4a0f-89d1-76a0104ca0c8,Senior/Staff Frontend Engineer,Embedding VC,"Remote; San Francisco, CA, USA",100000.0,200000.0,USD,,,2026-09-04T10:06:01+00:00,2026-07-28T06:17:10+00:00,false,,remote,full_time,mid | senior,,,,simplify,https://simplify.jobs/p/01bdf93f-7d3a-4a0f-89d1-76a0104ca0c8,,simplify,"[{""site"": ""simplify"", ""url"": ""https://simplify.jobs/p/01bdf93f-7d3a-4a0f-89d1-76a0104ca0c8""}]",[],[],"{""location"": [""Remote; San Francisco, CA, USA""]}",{},"{""location"": ""array_field""}",{}
https://simplify.jobs/p/e8118113-5f6d-4883-ab60-e9bb79db5ca4,Senior Frontend Web Developer,Tech Tammina,"Jersey City, NJ, USA",100000.0,135000.0,USD,,,2026-09-04T07:24:02+00:00,2026-02-27T02:10:34+00:00,false,,onsite,full_time,mid | senior,,,,simplify,https://simplify.jobs/p/e8118113-5f6d-4883-ab60-e9bb79db5ca4 | https://simplify.jobs/p/fca38d28-04d0-419b-8a50-79d0ce7e7431,,simplify,"[{""site"": ""simplify"", ""url"": ""https://simplify.jobs/p/e8118113-5f6d-4883-ab60-e9bb79db5ca4""}, {""site"": ""simplify"", ""url"": ""https://simplify.jobs/p/fca38d28-04d0-419b-8a50-79d0ce7e7431""}]",[],[],"{""location"": [""Jersey City, NJ, USA""]}",{},"{""location"": ""array_field""}",{}
https://simplify.jobs/p/0e042208-410d-40d1-ad04-0c362b31d38e,Frontend Software Engineer - Space,Anduril,"Costa Mesa, CA, USA",129000.0,171000.0,USD,,,2026-09-15T01:11:05+00:00,2026-09-08T22:32:47+00:00,false,,onsite,full_time,mid,,,,simplify,https://simplify.jobs/p/0e042208-410d-40d1-ad04-0c362b31d38e,,simplify,"[{""site"": ""simplify"", ""url"": ""https://simplify.jobs/p/0e042208-410d-40d1-ad04-0c362b31d38e""}]",[],[],"{""location"": [""Costa Mesa, CA, USA""]}",{},"{""location"": ""array_field""}",{}
https://simplify.jobs/p/254db33d-f5f4-4510-80d9-743f521bfd8f,Senior Frontend Engineer - Hospitality,OpenTable,"Toronto, ON, Canada",145000.0,165000.0,CAD,,,2026-09-16T22:45:02+00:00,2026-09-16T22:34:18+00:00,false,,hybrid,full_time,senior,,,,simplify,https://simplify.jobs/p/254db33d-f5f4-4510-80d9-743f521bfd8f,,simplify,"[{""site"": ""simplify"", ""url"": ""https://simplify.jobs/p/254db33d-f5f4-4510-80d9-743f521bfd8f""}]",[],[],"{""location"": [""Toronto, ON, Canada""]}",{},"{""location"": ""array_field""}",{}
https://simplify.jobs/p/f80fb50c-3e8b-43f4-9dfd-9144d02e7a3b,Senior Frontend Developer - Software Engineering,Qualcomm,"Remote; Turin, Metropolitan City of Turin, Italy",55200.0,81600.0,EUR,,,2026-09-04T12:37:06+00:00,2026-08-05T06:16:23+00:00,false,,remote,full_time,mid | senior,,,,simplify,https://simplify.jobs/p/f80fb50c-3e8b-43f4-9dfd-9144d02e7a3b,,simplify,"[{""site"": ""simplify"", ""url"": ""https://simplify.jobs/p/f80fb50c-3e8b-43f4-9dfd-9144d02e7a3b""}]",[],[],"{""location"": [""Remote; Turin, Metropolitan City of Turin, Italy""]}",{},"{""location"": ""array_field""}",{}
https://simplify.jobs/p/4ac8a904-55c8-41a8-bf6f-024654bfb82b,Software Engineer - Frontend - TypeScript,Motorola,"Edinburgh, UK",,,,,,2026-10-02T13:42:08+00:00,2026-06-02T22:04:50+00:00,false,,hybrid,full_time,junior | mid,,,,simplify,https://simplify.jobs/p/4ac8a904-55c8-41a8-bf6f-024654bfb82b | https://simplify.jobs/p/43ca069b-dd9d-4c54-831a-9ac828b4f659,,simplify,"[{""site"": ""simplify"", ""url"": ""https://simplify.jobs/p/4ac8a904-55c8-41a8-bf6f-024654bfb82b""}, {""site"": ""simplify"", ""url"": ""https://simplify.jobs/p/43ca069b-dd9d-4c54-831a-9ac828b4f659""}]",[],[],"{""location"": [""Edinburgh, UK""]}",{},"{""location"": ""array_field""}",{}
https://simplify.jobs/p/eb6322fe-f462-4d60-bd24-eb8a0cbf9f73,Staff Frontend Engineer,Arcana,"Bengaluru, Karnataka, India",,,,,,2026-03-06T15:24:32+00:00,2026-03-06T15:24:32+00:00,false,,hybrid,full_time,mid | senior,,,,simplify,https://simplify.jobs/p/eb6322fe-f462-4d60-bd24-eb8a0cbf9f73,,simplify,"[{""site"": ""simplify"", ""url"": ""https://simplify.jobs/p/eb6322fe-f462-4d60-bd24-eb8a0cbf9f73""}]",[],[],"{""location"": [""Bengaluru, Karnataka, India""]}",{},"{""location"": ""array_field""}",{}
https://simplify.jobs/p/bd12387a-511a-4587-8ece-09011acaa3b5,Front-End JavaScript Web Developer,Booz Allen,"Chantilly, VA, USA",55200.0,126000.0,USD,,,2026-09-04T09:42:02+00:00,2026-07-20T00:00:00+00:00,false,,onsite,full_time,senior,,,,simplify,https://simplify.jobs/p/bd12387a-511a-4587-8ece-09011acaa3b5,,simplify,"[{""site"": ""simplify"", ""url"": ""https://simplify.jobs/p/bd12387a-511a-4587-8ece-09011acaa3b5""}]",[],[],"{""location"": [""Chantilly, VA, USA""]}",{},"{""location"": ""array_field""}",{}
https://simplify.jobs/p/19f0e5af-d64f-41af-aedf-fe58cde3fcd9,Senior Engineer - Tech Inventory Engineering - Frontend,Target,"Brooklyn Park, MN, USA",98000.0,176000.0,USD,,,2026-09-03T16:57:18+00:00,2026-07-28T00:00:00+00:00,false,,hybrid,full_time,senior,,,,simplify,https://simplify.jobs/p/19f0e5af-d64f-41af-aedf-fe58cde3fcd9,,simplify,"[{""site"": ""simplify"", ""url"": ""https://simplify.jobs/p/19f0e5af-d64f-41af-aedf-fe58cde3fcd9""}]",[],[],"{""location"": [""Brooklyn Park, MN, USA""]}",{},"{""location"": ""array_field""}",{}
https://simplify.jobs/p/65231a65-d56c-4b9e-87cc-126f74cd81ea,Senior Frontend Engineer - Kotlin - Android UX,Aescape,"New York, NY, USA",160000.0,200000.0,USD,,,2026-09-30T22:30:01+00:00,2026-09-30T22:24:50+00:00,false,,hybrid,full_time,senior,,,,simplify,https://simplify.jobs/p/65231a65-d56c-4b9e-87cc-126f74cd81ea,,simplify,"[{""site"": ""simplify"", ""url"": ""https://simplify.jobs/p/65231a65-d56c-4b9e-87cc-126f74cd81ea""}]",[],[],"{""location"": [""New York, NY, USA""]}",{},"{""location"": ""array_field""}",{}
https://simplify.jobs/p/f5bade47-6973-40b2-a44e-b87083e499a6,Front-End Web Engineer - Multiple Teams,Smarter Agent,"Collingswood, NJ, USA",80000.0,80000.0,USD,,,2026-09-04T12:00:01+00:00,2026-08-18T01:12:44+00:00,false,,onsite,full_time,mid | senior,,,,simplify,https://simplify.jobs/p/f5bade47-6973-40b2-a44e-b87083e499a6,,simplify,"[{""site"": ""simplify"", ""url"": ""https://simplify.jobs/p/f5bade47-6973-40b2-a44e-b87083e499a6""}]",[],[],"{""location"": [""Collingswood, NJ, USA""]}",{},"{""location"": ""array_field""}",{}
https://simplify.jobs/p/3525292d-62de-4b34-8a50-0b09fc102a2e,Senior Frontend Developer - Headless CMS,Vattenfall,"Hamburg, Germany; Berlin, Germany",,,,,,2026-09-04T12:00:01+00:00,2026-08-18T01:09:12+00:00,false,,hybrid,full_time,senior,,,,simplify,https://simplify.jobs/p/3525292d-62de-4b34-8a50-0b09fc102a2e | https://simplify.jobs/p/73001849-0eb5-4ab3-88b1-f36754555231,,simplify,"[{""site"": ""simplify"", ""url"": ""https://simplify.jobs/p/3525292d-62de-4b34-8a50-0b09fc102a2e""}, {""site"": ""simplify"", ""url"": ""https://simplify.jobs/p/73001849-0eb5-4ab3-88b1-f36754555231""}]",[],[],"{""location"": [""Hamburg, Germany; Berlin, Germany""]}",{},"{""location"": ""array_field""}",{}
https://simplify.jobs/p/2415696d-ffe5-41f6-897c-f94d3b6d6c47,Senior Frontend Engineer,Picnic,"New York, NY, USA",176000.0,242000.0,USD,,,2026-09-04T13:00:41+00:00,2026-08-28T21:57:18+00:00,false,,onsite,full_time,mid | senior,,,,simplify,https://simplify.jobs/p/2415696d-ffe5-41f6-897c-f94d3b6d6c47,,simplify,"[{""site"": ""simplify"", ""url"": ""https://simplify.jobs/p/2415696d-ffe5-41f6-897c-f94d3b6d6c47""}]",[],[],"{""location"": [""New York, NY, USA""]}",{},"{""location"": ""array_field""}",{}
https://simplify.jobs/p/9bd5fc04-576a-4bd5-b05d-a1939e3718ec,Senior Software Engineer - Frontend - Business Accounts,Airwallex,"Sydney NSW, Australia",,,,,,2026-09-29T10:54:01+00:00,2026-05-06T14:08:59+00:00,false,,onsite,full_time,senior,,,,simplify,https://simplify.jobs/p/9bd5fc04-576a-4bd5-b05d-a1939e3718ec,,simplify,"[{""site"": ""simplify"", ""url"": ""https://simplify.jobs/p/9bd5fc04-576a-4bd5-b05d-a1939e3718ec""}]",[],[],"{""location"": [""Sydney NSW, Australia""]}",{},"{""location"": ""array_field""}",{}
https://simplify.jobs/p/702bb520-257f-4598-822e-adb8b3d1035e,Front-end Developer - Creative Technology,Publicis Groupe,"Chicago, IL, USA",55400.0,102800.0,USD,,,2026-09-26T09:12:05+00:00,2026-08-03T14:12:34+00:00,false,,onsite,full_time,mid,,,,simplify,https://simplify.jobs/p/702bb520-257f-4598-822e-adb8b3d1035e,,simplify,"[{""site"": ""simplify"", ""url"": ""https://simplify.jobs/p/702bb520-257f-4598-822e-adb8b3d1035e""}]",[],[],"{""location"": [""Chicago, IL, USA""]}",{},"{""location"": ""array_field""}",{}
https://simplify.jobs/p/437c41dd-4f83-4bfc-b529-4b5d67aa8575,Staff Engineer - Frontend React,Nagarro,"Mumbai, Maharashtra, India",,,,,,2026-09-03T17:09:30+00:00,2025-03-13T02:24:45+00:00,false,,onsite,full_time,senior,,,,simplify,https://simplify.jobs/p/437c41dd-4f83-4bfc-b529-4b5d67aa8575 | https://simplify.jobs/p/d342e2e1-4e4b-4c61-a5b5-c8783736c886,,simplify,"[{""site"": ""simplify"", ""url"": ""https://simplify.jobs/p/437c41dd-4f83-4bfc-b529-4b5d67aa8575""}, {""site"": ""simplify"", ""url"": ""https://simplify.jobs/p/d342e2e1-4e4b-4c61-a5b5-c8783736c886""}]",[],[],"{""location"": [""Mumbai, Maharashtra, India""]}",{},"{""location"": ""array_field""}",{}
https://simplify.jobs/p/0100f953-9f82-4b43-8f9e-b4da20133152,Software Engineer - Frontend,Noblis,"Reston, VA, USA",90700.0,141775.0,USD,,,2026-09-03T21:27:24+00:00,2026-08-01T09:44:02+00:00,false,,onsite,full_time,mid | senior,,,,simplify,https://simplify.jobs/p/0100f953-9f82-4b43-8f9e-b4da20133152,,simplify,"[{""site"": ""simplify"", ""url"": ""https://simplify.jobs/p/0100f953-9f82-4b43-8f9e-b4da20133152""}]",[],[],"{""location"": [""Reston, VA, USA""]}",{},"{""location"": ""array_field""}",{}
https://simplify.jobs/p/83e1ffbe-714b-4e20-a57f-3e535bc9ce70,Senior Frontend Engineer - AI,Scalable,"Berlin, Germany",,,,,,2026-09-04T09:15:01+00:00,2026-07-07T14:02:50+00:00,false,,hybrid,full_time,senior,,,,simplify,https://simplify.jobs/p/83e1ffbe-714b-4e20-a57f-3e535bc9ce70,,simplify,"[{""site"": ""simplify"", ""url"": ""https://simplify.jobs/p/83e1ffbe-714b-4e20-a57f-3e535bc9ce70""}]",[],[],"{""location"": [""Berlin, Germany""]}",{},"{""location"": ""array_field""}",{}
https://simplify.jobs/p/52844da5-f48f-4ed1-a81d-20682010ae74,Senior Software Engineer - Frontend,CaseGuard,"Arlington, VA, USA",120000.0,200000.0,USD,,,2026-09-03T18:21:22+00:00,2026-04-17T22:14:05+00:00,false,,hybrid,full_time,senior,,,,simplify,https://simplify.jobs/p/52844da5-f48f-4ed1-a81d-20682010ae74,,simplify,"[{""site"": ""simplify"", ""url"": ""https://simplify.jobs/p/52844da5-f48f-4ed1-a81d-20682010ae74""}]",[],[],"{""location"": [""Arlington, VA, USA""]}",{},"{""location"": ""array_field""}",{}
https://simplify.jobs/p/24a07163-1912-4813-9abf-e158a5237261,Senior Frontend Platform Engineer,Harvey,"San Francisco, CA, USA; New York, NY, USA",193400.0,290000.0,USD,,,2026-09-30T08:51:01+00:00,2026-04-28T22:09:36+00:00,false,,hybrid,full_time,senior,,,,simplify,https://simplify.jobs/p/24a07163-1912-4813-9abf-e158a5237261,,simplify,"[{""site"": ""simplify"", ""url"": ""https://simplify.jobs/p/24a07163-1912-4813-9abf-e158a5237261""}]",[],[],"{""location"": [""San Francisco, CA, USA; New York, NY, USA""]}",{},"{""location"": ""array_field""}",{}
https://simplify.jobs/p/07203b9e-54a2-4e04-8782-4070777ed361,Staff Software Engineer - Frontend,Datadog,"New York, NY, USA",138000.0,305000.0,USD,,,2026-09-15T14:15:01+00:00,2026-09-15T14:13:44+00:00,false,,hybrid,full_time,,,,,simplify,https://simplify.jobs/p/07203b9e-54a2-4e04-8782-4070777ed361,,simplify,"[{""site"": ""simplify"", ""url"": ""https://simplify.jobs/p/07203b9e-54a2-4e04-8782-4070777ed361""}]",[],[],"{""location"": [""New York, NY, USA""]}",{},"{""location"": ""array_field""}",{}
https://simplify.jobs/p/8686b2c3-796f-4628-978a-2e3d3fde90aa,Senior Software Engineer - Frontend Platform,Alloy,"New York, NY, USA",198000.0,250000.0,USD,,,2026-09-09T10:21:22+00:00,2026-07-16T22:23:51+00:00,false,,hybrid,full_time,senior,,,,simplify,https://simplify.jobs/p/8686b2c3-796f-4628-978a-2e3d3fde90aa,,simplify,"[{""site"": ""simplify"", ""url"": ""https://simplify.jobs/p/8686b2c3-796f-4628-978a-2e3d3fde90aa""}]",[],[],"{""location"": [""New York, NY, USA""]}",{},"{""location"": ""array_field""}",{}
https://simplify.jobs/p/1d7b85e8-4db8-4968-8cf0-386a6bfe52f8,Frontend Engineer,BJAK,Remote; Remote in Germany,,,,,,2026-09-14T14:24:01+00:00,2026-09-10T01:24:47+00:00,false,,remote,full_time,mid,,,,simplify,https://simplify.jobs/p/1d7b85e8-4db8-4968-8cf0-386a6bfe52f8,,simplify,"[{""site"": ""simplify"", ""url"": ""https://simplify.jobs/p/1d7b85e8-4db8-4968-8cf0-386a6bfe52f8""}]",[],[],"{""location"": [""Remote; Remote in Germany""]}",{},"{""location"": ""array_field""}",{}
https://simplify.jobs/p/23e4021a-60ba-4c2d-bd0b-78db780e56ad,Senior Front-End Engineer,MobSquad,Canada,,,,,,2025-10-31T02:39:52+00:00,2025-10-31T02:39:52+00:00,false,,onsite,full_time,senior,,,,simplify,https://simplify.jobs/p/23e4021a-60ba-4c2d-bd0b-78db780e56ad,,simplify,"[{""site"": ""simplify"", ""url"": ""https://simplify.jobs/p/23e4021a-60ba-4c2d-bd0b-78db780e56ad""}]",[],[],"{""location"": [""Canada""]}",{},"{""location"": ""array_field""}",{}
https://simplify.jobs/p/3cfde41e-9133-4617-a062-a74b4045c381,Frontend Engineer Intern,TikTok,"Sydney NSW, Australia",,,,,,2026-02-17T10:48:14+00:00,2026-02-17T10:48:14+00:00,true,,onsite,internship,intern,,,,simplify,https://simplify.jobs/p/3cfde41e-9133-4617-a062-a74b4045c381,,simplify,"[{""site"": ""simplify"", ""url"": ""https://simplify.jobs/p/3cfde41e-9133-4617-a062-a74b4045c381""}]",[],[],"{""location"": [""Sydney NSW, Australia""]}",{},"{""location"": ""array_field""}",{}
https://simplify.jobs/p/f69aaca0-79c6-4091-becc-cc1d5b88a9d2,Senior Front-End Developer,Mavrx,"San Francisco, CA, USA",,,,,,2026-09-04T12:00:01+00:00,2026-08-18T01:12:21+00:00,false,,onsite,full_time,mid,,,,simplify,https://simplify.jobs/p/f69aaca0-79c6-4091-becc-cc1d5b88a9d2,,simplify,"[{""site"": ""simplify"", ""url"": ""https://simplify.jobs/p/f69aaca0-79c6-4091-becc-cc1d5b88a9d2""}]",[],[],"{""location"": [""San Francisco, CA, USA""]}",{},"{""location"": ""array_field""}",{}
https://simplify.jobs/p/4d3a48cf-2e2a-4f1c-914e-c7215227ce77,Frontend Developer - React,Jobsbridge,"Austin, TX, USA",,,,,,2026-09-04T07:24:02+00:00,2026-02-24T07:19:16+00:00,false,,onsite,full_time,senior,,,,simplify,https://simplify.jobs/p/4d3a48cf-2e2a-4f1c-914e-c7215227ce77,,simplify,"[{""site"": ""simplify"", ""url"": ""https://simplify.jobs/p/4d3a48cf-2e2a-4f1c-914e-c7215227ce77""}]",[],[],"{""location"": [""Austin, TX, USA""]}",{},"{""location"": ""array_field""}",{}
https://simplify.jobs/p/58b346c8-3335-45b1-b62d-95a06d11d565,Front-End Developer - CraftCMS - CraftCommerce,Ebeacon,Remote; Remote in USA,,,,,,2026-09-18T06:19:48+00:00,2026-09-18T06:16:55+00:00,false,,remote,part_time,mid,,,,simplify,https://simplify.jobs/p/58b346c8-3335-45b1-b62d-95a06d11d565,,simplify,"[{""site"": ""simplify"", ""url"": ""https://simplify.jobs/p/58b346c8-3335-45b1-b62d-95a06d11d565""}]",[],[],"{""location"": [""Remote; Remote in USA""]}",{},"{""location"": ""array_field""}",{}
https://simplify.jobs/p/5cbd2b0f-806d-42d0-91fe-637455fe40c0,Front-End Software Developer Co-op - Spring 2027,Specter Aerospace,"Boston, MA, USA",,,,,,2026-09-22T09:42:50+00:00,2026-08-13T06:23:04+00:00,true,,onsite,internship,intern,,,,simplify,https://simplify.jobs/p/5cbd2b0f-806d-42d0-91fe-637455fe40c0,,simplify,"[{""site"": ""simplify"", ""url"": ""https://simplify.jobs/p/5cbd2b0f-806d-42d0-91fe-637455fe40c0""}]",[],[],"{""location"": [""Boston, MA, USA""]}",{},"{""location"": ""array_field""}",{}
https://simplify.jobs/p/1c63800b-23cc-4a20-ad80-c947bf8a92ab,Frontend Engineer - C2 Core,Harmattan AI,"Île-de-France, France",,,,,,2026-09-04T07:24:02+00:00,2026-03-02T15:13:26+00:00,false,,onsite,full_time,senior,,,,simplify,https://simplify.jobs/p/1c63800b-23cc-4a20-ad80-c947bf8a92ab,,simplify,"[{""site"": ""simplify"", ""url"": ""https://simplify.jobs/p/1c63800b-23cc-4a20-ad80-c947bf8a92ab""}]",[],[],"{""location"": [""Île-de-France, France""]}",{},"{""location"": ""array_field""}",{}
https://simplify.jobs/p/f8ac0588-30ba-44b4-a416-afbc2fa25d6c,Staff Frontend Engineer - Front End,Scout Motors,"Fremont, CA, USA; Charlotte, NC, USA",165000.0,220000.0,USD,,,2026-09-16T06:39:26+00:00,2026-09-12T14:25:35+00:00,false,,hybrid,full_time,senior,,,,simplify,https://simplify.jobs/p/f8ac0588-30ba-44b4-a416-afbc2fa25d6c,,simplify,"[{""site"": ""simplify"", ""url"": ""https://simplify.jobs/p/f8ac0588-30ba-44b4-a416-afbc2fa25d6c""}]",[],[],"{""location"": [""Fremont, CA, USA; Charlotte, NC, USA""]}",{},"{""location"": ""array_field""}",{}
https://simplify.jobs/p/6aa5fe9f-431c-42e4-9fb8-de0a00063113,Frontend Software Engineer - Ads Interface & Platform,TikTok,"San Jose, CA, USA",162000.0,316800.0,USD,,,2026-09-04T07:12:12+00:00,2026-06-15T06:11:56+00:00,false,,onsite,full_time,mid,,,,simplify,https://simplify.jobs/p/6aa5fe9f-431c-42e4-9fb8-de0a00063113,,simplify,"[{""site"": ""simplify"", ""url"": ""https://simplify.jobs/p/6aa5fe9f-431c-42e4-9fb8-de0a00063113""}]",[],[],"{""location"": [""San Jose, CA, USA""]}",{},"{""location"": ""array_field""}",{}
https://simplify.jobs/p/d6668c8d-f042-4344-a81d-02ca9edf726e,Product Engineer - Frontend,Elly,"Remote; New York, NY, USA",150000.0,215000.0,USD,,,2026-09-04T09:42:02+00:00,2026-07-17T22:21:49+00:00,false,,remote,full_time,mid,,,,simplify,https://simplify.jobs/p/d6668c8d-f042-4344-a81d-02ca9edf726e,,simplify,"[{""site"": ""simplify"", ""url"": ""https://simplify.jobs/p/d6668c8d-f042-4344-a81d-02ca9edf726e""}]",[],[],"{""location"": [""Remote; New York, NY, USA""]}",{},"{""location"": ""array_field""}",{}
https://simplify.jobs/p/9963def7-19ca-4745-b6cf-3125819c4678,Senior Full Stack Engineer - Frontend,Sia Partners,"Mumbai, Maharashtra, India",,,,,,2026-09-09T21:28:56+00:00,2026-07-05T09:02:55+00:00,false,,onsite,full_time,mid | senior,,,,simplify,https://simplify.jobs/p/9963def7-19ca-4745-b6cf-3125819c4678 | https://simplify.jobs/p/4d4f5410-3753-47c7-a60c-0cf8b8c6d805,,simplify,"[{""site"": ""simplify"", ""url"": ""https://simplify.jobs/p/9963def7-19ca-4745-b6cf-3125819c4678""}, {""site"": ""simplify"", ""url"": ""https://simplify.jobs/p/4d4f5410-3753-47c7-a60c-0cf8b8c6d805""}]",[],[],"{""location"": [""Mumbai, Maharashtra, India""]}",{},"{""location"": ""array_field""}",{}
https://simplify.jobs/p/2abdd8d9-1a24-4983-b25d-f125109824ae,Senior Software Engineer - Frontend,Elastic Path,"Remote; Vancouver, BC, Canada",,,,,,2026-09-22T22:45:01+00:00,2026-09-22T22:24:45+00:00,false,,remote,contract,senior,,,,simplify,https://simplify.jobs/p/2abdd8d9-1a24-4983-b25d-f125109824ae,,simplify,"[{""site"": ""simplify"", ""url"": ""https://simplify.jobs/p/2abdd8d9-1a24-4983-b25d-f125109824ae""}]",[],[],"{""location"": [""Remote; Vancouver, BC, Canada""]}",{},"{""location"": ""array_field""}",{}
https://simplify.jobs/p/1d40f753-f71f-44f7-a536-e9f160d5f31d,Front-End Web Developer,SA Technologies,"Montreal, QC, Canada",,,,,,2026-09-04T07:24:02+00:00,2026-02-26T07:17:53+00:00,false,,onsite,full_time,junior,,,,simplify,https://simplify.jobs/p/1d40f753-f71f-44f7-a536-e9f160d5f31d,,simplify,"[{""site"": ""simplify"", ""url"": ""https://simplify.jobs/p/1d40f753-f71f-44f7-a536-e9f160d5f31d""}]",[],[],"{""location"": [""Montreal, QC, Canada""]}",{},"{""location"": ""array_field""}",{}
https://simplify.jobs/p/1bd81c8c-187f-4804-b1c0-f3873a7ce0ed,Frontend Software Engineer 3,Bidgely,"Remote; India; Bengaluru, Karnataka, India",,,,,,2026-09-03T13:00:33+00:00,2026-08-31T19:14:45+00:00,false,,remote,full_time,mid | senior,,,,simplify,https://simplify.jobs/p/1bd81c8c-187f-4804-b1c0-f3873a7ce0ed,,simplify,"[{""site"": ""simplify"", ""url"": ""https://simplify.jobs/p/1bd81c8c-187f-4804-b1c0-f3873a7ce0ed""}]",[],[],"{""location"": [""Remote; India; Bengaluru, Karnataka, India""]}",{},"{""location"": ""array_field""}",{}
https://simplify.jobs/p/9d051b44-c674-4eca-aebe-79d99df5de77,Senior Staff Frontend Engineer - Front End,Scout Motors,"Fremont, CA, USA",209000.0,253000.0,USD,,,2026-09-16T06:39:24+00:00,2026-09-10T22:37:11+00:00,false,,hybrid,full_time,senior,,,,simplify,https://simplify.jobs/p/9d051b44-c674-4eca-aebe-79d99df5de77,,simplify,"[{""site"": ""simplify"", ""url"": ""https://simplify.jobs/p/9d051b44-c674-4eca-aebe-79d99df5de77""}]",[],[],"{""location"": [""Fremont, CA, USA""]}",{},"{""location"": ""array_field""}",{}
https://simplify.jobs/p/5a5e014f-eda2-4329-bd43-0ef5009326a8,Frontend Developer,ALTEN Mexico,"Toulouse, France",,,,,,2026-09-08T14:21:03+00:00,2026-09-08T14:08:01+00:00,false,,onsite,full_time,junior | mid,,,,simplify,https://simplify.jobs/p/5a5e014f-eda2-4329-bd43-0ef5009326a8,,simplify,"[{""site"": ""simplify"", ""url"": ""https://simplify.jobs/p/5a5e014f-eda2-4329-bd43-0ef5009326a8""}]",[],[],"{""location"": [""Toulouse, France""]}",{},"{""location"": ""array_field""}",{}
https://simplify.jobs/p/ccfba66e-9ba9-4257-8bdb-1308e8004f7b,Front-End Developer,DecisionPoint,Remote; Remote in USA,,,,,,2026-09-04T10:54:01+00:00,2026-08-14T03:59:36+00:00,false,,remote,full_time,senior,,,,simplify,https://simplify.jobs/p/ccfba66e-9ba9-4257-8bdb-1308e8004f7b,,simplify,"[{""site"": ""simplify"", ""url"": ""https://simplify.jobs/p/ccfba66e-9ba9-4257-8bdb-1308e8004f7b""}]",[],[],"{""location"": [""Remote; Remote in USA""]}",{},"{""location"": ""array_field""}",{}
https://simplify.jobs/p/d54efe4a-2a40-40e5-9fad-d6c78d46cd41,Software Engineer - Frontend,SIFT,"San Francisco, CA, USA; Marina Del Rey, CA, USA",160000.0,200000.0,USD,,,2026-09-04T06:57:01+00:00,2026-08-04T22:20:15+00:00,false,,hybrid,full_time,mid,,,,simplify,https://simplify.jobs/p/d54efe4a-2a40-40e5-9fad-d6c78d46cd41,,simplify,"[{""site"": ""simplify"", ""url"": ""https://simplify.jobs/p/d54efe4a-2a40-40e5-9fad-d6c78d46cd41""}]",[],[],"{""location"": [""San Francisco, CA, USA; Marina Del Rey, CA, USA""]}",{},"{""location"": ""array_field""}",{}
https://simplify.jobs/p/baaa6476-3da3-436a-b19a-ec52c230baa7,Software Engineer - Frontend Design,N1,"New York, NY, USA",100000.0,180000.0,USD,,,2026-09-03T17:09:30+00:00,2025-10-31T08:18:41+00:00,false,,onsite,full_time,mid,,,,simplify,https://simplify.jobs/p/baaa6476-3da3-436a-b19a-ec52c230baa7,,simplify,"[{""site"": ""simplify"", ""url"": ""https://simplify.jobs/p/baaa6476-3da3-436a-b19a-ec52c230baa7""}]",[],[],"{""location"": [""New York, NY, USA""]}",{},"{""location"": ""array_field""}",{}
https://simplify.jobs/p/3197d255-1780-47ff-8eeb-74f118a55d2c,Senior Technical Consultant - Front-end Development,Veeva Systems,"Remote; Boston, MA, USA",80000.0,200000.0,USD,,,2026-09-03T17:30:22+00:00,2026-01-26T23:21:38+00:00,false,,remote,full_time,senior,,,,simplify,https://simplify.jobs/p/3197d255-1780-47ff-8eeb-74f118a55d2c,,simplify,"[{""site"": ""simplify"", ""url"": ""https://simplify.jobs/p/3197d255-1780-47ff-8eeb-74f118a55d2c""}]",[],[],"{""location"": [""Remote; Boston, MA, USA""]}",{},"{""location"": ""array_field""}",{}
https://simplify.jobs/p/a9ba4547-5a39-4272-893f-1be0a16e4d61,Founding Frontend Engineer - AI-Native,Skiffra,"San Francisco, CA, USA; Los Angeles, CA, USA",180000.0,220000.0,USD,,,2026-09-04T10:06:01+00:00,2026-07-21T01:16:00+00:00,false,,hybrid,full_time,mid,,,,simplify,https://simplify.jobs/p/a9ba4547-5a39-4272-893f-1be0a16e4d61,,simplify,"[{""site"": ""simplify"", ""url"": ""https://simplify.jobs/p/a9ba4547-5a39-4272-893f-1be0a16e4d61""}]",[],[],"{""location"": [""San Francisco, CA, USA; Los Angeles, CA, USA""]}",{},"{""location"": ""array_field""}",{}
https://simplify.jobs/p/29460f4e-c9e9-435e-9799-0a3ec026dda1,Junior Frontend Engineer,TransPerfect,"Myrtle Beach, SC, USA",,,,,,2026-10-02T13:15:06+00:00,2026-06-16T19:41:45+00:00,false,,onsite,full_time,junior,,,,simplify,https://simplify.jobs/p/29460f4e-c9e9-435e-9799-0a3ec026dda1,,simplify,"[{""site"": ""simplify"", ""url"": ""https://simplify.jobs/p/29460f4e-c9e9-435e-9799-0a3ec026dda1""}]",[],[],"{""location"": [""Myrtle Beach, SC, USA""]}",{},"{""location"": ""array_field""}",{}
https://simplify.jobs/p/d131c1b9-3d62-4d1e-82bd-356704fa07f3,Software Engineer - Frontend,North Cloud,"Brooklyn, NY, USA",140000.0,180000.0,USD,,,2026-10-02T11:25:03+00:00,2026-09-18T22:20:02+00:00,false,,hybrid,full_time,mid,,,,simplify,https://simplify.jobs/p/d131c1b9-3d62-4d1e-82bd-356704fa07f3,,simplify,"[{""site"": ""simplify"", ""url"": ""https://simplify.jobs/p/d131c1b9-3d62-4d1e-82bd-356704fa07f3""}]",[],[],"{""location"": [""Brooklyn, NY, USA""]}",{},"{""location"": ""array_field""}",{}
https://simplify.jobs/p/876cc25d-99fb-4be4-add0-638765a8284a,Senior Front-End Developer,Idexcel,"Irving, TX, USA",,,,,,2026-09-04T07:24:02+00:00,2026-02-24T02:13:21+00:00,false,,onsite,full_time,senior,,,,simplify,https://simplify.jobs/p/876cc25d-99fb-4be4-add0-638765a8284a,,simplify,"[{""site"": ""simplify"", ""url"": ""https://simplify.jobs/p/876cc25d-99fb-4be4-add0-638765a8284a""}]",[],[],"{""location"": [""Irving, TX, USA""]}",{},"{""location"": ""array_field""}",{}
https://simplify.jobs/p/88a51fcd-b4bb-47a7-a83f-d61ec14d3b80,Frontend UI Developer,Sensiple,"Cincinnati, OH, USA",,,,,,2026-09-03T17:52:01+00:00,2026-02-23T07:06:46+00:00,false,,onsite,full_time,senior,,,,simplify,https://simplify.jobs/p/88a51fcd-b4bb-47a7-a83f-d61ec14d3b80,,simplify,"[{""site"": ""simplify"", ""url"": ""https://simplify.jobs/p/88a51fcd-b4bb-47a7-a83f-d61ec14d3b80""}]",[],[],"{""location"": [""Cincinnati, OH, USA""]}",{},"{""location"": ""array_field""}",{}
https://simplify.jobs/p/feccf19c-6c8a-4db4-8d06-6d6171cca217,Senior Frontend Engineer,Re:Build Manufacturing,"Remote; Seattle, WA, USA; Los Angeles, CA, USA; Remote in USA; Framingham, MA, USA",165000.0,200000.0,USD,,,2026-09-04T13:12:01+00:00,2026-09-01T14:38:15+00:00,false,,remote,full_time,senior,,,,simplify,https://simplify.jobs/p/feccf19c-6c8a-4db4-8d06-6d6171cca217,,simplify,"[{""site"": ""simplify"", ""url"": ""https://simplify.jobs/p/feccf19c-6c8a-4db4-8d06-6d6171cca217""}]",[],[],"{""location"": [""Remote; Seattle, WA, USA; Los Angeles, CA, USA; Remote in USA; Framingham, MA, USA""]}",{},"{""location"": ""array_field""}",{}
https://simplify.jobs/p/c621f7cb-187b-4029-8541-36a4537df42f,Staff Software Engineer - Frontend,3Y Health,"San Francisco, CA, USA",200000.0,250000.0,USD,,,2026-09-03T19:18:21+00:00,2026-07-04T09:08:50+00:00,false,,onsite,full_time,senior,,,,simplify,https://simplify.jobs/p/c621f7cb-187b-4029-8541-36a4537df42f | https://simplify.jobs/p/1b574950-531f-4d3f-8492-6b152b006c54,,simplify,"[{""site"": ""simplify"", ""url"": ""https://simplify.jobs/p/c621f7cb-187b-4029-8541-36a4537df42f""}, {""site"": ""simplify"", ""url"": ""https://simplify.jobs/p/1b574950-531f-4d3f-8492-6b152b006c54""}]",[],[],"{""location"": [""San Francisco, CA, USA""]}",{},"{""location"": ""array_field""}",{}
https://simplify.jobs/p/a6c4bcb1-74d1-4c4c-a69b-4bf8ddcab7bc,Front-End Developer - Angular,Jobsbridge,"Mesa, AZ, USA",,,,,,2026-09-04T07:24:02+00:00,2026-02-24T07:17:32+00:00,false,,onsite,full_time,mid,,,,simplify,https://simplify.jobs/p/a6c4bcb1-74d1-4c4c-a69b-4bf8ddcab7bc,,simplify,"[{""site"": ""simplify"", ""url"": ""https://simplify.jobs/p/a6c4bcb1-74d1-4c4c-a69b-4bf8ddcab7bc""}]",[],[],"{""location"": [""Mesa, AZ, USA""]}",{},"{""location"": ""array_field""}",{}
https://simplify.jobs/p/d0e07ad1-1cdb-42fd-a1c9-76f75177d35b,Senior Frontend Engineer,Perk,"Barcelona, Spain",,,,,,2026-09-17T10:30:02+00:00,2026-09-01T20:21:46+00:00,false,,hybrid,full_time,senior,,,,simplify,https://simplify.jobs/p/d0e07ad1-1cdb-42fd-a1c9-76f75177d35b,,simplify,"[{""site"": ""simplify"", ""url"": ""https://simplify.jobs/p/d0e07ad1-1cdb-42fd-a1c9-76f75177d35b""}]",[],[],"{""location"": [""Barcelona, Spain""]}",{},"{""location"": ""array_field""}",{}
https://simplify.jobs/p/7455805f-edf7-48eb-b5ce-3f8ea6d18668,Frontend Leaning Engineer - Creative & Studio,ElevenLabs,"Remote; London, UK; Remote in Germany; Remote in USA; Remote in UK; Remote in Ireland; New York, NY, USA; Remote in Spain; Remote in Canada; Dublin, Ireland; Remote in Italy; Remote in France",,,,,,2026-10-02T10:42:02+00:00,2026-09-09T15:07:37+00:00,false,,remote,full_time,mid,,,,simplify,https://simplify.jobs/p/7455805f-edf7-48eb-b5ce-3f8ea6d18668,,simplify,"[{""site"": ""simplify"", ""url"": ""https://simplify.jobs/p/7455805f-edf7-48eb-b5ce-3f8ea6d18668""}]",[],[],"{""location"": [""Remote; London, UK; Remote in Germany; Remote in USA; Remote in UK; Remote in Ireland; New York, NY, USA; Remote in Spain; Remote in Canada; Dublin, Ireland; Remote in Italy; Remote in France""]}",{},"{""location"": ""array_field""}",{}
https://simplify.jobs/p/21a37f55-1124-4aab-a52b-215d052d85ce,Senior Frontend Engineer,Atoms,"New York, NY, USA",176000.0,242000.0,USD,,,2026-09-04T13:00:41+00:00,2026-08-29T00:23:59+00:00,false,,onsite,full_time,mid | senior,,,,simplify,https://simplify.jobs/p/21a37f55-1124-4aab-a52b-215d052d85ce,,simplify,"[{""site"": ""simplify"", ""url"": ""https://simplify.jobs/p/21a37f55-1124-4aab-a52b-215d052d85ce""}]",[],[],"{""location"": [""New York, NY, USA""]}",{},"{""location"": ""array_field""}",{}
https://simplify.jobs/p/38d7d571-8191-455d-8df5-6e6d18218c45,Senior Frontend Developer,TELUS,"Remote; Winnipeg, MB, Canada; Toronto, ON, Canada; Victoria, BC, Canada; Calgary, AB, Canada; Edmonton, AB, Canada; Charlottetown, PE, Canada; St. John's, NL, Canada; Ottawa, ON, Canada; Vancouver, BC, Canada; Halifax Regional Municipality, NS, Canada",85000.0,110000.0,CAD,,,2026-09-04T12:00:01+00:00,2026-08-14T00:00:00+00:00,false,,remote,full_time,senior,,,,simplify,https://simplify.jobs/p/38d7d571-8191-455d-8df5-6e6d18218c45,,simplify,"[{""site"": ""simplify"", ""url"": ""https://simplify.jobs/p/38d7d571-8191-455d-8df5-6e6d18218c45""}]",[],[],"{""location"": [""Remote; Winnipeg, MB, Canada; Toronto, ON, Canada; Victoria, BC, Canada; Calgary, AB, Canada; Edmonton, AB, Canada; Charlottetown, PE, Canada; St. John's, NL, Canada; Ottawa, ON, Canada; Vancouver, BC, Canada; Halifax Regional Municipality, NS, Canada""]}",{},"{""location"": ""array_field""}",{}
https://simplify.jobs/p/00a5fe7e-f648-4e02-a2cd-5275a73470ea,Senior Frontend Software Engineer,Okendo,"Remote; Sydney NSW, Australia",,,,,,2026-09-04T01:30:21+00:00,2026-08-10T06:05:46+00:00,false,,remote,full_time,senior,,,,simplify,https://simplify.jobs/p/00a5fe7e-f648-4e02-a2cd-5275a73470ea,,simplify,"[{""site"": ""simplify"", ""url"": ""https://simplify.jobs/p/00a5fe7e-f648-4e02-a2cd-5275a73470ea""}]",[],[],"{""location"": [""Remote; Sydney NSW, Australia""]}",{},"{""location"": ""array_field""}",{}
https://simplify.jobs/p/2b3b312a-bc61-480d-af98-7a032691ae53,Staff Frontend Engineer,sound.xyz,"Remote; Remote in USA; New York, NY, USA",,,,,,2026-09-03T17:09:30+00:00,2026-03-27T01:11:33+00:00,false,,remote,full_time,senior,,,,simplify,https://simplify.jobs/p/2b3b312a-bc61-480d-af98-7a032691ae53,,simplify,"[{""site"": ""simplify"", ""url"": ""https://simplify.jobs/p/2b3b312a-bc61-480d-af98-7a032691ae53""}]",[],[],"{""location"": [""Remote; Remote in USA; New York, NY, USA""]}",{},"{""location"": ""array_field""}",{}
https://simplify.jobs/p/45aa63f5-931c-4e5e-a05c-15bdad8346af,Frontend Engineer,RAVL,"Toronto, ON, Canada",,,,,,2026-09-04T09:30:01+00:00,2026-07-15T14:04:44+00:00,false,,hybrid,full_time,mid,,,,simplify,https://simplify.jobs/p/45aa63f5-931c-4e5e-a05c-15bdad8346af,,simplify,"[{""site"": ""simplify"", ""url"": ""https://simplify.jobs/p/45aa63f5-931c-4e5e-a05c-15bdad8346af""}]",[],[],"{""location"": [""Toronto, ON, Canada""]}",{},"{""location"": ""array_field""}",{}
https://simplify.jobs/p/07a05b43-9d1c-4001-86f4-d54fc1fd6ecf,Staff Software Engineer - Frontend,ACL Digital,"Sunnyvale, CA, USA",,,,,,2026-09-03T15:30:12+00:00,2026-08-18T01:08:35+00:00,false,,onsite,full_time,senior,,,,simplify,https://simplify.jobs/p/07a05b43-9d1c-4001-86f4-d54fc1fd6ecf,,simplify,"[{""site"": ""simplify"", ""url"": ""https://simplify.jobs/p/07a05b43-9d1c-4001-86f4-d54fc1fd6ecf""}]",[],[],"{""location"": [""Sunnyvale, CA, USA""]}",{},"{""location"": ""array_field""}",{}
https://simplify.jobs/p/49e2f4ec-6077-42ea-a670-c0bb5bdcd2ab,Frontend Engineer,Commify,"Nottingham, UK",45000.0,55000.0,GBP,,,2026-09-04T01:18:24+00:00,2026-08-08T01:17:52+00:00,false,,hybrid,full_time,mid,,,,simplify,https://simplify.jobs/p/49e2f4ec-6077-42ea-a670-c0bb5bdcd2ab,,simplify,"[{""site"": ""simplify"", ""url"": ""https://simplify.jobs/p/49e2f4ec-6077-42ea-a670-c0bb5bdcd2ab""}]",[],[],"{""location"": [""Nottingham, UK""]}",{},"{""location"": ""array_field""}",{}
https://simplify.jobs/p/e5fd3e99-1a54-43f7-afea-1324078c6484,Senior Front-End Software Engineer - React,Anduril,"Seattle, WA, USA",191000.0,253000.0,USD,,,2026-09-04T08:15:01+00:00,2026-06-16T19:49:22+00:00,false,,onsite,full_time,senior,,,,simplify,https://simplify.jobs/p/e5fd3e99-1a54-43f7-afea-1324078c6484,,simplify,"[{""site"": ""simplify"", ""url"": ""https://simplify.jobs/p/e5fd3e99-1a54-43f7-afea-1324078c6484""}]",[],[],"{""location"": [""Seattle, WA, USA""]}",{},"{""location"": ""array_field""}",{}
https://simplify.jobs/p/67c3293f-f8cb-4a2f-aa79-da9019127d2a,Education Research - Frontend Developer-SLATE,Huron,"Remote; Chicago, IL, USA",,,,,,2026-09-04T01:39:21+00:00,2026-08-10T00:00:00+00:00,false,,remote,full_time,mid,,,,simplify,https://simplify.jobs/p/67c3293f-f8cb-4a2f-aa79-da9019127d2a,,simplify,"[{""site"": ""simplify"", ""url"": ""https://simplify.jobs/p/67c3293f-f8cb-4a2f-aa79-da9019127d2a""}]",[],[],"{""location"": [""Remote; Chicago, IL, USA""]}",{},"{""location"": ""array_field""}",{}
https://simplify.jobs/p/4e2a677c-85f5-4a19-a1b3-d7aec1ef6997,Frontend Developer,Amgen,"Hyderabad, Telangana, India",,,,,,2026-10-02T11:51:18+00:00,2026-09-08T00:00:00+00:00,false,,onsite,full_time,mid | senior,,,,simplify,https://simplify.jobs/p/4e2a677c-85f5-4a19-a1b3-d7aec1ef6997,,simplify,"[{""site"": ""simplify"", ""url"": ""https://simplify.jobs/p/4e2a677c-85f5-4a19-a1b3-d7aec1ef6997""}]",[],[],"{""location"": [""Hyderabad, Telangana, India""]}",{},"{""location"": ""array_field""}",{}
https://simplify.jobs/p/ab7ffec3-a9bc-4058-922a-0bb0db0e9eaf,Senior Frontend Engineer,Aragorn AI,Remote; Remote in USA,125000.0,160000.0,USD,,,2026-09-04T10:06:01+00:00,2026-07-21T01:18:49+00:00,false,,remote,full_time,senior,,,,simplify,https://simplify.jobs/p/ab7ffec3-a9bc-4058-922a-0bb0db0e9eaf,,simplify,"[{""site"": ""simplify"", ""url"": ""https://simplify.jobs/p/ab7ffec3-a9bc-4058-922a-0bb0db0e9eaf""}]",[],[],"{""location"": [""Remote; Remote in USA""]}",{},"{""location"": ""array_field""}",{}
https://simplify.jobs/p/e17f57f5-f7a7-49a1-9e72-e29e4eb68fd9,Front-end Software Developer - FADE,CACI,"Denver, CO, USA",90300.0,189600.0,USD,,,2026-09-03T20:39:22+00:00,2026-07-31T00:00:00+00:00,false,,onsite,full_time,senior,,,,simplify,https://simplify.jobs/p/e17f57f5-f7a7-49a1-9e72-e29e4eb68fd9,,simplify,"[{""site"": ""simplify"", ""url"": ""https://simplify.jobs/p/e17f57f5-f7a7-49a1-9e72-e29e4eb68fd9""}]",[],[],"{""location"": [""Denver, CO, USA""]}",{},"{""location"": ""array_field""}",{}
https://simplify.jobs/p/2f49042b-a3f1-478e-8ff3-fab60cd639f3,Senior Software Engineer - Frontend,Hive,"Seattle, WA, USA",160000.0,250000.0,USD,,,2025-03-14T01:18:55+00:00,2024-04-07T08:24:52+00:00,false,,onsite,full_time,mid | senior,,,,simplify,https://simplify.jobs/p/2f49042b-a3f1-478e-8ff3-fab60cd639f3,,simplify,"[{""site"": ""simplify"", ""url"": ""https://simplify.jobs/p/2f49042b-a3f1-478e-8ff3-fab60cd639f3""}]",[],[],"{""location"": [""Seattle, WA, USA""]}",{},"{""location"": ""array_field""}",{}
https://simplify.jobs/p/0a7c90ac-eccf-48d5-9ef2-66e315b370fd,Front-End Engineer,Jobsbridge,"San Jose, CA, USA",,,,,,2026-09-04T07:24:02+00:00,2026-02-24T07:20:44+00:00,false,,onsite,full_time,senior,,,,simplify,https://simplify.jobs/p/0a7c90ac-eccf-48d5-9ef2-66e315b370fd | https://simplify.jobs/p/1741306e-587a-4f39-abf8-534d9b124c10 | https://simplify.jobs/p/915fdb5c-6e1f-460e-9b02-6646c22265ae | https://simplify.jobs/p/6a4ace40-f5b1-48cf-a398-f870f362b7fb,,simplify,"[{""site"": ""simplify"", ""url"": ""https://simplify.jobs/p/0a7c90ac-eccf-48d5-9ef2-66e315b370fd""}, {""site"": ""simplify"", ""url"": ""https://simplify.jobs/p/1741306e-587a-4f39-abf8-534d9b124c10""}, {""site"": ""simplify"", ""url"": ""https://simplify.jobs/p/915fdb5c-6e1f-460e-9b02-6646c22265ae""}, {""site"": ""simplify"", ""url"": ""https://simplify.jobs/p/6a4ace40-f5b1-48cf-a398-f870f362b7fb""}]",[],[],"{""location"": [""San Jose, CA, USA""]}",{},"{""location"": ""array_field""}",{}
https://simplify.jobs/p/153a4c5c-0197-4d69-8aa7-604334b0525e,Front-End Engineer - Anime,Spellbrush,"San Francisco, CA, USA",,,,,,2026-09-04T06:57:01+00:00,2024-09-05T04:43:20+00:00,false,,hybrid,full_time,mid,,,,simplify,https://simplify.jobs/p/153a4c5c-0197-4d69-8aa7-604334b0525e,,simplify,"[{""site"": ""simplify"", ""url"": ""https://simplify.jobs/p/153a4c5c-0197-4d69-8aa7-604334b0525e""}]",[],[],"{""location"": [""San Francisco, CA, USA""]}",{},"{""location"": ""array_field""}",{}
https://simplify.jobs/p/fdf36a1c-879b-427e-9505-daa8d0f84f96,Senior Frontend Developer,LSEG,"Hyderabad, Telangana, India",,,,,,2026-09-04T06:57:01+00:00,2026-07-04T12:10:24+00:00,false,,onsite,full_time,senior,,,,simplify,https://simplify.jobs/p/fdf36a1c-879b-427e-9505-daa8d0f84f96,,simplify,"[{""site"": ""simplify"", ""url"": ""https://simplify.jobs/p/fdf36a1c-879b-427e-9505-daa8d0f84f96""}]",[],[],"{""location"": [""Hyderabad, Telangana, India""]}",{},"{""location"": ""array_field""}",{}
https://simplify.jobs/p/658d3433-9493-46b1-8ca3-8ee4993c3b3f,Software Engineer 3 - Frontend / Design Systems,JP Morgan Chase,"Plano, TX, USA",,,,,,2026-09-27T09:30:13+00:00,2026-09-21T22:11:16+00:00,false,,onsite,full_time,mid,,,,simplify,https://simplify.jobs/p/658d3433-9493-46b1-8ca3-8ee4993c3b3f,,simplify,"[{""site"": ""simplify"", ""url"": ""https://simplify.jobs/p/658d3433-9493-46b1-8ca3-8ee4993c3b3f""}]",[],[],"{""location"": [""Plano, TX, USA""]}",{},"{""location"": ""array_field""}",{}
https://simplify.jobs/p/8a20acdf-e003-4209-b1f8-b5ec2924b9d0,Frontend Product Engineer,Tailwind Insurance Systems,"Toronto, ON, Canada; San Francisco, CA, USA",,,,,,2026-09-04T07:24:02+00:00,2026-03-05T15:26:10+00:00,false,,hybrid,full_time,junior,,,,simplify,https://simplify.jobs/p/8a20acdf-e003-4209-b1f8-b5ec2924b9d0,,simplify,"[{""site"": ""simplify"", ""url"": ""https://simplify.jobs/p/8a20acdf-e003-4209-b1f8-b5ec2924b9d0""}]",[],[],"{""location"": [""Toronto, ON, Canada; San Francisco, CA, USA""]}",{},"{""location"": ""array_field""}",{}
https://simplify.jobs/p/44007f6b-f54f-4374-a751-9247084b360a,Frontend Developer - React & Angular,Vivify Healthcare,"Visakhapatnam, Andhra Pradesh, India",40000.0,60000.0,INR,,,2026-09-04T12:00:01+00:00,2026-08-18T01:11:43+00:00,false,,onsite,full_time,mid | senior,,,,simplify,https://simplify.jobs/p/44007f6b-f54f-4374-a751-9247084b360a,,simplify,"[{""site"": ""simplify"", ""url"": ""https://simplify.jobs/p/44007f6b-f54f-4374-a751-9247084b360a""}]",[],[],"{""location"": [""Visakhapatnam, Andhra Pradesh, India""]}",{},"{""location"": ""array_field""}",{}
https://simplify.jobs/p/c0bf1203-5bf3-43ed-b4b5-33aecaa03b3a,Front-End Engineer - WebXR / VR,Droyd Robotics,"San Francisco, CA, USA",130000.0,175000.0,USD,,,2026-09-04T08:57:01+00:00,2026-07-04T14:07:37+00:00,false,,onsite,full_time,mid,,,,simplify,https://simplify.jobs/p/c0bf1203-5bf3-43ed-b4b5-33aecaa03b3a,,simplify,"[{""site"": ""simplify"", ""url"": ""https://simplify.jobs/p/c0bf1203-5bf3-43ed-b4b5-33aecaa03b3a""}]",[],[],"{""location"": [""San Francisco, CA, USA""]}",{},"{""location"": ""array_field""}",{}
https://simplify.jobs/p/af90fbea-9962-4d89-8254-708512bf58d8,Frontend Software Engineer,Wayflyer,Remote; Europe,,,,,,2026-10-02T11:03:03+00:00,2026-05-13T14:08:06+00:00,false,,remote,full_time,senior,,,,simplify,https://simplify.jobs/p/af90fbea-9962-4d89-8254-708512bf58d8,,simplify,"[{""site"": ""simplify"", ""url"": ""https://simplify.jobs/p/af90fbea-9962-4d89-8254-708512bf58d8""}]",[],[],"{""location"": [""Remote; Europe""]}",{},"{""location"": ""array_field""}",{}
https://simplify.jobs/p/7b9a3a74-6f01-431a-83cc-e64584a8ade0,Staff Frontend Engineer,ABOUT YOU,"Hamburg, Germany",85000.0,85000.0,EUR,,,2026-10-01T10:02:43+00:00,2026-09-15T09:04:20+00:00,false,,hybrid,full_time,senior,,,,simplify,https://simplify.jobs/p/7b9a3a74-6f01-431a-83cc-e64584a8ade0 | https://simplify.jobs/p/209a2355-d597-4ffd-9aed-897936862117,,simplify,"[{""site"": ""simplify"", ""url"": ""https://simplify.jobs/p/7b9a3a74-6f01-431a-83cc-e64584a8ade0""}, {""site"": ""simplify"", ""url"": ""https://simplify.jobs/p/209a2355-d597-4ffd-9aed-897936862117""}]",[],[],"{""location"": [""Hamburg, Germany""]}",{},"{""location"": ""array_field""}",{}
https://simplify.jobs/p/0247c006-1f35-4958-bc74-2cce8ecaea85,Staff Software Engineer - Frontend,Walmart,"Sunnyvale, CA, USA",143000.0,286000.0,USD,,,2026-10-02T14:48:18+00:00,2026-08-10T00:00:00+00:00,false,,,full_time,mid | senior,Conflicting workplace across sites,,,simplify,https://simplify.jobs/p/0247c006-1f35-4958-bc74-2cce8ecaea85 | https://simplify.jobs/p/90611656-ecea-42a1-b70a-bc74d6c32d07 | https://simplify.jobs/p/f275b671-0505-4b33-b687-e1ca2bf9aa10,,simplify,"[{""site"": ""simplify"", ""url"": ""https://simplify.jobs/p/0247c006-1f35-4958-bc74-2cce8ecaea85""}, {""site"": ""simplify"", ""url"": ""https://simplify.jobs/p/90611656-ecea-42a1-b70a-bc74d6c32d07""}, {""site"": ""simplify"", ""url"": ""https://simplify.jobs/p/f275b671-0505-4b33-b687-e1ca2bf9aa10""}]",[],[],"{""location"": [""Sunnyvale, CA, USA""]}",{},"{""location"": ""array_field""}",{}
https://simplify.jobs/p/c34b98d1-4424-4e90-8a98-ab7825ded8e3,Frontend Lead Software Engineer,JP Morgan Chase,"Glasgow, UK",,,,,,2026-09-27T10:51:01+00:00,2026-09-03T02:24:09+00:00,false,,onsite,full_time,mid,,,,simplify,https://simplify.jobs/p/c34b98d1-4424-4e90-8a98-ab7825ded8e3,,simplify,"[{""site"": ""simplify"", ""url"": ""https://simplify.jobs/p/c34b98d1-4424-4e90-8a98-ab7825ded8e3""}]",[],[],"{""location"": [""Glasgow, UK""]}",{},"{""location"": ""array_field""}",{}
https://simplify.jobs/p/4b907056-c846-41a6-8d8a-4fc723c17adf,Frontend Software Engineer,Pigment,"Toronto, ON, Canada",100000.0,180000.0,CAD,,,2026-09-04T05:18:01+00:00,2026-04-30T14:07:55+00:00,false,,hybrid,full_time,mid,,,,simplify,https://simplify.jobs/p/4b907056-c846-41a6-8d8a-4fc723c17adf,,simplify,"[{""site"": ""simplify"", ""url"": ""https://simplify.jobs/p/4b907056-c846-41a6-8d8a-4fc723c17adf""}]",[],[],"{""location"": [""Toronto, ON, Canada""]}",{},"{""location"": ""array_field""}",{}
https://simplify.jobs/p/0ef33142-1c14-4490-813b-d8688e6c2946,Associate Staff Engineer - Frontend React,Nagarro,"Hyderabad, Telangana, India",,,,,,2026-09-03T17:09:30+00:00,2025-03-13T02:24:29+00:00,false,,onsite,full_time,senior,,,,simplify,https://simplify.jobs/p/0ef33142-1c14-4490-813b-d8688e6c2946,,simplify,"[{""site"": ""simplify"", ""url"": ""https://simplify.jobs/p/0ef33142-1c14-4490-813b-d8688e6c2946""}]",[],[],"{""location"": [""Hyderabad, Telangana, India""]}",{},"{""location"": ""array_field""}",{}
https://simplify.jobs/p/a40e8058-83a9-4c02-bee1-c81a352fdfc9,Frontend Developer - TypeScript/ReactJS,Worldia,"Remote; Île-de-France, France",,,,,,2026-09-04T12:09:01+00:00,2026-08-18T01:14:23+00:00,false,,remote,full_time,senior,,,,simplify,https://simplify.jobs/p/a40e8058-83a9-4c02-bee1-c81a352fdfc9,,simplify,"[{""site"": ""simplify"", ""url"": ""https://simplify.jobs/p/a40e8058-83a9-4c02-bee1-c81a352fdfc9""}]",[],[],"{""location"": [""Remote; Île-de-France, France""]}",{},"{""location"": ""array_field""}",{}
https://simplify.jobs/p/1a569769-a371-4bfb-9571-26c6f30984bf,Staff Frontend Software Engineer - Frontend - Factory Software,Tesla,"Remote; Fremont, CA, USA; Austin, TX, USA; Reno, NV, USA",,,,,,2026-09-11T08:45:17+00:00,2026-07-10T01:11:17+00:00,false,,remote,full_time,mid | senior,,,,simplify,https://simplify.jobs/p/1a569769-a371-4bfb-9571-26c6f30984bf,,simplify,"[{""site"": ""simplify"", ""url"": ""https://simplify.jobs/p/1a569769-a371-4bfb-9571-26c6f30984bf""}]",[],[],"{""location"": [""Remote; Fremont, CA, USA; Austin, TX, USA; Reno, NV, USA""]}",{},"{""location"": ""array_field""}",{}
https://simplify.jobs/p/9a514edd-a886-4c72-ad35-499c517b5de3,Senior Frontend Engineer - Contractor,Hauler Hero,Remote; Europe,,,,,,2026-09-04T00:27:22+00:00,2026-08-05T22:20:33+00:00,false,,remote,contract,senior,,,,simplify,https://simplify.jobs/p/9a514edd-a886-4c72-ad35-499c517b5de3,,simplify,"[{""site"": ""simplify"", ""url"": ""https://simplify.jobs/p/9a514edd-a886-4c72-ad35-499c517b5de3""}]",[],[],"{""location"": [""Remote; Europe""]}",{},"{""location"": ""array_field""}",{}
https://simplify.jobs/p/4b517b0c-46f3-442d-8f47-f0984ade0979,Frontend Engineer - AI Observability & Evals Platform,LangChain,"Cambridge, MA, USA; Boston, MA, USA; San Francisco, CA, USA; New York, NY, USA",160000.0,195000.0,USD,,,2026-09-04T07:12:12+00:00,2026-08-12T03:33:24+00:00,false,,hybrid,full_time,junior,,,,simplify,https://simplify.jobs/p/4b517b0c-46f3-442d-8f47-f0984ade0979,,simplify,"[{""site"": ""simplify"", ""url"": ""https://simplify.jobs/p/4b517b0c-46f3-442d-8f47-f0984ade0979""}]",[],[],"{""location"": [""Cambridge, MA, USA; Boston, MA, USA; San Francisco, CA, USA; New York, NY, USA""]}",{},"{""location"": ""array_field""}",{}
https://simplify.jobs/p/f010ffcf-900c-4e14-a956-119f1df7c493,Staff Engineer - Frontend React,Nagarro,"Gurugram, Haryana, India",,,,,,2026-09-03T17:09:30+00:00,2025-03-13T02:24:55+00:00,false,,onsite,full_time,senior,,,,simplify,https://simplify.jobs/p/f010ffcf-900c-4e14-a956-119f1df7c493,,simplify,"[{""site"": ""simplify"", ""url"": ""https://simplify.jobs/p/f010ffcf-900c-4e14-a956-119f1df7c493""}]",[],[],"{""location"": [""Gurugram, Haryana, India""]}",{},"{""location"": ""array_field""}",{}
https://simplify.jobs/p/65fcfd5d-ffe3-4baa-ae5a-f24f2cb8a3b5,Senior Frontend Engineer,Graphite,"New York, NY, USA",180000.0,220000.0,USD,,,2026-09-04T07:36:01+00:00,2026-04-19T22:08:38+00:00,false,,onsite,full_time,senior,,,,simplify,https://simplify.jobs/p/65fcfd5d-ffe3-4baa-ae5a-f24f2cb8a3b5,,simplify,"[{""site"": ""simplify"", ""url"": ""https://simplify.jobs/p/65fcfd5d-ffe3-4baa-ae5a-f24f2cb8a3b5""}]",[],[],"{""location"": [""New York, NY, USA""]}",{},"{""location"": ""array_field""}",{}
https://simplify.jobs/p/6daf17fa-640a-4222-aeb3-bd1d74b28d46,Front-End Developer,Injective Foundation,Remote; Remote in USA,,,,,,2026-09-04T13:30:01+00:00,2026-06-02T22:08:18+00:00,false,,remote,full_time,mid,,,,simplify,https://simplify.jobs/p/6daf17fa-640a-4222-aeb3-bd1d74b28d46 | https://simplify.jobs/p/5c8f2e1f-b200-4499-8c72-d94401501cef,,simplify,"[{""site"": ""simplify"", ""url"": ""https://simplify.jobs/p/6daf17fa-640a-4222-aeb3-bd1d74b28d46""}, {""site"": ""simplify"", ""url"": ""https://simplify.jobs/p/5c8f2e1f-b200-4499-8c72-d94401501cef""}]",[],[],"{""location"": [""Remote; Remote in USA""]}",{},"{""location"": ""array_field""}",{}
https://simplify.jobs/p/6dd0c321-338e-46c6-865a-9200f59f7178,Senior Staff Software Engineer - Drive - Frontend,Google,"New York, NY, USA; Sunnyvale, CA, USA; Boulder, CO, USA",262000.0,364000.0,USD,,,2026-09-11T09:45:01+00:00,2026-08-28T23:31:30+00:00,false,,onsite,full_time,senior,,,,simplify,https://simplify.jobs/p/6dd0c321-338e-46c6-865a-9200f59f7178,,simplify,"[{""site"": ""simplify"", ""url"": ""https://simplify.jobs/p/6dd0c321-338e-46c6-865a-9200f59f7178""}]",[],[],"{""location"": [""New York, NY, USA; Sunnyvale, CA, USA; Boulder, CO, USA""]}",{},"{""location"": ""array_field""}",{}
https://simplify.jobs/p/c200cd73-f0de-4e14-9076-c9adde94524e,Staff Frontend Engineer,bunch,"Berlin, Germany",,,,,,2026-09-23T14:24:01+00:00,2026-09-23T14:22:32+00:00,false,,hybrid,full_time,senior,,,,simplify,https://simplify.jobs/p/c200cd73-f0de-4e14-9076-c9adde94524e,,simplify,"[{""site"": ""simplify"", ""url"": ""https://simplify.jobs/p/c200cd73-f0de-4e14-9076-c9adde94524e""}]",[],[],"{""location"": [""Berlin, Germany""]}",{},"{""location"": ""array_field""}",{}
https://simplify.jobs/p/9da142d8-e4fd-4e20-9aae-8b2ac97757c7,Mobile Application Developer - Front-end,Jobsbridge,"San Francisco, CA, USA",,,,,,2026-09-04T07:24:02+00:00,2026-02-24T07:17:57+00:00,false,,onsite,full_time,mid,,,,simplify,https://simplify.jobs/p/9da142d8-e4fd-4e20-9aae-8b2ac97757c7,,simplify,"[{""site"": ""simplify"", ""url"": ""https://simplify.jobs/p/9da142d8-e4fd-4e20-9aae-8b2ac97757c7""}]",[],[],"{""location"": [""San Francisco, CA, USA""]}",{},"{""location"": ""array_field""}",{}
https://simplify.jobs/p/28634bd8-4d20-4962-8a99-6a5e25b6e7d2,Senior Frontend Software Engineer,Veterinary Emergency Group (VEG ER),Remote; Remote in USA,170000.0,200000.0,USD,,,2026-09-23T22:54:01+00:00,2026-09-03T23:16:03+00:00,false,,remote,full_time,senior,,,,simplify,https://simplify.jobs/p/28634bd8-4d20-4962-8a99-6a5e25b6e7d2,,simplify,"[{""site"": ""simplify"", ""url"": ""https://simplify.jobs/p/28634bd8-4d20-4962-8a99-6a5e25b6e7d2""}]",[],[],"{""location"": [""Remote; Remote in USA""]}",{},"{""location"": ""array_field""}",{}
https://simplify.jobs/p/158b27b8-6e38-4a8e-b715-916bd96769d7,Staff Frontend Engineer - Secureai,Okta,"Toronto, ON, Canada",160000.0,220000.0,CAD,,,2026-09-17T01:21:01+00:00,2026-09-17T01:20:58+00:00,false,,hybrid,full_time,senior,,,,simplify,https://simplify.jobs/p/158b27b8-6e38-4a8e-b715-916bd96769d7,,simplify,"[{""site"": ""simplify"", ""url"": ""https://simplify.jobs/p/158b27b8-6e38-4a8e-b715-916bd96769d7""}]",[],[],"{""location"": [""Toronto, ON, Canada""]}",{},"{""location"": ""array_field""}",{}
https://simplify.jobs/p/88c323f0-9694-4629-ac31-858c9efcea50,Frontend Engineer,Frec,"San Francisco, CA, USA; New York, NY, USA",200000.0,300000.0,USD,,,2026-09-04T09:42:02+00:00,2026-07-21T01:14:21+00:00,false,,onsite,full_time,mid,,,,simplify,https://simplify.jobs/p/88c323f0-9694-4629-ac31-858c9efcea50,,simplify,"[{""site"": ""simplify"", ""url"": ""https://simplify.jobs/p/88c323f0-9694-4629-ac31-858c9efcea50""}]",[],[],"{""location"": [""San Francisco, CA, USA; New York, NY, USA""]}",{},"{""location"": ""array_field""}",{}
https://simplify.jobs/p/fc2d04a7-0b96-4537-89ef-8e334a7c6973,Front-end Engineer - AWS Marketplace Search,Amazon,"Seattle, WA, USA",143700.0,194400.0,USD,,,2026-09-23T01:12:02+00:00,2026-09-23T01:08:46+00:00,false,,onsite,full_time,junior | mid,,,,simplify,https://simplify.jobs/p/fc2d04a7-0b96-4537-89ef-8e334a7c6973,,simplify,"[{""site"": ""simplify"", ""url"": ""https://simplify.jobs/p/fc2d04a7-0b96-4537-89ef-8e334a7c6973""}]",[],[],"{""location"": [""Seattle, WA, USA""]}",{},"{""location"": ""array_field""}",{}
https://simplify.jobs/p/eb771a71-6e3e-411a-b446-79b2a4c16291,Senior Frontend Developer - Euse,OneSpan,"Montreal, QC, Canada",,,,,,2026-09-23T22:17:53+00:00,2026-09-23T22:06:55+00:00,false,,hybrid,full_time,senior,,,,simplify,https://simplify.jobs/p/eb771a71-6e3e-411a-b446-79b2a4c16291,,simplify,"[{""site"": ""simplify"", ""url"": ""https://simplify.jobs/p/eb771a71-6e3e-411a-b446-79b2a4c16291""}]",[],[],"{""location"": [""Montreal, QC, Canada""]}",{},"{""location"": ""array_field""}",{}
https://simplify.jobs/p/37f3e8db-3497-4454-9436-ac08c145b2f3,Staff Frontend Engineer - Grafana Dataviz,Grafana Labs,Remote; Remote in Canada,186368.0,223642.0,CAD,,,2026-09-18T22:33:01+00:00,2026-09-16T22:29:40+00:00,false,,remote,full_time,senior,,,,simplify,https://simplify.jobs/p/37f3e8db-3497-4454-9436-ac08c145b2f3,,simplify,"[{""site"": ""simplify"", ""url"": ""https://simplify.jobs/p/37f3e8db-3497-4454-9436-ac08c145b2f3""}]",[],[],"{""location"": [""Remote; Remote in Canada""]}",{},"{""location"": ""array_field""}",{}
https://simplify.jobs/p/eb5d6e5b-0aa4-4e39-88ca-6ba584faab9d,Senior Angular Frontend Developer,MyTime,"Remote; Los Angeles, CA, USA",,,,,,2026-09-04T07:24:02+00:00,2026-02-25T02:13:38+00:00,false,,remote,full_time,senior,,,,simplify,https://simplify.jobs/p/eb5d6e5b-0aa4-4e39-88ca-6ba584faab9d,,simplify,"[{""site"": ""simplify"", ""url"": ""https://simplify.jobs/p/eb5d6e5b-0aa4-4e39-88ca-6ba584faab9d""}]",[],[],"{""location"": [""Remote; Los Angeles, CA, USA""]}",{},"{""location"": ""array_field""}",{}
https://simplify.jobs/p/1cdfe7ac-1465-4b42-94dd-036074c3aa80,Software Engineer - Frontend,Swoop,"Washington, DC, USA; Minneapolis, MN, USA; Baltimore, MD, USA",125000.0,190000.0,USD,,,2026-09-10T01:28:18+00:00,2026-09-10T01:22:41+00:00,false,,hybrid,full_time,mid,,,,simplify,https://simplify.jobs/p/1cdfe7ac-1465-4b42-94dd-036074c3aa80,,simplify,"[{""site"": ""simplify"", ""url"": ""https://simplify.jobs/p/1cdfe7ac-1465-4b42-94dd-036074c3aa80""}]",[],[],"{""location"": [""Washington, DC, USA; Minneapolis, MN, USA; Baltimore, MD, USA""]}",{},"{""location"": ""array_field""}",{}
https://simplify.jobs/p/51193bef-6195-454d-8eef-120dd2cf186c,Senior Software Engineer - Frontend - Product Engineering,TRM Labs,Remote in USA,180000.0,230000.0,USD,,,2026-10-01T10:18:01+00:00,2026-05-19T01:08:37+00:00,false,,hybrid,full_time,senior,,,,simplify,https://simplify.jobs/p/51193bef-6195-454d-8eef-120dd2cf186c,,simplify,"[{""site"": ""simplify"", ""url"": ""https://simplify.jobs/p/51193bef-6195-454d-8eef-120dd2cf186c""}]",[],[],"{""location"": [""Remote in USA""]}",{},"{""location"": ""array_field""}",{}
https://simplify.jobs/p/c9e6e4d4-16e2-40a8-a9c5-8655e43d35d8,Frontend Software Engineer - JavaScript / TypeScript & React,Darktrace,"Cambridge, UK",,,,,,2026-10-02T12:00:04+00:00,2026-09-24T14:43:43+00:00,false,,hybrid,full_time,mid,,,,simplify,https://simplify.jobs/p/c9e6e4d4-16e2-40a8-a9c5-8655e43d35d8,,simplify,"[{""site"": ""simplify"", ""url"": ""https://simplify.jobs/p/c9e6e4d4-16e2-40a8-a9c5-8655e43d35d8""}]",[],[],"{""location"": [""Cambridge, UK""]}",{},"{""location"": ""array_field""}",{}
https://simplify.jobs/p/1e81f0d3-b66f-41ac-adc5-d9a73f827788,Front-end Engineer,Capital One,"New York, NY, USA",215200.0,245600.0,USD,,,2026-09-25T14:17:55+00:00,2026-09-25T00:00:00+00:00,false,,onsite,full_time,mid,,,,simplify,https://simplify.jobs/p/1e81f0d3-b66f-41ac-adc5-d9a73f827788,,simplify,"[{""site"": ""simplify"", ""url"": ""https://simplify.jobs/p/1e81f0d3-b66f-41ac-adc5-d9a73f827788""}]",[],[],"{""location"": [""New York, NY, USA""]}",{},"{""location"": ""array_field""}",{}
https://simplify.jobs/p/ebb868aa-f597-41bf-9767-7c282b9436f1,Frontend Developer - React / Next.js,Shockbyte,"Docklands, Australia",,,,,,2026-09-04T12:00:01+00:00,2026-08-14T17:25:25+00:00,false,,hybrid,full_time,mid,,,,simplify,https://simplify.jobs/p/ebb868aa-f597-41bf-9767-7c282b9436f1,,simplify,"[{""site"": ""simplify"", ""url"": ""https://simplify.jobs/p/ebb868aa-f597-41bf-9767-7c282b9436f1""}]",[],[],"{""location"": [""Docklands, Australia""]}",{},"{""location"": ""array_field""}",{}
https://simplify.jobs/p/566cb975-583a-4f15-ae5e-6a2616646bce,Frontend Software Engineer,GRVTY,"San Antonio, TX, USA",100163.0,152103.0,USD,,,2026-09-08T22:27:26+00:00,2026-09-08T22:17:19+00:00,false,,hybrid,full_time,senior,,,,simplify,https://simplify.jobs/p/566cb975-583a-4f15-ae5e-6a2616646bce,,simplify,"[{""site"": ""simplify"", ""url"": ""https://simplify.jobs/p/566cb975-583a-4f15-ae5e-6a2616646bce""}]",[],[],"{""location"": [""San Antonio, TX, USA""]}",{},"{""location"": ""array_field""}",{}
https://simplify.jobs/p/a912e531-8f23-4b0b-9ee0-8920fd6fa24f,Frontend Software Engineer Graduate,TikTok,"Sydney NSW, Australia",,,,,,2026-09-03T19:24:26+00:00,2026-07-10T14:12:34+00:00,false,,onsite,full_time,,,,,simplify,https://simplify.jobs/p/a912e531-8f23-4b0b-9ee0-8920fd6fa24f,,simplify,"[{""site"": ""simplify"", ""url"": ""https://simplify.jobs/p/a912e531-8f23-4b0b-9ee0-8920fd6fa24f""}]",[],[],"{""location"": [""Sydney NSW, Australia""]}",{},"{""location"": ""array_field""}",{}
https://simplify.jobs/p/b88a6d51-c3da-418e-96c9-08c63df07d49,Senior Software Engineer - Frontend,Sigma Computing,"San Francisco, CA, USA",170000.0,240000.0,USD,,,2026-09-04T08:15:01+00:00,2026-06-10T06:13:08+00:00,false,,onsite,full_time,senior,,,,simplify,https://simplify.jobs/p/b88a6d51-c3da-418e-96c9-08c63df07d49,,simplify,"[{""site"": ""simplify"", ""url"": ""https://simplify.jobs/p/b88a6d51-c3da-418e-96c9-08c63df07d49""}]",[],[],"{""location"": [""San Francisco, CA, USA""]}",{},"{""location"": ""array_field""}",{}
https://simplify.jobs/p/957f671f-93aa-4edb-b821-fd60edbf6f0e,Staff/Principal Frontend Software Engineer,Twenty,"Arlington County, Arlington, VA, USA",192000.0,455000.0,USD,,,2026-10-01T11:00:01+00:00,2026-03-06T15:24:08+00:00,false,,onsite,full_time,senior,,,,simplify,https://simplify.jobs/p/957f671f-93aa-4edb-b821-fd60edbf6f0e,,simplify,"[{""site"": ""simplify"", ""url"": ""https://simplify.jobs/p/957f671f-93aa-4edb-b821-fd60edbf6f0e""}]",[],[],"{""location"": [""Arlington County, Arlington, VA, USA""]}",{},"{""location"": ""array_field""}",{}
https://simplify.jobs/p/cac5378d-399c-4538-8c74-29743801d7c1,Staff Frontend Engineer,fomo Labs,"New York, NY, USA",270000.0,330000.0,USD,,,2026-10-02T11:21:51+00:00,2026-09-16T22:23:08+00:00,false,,onsite,full_time,mid | senior,,,,simplify,https://simplify.jobs/p/cac5378d-399c-4538-8c74-29743801d7c1,,simplify,"[{""site"": ""simplify"", ""url"": ""https://simplify.jobs/p/cac5378d-399c-4538-8c74-29743801d7c1""}]",[],[],"{""location"": [""New York, NY, USA""]}",{},"{""location"": ""array_field""}",{}
https://simplify.jobs/p/297c02ed-91a1-4600-909c-57d2ef52522e,Senior Frontend Engineer - Angular,Aptean,"Mannheim, Germany",,,,,,2026-09-04T10:54:01+00:00,2026-08-14T04:01:16+00:00,false,,hybrid,full_time,senior,,,,simplify,https://simplify.jobs/p/297c02ed-91a1-4600-909c-57d2ef52522e,,simplify,"[{""site"": ""simplify"", ""url"": ""https://simplify.jobs/p/297c02ed-91a1-4600-909c-57d2ef52522e""}]",[],[],"{""location"": [""Mannheim, Germany""]}",{},"{""location"": ""array_field""}",{}
https://simplify.jobs/p/12f4c04d-6d17-4b49-a761-64393f0123de,Senior Frontend Engineer,1X,"San Carlos, CA, USA",175000.0,215000.0,USD,,,2026-09-04T10:06:01+00:00,2026-07-28T22:23:52+00:00,false,,onsite,full_time,senior,,,,simplify,https://simplify.jobs/p/12f4c04d-6d17-4b49-a761-64393f0123de,,simplify,"[{""site"": ""simplify"", ""url"": ""https://simplify.jobs/p/12f4c04d-6d17-4b49-a761-64393f0123de""}]",[],[],"{""location"": [""San Carlos, CA, USA""]}",{},"{""location"": ""array_field""}",{}
https://simplify.jobs/p/29ced9a2-6bd0-4768-b624-2286910148d5,Software Engineer - Frontend,Gamma,"San Francisco, CA, USA",180000.0,310000.0,USD,,,2026-09-10T08:36:01+00:00,2026-05-22T01:08:11+00:00,false,,hybrid,full_time,mid,,,,simplify,https://simplify.jobs/p/29ced9a2-6bd0-4768-b624-2286910148d5,,simplify,"[{""site"": ""simplify"", ""url"": ""https://simplify.jobs/p/29ced9a2-6bd0-4768-b624-2286910148d5""}]",[],[],"{""location"": [""San Francisco, CA, USA""]}",{},"{""location"": ""array_field""}",{}
https://simplify.jobs/p/9f7534ed-9036-4496-acab-1f1b89ec11f7,Front-end UI Developer,Jobsbridge,"Redwood City, CA, USA",,,,,,2026-09-03T17:54:20+00:00,2026-02-24T07:20:25+00:00,false,,onsite,full_time,junior | mid,,,,simplify,https://simplify.jobs/p/9f7534ed-9036-4496-acab-1f1b89ec11f7,,simplify,"[{""site"": ""simplify"", ""url"": ""https://simplify.jobs/p/9f7534ed-9036-4496-acab-1f1b89ec11f7""}]",[],[],"{""location"": [""Redwood City, CA, USA""]}",{},"{""location"": ""array_field""}",{}
https://simplify.jobs/p/d9f19f92-e2f9-4179-8039-8df4e292b369,Staff Full-Stack Frontend Engineer,Noon,"Bengaluru, Karnataka, India",,,,,,2026-09-04T01:03:21+00:00,2026-08-07T22:17:04+00:00,false,,onsite,full_time,senior,,,,simplify,https://simplify.jobs/p/d9f19f92-e2f9-4179-8039-8df4e292b369,,simplify,"[{""site"": ""simplify"", ""url"": ""https://simplify.jobs/p/d9f19f92-e2f9-4179-8039-8df4e292b369""}]",[],[],"{""location"": [""Bengaluru, Karnataka, India""]}",{},"{""location"": ""array_field""}",{}
https://simplify.jobs/p/e2f42ac2-de91-492b-aaa9-a1659e390851,Staff Engineer - Frontend Applications,Aechelon Technology,"Remote; South San Francisco, CA, USA",150000.0,200000.0,USD,,,2026-09-23T22:36:02+00:00,2026-06-08T22:05:02+00:00,false,,remote,full_time,senior,,,,simplify,https://simplify.jobs/p/e2f42ac2-de91-492b-aaa9-a1659e390851,,simplify,"[{""site"": ""simplify"", ""url"": ""https://simplify.jobs/p/e2f42ac2-de91-492b-aaa9-a1659e390851""}]",[],[],"{""location"": [""Remote; South San Francisco, CA, USA""]}",{},"{""location"": ""array_field""}",{}
https://simplify.jobs/p/27cdf920-0a65-4c27-a8dd-4372a1b772ad,Front-End Software Developer - Modeling & Simulation - HITL,CIS Secure,"Aberdeen Proving Ground, MD, USA",180000.0,200000.0,USD,,,2026-09-03T06:18:06+00:00,2026-08-28T20:46:09+00:00,false,,onsite,full_time,mid,,,,simplify,https://simplify.jobs/p/27cdf920-0a65-4c27-a8dd-4372a1b772ad,,simplify,"[{""site"": ""simplify"", ""url"": ""https://simplify.jobs/p/27cdf920-0a65-4c27-a8dd-4372a1b772ad""}]",[],[],"{""location"": [""Aberdeen Proving Ground, MD, USA""]}",{},"{""location"": ""array_field""}",{}
https://simplify.jobs/p/c9a2c5b0-384e-471a-97e8-1c6e57b343c7,Software Engineer - Frontend,SIFT,"Marina Del Rey, CA, USA",160000.0,200000.0,USD,,,2026-09-04T06:57:01+00:00,2026-08-04T22:20:15+00:00,false,,hybrid,full_time,mid,,,,simplify,https://simplify.jobs/p/c9a2c5b0-384e-471a-97e8-1c6e57b343c7,,simplify,"[{""site"": ""simplify"", ""url"": ""https://simplify.jobs/p/c9a2c5b0-384e-471a-97e8-1c6e57b343c7""}]",[],[],"{""location"": [""Marina Del Rey, CA, USA""]}",{},"{""location"": ""array_field""}",{}
https://simplify.jobs/p/3464cf1b-21e5-4d6e-b6df-4b201647237a,Senior Frontend React Engineer,Modern Family Law,"Remote; Remote in USA; Virginia, USA",130000.0,145000.0,USD,,,2026-09-30T01:24:01+00:00,2026-09-30T01:18:32+00:00,false,,remote,full_time,senior,,,,simplify,https://simplify.jobs/p/3464cf1b-21e5-4d6e-b6df-4b201647237a,,simplify,"[{""site"": ""simplify"", ""url"": ""https://simplify.jobs/p/3464cf1b-21e5-4d6e-b6df-4b201647237a""}]",[],[],"{""location"": [""Remote; Remote in USA; Virginia, USA""]}",{},"{""location"": ""array_field""}",{}
https://simplify.jobs/p/9f8e5271-45fa-408f-844b-292c1e34d579,Senior Frontend Developer - Vue.js,Mytigate,"Remote; Eschborn, Germany",,,,,,2026-09-04T12:00:01+00:00,2026-08-18T01:12:15+00:00,false,,remote,full_time,junior,,,,simplify,https://simplify.jobs/p/9f8e5271-45fa-408f-844b-292c1e34d579,,simplify,"[{""site"": ""simplify"", ""url"": ""https://simplify.jobs/p/9f8e5271-45fa-408f-844b-292c1e34d579""}]",[],[],"{""location"": [""Remote; Eschborn, Germany""]}",{},"{""location"": ""array_field""}",{}
https://simplify.jobs/p/650ac597-e122-417a-945a-a381f06fe403,Senior Engineer - Frontend React,Nagarro,"Mumbai, Maharashtra, India",,,,,,2026-09-03T17:09:30+00:00,2025-03-13T02:24:45+00:00,false,,onsite,full_time,junior | mid | senior,,,,simplify,https://simplify.jobs/p/650ac597-e122-417a-945a-a381f06fe403,,simplify,"[{""site"": ""simplify"", ""url"": ""https://simplify.jobs/p/650ac597-e122-417a-945a-a381f06fe403""}]",[],[],"{""location"": [""Mumbai, Maharashtra, India""]}",{},"{""location"": ""array_field""}",{}
https://simplify.jobs/p/91504975-fdf4-4b31-8416-180a2b0b967e,Staff Software Engineer - Frontend,SigNoz,Remote; Remote in India,,,,,,2026-09-03T17:54:20+00:00,2026-03-02T07:11:44+00:00,false,,remote,full_time,senior,,,,simplify,https://simplify.jobs/p/91504975-fdf4-4b31-8416-180a2b0b967e,,simplify,"[{""site"": ""simplify"", ""url"": ""https://simplify.jobs/p/91504975-fdf4-4b31-8416-180a2b0b967e""}]",[],[],"{""location"": [""Remote; Remote in India""]}",{},"{""location"": ""array_field""}",{}
https://simplify.jobs/p/0f807164-3e61-41fa-8769-46c073a84d8e,Angular .NET Front-End Developer,Capgemini,"New York, NY, USA",70000.0,80000.0,USD,,,2026-09-04T10:30:02+00:00,2026-08-03T06:09:16+00:00,false,,onsite,full_time,mid,,,,simplify,https://simplify.jobs/p/0f807164-3e61-41fa-8769-46c073a84d8e,,simplify,"[{""site"": ""simplify"", ""url"": ""https://simplify.jobs/p/0f807164-3e61-41fa-8769-46c073a84d8e""}]",[],[],"{""location"": [""New York, NY, USA""]}",{},"{""location"": ""array_field""}",{}
https://simplify.jobs/p/ddc4d5ab-f520-45b3-832d-83c152fca606,Software Engineer - Développeur Front-End Javascript - C# - f/h,NielsenIQ,"Cholet, France",44000.0,48000.0,EUR,,,2026-09-10T10:33:01+00:00,2026-09-07T09:14:58+00:00,false,,hybrid,full_time,,,,,simplify,https://simplify.jobs/p/ddc4d5ab-f520-45b3-832d-83c152fca606,,simplify,"[{""site"": ""simplify"", ""url"": ""https://simplify.jobs/p/ddc4d5ab-f520-45b3-832d-83c152fca606""}]",[],[],"{""location"": [""Cholet, France""]}",{},"{""location"": ""array_field""}",{}
https://simplify.jobs/p/1cd14cd5-939f-4ba1-969a-7497898837de,Software Engineer - Frontend,Muon Space,"San Jose, CA, USA",190000.0,212000.0,USD,,,2026-09-18T22:12:11+00:00,2026-07-15T22:24:20+00:00,false,,hybrid,full_time,senior,,,,simplify,https://simplify.jobs/p/1cd14cd5-939f-4ba1-969a-7497898837de,,simplify,"[{""site"": ""simplify"", ""url"": ""https://simplify.jobs/p/1cd14cd5-939f-4ba1-969a-7497898837de""}]",[],[],"{""location"": [""San Jose, CA, USA""]}",{},"{""location"": ""array_field""}",{}
https://simplify.jobs/p/6865280b-5637-40d0-afbd-49e32c98e7a3,Front-End Software Engineer,Vantor,"Herndon, VA, USA",116000.0,169400.0,USD,,,2026-10-02T10:52:22+00:00,2026-09-01T00:00:00+00:00,false,,hybrid,full_time,mid,,,,simplify,https://simplify.jobs/p/6865280b-5637-40d0-afbd-49e32c98e7a3,,simplify,"[{""site"": ""simplify"", ""url"": ""https://simplify.jobs/p/6865280b-5637-40d0-afbd-49e32c98e7a3""}]",[],[],"{""location"": [""Herndon, VA, USA""]}",{},"{""location"": ""array_field""}",{}
https://simplify.jobs/p/79fa49ea-eae9-4147-8f17-926abc59b8d9,Frontend Software Engineer,Northstrat,"San Antonio, TX, USA",,,,,,2026-09-04T01:18:24+00:00,2026-08-08T01:17:11+00:00,false,,hybrid,full_time,mid | senior,,,,simplify,https://simplify.jobs/p/79fa49ea-eae9-4147-8f17-926abc59b8d9,,simplify,"[{""site"": ""simplify"", ""url"": ""https://simplify.jobs/p/79fa49ea-eae9-4147-8f17-926abc59b8d9""}]",[],[],"{""location"": [""San Antonio, TX, USA""]}",{},"{""location"": ""array_field""}",{}
https://simplify.jobs/p/99fc33c7-9c05-4699-923a-3bb45cf75ad0,Frontend Engineer,Doss,"San Francisco, CA, USA",180000.0,210000.0,USD,,,2026-10-02T11:00:04+00:00,2025-10-31T11:27:46+00:00,false,,onsite,full_time,mid,,,,simplify,https://simplify.jobs/p/99fc33c7-9c05-4699-923a-3bb45cf75ad0,,simplify,"[{""site"": ""simplify"", ""url"": ""https://simplify.jobs/p/99fc33c7-9c05-4699-923a-3bb45cf75ad0""}]",[],[],"{""location"": [""San Francisco, CA, USA""]}",{},"{""location"": ""array_field""}",{}
https://simplify.jobs/p/e184bf83-b8ed-456e-aedd-aa560dd2e1c7,Senior Angular Frontend Developer,Sopra Steria,Germany,72000.0,100000.0,EUR,,,2026-09-04T07:36:01+00:00,2026-03-27T01:10:04+00:00,false,,hybrid,full_time,senior,,,,simplify,https://simplify.jobs/p/e184bf83-b8ed-456e-aedd-aa560dd2e1c7,,simplify,"[{""site"": ""simplify"", ""url"": ""https://simplify.jobs/p/e184bf83-b8ed-456e-aedd-aa560dd2e1c7""}]",[],[],"{""location"": [""Germany""]}",{},"{""location"": ""array_field""}",{}
https://simplify.jobs/p/12178a0d-6f1f-481a-b4f5-55d71af10eff,Front-End Developer & Site Manager - Internal Communications,Apple,"Cupertino, CA, USA",,,,,,2026-09-04T13:18:01+00:00,2026-09-03T02:24:06+00:00,false,,onsite,full_time,mid,,,,simplify,https://simplify.jobs/p/12178a0d-6f1f-481a-b4f5-55d71af10eff,,simplify,"[{""site"": ""simplify"", ""url"": ""https://simplify.jobs/p/12178a0d-6f1f-481a-b4f5-55d71af10eff""}]",[],[],"{""location"": [""Cupertino, CA, USA""]}",{},"{""location"": ""array_field""}",{}
https://simplify.jobs/p/f4910149-0f42-4a9a-b688-a95d83232193,Front-End Developer,PingWind,"McLean, VA, USA; Richmond, VA, USA; Huntsville, AL, USA",115000.0,160000.0,USD,,,2026-09-04T13:12:01+00:00,2026-09-01T04:46:41+00:00,false,,hybrid,full_time,mid,,,,simplify,https://simplify.jobs/p/f4910149-0f42-4a9a-b688-a95d83232193,,simplify,"[{""site"": ""simplify"", ""url"": ""https://simplify.jobs/p/f4910149-0f42-4a9a-b688-a95d83232193""}]",[],[],"{""location"": [""McLean, VA, USA; Richmond, VA, USA; Huntsville, AL, USA""]}",{},"{""location"": ""array_field""}",{}
https://simplify.jobs/p/0731ff73-dd1e-4160-b89a-fa2b7c981e5b,Senior Frontend Engineer,Umbrel,Remote; Remote in USA,,,,,,2026-09-04T09:42:02+00:00,2026-07-21T01:15:11+00:00,false,,remote,full_time,mid | senior,,,,simplify,https://simplify.jobs/p/0731ff73-dd1e-4160-b89a-fa2b7c981e5b,,simplify,"[{""site"": ""simplify"", ""url"": ""https://simplify.jobs/p/0731ff73-dd1e-4160-b89a-fa2b7c981e5b""}]",[],[],"{""location"": [""Remote; Remote in USA""]}",{},"{""location"": ""array_field""}",{}
https://simplify.jobs/p/5f4c3af9-c8cd-430d-9f47-61acdfd43962,Senior Frontend Engineer,Easyship,"Bengaluru, Karnataka, India",,,,,,2026-09-04T07:12:12+00:00,2026-08-31T05:05:10+00:00,false,,onsite,full_time,,,,,simplify,https://simplify.jobs/p/5f4c3af9-c8cd-430d-9f47-61acdfd43962,,simplify,"[{""site"": ""simplify"", ""url"": ""https://simplify.jobs/p/5f4c3af9-c8cd-430d-9f47-61acdfd43962""}]",[],[],"{""location"": [""Bengaluru, Karnataka, India""]}",{},"{""location"": ""array_field""}",{}
https://simplify.jobs/p/8d09e0c3-6a8a-47d1-b23b-94a8ce96f5bd,Frontend Engineer,Profound,"San Francisco, CA, USA; New York, NY, USA",140000.0,260000.0,USD,,,2026-09-14T20:39:01+00:00,2026-02-17T15:20:47+00:00,false,,onsite,full_time,mid,,,,simplify,https://simplify.jobs/p/8d09e0c3-6a8a-47d1-b23b-94a8ce96f5bd,,simplify,"[{""site"": ""simplify"", ""url"": ""https://simplify.jobs/p/8d09e0c3-6a8a-47d1-b23b-94a8ce96f5bd""}]",[],[],"{""location"": [""San Francisco, CA, USA; New York, NY, USA""]}",{},"{""location"": ""array_field""}",{}
https://simplify.jobs/p/1a573593-8a95-41d6-9801-7bf35120132d,Front-End Developer - Mid-Level,Jobs for Humanity,"Remote; New York, NY, USA",,,,,,2026-09-04T07:24:02+00:00,2026-03-19T06:20:45+00:00,false,,remote,full_time,mid,,,,simplify,https://simplify.jobs/p/1a573593-8a95-41d6-9801-7bf35120132d,,simplify,"[{""site"": ""simplify"", ""url"": ""https://simplify.jobs/p/1a573593-8a95-41d6-9801-7bf35120132d""}]",[],[],"{""location"": [""Remote; New York, NY, USA""]}",{},"{""location"": ""array_field""}",{}
https://simplify.jobs/p/61889425-9b37-4f61-90ef-7c99ae8e4832,Senior Frontend Developer - React,Photon,"Chennai, Tamil Nadu, India",,,,,,2026-09-04T10:18:01+00:00,2026-07-30T09:08:51+00:00,false,,onsite,full_time,senior,,,,simplify,https://simplify.jobs/p/61889425-9b37-4f61-90ef-7c99ae8e4832,,simplify,"[{""site"": ""simplify"", ""url"": ""https://simplify.jobs/p/61889425-9b37-4f61-90ef-7c99ae8e4832""}]",[],[],"{""location"": [""Chennai, Tamil Nadu, India""]}",{},"{""location"": ""array_field""}",{}
https://simplify.jobs/p/af6e5a8b-6316-46a7-b0e5-70c6a6d67008,Senior Frontend Engineer - React,Contra,"Remote; San Francisco, CA, USA",,,,,,2026-09-04T01:57:21+00:00,2026-08-12T01:15:17+00:00,false,,remote,full_time,senior,,,,simplify,https://simplify.jobs/p/af6e5a8b-6316-46a7-b0e5-70c6a6d67008,,simplify,"[{""site"": ""simplify"", ""url"": ""https://simplify.jobs/p/af6e5a8b-6316-46a7-b0e5-70c6a6d67008""}]",[],[],"{""location"": [""Remote; San Francisco, CA, USA""]}",{},"{""location"": ""array_field""}",{}
https://simplify.jobs/p/fc5884fa-f71b-49d0-87fd-34e95d6e9e7c,Frontend Software Engineer,GRVTY,"Columbia, MD, USA",100163.0,152103.0,USD,,,2026-09-08T22:27:26+00:00,2026-09-08T22:17:27+00:00,false,,hybrid,full_time,senior,,,,simplify,https://simplify.jobs/p/fc5884fa-f71b-49d0-87fd-34e95d6e9e7c,,simplify,"[{""site"": ""simplify"", ""url"": ""https://simplify.jobs/p/fc5884fa-f71b-49d0-87fd-34e95d6e9e7c""}]",[],[],"{""location"": [""Columbia, MD, USA""]}",{},"{""location"": ""array_field""}",{}
https://simplify.jobs/p/3a9e42ed-be7d-4a71-ba74-b8ae86458b01,Associate Staff Engineer - Frontend React,Nagarro,"Mumbai, Maharashtra, India",,,,,,2026-09-03T17:09:30+00:00,2025-03-13T02:25:02+00:00,false,,onsite,full_time,senior,,,,simplify,https://simplify.jobs/p/3a9e42ed-be7d-4a71-ba74-b8ae86458b01,,simplify,"[{""site"": ""simplify"", ""url"": ""https://simplify.jobs/p/3a9e42ed-be7d-4a71-ba74-b8ae86458b01""}]",[],[],"{""location"": [""Mumbai, Maharashtra, India""]}",{},"{""location"": ""array_field""}",{}
https://simplify.jobs/p/c17f58b7-4108-49ec-b706-f5d0ccf39fba,Senior Frontend Developer - Frontend Platform,Arctic Wolf,"Bengaluru, Karnataka, India",,,,,,2026-10-02T11:12:10+00:00,2026-08-12T09:12:58+00:00,false,,onsite,full_time,senior,,,,simplify,https://simplify.jobs/p/c17f58b7-4108-49ec-b706-f5d0ccf39fba,,simplify,"[{""site"": ""simplify"", ""url"": ""https://simplify.jobs/p/c17f58b7-4108-49ec-b706-f5d0ccf39fba""}]",[],[],"{""location"": [""Bengaluru, Karnataka, India""]}",{},"{""location"": ""array_field""}",{}
https://simplify.jobs/p/4d4d5c63-0631-44d4-85d7-a4d522bff875,Vice President JavaScript Front-End Engineer - JavaScript Front-End Engineer,BNY,"Pittsburgh, PA, USA; Lake Mary, FL, USA",83000.0,150000.0,USD,,,2026-09-04T08:03:01+00:00,2026-06-03T22:09:56+00:00,false,,onsite,full_time,senior,,,,simplify,https://simplify.jobs/p/4d4d5c63-0631-44d4-85d7-a4d522bff875,,simplify,"[{""site"": ""simplify"", ""url"": ""https://simplify.jobs/p/4d4d5c63-0631-44d4-85d7-a4d522bff875""}]",[],[],"{""location"": [""Pittsburgh, PA, USA; Lake Mary, FL, USA""]}",{},"{""location"": ""array_field""}",{}
https://simplify.jobs/p/e1d4bf94-8b2d-48c3-bbd3-df1d637c838b,Software Engineer - Frontend Developer,HARMAN International,"Bengaluru, Karnataka, India",,,,,,2026-09-04T06:57:01+00:00,2026-07-04T10:52:36+00:00,false,,onsite,full_time,mid,,,,simplify,https://simplify.jobs/p/e1d4bf94-8b2d-48c3-bbd3-df1d637c838b,,simplify,"[{""site"": ""simplify"", ""url"": ""https://simplify.jobs/p/e1d4bf94-8b2d-48c3-bbd3-df1d637c838b""}]",[],[],"{""location"": [""Bengaluru, Karnataka, India""]}",{},"{""location"": ""array_field""}",{}
https://simplify.jobs/p/c49697d2-1b67-4cf2-83ed-be93c19a46d2,Frontend Software Engineer,Jobsbridge,"Mountain View, CA, USA",,,,,,2026-09-03T17:54:20+00:00,2026-02-24T07:19:11+00:00,false,,onsite,full_time,senior,,,,simplify,https://simplify.jobs/p/c49697d2-1b67-4cf2-83ed-be93c19a46d2,,simplify,"[{""site"": ""simplify"", ""url"": ""https://simplify.jobs/p/c49697d2-1b67-4cf2-83ed-be93c19a46d2""}]",[],[],"{""location"": [""Mountain View, CA, USA""]}",{},"{""location"": ""array_field""}",{}
https://simplify.jobs/p/5edfc429-1213-4d45-8a9f-b3224411b2e0,Senior Frontend Engineer,Version 1,"Belfast, UK",,,,,,2026-09-04T02:15:20+00:00,2026-08-13T06:04:37+00:00,false,,onsite,full_time,senior,,,,simplify,https://simplify.jobs/p/5edfc429-1213-4d45-8a9f-b3224411b2e0,,simplify,"[{""site"": ""simplify"", ""url"": ""https://simplify.jobs/p/5edfc429-1213-4d45-8a9f-b3224411b2e0""}]",[],[],"{""location"": [""Belfast, UK""]}",{},"{""location"": ""array_field""}",{}
https://simplify.jobs/p/da36f016-0977-4059-8502-243b916506c6,Frontend Engineer - Angular,Photon,"Dallas, TX, USA",38000.0,135000.0,USD,,,2026-02-03T10:24:09+00:00,2026-02-03T10:24:09+00:00,false,,onsite,full_time,,,,,simplify,https://simplify.jobs/p/da36f016-0977-4059-8502-243b916506c6,,simplify,"[{""site"": ""simplify"", ""url"": ""https://simplify.jobs/p/da36f016-0977-4059-8502-243b916506c6""}]",[],[],"{""location"": [""Dallas, TX, USA""]}",{},"{""location"": ""array_field""}",{}
https://simplify.jobs/p/cf54417b-0a0b-4514-aab2-2a242c42aa29,Senior Frontend Engineer,Kikoff,"San Francisco, CA, USA",244000.0,292000.0,USD,,,2026-09-14T17:12:01+00:00,2026-09-11T22:21:39+00:00,false,,onsite,full_time,senior,,,,simplify,https://simplify.jobs/p/cf54417b-0a0b-4514-aab2-2a242c42aa29,,simplify,"[{""site"": ""simplify"", ""url"": ""https://simplify.jobs/p/cf54417b-0a0b-4514-aab2-2a242c42aa29""}]",[],[],"{""location"": [""San Francisco, CA, USA""]}",{},"{""location"": ""array_field""}",{}
https://simplify.jobs/p/5b8f715b-b339-4745-82f1-25e59bbfdba2,Senior Software Engineer - Frontend,Brex,"San Francisco, CA, USA",192000.0,240000.0,USD,,,2026-09-16T22:45:02+00:00,2026-09-16T22:30:15+00:00,false,,hybrid,full_time,mid | senior,,,,simplify,https://simplify.jobs/p/5b8f715b-b339-4745-82f1-25e59bbfdba2,,simplify,"[{""site"": ""simplify"", ""url"": ""https://simplify.jobs/p/5b8f715b-b339-4745-82f1-25e59bbfdba2""}]",[],[],"{""location"": [""San Francisco, CA, USA""]}",{},"{""location"": ""array_field""}",{}
https://simplify.jobs/p/a71b0352-cfc5-4b40-9fd5-ab3d1ce61d67,Staff Frontend Software Engineer - UI,Ontic,"Pune, Maharashtra, India; Noida, Uttar Pradesh, India",,,,,,2026-10-01T11:06:20+00:00,2026-06-29T22:09:07+00:00,false,,onsite,full_time,senior,,,,simplify,https://simplify.jobs/p/a71b0352-cfc5-4b40-9fd5-ab3d1ce61d67,,simplify,"[{""site"": ""simplify"", ""url"": ""https://simplify.jobs/p/a71b0352-cfc5-4b40-9fd5-ab3d1ce61d67""}]",[],[],"{""location"": [""Pune, Maharashtra, India; Noida, Uttar Pradesh, India""]}",{},"{""location"": ""array_field""}",{}
https://simplify.jobs/p/2adfd2c7-f2f8-45d7-ae99-cc5d201356f2,Frontend Software Engineer 2,Netomi,"Remote; Toronto, ON, Canada",,,,,,2026-09-21T14:28:48+00:00,2026-09-21T14:21:50+00:00,false,,remote,full_time,mid | senior,,,,simplify,https://simplify.jobs/p/2adfd2c7-f2f8-45d7-ae99-cc5d201356f2,,simplify,"[{""site"": ""simplify"", ""url"": ""https://simplify.jobs/p/2adfd2c7-f2f8-45d7-ae99-cc5d201356f2""}]",[],[],"{""location"": [""Remote; Toronto, ON, Canada""]}",{},"{""location"": ""array_field""}",{}
https://simplify.jobs/p/bd684687-d1d5-46d2-983e-ae3bf9458044,Lead Frontend Engineer,Zyphra,"San Francisco, CA, USA",,,,,,2026-09-04T06:57:01+00:00,2025-07-26T14:31:35+00:00,false,,onsite,full_time,mid,,,,simplify,https://simplify.jobs/p/bd684687-d1d5-46d2-983e-ae3bf9458044,,simplify,"[{""site"": ""simplify"", ""url"": ""https://simplify.jobs/p/bd684687-d1d5-46d2-983e-ae3bf9458044""}]",[],[],"{""location"": [""San Francisco, CA, USA""]}",{},"{""location"": ""array_field""}",{}
https://simplify.jobs/p/bde04880-e9b4-40c9-9e8d-0806233e74df,Senior React Front-End Developer,Valtech,"Paris, France",,,,,,2026-09-11T11:03:12+00:00,2026-09-08T14:12:08+00:00,false,,hybrid,full_time,senior,,,,simplify,https://simplify.jobs/p/bde04880-e9b4-40c9-9e8d-0806233e74df,,simplify,"[{""site"": ""simplify"", ""url"": ""https://simplify.jobs/p/bde04880-e9b4-40c9-9e8d-0806233e74df""}]",[],[],"{""location"": [""Paris, France""]}",{},"{""location"": ""array_field""}",{}
https://simplify.jobs/p/a168fc93-8a41-415d-b3c1-fdc64e07d7fa,Senior Frontend Developer - React,Phoenix Digital Health,"Toronto, ON, Canada",125000.0,150000.0,CAD,,,2026-09-25T09:57:02+00:00,2026-08-27T23:35:46+00:00,false,,onsite,full_time,senior,,,,simplify,https://simplify.jobs/p/a168fc93-8a41-415d-b3c1-fdc64e07d7fa,,simplify,"[{""site"": ""simplify"", ""url"": ""https://simplify.jobs/p/a168fc93-8a41-415d-b3c1-fdc64e07d7fa""}]",[],[],"{""location"": [""Toronto, ON, Canada""]}",{},"{""location"": ""array_field""}",{}
https://simplify.jobs/p/ca857ddb-c89b-4da3-a05a-757739b4dd1d,Frontend Enterprise Web Application Developer,CIeNET International,"Markham, ON, Canada",,,,,,2026-09-03T14:06:30+00:00,2026-08-18T22:55:02+00:00,false,,onsite,full_time,mid | senior,,,,simplify,https://simplify.jobs/p/ca857ddb-c89b-4da3-a05a-757739b4dd1d,,simplify,"[{""site"": ""simplify"", ""url"": ""https://simplify.jobs/p/ca857ddb-c89b-4da3-a05a-757739b4dd1d""}]",[],[],"{""location"": [""Markham, ON, Canada""]}",{},"{""location"": ""array_field""}",{}
https://simplify.jobs/p/1f0839f2-8177-46cf-9ad2-22f169e594af,Senior Software Engineer - Frontend,Scout Motors,"Fremont, CA, USA",154000.0,187000.0,USD,,,2026-09-25T22:45:04+00:00,2026-09-10T22:37:11+00:00,false,,hybrid,full_time,senior,,,,simplify,https://simplify.jobs/p/1f0839f2-8177-46cf-9ad2-22f169e594af | https://simplify.jobs/p/27b87594-d31e-4759-ac61-4c515bf7ef2d,,simplify,"[{""site"": ""simplify"", ""url"": ""https://simplify.jobs/p/1f0839f2-8177-46cf-9ad2-22f169e594af""}, {""site"": ""simplify"", ""url"": ""https://simplify.jobs/p/27b87594-d31e-4759-ac61-4c515bf7ef2d""}]",[],[],"{""location"": [""Fremont, CA, USA""]}",{},"{""location"": ""array_field""}",{}
https://simplify.jobs/p/1f328815-96bb-432c-8058-d84e4591d9f7,Front-End Developer/Power Platform Developer,LMI,"Washington, DC, USA; Tysons, VA, USA",85000.0,105000.0,USD,,,2026-10-01T22:24:20+00:00,2026-10-01T22:18:49+00:00,false,,hybrid,full_time,mid,,,,simplify,https://simplify.jobs/p/1f328815-96bb-432c-8058-d84e4591d9f7,,simplify,"[{""site"": ""simplify"", ""url"": ""https://simplify.jobs/p/1f328815-96bb-432c-8058-d84e4591d9f7""}]",[],[],"{""location"": [""Washington, DC, USA; Tysons, VA, USA""]}",{},"{""location"": ""array_field""}",{}
https://simplify.jobs/p/f9f6c0a5-4292-4e7e-a65c-e2310895d099,Senior Frontend Engineer,Rush Street Interactive,Remote; Remote in Canada,103000.0,155000.0,CAD,,,2026-09-04T07:36:01+00:00,2026-04-10T22:13:43+00:00,false,,remote,full_time,senior,,,,simplify,https://simplify.jobs/p/f9f6c0a5-4292-4e7e-a65c-e2310895d099,,simplify,"[{""site"": ""simplify"", ""url"": ""https://simplify.jobs/p/f9f6c0a5-4292-4e7e-a65c-e2310895d099""}]",[],[],"{""location"": [""Remote; Remote in Canada""]}",{},"{""location"": ""array_field""}",{}
https://simplify.jobs/p/fa8122bc-0695-4e23-8987-a4043e8e77e0,E-EFMP Front-End Developer,DecisionPoint,Remote; Remote in USA,,,,,,2026-09-04T10:54:01+00:00,2026-08-14T03:59:41+00:00,false,,remote,full_time,senior,,,,simplify,https://simplify.jobs/p/fa8122bc-0695-4e23-8987-a4043e8e77e0,,simplify,"[{""site"": ""simplify"", ""url"": ""https://simplify.jobs/p/fa8122bc-0695-4e23-8987-a4043e8e77e0""}]",[],[],"{""location"": [""Remote; Remote in USA""]}",{},"{""location"": ""array_field""}",{}
https://simplify.jobs/p/88161c10-9256-4ffe-b305-5476f26b71a6,Software Engineering Frontend,Avelios Medical,"Munich, Germany",,,,,,2026-09-03T19:51:22+00:00,2026-07-21T01:14:46+00:00,true,,onsite,internship,intern,,,,simplify,https://simplify.jobs/p/88161c10-9256-4ffe-b305-5476f26b71a6,,simplify,"[{""site"": ""simplify"", ""url"": ""https://simplify.jobs/p/88161c10-9256-4ffe-b305-5476f26b71a6""}]",[],[],"{""location"": [""Munich, Germany""]}",{},"{""location"": ""array_field""}",{}
https://simplify.jobs/p/5e79324a-65cf-4644-9664-3924e8019952,Software Engineer - Frontend,Thread AI,"New York, NY, USA",145000.0,220000.0,USD,,,2026-09-03T17:09:30+00:00,2025-07-26T13:47:19+00:00,false,,onsite,full_time,mid,,,,simplify,https://simplify.jobs/p/5e79324a-65cf-4644-9664-3924e8019952,,simplify,"[{""site"": ""simplify"", ""url"": ""https://simplify.jobs/p/5e79324a-65cf-4644-9664-3924e8019952""}]",[],[],"{""location"": [""New York, NY, USA""]}",{},"{""location"": ""array_field""}",{}
https://simplify.jobs/p/a0f8b9ad-ee97-4aa8-9c31-6f8cf657d3e2,Staff Software Engineer - Frontend,Ro,"New York, NY, USA",211700.0,292000.0,USD,,,2026-09-03T18:48:22+00:00,2026-06-09T22:06:05+00:00,false,,hybrid,full_time,senior,,,,simplify,https://simplify.jobs/p/a0f8b9ad-ee97-4aa8-9c31-6f8cf657d3e2,,simplify,"[{""site"": ""simplify"", ""url"": ""https://simplify.jobs/p/a0f8b9ad-ee97-4aa8-9c31-6f8cf657d3e2""}]",[],[],"{""location"": [""New York, NY, USA""]}",{},"{""location"": ""array_field""}",{}
https://simplify.jobs/p/2c1678b2-becf-4001-99bb-f9438e2dd20f,Frontend Engineer - Architect,Tempo,"San Francisco, CA, USA; Remote in USA",,,,,,2026-09-03T19:51:22+00:00,2026-07-21T01:15:13+00:00,false,,hybrid,full_time,senior,,,,simplify,https://simplify.jobs/p/2c1678b2-becf-4001-99bb-f9438e2dd20f,,simplify,"[{""site"": ""simplify"", ""url"": ""https://simplify.jobs/p/2c1678b2-becf-4001-99bb-f9438e2dd20f""}]",[],[],"{""location"": [""San Francisco, CA, USA; Remote in USA""]}",{},"{""location"": ""array_field""}",{}
https://simplify.jobs/p/dc065c26-af3a-4888-ac5e-bcd68b757f45,Frontend Engineer - Ads Campaign Manager,Reddit,Remote; Remote in USA,164200.0,229900.0,USD,,,2026-09-29T22:27:05+00:00,2026-09-29T22:19:31+00:00,false,,remote,full_time,mid,,,,simplify,https://simplify.jobs/p/dc065c26-af3a-4888-ac5e-bcd68b757f45,,simplify,"[{""site"": ""simplify"", ""url"": ""https://simplify.jobs/p/dc065c26-af3a-4888-ac5e-bcd68b757f45""}]",[],[],"{""location"": [""Remote; Remote in USA""]}",{},"{""location"": ""array_field""}",{}
https://simplify.jobs/p/e1f191fa-bf1a-4daf-967f-d0ecf0c54673,Senior Staff Engineer - Frontend React,Nagarro,"Mumbai, Maharashtra, India",,,,,,2026-09-03T17:09:30+00:00,2025-03-13T02:24:35+00:00,false,,onsite,full_time,senior,,,,simplify,https://simplify.jobs/p/e1f191fa-bf1a-4daf-967f-d0ecf0c54673,,simplify,"[{""site"": ""simplify"", ""url"": ""https://simplify.jobs/p/e1f191fa-bf1a-4daf-967f-d0ecf0c54673""}]",[],[],"{""location"": [""Mumbai, Maharashtra, India""]}",{},"{""location"": ""array_field""}",{}
https://simplify.jobs/p/bef6cd4a-5f73-4a94-af42-88b1343ada05,Software Engineer 2 - Frontend,Greenlight,"Remote; Atlanta, GA, USA",140000.0,170000.0,USD,,,2026-09-03T11:19:20+00:00,2026-08-03T22:13:17+00:00,false,,remote,full_time,mid,,,,simplify,https://simplify.jobs/p/bef6cd4a-5f73-4a94-af42-88b1343ada05,,simplify,"[{""site"": ""simplify"", ""url"": ""https://simplify.jobs/p/bef6cd4a-5f73-4a94-af42-88b1343ada05""}]",[],[],"{""location"": [""Remote; Atlanta, GA, USA""]}",{},"{""location"": ""array_field""}",{}
https://simplify.jobs/p/f4a668ee-222c-4667-9441-f00a39dc606a,Front-End Web Developer,Jobsbridge,"San Diego, CA, USA",,,,,,2026-09-04T07:24:02+00:00,2026-02-24T07:20:42+00:00,false,,onsite,full_time,mid,,,,simplify,https://simplify.jobs/p/f4a668ee-222c-4667-9441-f00a39dc606a,,simplify,"[{""site"": ""simplify"", ""url"": ""https://simplify.jobs/p/f4a668ee-222c-4667-9441-f00a39dc606a""}]",[],[],"{""location"": [""San Diego, CA, USA""]}",{},"{""location"": ""array_field""}",{}
https://simplify.jobs/p/5da44715-5f22-48b6-b290-13bc49339f43,Front-End Web Developer,EyeTell,"San Mateo, CA, USA",,,,,,2026-09-04T09:42:02+00:00,2026-07-21T01:15:10+00:00,false,,onsite,full_time,senior,,,,simplify,https://simplify.jobs/p/5da44715-5f22-48b6-b290-13bc49339f43,,simplify,"[{""site"": ""simplify"", ""url"": ""https://simplify.jobs/p/5da44715-5f22-48b6-b290-13bc49339f43""}]",[],[],"{""location"": [""San Mateo, CA, USA""]}",{},"{""location"": ""array_field""}",{}
https://simplify.jobs/p/91ae82d0-96ee-4ffc-9a12-f55114f170c2,Frontend Engineer,yeet,"Chicago, IL, USA",,,,,,2026-09-04T07:24:02+00:00,2026-03-06T15:22:31+00:00,false,,onsite,full_time,mid,,,,simplify,https://simplify.jobs/p/91ae82d0-96ee-4ffc-9a12-f55114f170c2,,simplify,"[{""site"": ""simplify"", ""url"": ""https://simplify.jobs/p/91ae82d0-96ee-4ffc-9a12-f55114f170c2""}]",[],[],"{""location"": [""Chicago, IL, USA""]}",{},"{""location"": ""array_field""}",{}
https://simplify.jobs/p/322a27c3-a56f-4371-8ddc-731c0175eebd,Senior Software Engineer - Frontend,McGraw Hill,United States,110000.0,160000.0,USD,,,2026-09-23T22:32:59+00:00,2026-09-23T22:12:30+00:00,false,,onsite,full_time,senior,,,,simplify,https://simplify.jobs/p/322a27c3-a56f-4371-8ddc-731c0175eebd,,simplify,"[{""site"": ""simplify"", ""url"": ""https://simplify.jobs/p/322a27c3-a56f-4371-8ddc-731c0175eebd""}]",[],[],"{""location"": [""United States""]}",{},"{""location"": ""array_field""}",{}
https://simplify.jobs/p/040e5e95-3e10-4d7a-92b5-68f4683edf88,Principal Frontend Software Engineer - Discovery UX,Roblox,"San Mateo, CA, USA",295250.0,345040.0,USD,,,2026-09-04T03:12:21+00:00,2026-08-05T01:25:50+00:00,false,,hybrid,full_time,senior,,,,simplify,https://simplify.jobs/p/040e5e95-3e10-4d7a-92b5-68f4683edf88,,simplify,"[{""site"": ""simplify"", ""url"": ""https://simplify.jobs/p/040e5e95-3e10-4d7a-92b5-68f4683edf88""}]",[],[],"{""location"": [""San Mateo, CA, USA""]}",{},"{""location"": ""array_field""}",{}
https://simplify.jobs/p/3fcafb76-a30f-4d16-b633-641056963a1a,Senior Frontend Engineer,8returns,"Berlin, Germany",,,,,,2026-09-04T09:30:01+00:00,2026-07-15T09:09:40+00:00,false,,hybrid,full_time,junior | mid,,,,simplify,https://simplify.jobs/p/3fcafb76-a30f-4d16-b633-641056963a1a,,simplify,"[{""site"": ""simplify"", ""url"": ""https://simplify.jobs/p/3fcafb76-a30f-4d16-b633-641056963a1a""}]",[],[],"{""location"": [""Berlin, Germany""]}",{},"{""location"": ""array_field""}",{}
https://simplify.jobs/p/9941c09a-dbe3-4f34-90ab-e9a766900e50,Senior Frontend Developer,Accenture,"Jena, Germany; Kronberg, Germany; Essen, Germany; Siegburg, Germany; Düsseldorf, Germany; Hamburg, Germany; Hof, Germany; Dresden, Germany; Stuttgart, Germany; Berlin, Germany; Munich, Germany; Mannheim, Germany",,,,,,2026-09-03T07:18:06+00:00,2026-08-27T00:00:00+00:00,false,,hybrid,full_time,senior,,,,simplify,https://simplify.jobs/p/9941c09a-dbe3-4f34-90ab-e9a766900e50,,simplify,"[{""site"": ""simplify"", ""url"": ""https://simplify.jobs/p/9941c09a-dbe3-4f34-90ab-e9a766900e50""}]",[],[],"{""location"": [""Jena, Germany; Kronberg, Germany; Essen, Germany; Siegburg, Germany; Düsseldorf, Germany; Hamburg, Germany; Hof, Germany; Dresden, Germany; Stuttgart, Germany; Berlin, Germany; Munich, Germany; Mannheim, Germany""]}",{},"{""location"": ""array_field""}",{}
https://simplify.jobs/p/5c707e2a-ff71-4565-9f52-5626d40f2836,Senior Frontend Web Developer,Tech Tammina,"Edison, NJ, USA",100000.0,135000.0,USD,,,2026-09-04T07:24:02+00:00,2026-02-27T02:23:06+00:00,false,,onsite,full_time,mid | senior,,,,simplify,https://simplify.jobs/p/5c707e2a-ff71-4565-9f52-5626d40f2836,,simplify,"[{""site"": ""simplify"", ""url"": ""https://simplify.jobs/p/5c707e2a-ff71-4565-9f52-5626d40f2836""}]",[],[],"{""location"": [""Edison, NJ, USA""]}",{},"{""location"": ""array_field""}",{}
https://simplify.jobs/p/52562b4c-a215-4989-8d2c-ad62834e5171,Senior Software Engineer: Front-End,LogicGate,"Remote in USA; Chicago, IL, USA; Bellevue, WA, USA",120000.0,160000.0,USD,,,2026-09-29T22:27:05+00:00,2026-08-31T23:51:40+00:00,false,,onsite,full_time,senior,,,,simplify,https://simplify.jobs/p/52562b4c-a215-4989-8d2c-ad62834e5171,,simplify,"[{""site"": ""simplify"", ""url"": ""https://simplify.jobs/p/52562b4c-a215-4989-8d2c-ad62834e5171""}]",[],[],"{""location"": [""Remote in USA; Chicago, IL, USA; Bellevue, WA, USA""]}",{},"{""location"": ""array_field""}",{}
https://simplify.jobs/p/1d5d9bbd-ff22-46a4-a05a-757e716c595a,Frontend Software Engineer Intern - Frontend,CloudSEK,"Bengaluru, Karnataka, India",,,,,,2026-09-21T09:29:08+00:00,2026-09-21T09:24:29+00:00,true,,hybrid,internship,intern,,,,simplify,https://simplify.jobs/p/1d5d9bbd-ff22-46a4-a05a-757e716c595a,,simplify,"[{""site"": ""simplify"", ""url"": ""https://simplify.jobs/p/1d5d9bbd-ff22-46a4-a05a-757e716c595a""}]",[],[],"{""location"": [""Bengaluru, Karnataka, India""]}",{},"{""location"": ""array_field""}",{}
https://simplify.jobs/p/e9a8cb13-1fad-4d6d-bdf9-267485035bb8,Senior Front-End Developer - Web Experimentation,Jobber,"Toronto, ON, Canada; Kitchener-Waterloo, Waterloo Regional Municipality, ON, Canada; Edmonton, AB, Canada; Vancouver, BC, Canada",121000.0,163600.0,CAD,,,2026-09-18T22:33:01+00:00,2026-09-18T22:21:24+00:00,false,,hybrid,full_time,senior,,,,simplify,https://simplify.jobs/p/e9a8cb13-1fad-4d6d-bdf9-267485035bb8,,simplify,"[{""site"": ""simplify"", ""url"": ""https://simplify.jobs/p/e9a8cb13-1fad-4d6d-bdf9-267485035bb8""}]",[],[],"{""location"": [""Toronto, ON, Canada; Kitchener-Waterloo, Waterloo Regional Municipality, ON, Canada; Edmonton, AB, Canada; Vancouver, BC, Canada""]}",{},"{""location"": ""array_field""}",{}
https://simplify.jobs/p/38985190-6325-40a2-9a7b-b726c93df23b,Frontend Developer,Atria Group,"Dallas, TX, USA",,,,,,2026-09-04T07:24:02+00:00,2026-02-19T07:12:21+00:00,false,,onsite,full_time,mid,,,,simplify,https://simplify.jobs/p/38985190-6325-40a2-9a7b-b726c93df23b | https://simplify.jobs/p/d3ae134d-99a5-4deb-8c04-4de38acc48bc,,simplify,"[{""site"": ""simplify"", ""url"": ""https://simplify.jobs/p/38985190-6325-40a2-9a7b-b726c93df23b""}, {""site"": ""simplify"", ""url"": ""https://simplify.jobs/p/d3ae134d-99a5-4deb-8c04-4de38acc48bc""}]",[],[],"{""location"": [""Dallas, TX, USA""]}",{},"{""location"": ""array_field""}",{}
https://simplify.jobs/p/1f710b2c-2dbb-4764-abf7-789df4b1e2f3,Frontend Software Engineer-Information System,ByteDance,Dubai - United Arab Emirates,,,,,,2025-07-03T09:46:51+00:00,2025-03-13T02:46:43+00:00,false,,onsite,full_time,junior | mid,,,,simplify,https://simplify.jobs/p/1f710b2c-2dbb-4764-abf7-789df4b1e2f3,,simplify,"[{""site"": ""simplify"", ""url"": ""https://simplify.jobs/p/1f710b2c-2dbb-4764-abf7-789df4b1e2f3""}]",[],[],"{""location"": [""Dubai - United Arab Emirates""]}",{},"{""location"": ""array_field""}",{}
https://simplify.jobs/p/9008ca89-6aef-45cc-bde0-87e978c0621c,Software Engineer 3 - Frontend,Tomo Credit,"San Francisco, CA, USA",,,,,,2026-09-03T21:45:21+00:00,2026-08-03T06:20:58+00:00,false,,onsite,full_time,mid,,,,simplify,https://simplify.jobs/p/9008ca89-6aef-45cc-bde0-87e978c0621c,,simplify,"[{""site"": ""simplify"", ""url"": ""https://simplify.jobs/p/9008ca89-6aef-45cc-bde0-87e978c0621c""}]",[],[],"{""location"": [""San Francisco, CA, USA""]}",{},"{""location"": ""array_field""}",{}
https://simplify.jobs/p/16585364-d2ee-4485-b1f5-5ae7d395de57,Software Engineer - Frontend,Globus Medical,"Audubon, PA, USA",,,,,,2026-09-03T18:21:22+00:00,2026-06-13T09:41:58+00:00,false,,onsite,full_time,mid,,,,simplify,https://simplify.jobs/p/16585364-d2ee-4485-b1f5-5ae7d395de57,,simplify,"[{""site"": ""simplify"", ""url"": ""https://simplify.jobs/p/16585364-d2ee-4485-b1f5-5ae7d395de57""}]",[],[],"{""location"": [""Audubon, PA, USA""]}",{},"{""location"": ""array_field""}",{}
https://simplify.jobs/p/2daeb455-d65c-4e28-a4ed-5cdfc184f9d1,Staff Frontend Software Engineer - AI Product: Observe by Snowflake,Snowflake,"Menlo Park, CA, USA",236000.0,339200.0,USD,,,2026-09-03T07:51:07+00:00,2026-08-26T22:31:46+00:00,false,,onsite,full_time,senior,,,,simplify,https://simplify.jobs/p/2daeb455-d65c-4e28-a4ed-5cdfc184f9d1,,simplify,"[{""site"": ""simplify"", ""url"": ""https://simplify.jobs/p/2daeb455-d65c-4e28-a4ed-5cdfc184f9d1""}]",[],[],"{""location"": [""Menlo Park, CA, USA""]}",{},"{""location"": ""array_field""}",{}
https://simplify.jobs/p/f5fc1ab0-3fe0-405f-9c8e-74a43e571002,Staff Frontend Engineer,Assured,Remote; Remote in USA,210000.0,270000.0,USD,,,2026-09-29T17:30:01+00:00,2026-05-13T22:09:32+00:00,false,,remote,full_time,senior,,,,simplify,https://simplify.jobs/p/f5fc1ab0-3fe0-405f-9c8e-74a43e571002,,simplify,"[{""site"": ""simplify"", ""url"": ""https://simplify.jobs/p/f5fc1ab0-3fe0-405f-9c8e-74a43e571002""}]",[],[],"{""location"": [""Remote; Remote in USA""]}",{},"{""location"": ""array_field""}",{}
https://simplify.jobs/p/cfef7945-b727-401d-b375-6f6ea0c825a8,Front-End Platform Developer,Geneva Trading,"Chicago, IL, USA",120000.0,180000.0,USD,,,2026-09-04T07:36:01+00:00,2026-07-28T22:16:43+00:00,false,,onsite,full_time,mid,,,,simplify,https://simplify.jobs/p/cfef7945-b727-401d-b375-6f6ea0c825a8,,simplify,"[{""site"": ""simplify"", ""url"": ""https://simplify.jobs/p/cfef7945-b727-401d-b375-6f6ea0c825a8""}]",[],[],"{""location"": [""Chicago, IL, USA""]}",{},"{""location"": ""array_field""}",{}
https://simplify.jobs/p/21b95fb5-d489-4032-af81-46650b0e2764,Frontend Engineer – New Grad,D3,"Los Angeles, CA, USA",,,,,,2025-12-11T23:28:29+00:00,2025-12-11T23:28:29+00:00,false,,hybrid,full_time,,,,,simplify,https://simplify.jobs/p/21b95fb5-d489-4032-af81-46650b0e2764,,simplify,"[{""site"": ""simplify"", ""url"": ""https://simplify.jobs/p/21b95fb5-d489-4032-af81-46650b0e2764""}]",[],[],"{""location"": [""Los Angeles, CA, USA""]}",{},"{""location"": ""array_field""}",{}
https://simplify.jobs/p/3d281d84-d1b4-4e23-a73d-cdf50c233e5e,Software Engineer - Frontend Trading Application - C#/.NET,Virtu Financial,"New York, NY, USA",130000.0,180000.0,USD,,,2026-09-04T06:57:01+00:00,2026-08-17T22:36:46+00:00,false,,onsite,full_time,junior | mid,,,,simplify,https://simplify.jobs/p/3d281d84-d1b4-4e23-a73d-cdf50c233e5e,,simplify,"[{""site"": ""simplify"", ""url"": ""https://simplify.jobs/p/3d281d84-d1b4-4e23-a73d-cdf50c233e5e""}]",[],[],"{""location"": [""New York, NY, USA""]}",{},"{""location"": ""array_field""}",{}
https://simplify.jobs/p/46c6f281-ec0f-4546-949f-731dea759796,Frontend Platform Engineer,Harvey,"San Francisco, CA, USA",193400.0,290000.0,USD,,,2026-09-03T21:00:35+00:00,2026-07-31T22:22:49+00:00,false,,hybrid,full_time,mid,,,,simplify,https://simplify.jobs/p/46c6f281-ec0f-4546-949f-731dea759796,,simplify,"[{""site"": ""simplify"", ""url"": ""https://simplify.jobs/p/46c6f281-ec0f-4546-949f-731dea759796""}]",[],[],"{""location"": [""San Francisco, CA, USA""]}",{},"{""location"": ""array_field""}",{}
https://simplify.jobs/p/cd082daf-2c5b-4f93-acb2-400b1cd57326,Senior Frontend Software Engineer,Left Field Labs,Remote; Remote in USA; Remote in Canada,60.0,100.0,USD,,,2026-09-22T22:32:21+00:00,2026-09-22T22:12:52+00:00,false,,remote,contract,senior,,,,simplify,https://simplify.jobs/p/cd082daf-2c5b-4f93-acb2-400b1cd57326,,simplify,"[{""site"": ""simplify"", ""url"": ""https://simplify.jobs/p/cd082daf-2c5b-4f93-acb2-400b1cd57326""}]",[],[],"{""location"": [""Remote; Remote in USA; Remote in Canada""]}",{},"{""location"": ""array_field""}",{}
https://simplify.jobs/p/e129f850-988e-4c32-b61b-ebc7b58a08ee,Senior Frontend Engineer - AI Observability & Evals Platform,LangChain,"Boston, MA, USA; San Francisco, CA, USA; New York, NY, USA",175000.0,240000.0,USD,,,2026-09-04T06:57:01+00:00,2026-08-14T05:52:22+00:00,false,,onsite,full_time,senior,,,,simplify,https://simplify.jobs/p/e129f850-988e-4c32-b61b-ebc7b58a08ee,,simplify,"[{""site"": ""simplify"", ""url"": ""https://simplify.jobs/p/e129f850-988e-4c32-b61b-ebc7b58a08ee""}]",[],[],"{""location"": [""Boston, MA, USA; San Francisco, CA, USA; New York, NY, USA""]}",{},"{""location"": ""array_field""}",{}
https://simplify.jobs/p/3bf35f52-b7ae-47e8-9a6b-e36f25895c9c,Senior Frontend Engineer,Trading212,Germany,,,,,,2026-09-04T12:54:01+00:00,2026-08-25T23:35:07+00:00,false,,hybrid,full_time,senior,,,,simplify,https://simplify.jobs/p/3bf35f52-b7ae-47e8-9a6b-e36f25895c9c,,simplify,"[{""site"": ""simplify"", ""url"": ""https://simplify.jobs/p/3bf35f52-b7ae-47e8-9a6b-e36f25895c9c""}]",[],[],"{""location"": [""Germany""]}",{},"{""location"": ""array_field""}",{}
https://simplify.jobs/p/17eb6cad-f970-4681-8053-1341d31786cd,Front-End Developer - AngularJS,Infojini,"Mountain View, CA, USA",,,,,,2026-09-04T07:24:02+00:00,2026-02-24T07:15:05+00:00,false,,onsite,full_time,senior,,,,simplify,https://simplify.jobs/p/17eb6cad-f970-4681-8053-1341d31786cd,,simplify,"[{""site"": ""simplify"", ""url"": ""https://simplify.jobs/p/17eb6cad-f970-4681-8053-1341d31786cd""}]",[],[],"{""location"": [""Mountain View, CA, USA""]}",{},"{""location"": ""array_field""}",{}
https://simplify.jobs/p/14dd9e0e-cfb9-4ae3-bd07-d8ea444c810d,Senior Staff Engineer - Frontend,"Plane Software, Inc.",United States,,,,,,2026-09-03T20:09:21+00:00,2026-07-28T22:18:07+00:00,false,,onsite,full_time,senior,,,,simplify,https://simplify.jobs/p/14dd9e0e-cfb9-4ae3-bd07-d8ea444c810d,,simplify,"[{""site"": ""simplify"", ""url"": ""https://simplify.jobs/p/14dd9e0e-cfb9-4ae3-bd07-d8ea444c810d""}]",[],[],"{""location"": [""United States""]}",{},"{""location"": ""array_field""}",{}
https://simplify.jobs/p/5559ad72-b3ea-485d-9016-06b86b7dda7a,Software Engineer 3 Intern - Frontend,CloudSEK,"Bengaluru, Karnataka, India",,,,,,2026-09-09T14:36:59+00:00,2026-08-10T14:15:26+00:00,false,,onsite,full_time,senior,,,,simplify,https://simplify.jobs/p/5559ad72-b3ea-485d-9016-06b86b7dda7a,,simplify,"[{""site"": ""simplify"", ""url"": ""https://simplify.jobs/p/5559ad72-b3ea-485d-9016-06b86b7dda7a""}]",[],[],"{""location"": [""Bengaluru, Karnataka, India""]}",{},"{""location"": ""array_field""}",{}
https://simplify.jobs/p/25f7ec37-481b-4a92-9c27-13b31f683b4f,Frontend Software Engineer,Hadrian,"Los Angeles, CA, USA; Torrance, CA, USA",120000.0,300000.0,USD,,,2026-09-24T09:51:02+00:00,2025-10-30T23:59:16+00:00,false,,onsite,full_time,mid,,,,simplify,https://simplify.jobs/p/25f7ec37-481b-4a92-9c27-13b31f683b4f,,simplify,"[{""site"": ""simplify"", ""url"": ""https://simplify.jobs/p/25f7ec37-481b-4a92-9c27-13b31f683b4f""}]",[],[],"{""location"": [""Los Angeles, CA, USA; Torrance, CA, USA""]}",{},"{""location"": ""array_field""}",{}
https://simplify.jobs/p/4d6c1aee-d6d2-466a-8c2b-c74c48746c43,Frontend Engineer Intern - Member of Technical Staff - Frontend,Armadin,"Palo Alto, CA, USA",75.0,75.0,USD,,,2026-09-30T09:31:57+00:00,2026-09-02T09:20:43+00:00,true,,onsite,internship,intern,,,,simplify,https://simplify.jobs/p/4d6c1aee-d6d2-466a-8c2b-c74c48746c43,,simplify,"[{""site"": ""simplify"", ""url"": ""https://simplify.jobs/p/4d6c1aee-d6d2-466a-8c2b-c74c48746c43""}]",[],[],"{""location"": [""Palo Alto, CA, USA""]}",{},"{""location"": ""array_field""}",{}
https://simplify.jobs/p/7c5ee906-fabf-468e-8177-c0c7136dccf8,Senior Frontend Developer,Lightspeed Commerce,"Berlin, Germany",,,,,,2026-09-29T17:30:01+00:00,2026-09-04T16:01:59+00:00,false,,hybrid,full_time,senior,,,,simplify,https://simplify.jobs/p/7c5ee906-fabf-468e-8177-c0c7136dccf8,,simplify,"[{""site"": ""simplify"", ""url"": ""https://simplify.jobs/p/7c5ee906-fabf-468e-8177-c0c7136dccf8""}]",[],[],"{""location"": [""Berlin, Germany""]}",{},"{""location"": ""array_field""}",{}
https://simplify.jobs/p/a6287c91-a17f-400c-b3fc-2e084c0b89de,Senior Software Engineer - Frontend Platform,Handshake,"San Francisco, CA, USA",208000.0,260000.0,USD,,,2026-09-04T13:18:01+00:00,2026-09-02T03:29:47+00:00,false,,onsite,full_time,senior,,,,simplify,https://simplify.jobs/p/a6287c91-a17f-400c-b3fc-2e084c0b89de,,simplify,"[{""site"": ""simplify"", ""url"": ""https://simplify.jobs/p/a6287c91-a17f-400c-b3fc-2e084c0b89de""}]",[],[],"{""location"": [""San Francisco, CA, USA""]}",{},"{""location"": ""array_field""}",{}
https://simplify.jobs/p/42362c9c-9363-47be-b437-7132b3470d14,Front-End Developer,InterImage,"Columbia, MD, USA",123450.0,178895.0,USD,,,2026-09-04T00:51:21+00:00,2026-08-07T06:16:31+00:00,false,,onsite,full_time,mid,,,,simplify,https://simplify.jobs/p/42362c9c-9363-47be-b437-7132b3470d14,,simplify,"[{""site"": ""simplify"", ""url"": ""https://simplify.jobs/p/42362c9c-9363-47be-b437-7132b3470d14""}]",[],[],"{""location"": [""Columbia, MD, USA""]}",{},"{""location"": ""array_field""}",{}
https://simplify.jobs/p/43cac478-76b4-4968-9ede-e3293fd02c28,Frontend Software Engineer New Grad - Ads Interface,TikTok,"San Jose, CA, USA",128000.0,256000.0,USD,,,2026-09-03T22:03:21+00:00,2026-08-04T06:20:22+00:00,false,,onsite,full_time,,,,,simplify,https://simplify.jobs/p/43cac478-76b4-4968-9ede-e3293fd02c28,,simplify,"[{""site"": ""simplify"", ""url"": ""https://simplify.jobs/p/43cac478-76b4-4968-9ede-e3293fd02c28""}]",[],[],"{""location"": [""San Jose, CA, USA""]}",{},"{""location"": ""array_field""}",{}
https://simplify.jobs/p/a948073b-9a15-42e6-b3ef-b4342c2c349e,Senior Staff Engineer Frontend,Lendistry,"Los Angeles, CA, USA; Dallas, TX, USA; Remote in USA; Tustin, CA, USA",111200.0,185000.0,USD,,,2026-09-04T03:12:21+00:00,2026-07-27T00:00:00+00:00,false,,hybrid,full_time,senior,,,,simplify,https://simplify.jobs/p/a948073b-9a15-42e6-b3ef-b4342c2c349e,,simplify,"[{""site"": ""simplify"", ""url"": ""https://simplify.jobs/p/a948073b-9a15-42e6-b3ef-b4342c2c349e""}]",[],[],"{""location"": [""Los Angeles, CA, USA; Dallas, TX, USA; Remote in USA; Tustin, CA, USA""]}",{},"{""location"": ""array_field""}",{}
https://simplify.jobs/p/ac08107d-5599-41ad-a9e6-07fc8e041cd2,Principal Frontend Engineer - ZEOS Portal,Zalando,"Berlin, Germany",,,,,,2026-10-02T15:21:01+00:00,2026-07-29T22:11:06+00:00,false,,onsite,full_time,,,,,simplify,https://simplify.jobs/p/ac08107d-5599-41ad-a9e6-07fc8e041cd2,,simplify,"[{""site"": ""simplify"", ""url"": ""https://simplify.jobs/p/ac08107d-5599-41ad-a9e6-07fc8e041cd2""}]",[],[],"{""location"": [""Berlin, Germany""]}",{},"{""location"": ""array_field""}",{}
https://simplify.jobs/p/9a17cbdd-55f9-4d4e-b35c-ddaa515020ba,Senior Front-End Web Developer - Euse,Genetec,"Montreal, QC, Canada",,,,,,2026-09-04T01:48:21+00:00,2026-08-11T22:20:20+00:00,false,,hybrid,full_time,senior,,,,simplify,https://simplify.jobs/p/9a17cbdd-55f9-4d4e-b35c-ddaa515020ba,,simplify,"[{""site"": ""simplify"", ""url"": ""https://simplify.jobs/p/9a17cbdd-55f9-4d4e-b35c-ddaa515020ba""}]",[],[],"{""location"": [""Montreal, QC, Canada""]}",{},"{""location"": ""array_field""}",{}
https://simplify.jobs/p/bf66e160-a4de-4db8-9adf-27e8be28cc27,Frontend Engineer - Platform,Doppel,"San Francisco, CA, USA; New York, NY, USA",130000.0,220000.0,USD,,,2026-09-04T06:57:01+00:00,2026-08-12T20:19:27+00:00,false,,hybrid,full_time,senior,,,,simplify,https://simplify.jobs/p/bf66e160-a4de-4db8-9adf-27e8be28cc27,,simplify,"[{""site"": ""simplify"", ""url"": ""https://simplify.jobs/p/bf66e160-a4de-4db8-9adf-27e8be28cc27""}]",[],[],"{""location"": [""San Francisco, CA, USA; New York, NY, USA""]}",{},"{""location"": ""array_field""}",{}
https://simplify.jobs/p/e7613e85-2dd3-4193-a94e-9efb1806eee4,Staff Frontend Engineer,Forma.ai,"Toronto, ON, Canada",,,,,,2026-09-04T05:18:01+00:00,2024-10-24T23:15:09+00:00,false,,onsite,full_time,,,,,simplify,https://simplify.jobs/p/e7613e85-2dd3-4193-a94e-9efb1806eee4,,simplify,"[{""site"": ""simplify"", ""url"": ""https://simplify.jobs/p/e7613e85-2dd3-4193-a94e-9efb1806eee4""}]",[],[],"{""location"": [""Toronto, ON, Canada""]}",{},"{""location"": ""array_field""}",{}
https://simplify.jobs/p/09785b1d-0b0a-419f-9f1c-0802cfcb288a,Frontend Software Engineer,Sunbound,United States,150000.0,165000.0,USD,,,2026-09-04T08:27:01+00:00,2026-06-24T14:05:40+00:00,false,,hybrid,full_time,mid,,,,simplify,https://simplify.jobs/p/09785b1d-0b0a-419f-9f1c-0802cfcb288a,,simplify,"[{""site"": ""simplify"", ""url"": ""https://simplify.jobs/p/09785b1d-0b0a-419f-9f1c-0802cfcb288a""}]",[],[],"{""location"": [""United States""]}",{},"{""location"": ""array_field""}",{}
https://simplify.jobs/p/763fc4b3-2ffc-47cb-9297-aca70929a68b,Frontend Developer - React,Jobsbridge,"San Jose, CA, USA",,,,,,2026-09-04T07:24:02+00:00,2026-02-24T07:19:01+00:00,false,,onsite,full_time,senior,,,,simplify,https://simplify.jobs/p/763fc4b3-2ffc-47cb-9297-aca70929a68b,,simplify,"[{""site"": ""simplify"", ""url"": ""https://simplify.jobs/p/763fc4b3-2ffc-47cb-9297-aca70929a68b""}]",[],[],"{""location"": [""San Jose, CA, USA""]}",{},"{""location"": ""array_field""}",{}
https://simplify.jobs/p/f79cbf01-7c81-4833-b8c2-cd71bdaaf592,Senior Front-End Developer - Multiple Teams,Citi,"London, UK",,,,,,2026-09-24T15:30:01+00:00,2026-09-24T00:00:00+00:00,false,,hybrid,full_time,senior,,,,simplify,https://simplify.jobs/p/f79cbf01-7c81-4833-b8c2-cd71bdaaf592,,simplify,"[{""site"": ""simplify"", ""url"": ""https://simplify.jobs/p/f79cbf01-7c81-4833-b8c2-cd71bdaaf592""}]",[],[],"{""location"": [""London, UK""]}",{},"{""location"": ""array_field""}",{}
https://simplify.jobs/p/49f8edd7-f157-4339-855d-9494769f1cfb,Senior Front-End Software Engineer,Speechmatics,"London, UK",,,,,,2026-09-25T14:33:17+00:00,2026-09-25T14:31:05+00:00,false,,hybrid,full_time,senior,,,,simplify,https://simplify.jobs/p/49f8edd7-f157-4339-855d-9494769f1cfb,,simplify,"[{""site"": ""simplify"", ""url"": ""https://simplify.jobs/p/49f8edd7-f157-4339-855d-9494769f1cfb""}]",[],[],"{""location"": [""London, UK""]}",{},"{""location"": ""array_field""}",{}
https://simplify.jobs/p/cc0281f2-2622-48f4-9286-7c102034f72c,Frontend Software Engineer,DiligenceSquared,"New York, NY, USA",160000.0,200000.0,USD,,,2026-09-29T16:59:25+00:00,2026-07-21T01:15:24+00:00,false,,onsite,full_time,mid,,,,simplify,https://simplify.jobs/p/cc0281f2-2622-48f4-9286-7c102034f72c,,simplify,"[{""site"": ""simplify"", ""url"": ""https://simplify.jobs/p/cc0281f2-2622-48f4-9286-7c102034f72c""}]",[],[],"{""location"": [""New York, NY, USA""]}",{},"{""location"": ""array_field""}",{}
https://simplify.jobs/p/b44753fa-6a35-49e6-990a-1c2038424adf,Front-End React Developer,Apexon,"Austin, TX, USA",,,,,,2026-09-04T01:57:21+00:00,2026-08-12T01:10:21+00:00,false,,onsite,full_time,senior,,,,simplify,https://simplify.jobs/p/b44753fa-6a35-49e6-990a-1c2038424adf,,simplify,"[{""site"": ""simplify"", ""url"": ""https://simplify.jobs/p/b44753fa-6a35-49e6-990a-1c2038424adf""}]",[],[],"{""location"": [""Austin, TX, USA""]}",{},"{""location"": ""array_field""}",{}
https://simplify.jobs/p/46e54301-c314-4ff1-9bc8-11bad7566c8b,Frontend Software Engineer,Veilant,"Remote; Chantilly, VA, USA",100000.0,125000.0,USD,,,2026-09-17T22:14:46+00:00,2026-09-17T22:05:07+00:00,false,,remote,full_time,mid,,,,simplify,https://simplify.jobs/p/46e54301-c314-4ff1-9bc8-11bad7566c8b,,simplify,"[{""site"": ""simplify"", ""url"": ""https://simplify.jobs/p/46e54301-c314-4ff1-9bc8-11bad7566c8b""}]",[],[],"{""location"": [""Remote; Chantilly, VA, USA""]}",{},"{""location"": ""array_field""}",{}
https://simplify.jobs/p/98df9335-29a0-47e9-bc43-b8c426e47dc7,Senior React Frontend Developer / Lead Developer,Treehouse Strategy and Communications,"Remote; White Plains, NY, USA",,,,,,2026-09-04T07:24:02+00:00,2026-02-27T07:08:50+00:00,false,,remote,full_time,senior,,,,simplify,https://simplify.jobs/p/98df9335-29a0-47e9-bc43-b8c426e47dc7,,simplify,"[{""site"": ""simplify"", ""url"": ""https://simplify.jobs/p/98df9335-29a0-47e9-bc43-b8c426e47dc7""}]",[],[],"{""location"": [""Remote; White Plains, NY, USA""]}",{},"{""location"": ""array_field""}",{}
https://simplify.jobs/p/ce4f0bba-62c7-421c-a673-7f9a5ffe29ed,S/4HANA UI5 Front-End Developer,Capgemini,"London, UK",,,,,,2026-09-04T10:42:01+00:00,2026-08-03T09:15:11+00:00,false,,onsite,full_time,mid,,,,simplify,https://simplify.jobs/p/ce4f0bba-62c7-421c-a673-7f9a5ffe29ed,,simplify,"[{""site"": ""simplify"", ""url"": ""https://simplify.jobs/p/ce4f0bba-62c7-421c-a673-7f9a5ffe29ed""}]",[],[],"{""location"": [""London, UK""]}",{},"{""location"": ""array_field""}",{}
https://simplify.jobs/p/d792ca23-3f61-463f-a3ad-b9291f76c664,Frontend Engineer - Angular,RE Partners Consulting LLC,United Kingdom,,,,,,2026-10-02T11:16:00+00:00,2026-09-30T14:18:55+00:00,false,,onsite,full_time,mid,,,,simplify,https://simplify.jobs/p/d792ca23-3f61-463f-a3ad-b9291f76c664,,simplify,"[{""site"": ""simplify"", ""url"": ""https://simplify.jobs/p/d792ca23-3f61-463f-a3ad-b9291f76c664""}]",[],[],"{""location"": [""United Kingdom""]}",{},"{""location"": ""array_field""}",{}
https://simplify.jobs/p/d3645780-d2af-44f7-ae71-9e1f95487eb4,Front-End Engineer Director - Design System,BNY,"New York, NY, USA",127000.0,310000.0,USD,,,2026-09-04T07:36:01+00:00,2026-04-16T22:10:00+00:00,false,,onsite,full_time,senior,,,,simplify,https://simplify.jobs/p/d3645780-d2af-44f7-ae71-9e1f95487eb4,,simplify,"[{""site"": ""simplify"", ""url"": ""https://simplify.jobs/p/d3645780-d2af-44f7-ae71-9e1f95487eb4""}]",[],[],"{""location"": [""New York, NY, USA""]}",{},"{""location"": ""array_field""}",{}
https://simplify.jobs/p/0d7b07df-7acf-4b27-b49f-f35a8f305c24,Front-End Developer - Netflix Animation Studios,Netflix,"Vancouver, BC, Canada",162000.0,256000.0,CAD,,,2026-09-08T22:27:26+00:00,2026-09-08T22:06:17+00:00,false,,hybrid,full_time,senior,,,,simplify,https://simplify.jobs/p/0d7b07df-7acf-4b27-b49f-f35a8f305c24,,simplify,"[{""site"": ""simplify"", ""url"": ""https://simplify.jobs/p/0d7b07df-7acf-4b27-b49f-f35a8f305c24""}]",[],[],"{""location"": [""Vancouver, BC, Canada""]}",{},"{""location"": ""array_field""}",{}
https://simplify.jobs/p/b2a6b80b-e35f-4b9f-802d-5efe161c13d2,Frontend Developer - TS/SCI with Polygraph,General Dynamics Information Technology,"Chantilly, VA, USA",186787.0,252713.0,USD,,,2026-09-23T12:36:01+00:00,2026-07-04T11:27:40+00:00,false,,onsite,full_time,,,,,simplify,https://simplify.jobs/p/b2a6b80b-e35f-4b9f-802d-5efe161c13d2,,simplify,"[{""site"": ""simplify"", ""url"": ""https://simplify.jobs/p/b2a6b80b-e35f-4b9f-802d-5efe161c13d2""}]",[],[],"{""location"": [""Chantilly, VA, USA""]}",{},"{""location"": ""array_field""}",{}
https://simplify.jobs/p/7e2c024c-942c-4b70-add5-04592a7d5d80,Software Engineer - Frontend,Hive,"Seattle, WA, USA",,,,,,2026-09-03T17:09:30+00:00,2024-04-12T01:35:51+00:00,false,,onsite,full_time,,,,,simplify,https://simplify.jobs/p/7e2c024c-942c-4b70-add5-04592a7d5d80,,simplify,"[{""site"": ""simplify"", ""url"": ""https://simplify.jobs/p/7e2c024c-942c-4b70-add5-04592a7d5d80""}]",[],[],"{""location"": [""Seattle, WA, USA""]}",{},"{""location"": ""array_field""}",{}
https://simplify.jobs/p/3aa5fd5a-a941-4939-8a19-e6389676af38,Frontend Developer,Photon,Remote; Remote in India,,,,,,2025-11-12T01:12:11+00:00,2025-10-31T07:57:28+00:00,false,,remote,full_time,senior,,,,simplify,https://simplify.jobs/p/3aa5fd5a-a941-4939-8a19-e6389676af38,,simplify,"[{""site"": ""simplify"", ""url"": ""https://simplify.jobs/p/3aa5fd5a-a941-4939-8a19-e6389676af38""}]",[],[],"{""location"": [""Remote; Remote in India""]}",{},"{""location"": ""array_field""}",{}
https://simplify.jobs/p/c566044d-cf8e-4129-9b32-d7378fc5d824,Senior Frontend Developer,STEM Xpert,"New York, NY, USA",,,,,,2026-09-04T07:24:02+00:00,2026-02-27T07:13:18+00:00,false,,onsite,full_time,senior,,,,simplify,https://simplify.jobs/p/c566044d-cf8e-4129-9b32-d7378fc5d824,,simplify,"[{""site"": ""simplify"", ""url"": ""https://simplify.jobs/p/c566044d-cf8e-4129-9b32-d7378fc5d824""}]",[],[],"{""location"": [""New York, NY, USA""]}",{},"{""location"": ""array_field""}",{}
https://simplify.jobs/p/21248e74-155f-4644-8ceb-af264b18423c,Frontend Software Engineer,Altamira Technologies,"Fairborn, OH, USA",140000.0,140000.0,USD,,,2026-09-21T22:39:01+00:00,2026-09-21T22:20:39+00:00,false,,onsite,full_time,mid,,,,simplify,https://simplify.jobs/p/21248e74-155f-4644-8ceb-af264b18423c,,simplify,"[{""site"": ""simplify"", ""url"": ""https://simplify.jobs/p/21248e74-155f-4644-8ceb-af264b18423c""}]",[],[],"{""location"": [""Fairborn, OH, USA""]}",{},"{""location"": ""array_field""}",{}
https://simplify.jobs/p/7ba687a4-c785-4bbd-bfe7-fd2a2b42d04e,Front-End Engineer 3,Expedia Group,"Gurugram, Haryana, India",,,,,,2026-10-01T09:12:22+00:00,2026-10-01T00:00:00+00:00,false,,onsite,full_time,senior,,,,simplify,https://simplify.jobs/p/7ba687a4-c785-4bbd-bfe7-fd2a2b42d04e | https://simplify.jobs/p/779013a8-948d-4e01-8fed-9a3edac71656,,simplify,"[{""site"": ""simplify"", ""url"": ""https://simplify.jobs/p/7ba687a4-c785-4bbd-bfe7-fd2a2b42d04e""}, {""site"": ""simplify"", ""url"": ""https://simplify.jobs/p/779013a8-948d-4e01-8fed-9a3edac71656""}]",[],[],"{""location"": [""Gurugram, Haryana, India""]}",{},"{""location"": ""array_field""}",{}
https://simplify.jobs/p/7c02b87d-9060-43d7-91b7-c1bf23c8b198,Senior Software Engineer - Frontend,Zoo,"Remote; Los Angeles, CA, USA",145000.0,195000.0,USD,,,2026-09-29T10:27:01+00:00,2026-04-29T22:20:14+00:00,false,,remote,full_time,senior,,,,simplify,https://simplify.jobs/p/7c02b87d-9060-43d7-91b7-c1bf23c8b198,,simplify,"[{""site"": ""simplify"", ""url"": ""https://simplify.jobs/p/7c02b87d-9060-43d7-91b7-c1bf23c8b198""}]",[],[],"{""location"": [""Remote; Los Angeles, CA, USA""]}",{},"{""location"": ""array_field""}",{}
https://simplify.jobs/p/50325938-dd79-48a6-b810-e88bf8d2e8a1,Senior Frontend Engineer - AI-Assisted Development,Collaboration Betters The World,Australia,,,,,,2026-09-04T12:09:01+00:00,2026-08-18T15:24:47+00:00,false,,onsite,full_time,senior,,,,simplify,https://simplify.jobs/p/50325938-dd79-48a6-b810-e88bf8d2e8a1,,simplify,"[{""site"": ""simplify"", ""url"": ""https://simplify.jobs/p/50325938-dd79-48a6-b810-e88bf8d2e8a1""}]",[],[],"{""location"": [""Australia""]}",{},"{""location"": ""array_field""}",{}
https://simplify.jobs/p/57184400-c81e-4ede-b8a3-d47cfe8f2d1c,Frontend Engineer,Layer Financial Technologies,"Remote; San Francisco, CA, USA",,,,,,2026-10-02T11:21:11+00:00,2026-07-07T09:11:45+00:00,false,,remote,full_time,junior | mid,,,,simplify,https://simplify.jobs/p/57184400-c81e-4ede-b8a3-d47cfe8f2d1c,,simplify,"[{""site"": ""simplify"", ""url"": ""https://simplify.jobs/p/57184400-c81e-4ede-b8a3-d47cfe8f2d1c""}]",[],[],"{""location"": [""Remote; San Francisco, CA, USA""]}",{},"{""location"": ""array_field""}",{}
https://simplify.jobs/p/e2cf2e35-9830-45c3-b8be-8a04e1b14bd3,Senior Front-End Development Engineer,Blue Origin,"Seattle, WA, USA",197529.0,276539.55,USD,,,2026-09-04T07:12:12+00:00,2026-07-04T09:43:17+00:00,false,,onsite,full_time,senior,,,,simplify,https://simplify.jobs/p/e2cf2e35-9830-45c3-b8be-8a04e1b14bd3,,simplify,"[{""site"": ""simplify"", ""url"": ""https://simplify.jobs/p/e2cf2e35-9830-45c3-b8be-8a04e1b14bd3""}]",[],[],"{""location"": [""Seattle, WA, USA""]}",{},"{""location"": ""array_field""}",{}
https://simplify.jobs/p/e03a23b2-ddce-4292-b70a-a64844dc5b01,Senior Frontend Engineer,ClickUp,Remote; Remote in USA,160000.0,210000.0,USD,,,2026-09-04T22:45:01+00:00,2026-09-04T22:43:18+00:00,false,,remote,full_time,senior,,,,simplify,https://simplify.jobs/p/e03a23b2-ddce-4292-b70a-a64844dc5b01,,simplify,"[{""site"": ""simplify"", ""url"": ""https://simplify.jobs/p/e03a23b2-ddce-4292-b70a-a64844dc5b01""}]",[],[],"{""location"": [""Remote; Remote in USA""]}",{},"{""location"": ""array_field""}",{}
https://simplify.jobs/p/3fe55a4c-1ae5-4680-ab23-b63df1159805,Front-end Software Engineer,DatologyAI,"San Mateo, CA, USA",180000.0,300000.0,USD,,,2026-09-04T10:43:44+00:00,2026-03-19T01:15:13+00:00,false,,onsite,full_time,mid,,,,simplify,https://simplify.jobs/p/3fe55a4c-1ae5-4680-ab23-b63df1159805,,simplify,"[{""site"": ""simplify"", ""url"": ""https://simplify.jobs/p/3fe55a4c-1ae5-4680-ab23-b63df1159805""}]",[],[],"{""location"": [""San Mateo, CA, USA""]}",{},"{""location"": ""array_field""}",{}
https://simplify.jobs/p/170cc0bc-0d04-4a6c-8b54-8777ab29f9f9,Software Engineer - Frontend,Trustfull,"Milan, Metropolitan City of Milan, Italy",35000.0,60000.0,EUR,,,2026-09-04T01:39:21+00:00,2026-08-11T01:32:45+00:00,false,,hybrid,full_time,mid,,,,simplify,https://simplify.jobs/p/170cc0bc-0d04-4a6c-8b54-8777ab29f9f9,,simplify,"[{""site"": ""simplify"", ""url"": ""https://simplify.jobs/p/170cc0bc-0d04-4a6c-8b54-8777ab29f9f9""}]",[],[],"{""location"": [""Milan, Metropolitan City of Milan, Italy""]}",{},"{""location"": ""array_field""}",{}
https://simplify.jobs/p/75092922-7874-4255-a349-cb406be71588,Senior Front End Developer - Frontend Development,Intelliguard,"Columbus, OH, USA",,,,,,2026-02-06T23:16:06+00:00,2026-02-06T23:16:06+00:00,false,,hybrid,full_time,senior,,,,simplify,https://simplify.jobs/p/75092922-7874-4255-a349-cb406be71588,,simplify,"[{""site"": ""simplify"", ""url"": ""https://simplify.jobs/p/75092922-7874-4255-a349-cb406be71588""}]",[],[],"{""location"": [""Columbus, OH, USA""]}",{},"{""location"": ""array_field""}",{}
https://simplify.jobs/p/3fb62642-2438-4430-831a-44efb9151623,Technical Lead / Frontend Development Lead - UI Eds,Wunderman Thompson,"Noida, Uttar Pradesh, India",,,,,,2026-09-10T08:52:23+00:00,2026-08-18T15:19:15+00:00,false,,hybrid,full_time,,,,,simplify,https://simplify.jobs/p/3fb62642-2438-4430-831a-44efb9151623,,simplify,"[{""site"": ""simplify"", ""url"": ""https://simplify.jobs/p/3fb62642-2438-4430-831a-44efb9151623""}]",[],[],"{""location"": [""Noida, Uttar Pradesh, India""]}",{},"{""location"": ""array_field""}",{}
https://simplify.jobs/p/1432044c-f512-4190-8d45-4facde596065,Frontend Engineer,Omnea,"London, UK",90000.0,160000.0,GBP,,,2026-09-04T12:54:01+00:00,2026-08-27T16:32:48+00:00,false,,hybrid,full_time,mid,,,,simplify,https://simplify.jobs/p/1432044c-f512-4190-8d45-4facde596065,,simplify,"[{""site"": ""simplify"", ""url"": ""https://simplify.jobs/p/1432044c-f512-4190-8d45-4facde596065""}]",[],[],"{""location"": [""London, UK""]}",{},"{""location"": ""array_field""}",{}
https://simplify.jobs/p/5b327dd9-d002-4866-8640-fc0fbfc372fc,SAP Front-end Developer,Bright Vision Technologies,Remote; Remote in USA,100000.0,150000.0,USD,,,2026-09-28T22:30:01+00:00,2026-09-28T22:23:02+00:00,false,,remote,full_time,senior,,,,simplify,https://simplify.jobs/p/5b327dd9-d002-4866-8640-fc0fbfc372fc,,simplify,"[{""site"": ""simplify"", ""url"": ""https://simplify.jobs/p/5b327dd9-d002-4866-8640-fc0fbfc372fc""}]",[],[],"{""location"": [""Remote; Remote in USA""]}",{},"{""location"": ""array_field""}",{}
https://simplify.jobs/p/6874155f-495c-45ff-a969-7b1cc08388fc,Frontend Web Developer - Angular JS - React,Infoways,"Austin, TX, USA; Dallas, TX, USA",,,,,,2026-09-04T02:06:24+00:00,2026-08-12T06:05:46+00:00,false,,onsite,full_time,mid,,,,simplify,https://simplify.jobs/p/6874155f-495c-45ff-a969-7b1cc08388fc,,simplify,"[{""site"": ""simplify"", ""url"": ""https://simplify.jobs/p/6874155f-495c-45ff-a969-7b1cc08388fc""}]",[],[],"{""location"": [""Austin, TX, USA; Dallas, TX, USA""]}",{},"{""location"": ""array_field""}",{}
https://simplify.jobs/p/283fb2d4-3df9-47aa-a979-46ebeae4f2df,Frontend Engineer - Dedicated Inference,Baseten,"Montreal, QC, Canada; Seattle, WA, USA; Toronto, ON, Canada; San Francisco, CA, USA; Remote in USA; New York, NY, USA",190000.0,300000.0,USD,,,2026-09-26T08:39:01+00:00,2026-06-23T22:08:44+00:00,false,,hybrid,full_time,senior,,,,simplify,https://simplify.jobs/p/283fb2d4-3df9-47aa-a979-46ebeae4f2df,,simplify,"[{""site"": ""simplify"", ""url"": ""https://simplify.jobs/p/283fb2d4-3df9-47aa-a979-46ebeae4f2df""}]",[],[],"{""location"": [""Montreal, QC, Canada; Seattle, WA, USA; Toronto, ON, Canada; San Francisco, CA, USA; Remote in USA; New York, NY, USA""]}",{},"{""location"": ""array_field""}",{}
https://simplify.jobs/p/4cfa085c-331c-42c7-be79-a01d3c3092c7,Frontend Engineer,Drivetrain,Remote; Remote in India,,,,,,2025-10-31T08:56:11+00:00,2025-10-31T08:56:11+00:00,false,,remote,full_time,junior | mid,,,,simplify,https://simplify.jobs/p/4cfa085c-331c-42c7-be79-a01d3c3092c7,,simplify,"[{""site"": ""simplify"", ""url"": ""https://simplify.jobs/p/4cfa085c-331c-42c7-be79-a01d3c3092c7""}]",[],[],"{""location"": [""Remote; Remote in India""]}",{},"{""location"": ""array_field""}",{}
https://simplify.jobs/p/4c513fa2-28d9-4007-8d8a-38c414122aeb,Staff Frontend Engineer,Trading212,Remote; Remote in Spain,,,,,,2026-09-04T12:54:01+00:00,2026-08-25T23:35:07+00:00,false,,remote,full_time,senior,,,,simplify,https://simplify.jobs/p/4c513fa2-28d9-4007-8d8a-38c414122aeb,,simplify,"[{""site"": ""simplify"", ""url"": ""https://simplify.jobs/p/4c513fa2-28d9-4007-8d8a-38c414122aeb""}]",[],[],"{""location"": [""Remote; Remote in Spain""]}",{},"{""location"": ""array_field""}",{}
https://simplify.jobs/p/629df425-98a4-4d89-bf60-f40b7ffefecb,Founding Frontend Engineer,Ciridae,"San Francisco, CA, USA; New York, NY, USA",,,,,,2026-09-04T09:30:01+00:00,2026-07-14T01:11:24+00:00,false,,onsite,full_time,mid,,,,simplify,https://simplify.jobs/p/629df425-98a4-4d89-bf60-f40b7ffefecb,,simplify,"[{""site"": ""simplify"", ""url"": ""https://simplify.jobs/p/629df425-98a4-4d89-bf60-f40b7ffefecb""}]",[],[],"{""location"": [""San Francisco, CA, USA; New York, NY, USA""]}",{},"{""location"": ""array_field""}",{}
https://simplify.jobs/p/e84f95b7-3bb4-4ba6-9d27-25682e345752,Equities Engineering - Product Frontend Engineer - New York,Citadel,"New York, NY, USA",105000.0,300000.0,USD,,,2026-09-26T14:18:01+00:00,2026-09-08T22:12:44+00:00,false,,onsite,full_time,mid,,,,simplify,https://simplify.jobs/p/e84f95b7-3bb4-4ba6-9d27-25682e345752,,simplify,"[{""site"": ""simplify"", ""url"": ""https://simplify.jobs/p/e84f95b7-3bb4-4ba6-9d27-25682e345752""}]",[],[],"{""location"": [""New York, NY, USA""]}",{},"{""location"": ""array_field""}",{}
https://simplify.jobs/p/355861d4-7c3f-43a0-ac4e-ab071d60b527,Frontend Engineer,Coram AI,"Bengaluru, Karnataka, India",,,,,,2026-09-16T09:00:01+00:00,2026-08-19T22:23:19+00:00,false,,onsite,full_time,mid,,,,simplify,https://simplify.jobs/p/355861d4-7c3f-43a0-ac4e-ab071d60b527,,simplify,"[{""site"": ""simplify"", ""url"": ""https://simplify.jobs/p/355861d4-7c3f-43a0-ac4e-ab071d60b527""}]",[],[],"{""location"": [""Bengaluru, Karnataka, India""]}",{},"{""location"": ""array_field""}",{}
https://simplify.jobs/p/b5e44ffd-6a72-4385-bcca-e60baa83b5a0,Frontend Software Developer,Aptean,"Hanover, Germany; Mannheim, Germany",,,,,,2026-09-17T10:03:01+00:00,2026-08-27T14:07:51+00:00,false,,hybrid,full_time,mid,,,,simplify,https://simplify.jobs/p/b5e44ffd-6a72-4385-bcca-e60baa83b5a0,,simplify,"[{""site"": ""simplify"", ""url"": ""https://simplify.jobs/p/b5e44ffd-6a72-4385-bcca-e60baa83b5a0""}]",[],[],"{""location"": [""Hanover, Germany; Mannheim, Germany""]}",{},"{""location"": ""array_field""}",{}
https://simplify.jobs/p/5f753c4e-3499-4fc3-a98e-fd94a7c79cee,Frontend Engineer,Outpost Technologies,"London, UK",,,,,,2026-09-04T09:42:02+00:00,2026-07-21T01:13:00+00:00,false,,onsite,full_time,mid,,,,simplify,https://simplify.jobs/p/5f753c4e-3499-4fc3-a98e-fd94a7c79cee,,simplify,"[{""site"": ""simplify"", ""url"": ""https://simplify.jobs/p/5f753c4e-3499-4fc3-a98e-fd94a7c79cee""}]",[],[],"{""location"": [""London, UK""]}",{},"{""location"": ""array_field""}",{}
https://simplify.jobs/p/fada6c07-f003-4174-b0ef-7e8967428637,Front-End Software Engineer - IXL Product,IXL Learning,"San Mateo, CA, USA",116000.0,150000.0,USD,,,2026-09-04T05:18:01+00:00,2026-05-09T06:16:31+00:00,false,,onsite,full_time,mid,,,,simplify,https://simplify.jobs/p/fada6c07-f003-4174-b0ef-7e8967428637,,simplify,"[{""site"": ""simplify"", ""url"": ""https://simplify.jobs/p/fada6c07-f003-4174-b0ef-7e8967428637""}]",[],[],"{""location"": [""San Mateo, CA, USA""]}",{},"{""location"": ""array_field""}",{}
https://simplify.jobs/p/5dcd4aea-c863-43a9-85dd-8471c3b0429e,Analog EDA Frontend Lead Engineer,Texas Instruments,"Bengaluru, Karnataka, India",,,,,,2026-09-03T18:54:19+00:00,2026-06-17T06:04:02+00:00,false,,onsite,full_time,mid | senior,,,,simplify,https://simplify.jobs/p/5dcd4aea-c863-43a9-85dd-8471c3b0429e,,simplify,"[{""site"": ""simplify"", ""url"": ""https://simplify.jobs/p/5dcd4aea-c863-43a9-85dd-8471c3b0429e""}]",[],[],"{""location"": [""Bengaluru, Karnataka, India""]}",{},"{""location"": ""array_field""}",{}
https://simplify.jobs/p/80b75e23-0b47-4fb6-ba89-b7c60b9b970e,Software Engineer - Frontend,Hive,"San Francisco, CA, USA",,,,,,2026-09-03T17:09:30+00:00,2023-07-19T07:09:34+00:00,false,,onsite,full_time,,,,,simplify,https://simplify.jobs/p/80b75e23-0b47-4fb6-ba89-b7c60b9b970e,,simplify,"[{""site"": ""simplify"", ""url"": ""https://simplify.jobs/p/80b75e23-0b47-4fb6-ba89-b7c60b9b970e""}]",[],[],"{""location"": [""San Francisco, CA, USA""]}",{},"{""location"": ""array_field""}",{}
https://simplify.jobs/p/e87b5eb5-750e-4170-88fa-f1d7a84e7944,Senior Frontend Engineer,Sarvam,"Bengaluru, Karnataka, India",,,,,,2026-09-04T01:30:21+00:00,2026-08-10T18:59:11+00:00,false,,onsite,full_time,senior,,,,simplify,https://simplify.jobs/p/e87b5eb5-750e-4170-88fa-f1d7a84e7944,,simplify,"[{""site"": ""simplify"", ""url"": ""https://simplify.jobs/p/e87b5eb5-750e-4170-88fa-f1d7a84e7944""}]",[],[],"{""location"": [""Bengaluru, Karnataka, India""]}",{},"{""location"": ""array_field""}",{}
https://simplify.jobs/p/eb66ecbb-27a9-4091-993f-a390062ac370,Frontend Software Engineer,Collate,"San Francisco, CA, USA",158000.0,200000.0,USD,,,2026-09-04T06:57:01+00:00,2025-10-31T01:14:01+00:00,false,,onsite,full_time,mid,,,,simplify,https://simplify.jobs/p/eb66ecbb-27a9-4091-993f-a390062ac370,,simplify,"[{""site"": ""simplify"", ""url"": ""https://simplify.jobs/p/eb66ecbb-27a9-4091-993f-a390062ac370""}]",[],[],"{""location"": [""San Francisco, CA, USA""]}",{},"{""location"": ""array_field""}",{}
https://simplify.jobs/p/ad1f90e1-592e-4d29-9efd-aa3287e2cd8f,Frontend Design Systems Engineer,Seeq,Remote; Remote in USA,155000.0,187500.0,USD,,,2026-10-02T11:09:01+00:00,2026-08-08T01:19:54+00:00,false,,remote,full_time,senior,,,,simplify,https://simplify.jobs/p/ad1f90e1-592e-4d29-9efd-aa3287e2cd8f,,simplify,"[{""site"": ""simplify"", ""url"": ""https://simplify.jobs/p/ad1f90e1-592e-4d29-9efd-aa3287e2cd8f""}]",[],[],"{""location"": [""Remote; Remote in USA""]}",{},"{""location"": ""array_field""}",{}
https://simplify.jobs/p/2f4c2ad6-c735-4648-aad2-de088a423520,Front-End Developer,Explorance,"Chennai, Tamil Nadu, India",,,,,,2026-09-23T22:47:26+00:00,2026-09-23T22:21:25+00:00,false,,onsite,full_time,senior,,,,simplify,https://simplify.jobs/p/2f4c2ad6-c735-4648-aad2-de088a423520,,simplify,"[{""site"": ""simplify"", ""url"": ""https://simplify.jobs/p/2f4c2ad6-c735-4648-aad2-de088a423520""}]",[],[],"{""location"": [""Chennai, Tamil Nadu, India""]}",{},"{""location"": ""array_field""}",{}
https://simplify.jobs/p/1db71b00-7142-472b-858a-f4b302a5e62b,Frontend Engineer - Frontend,Outtake,"New York, NY, USA",160000.0,300000.0,USD,,,2026-09-11T08:42:26+00:00,2026-07-13T22:12:06+00:00,false,,onsite,full_time,mid,,,,simplify,https://simplify.jobs/p/1db71b00-7142-472b-858a-f4b302a5e62b,,simplify,"[{""site"": ""simplify"", ""url"": ""https://simplify.jobs/p/1db71b00-7142-472b-858a-f4b302a5e62b""}]",[],[],"{""location"": [""New York, NY, USA""]}",{},"{""location"": ""array_field""}",{}
https://simplify.jobs/p/6b9d0444-e2ed-408e-8a8c-7a571c4c7b84,Senior Frontend Engineer,Qonto,"Remote; Berlin, Germany",,,,,,2026-10-02T09:09:01+00:00,2026-08-31T18:54:58+00:00,false,,remote,full_time,mid | senior,,,,simplify,https://simplify.jobs/p/6b9d0444-e2ed-408e-8a8c-7a571c4c7b84,,simplify,"[{""site"": ""simplify"", ""url"": ""https://simplify.jobs/p/6b9d0444-e2ed-408e-8a8c-7a571c4c7b84""}]",[],[],"{""location"": [""Remote; Berlin, Germany""]}",{},"{""location"": ""array_field""}",{}
https://simplify.jobs/p/6564a363-5070-4391-9b53-36d27a1cfcbd,Frontend Developer - Analyst - ACS SONG,Accenture,"Kochi, Kerala, India",,,,,,2026-09-18T22:33:01+00:00,2026-09-18T00:00:00+00:00,false,,onsite,full_time,junior | mid,,,,simplify,https://simplify.jobs/p/6564a363-5070-4391-9b53-36d27a1cfcbd,,simplify,"[{""site"": ""simplify"", ""url"": ""https://simplify.jobs/p/6564a363-5070-4391-9b53-36d27a1cfcbd""}]",[],[],"{""location"": [""Kochi, Kerala, India""]}",{},"{""location"": ""array_field""}",{}
https://simplify.jobs/p/cdb3232e-122f-499b-8fb7-137d5b8035b0,Senior Front-end Developer,Blue Coding,Remote; South America,,,,,,2026-09-16T22:18:03+00:00,2026-09-16T22:11:19+00:00,false,,remote,full_time,senior,,,,simplify,https://simplify.jobs/p/cdb3232e-122f-499b-8fb7-137d5b8035b0,,simplify,"[{""site"": ""simplify"", ""url"": ""https://simplify.jobs/p/cdb3232e-122f-499b-8fb7-137d5b8035b0""}]",[],[],"{""location"": [""Remote; South America""]}",{},"{""location"": ""array_field""}",{}
https://simplify.jobs/p/02570605-66be-4d56-a14f-357e338e7931,Freelance Software Engineer - Frontend,Left Field Labs,Remote; Remote in USA,60.0,100.0,USD,,,2026-09-30T22:18:38+00:00,2026-09-30T22:12:48+00:00,false,,remote,contract,mid,,,,simplify,https://simplify.jobs/p/02570605-66be-4d56-a14f-357e338e7931,,simplify,"[{""site"": ""simplify"", ""url"": ""https://simplify.jobs/p/02570605-66be-4d56-a14f-357e338e7931""}]",[],[],"{""location"": [""Remote; Remote in USA""]}",{},"{""location"": ""array_field""}",{}
https://simplify.jobs/p/b48f36eb-9564-48b1-bef9-273c9a899c82,Frontend Engineer,Atoms,"New York, NY, USA",145000.0,183250.0,USD,,,2026-09-04T08:42:09+00:00,2026-07-01T22:07:00+00:00,false,,onsite,full_time,junior | mid,,,,simplify,https://simplify.jobs/p/b48f36eb-9564-48b1-bef9-273c9a899c82,,simplify,"[{""site"": ""simplify"", ""url"": ""https://simplify.jobs/p/b48f36eb-9564-48b1-bef9-273c9a899c82""}]",[],[],"{""location"": [""New York, NY, USA""]}",{},"{""location"": ""array_field""}",{}
https://simplify.jobs/p/97ad9ee5-1d6e-4583-8876-eacd345ada33,Software Engineer 2 - Frontend,Crunchyroll,"San Francisco, CA, USA",135100.0,168900.0,USD,,,2026-09-04T01:39:21+00:00,2026-08-10T22:17:10+00:00,false,,hybrid,full_time,junior,,,,simplify,https://simplify.jobs/p/97ad9ee5-1d6e-4583-8876-eacd345ada33,,simplify,"[{""site"": ""simplify"", ""url"": ""https://simplify.jobs/p/97ad9ee5-1d6e-4583-8876-eacd345ada33""}]",[],[],"{""location"": [""San Francisco, CA, USA""]}",{},"{""location"": ""array_field""}",{}
https://simplify.jobs/p/3b0a5033-0452-4bdf-a862-dd0db170de9a,Staff Software Engineer - Frontend,Sigma Computing,"Remote; New York, NY, USA",240000.0,270000.0,USD,,,2026-09-04T08:15:01+00:00,2026-06-10T06:13:07+00:00,false,,remote,full_time,,,,,simplify,https://simplify.jobs/p/3b0a5033-0452-4bdf-a862-dd0db170de9a,,simplify,"[{""site"": ""simplify"", ""url"": ""https://simplify.jobs/p/3b0a5033-0452-4bdf-a862-dd0db170de9a""}]",[],[],"{""location"": [""Remote; New York, NY, USA""]}",{},"{""location"": ""array_field""}",{}
https://simplify.jobs/p/32f3dd18-7df0-4107-9ef0-de738cd7a437,Senior Frontend Engineer,Venn,"Toronto, ON, Canada",,,,,,2026-09-04T07:51:01+00:00,2026-05-15T22:09:09+00:00,false,,onsite,full_time,senior,,,,simplify,https://simplify.jobs/p/32f3dd18-7df0-4107-9ef0-de738cd7a437,,simplify,"[{""site"": ""simplify"", ""url"": ""https://simplify.jobs/p/32f3dd18-7df0-4107-9ef0-de738cd7a437""}]",[],[],"{""location"": [""Toronto, ON, Canada""]}",{},"{""location"": ""array_field""}",{}
https://simplify.jobs/p/d44cf3f6-ef30-4c09-81b1-5249303e2a2c,Frontend Engineer & UI Designer - Developer Tooling,SearchApi,Remote; Remote in Germany; Remote in UK; Remote in Ireland; Remote in Australia; Remote in Spain; Remote in Canada; Remote in Italy; Remote in France,,,,,,2026-10-02T11:27:19+00:00,2026-06-29T22:08:08+00:00,false,,remote,full_time,mid,,,,simplify,https://simplify.jobs/p/d44cf3f6-ef30-4c09-81b1-5249303e2a2c,,simplify,"[{""site"": ""simplify"", ""url"": ""https://simplify.jobs/p/d44cf3f6-ef30-4c09-81b1-5249303e2a2c""}]",[],[],"{""location"": [""Remote; Remote in Germany; Remote in UK; Remote in Ireland; Remote in Australia; Remote in Spain; Remote in Canada; Remote in Italy; Remote in France""]}",{},"{""location"": ""array_field""}",{}
https://simplify.jobs/p/1cd4bafa-e7b1-4676-9f6a-6d0310f43cb6,Front-End Software Development Engineer 2,Synchrony Financial,"Hyderabad, Telangana, India",,,,,,2026-09-30T14:39:26+00:00,2026-09-30T00:00:00+00:00,false,,onsite,full_time,mid,,,,simplify,https://simplify.jobs/p/1cd4bafa-e7b1-4676-9f6a-6d0310f43cb6,,simplify,"[{""site"": ""simplify"", ""url"": ""https://simplify.jobs/p/1cd4bafa-e7b1-4676-9f6a-6d0310f43cb6""}]",[],[],"{""location"": [""Hyderabad, Telangana, India""]}",{},"{""location"": ""array_field""}",{}
https://simplify.jobs/p/5b2b3efc-f600-4ab3-9126-767405d844de,Senior Staff Engineer - Frontend React,Nagarro,"Bengaluru, Karnataka, India",,,,,,2026-09-03T17:09:30+00:00,2025-03-13T02:24:36+00:00,false,,onsite,full_time,senior,,,,simplify,https://simplify.jobs/p/5b2b3efc-f600-4ab3-9126-767405d844de,,simplify,"[{""site"": ""simplify"", ""url"": ""https://simplify.jobs/p/5b2b3efc-f600-4ab3-9126-767405d844de""}]",[],[],"{""location"": [""Bengaluru, Karnataka, India""]}",{},"{""location"": ""array_field""}",{}
https://simplify.jobs/p/11fe8173-7986-493c-a7ed-11a00fbe5771,Senior Software Engineer - Frontend,Read AI,"Seattle, WA, USA",180000.0,210000.0,USD,,,2026-09-04T08:42:09+00:00,2026-07-21T01:18:49+00:00,false,,hybrid,full_time,mid | senior,,,,simplify,https://simplify.jobs/p/11fe8173-7986-493c-a7ed-11a00fbe5771,,simplify,"[{""site"": ""simplify"", ""url"": ""https://simplify.jobs/p/11fe8173-7986-493c-a7ed-11a00fbe5771""}]",[],[],"{""location"": [""Seattle, WA, USA""]}",{},"{""location"": ""array_field""}",{}
https://simplify.jobs/p/e59b93ab-bd83-414d-ac70-d6ab13908a09,Frontend UI Developer,Infoways,"Riverwoods, IL, USA",,,,,,2026-09-04T02:06:24+00:00,2026-08-12T06:05:47+00:00,false,,onsite,full_time,mid,,,,simplify,https://simplify.jobs/p/e59b93ab-bd83-414d-ac70-d6ab13908a09,,simplify,"[{""site"": ""simplify"", ""url"": ""https://simplify.jobs/p/e59b93ab-bd83-414d-ac70-d6ab13908a09""}]",[],[],"{""location"": [""Riverwoods, IL, USA""]}",{},"{""location"": ""array_field""}",{}
https://simplify.jobs/p/5671fbc6-d1d2-4f6a-a250-220c525ecdef,AEM Front-End Senior Developer - AEM Front-end,Code and Theory,"Bengaluru, Karnataka, India",,,,,,2026-09-03T19:00:22+00:00,2026-06-22T14:15:45+00:00,false,,onsite,full_time,senior,,,,simplify,https://simplify.jobs/p/5671fbc6-d1d2-4f6a-a250-220c525ecdef,,simplify,"[{""site"": ""simplify"", ""url"": ""https://simplify.jobs/p/5671fbc6-d1d2-4f6a-a250-220c525ecdef""}]",[],[],"{""location"": [""Bengaluru, Karnataka, India""]}",{},"{""location"": ""array_field""}",{}
https://simplify.jobs/p/030e5fc5-0fc2-443b-8125-fd8310f2f02d,Senior Frontend Developer - React,Accenture,"Madrid, Spain",,,,,,2026-09-25T14:18:02+00:00,2026-09-25T00:00:00+00:00,false,,onsite,full_time,mid | senior,,,,simplify,https://simplify.jobs/p/030e5fc5-0fc2-443b-8125-fd8310f2f02d,,simplify,"[{""site"": ""simplify"", ""url"": ""https://simplify.jobs/p/030e5fc5-0fc2-443b-8125-fd8310f2f02d""}]",[],[],"{""location"": [""Madrid, Spain""]}",{},"{""location"": ""array_field""}",{}
https://simplify.jobs/p/e63ac695-941f-498a-9800-19de2f5d4c22,Senior Front-End Software Engineer - Multiple Teams,Clear Street,"London, UK",,,,,,2026-09-08T22:24:53+00:00,2026-09-08T22:10:35+00:00,false,,hybrid,full_time,senior,,,,simplify,https://simplify.jobs/p/e63ac695-941f-498a-9800-19de2f5d4c22,,simplify,"[{""site"": ""simplify"", ""url"": ""https://simplify.jobs/p/e63ac695-941f-498a-9800-19de2f5d4c22""}]",[],[],"{""location"": [""London, UK""]}",{},"{""location"": ""array_field""}",{}
https://simplify.jobs/p/785cafc1-6967-4367-a708-3b21f07891ba,Senior Frontend Software Engineer - Frontend,Optimal Dynamics,Remote; Remote in USA,165000.0,195000.0,USD,,,2026-09-22T22:46:51+00:00,2026-04-14T22:09:37+00:00,false,,remote,full_time,senior,,,,simplify,https://simplify.jobs/p/785cafc1-6967-4367-a708-3b21f07891ba,,simplify,"[{""site"": ""simplify"", ""url"": ""https://simplify.jobs/p/785cafc1-6967-4367-a708-3b21f07891ba""}]",[],[],"{""location"": [""Remote; Remote in USA""]}",{},"{""location"": ""array_field""}",{}
https://simplify.jobs/p/9299a341-5433-497f-b114-180138aeff69,Frontend Developer - Angular,NEC Software Solutions,"Mumbai, Maharashtra, India",,,,,,2026-09-29T09:09:05+00:00,2026-09-29T09:07:40+00:00,false,,hybrid,full_time,mid,,,,simplify,https://simplify.jobs/p/9299a341-5433-497f-b114-180138aeff69,,simplify,"[{""site"": ""simplify"", ""url"": ""https://simplify.jobs/p/9299a341-5433-497f-b114-180138aeff69""}]",[],[],"{""location"": [""Mumbai, Maharashtra, India""]}",{},"{""location"": ""array_field""}",{}
https://simplify.jobs/p/9b232875-65ad-4a70-9be4-74dff77ca42c,Front-End Developer,LMI,"San Diego, CA, USA",,,,,,2026-09-04T08:03:01+00:00,2026-06-04T22:08:59+00:00,false,,hybrid,full_time,mid,,,,simplify,https://simplify.jobs/p/9b232875-65ad-4a70-9be4-74dff77ca42c,,simplify,"[{""site"": ""simplify"", ""url"": ""https://simplify.jobs/p/9b232875-65ad-4a70-9be4-74dff77ca42c""}]",[],[],"{""location"": [""San Diego, CA, USA""]}",{},"{""location"": ""array_field""}",{}
https://simplify.jobs/p/90fd3e3e-c080-4853-8166-ba2b7d5e409a,Front-End Engineer,ST Labs,"New York, NY, USA",160000.0,230000.0,USD,,,2026-09-09T10:54:22+00:00,2026-03-02T10:28:43+00:00,false,,onsite,full_time,mid,,,,simplify,https://simplify.jobs/p/90fd3e3e-c080-4853-8166-ba2b7d5e409a,,simplify,"[{""site"": ""simplify"", ""url"": ""https://simplify.jobs/p/90fd3e3e-c080-4853-8166-ba2b7d5e409a""}]",[],[],"{""location"": [""New York, NY, USA""]}",{},"{""location"": ""array_field""}",{}
https://simplify.jobs/p/fcbe42fb-7aaa-4c4a-aaaf-810eb52d3749,Senior Frontend Engineer,Finix,"San Francisco, CA, USA",160000.0,235000.0,USD,,,2026-09-04T06:57:01+00:00,2025-09-24T05:00:48+00:00,false,,onsite,full_time,senior,,,,simplify,https://simplify.jobs/p/fcbe42fb-7aaa-4c4a-aaaf-810eb52d3749,,simplify,"[{""site"": ""simplify"", ""url"": ""https://simplify.jobs/p/fcbe42fb-7aaa-4c4a-aaaf-810eb52d3749""}]",[],[],"{""location"": [""San Francisco, CA, USA""]}",{},"{""location"": ""array_field""}",{}
https://simplify.jobs/p/688aa5dc-f104-4f0b-b603-762cf9bb6761,Front-End Developer,Prosidian Consulting,"Charlotte, NC, USA",,,,,,2026-09-04T06:57:01+00:00,2025-08-12T15:27:18+00:00,false,,onsite,full_time,senior,,,,simplify,https://simplify.jobs/p/688aa5dc-f104-4f0b-b603-762cf9bb6761,,simplify,"[{""site"": ""simplify"", ""url"": ""https://simplify.jobs/p/688aa5dc-f104-4f0b-b603-762cf9bb6761""}]",[],[],"{""location"": [""Charlotte, NC, USA""]}",{},"{""location"": ""array_field""}",{}
https://simplify.jobs/p/53084a23-78d7-4f54-9e9e-972cff3e68a7,Staff Frontend Engineer,bunch,Remote; Remote in Spain,,,,,,2026-09-23T14:24:01+00:00,2026-09-23T14:22:30+00:00,false,,remote,full_time,senior,,,,simplify,https://simplify.jobs/p/53084a23-78d7-4f54-9e9e-972cff3e68a7,,simplify,"[{""site"": ""simplify"", ""url"": ""https://simplify.jobs/p/53084a23-78d7-4f54-9e9e-972cff3e68a7""}]",[],[],"{""location"": [""Remote; Remote in Spain""]}",{},"{""location"": ""array_field""}",{}
https://simplify.jobs/p/97203501-6126-4a09-8aef-ceac2637f12a,Senior Software Engineer - Frontend,Retell AI,"San Francisco, CA, USA; Redwood City, CA, USA",200000.0,300000.0,USD,,,2026-09-04T07:24:02+00:00,2026-05-11T22:08:29+00:00,false,,onsite,full_time,mid | senior,,,,simplify,https://simplify.jobs/p/97203501-6126-4a09-8aef-ceac2637f12a,,simplify,"[{""site"": ""simplify"", ""url"": ""https://simplify.jobs/p/97203501-6126-4a09-8aef-ceac2637f12a""}]",[],[],"{""location"": [""San Francisco, CA, USA; Redwood City, CA, USA""]}",{},"{""location"": ""array_field""}",{}
https://simplify.jobs/p/53cf476d-d30a-4c40-a2ef-c3877af8eaa9,Senior Frontend Engineer,Canals AI,Remote; Remote in USA,,,,,,2026-09-04T07:12:12+00:00,2026-02-06T07:09:42+00:00,false,,remote,full_time,mid | senior,,,,simplify,https://simplify.jobs/p/53cf476d-d30a-4c40-a2ef-c3877af8eaa9,,simplify,"[{""site"": ""simplify"", ""url"": ""https://simplify.jobs/p/53cf476d-d30a-4c40-a2ef-c3877af8eaa9""}]",[],[],"{""location"": [""Remote; Remote in USA""]}",{},"{""location"": ""array_field""}",{}
https://simplify.jobs/p/b8e08626-2915-4d88-a70e-35a3a989b125,Senior Software Engineer - Frontend,Ro,"New York, NY, USA",182300.0,220000.0,USD,,,2026-09-03T18:48:22+00:00,2026-07-08T06:04:02+00:00,false,,hybrid,full_time,senior,,,,simplify,https://simplify.jobs/p/b8e08626-2915-4d88-a70e-35a3a989b125,,simplify,"[{""site"": ""simplify"", ""url"": ""https://simplify.jobs/p/b8e08626-2915-4d88-a70e-35a3a989b125""}]",[],[],"{""location"": [""New York, NY, USA""]}",{},"{""location"": ""array_field""}",{}
https://simplify.jobs/p/9bd21346-e853-4f68-a73f-8369ed6fb565,Frontend Developer - Frontend,Whc,"Montreal, QC, Canada",,,,,,2026-10-02T11:18:28+00:00,2026-09-29T22:23:05+00:00,false,,hybrid,full_time,mid,,,,simplify,https://simplify.jobs/p/9bd21346-e853-4f68-a73f-8369ed6fb565,,simplify,"[{""site"": ""simplify"", ""url"": ""https://simplify.jobs/p/9bd21346-e853-4f68-a73f-8369ed6fb565""}]",[],[],"{""location"": [""Montreal, QC, Canada""]}",{},"{""location"": ""array_field""}",{}
https://simplify.jobs/p/48fae8ed-156e-45dd-bf35-39aac7b123b3,Staff Engineer - Frontend React,Nagarro,"Hyderabad, Telangana, India",,,,,,2026-09-03T17:09:30+00:00,2025-03-13T02:24:33+00:00,false,,onsite,full_time,senior,,,,simplify,https://simplify.jobs/p/48fae8ed-156e-45dd-bf35-39aac7b123b3,,simplify,"[{""site"": ""simplify"", ""url"": ""https://simplify.jobs/p/48fae8ed-156e-45dd-bf35-39aac7b123b3""}]",[],[],"{""location"": [""Hyderabad, Telangana, India""]}",{},"{""location"": ""array_field""}",{}
https://simplify.jobs/p/c8c5bcbb-12be-4d45-b2ae-b1b2705aca73,Frontend Engineer,Greptile,"San Francisco, CA, USA",160000.0,250000.0,USD,,,2026-10-02T11:09:01+00:00,2026-08-22T02:33:28+00:00,false,,onsite,full_time,junior,,,,simplify,https://simplify.jobs/p/c8c5bcbb-12be-4d45-b2ae-b1b2705aca73,,simplify,"[{""site"": ""simplify"", ""url"": ""https://simplify.jobs/p/c8c5bcbb-12be-4d45-b2ae-b1b2705aca73""}]",[],[],"{""location"": [""San Francisco, CA, USA""]}",{},"{""location"": ""array_field""}",{}
https://simplify.jobs/p/f8d466ad-5664-4e75-83de-73a5595cf19d,Senior Frontend Engineer,Grid Technology,"Remote; Oakland, CA, USA; Remote in USA",135000.0,150000.0,USD,,,2026-09-04T07:36:01+00:00,2026-03-27T01:14:40+00:00,false,,remote,full_time,senior,,,,simplify,https://simplify.jobs/p/f8d466ad-5664-4e75-83de-73a5595cf19d,,simplify,"[{""site"": ""simplify"", ""url"": ""https://simplify.jobs/p/f8d466ad-5664-4e75-83de-73a5595cf19d""}]",[],[],"{""location"": [""Remote; Oakland, CA, USA; Remote in USA""]}",{},"{""location"": ""array_field""}",{}
https://simplify.jobs/p/3a1bb347-77be-442a-8236-431fb3d9dfce,Senior Front-End Developer,DecisionPoint,Remote; Remote in USA,,,,,,2026-09-04T10:54:01+00:00,2026-08-14T03:59:45+00:00,false,,remote,full_time,senior,,,,simplify,https://simplify.jobs/p/3a1bb347-77be-442a-8236-431fb3d9dfce,,simplify,"[{""site"": ""simplify"", ""url"": ""https://simplify.jobs/p/3a1bb347-77be-442a-8236-431fb3d9dfce""}]",[],[],"{""location"": [""Remote; Remote in USA""]}",{},"{""location"": ""array_field""}",{}
https://simplify.jobs/p/a293b020-f275-4bc3-9c02-115c21deada9,Frontend Developer,Arrow Electronics,"Ahmedabad, Gujarat, India",,,,,,2026-10-02T12:45:04+00:00,2026-06-20T10:46:49+00:00,false,,onsite,full_time,mid | senior,,,,simplify,https://simplify.jobs/p/a293b020-f275-4bc3-9c02-115c21deada9,,simplify,"[{""site"": ""simplify"", ""url"": ""https://simplify.jobs/p/a293b020-f275-4bc3-9c02-115c21deada9""}]",[],[],"{""location"": [""Ahmedabad, Gujarat, India""]}",{},"{""location"": ""array_field""}",{}
https://simplify.jobs/p/d57d9f60-bc74-4b0e-b550-e84bbcfea311,Associate Staff Engineer - Frontend React,Nagarro,Remote; Remote in India,,,,,,2026-09-03T17:09:30+00:00,2025-03-19T23:47:07+00:00,false,,remote,full_time,senior,,,,simplify,https://simplify.jobs/p/d57d9f60-bc74-4b0e-b550-e84bbcfea311,,simplify,"[{""site"": ""simplify"", ""url"": ""https://simplify.jobs/p/d57d9f60-bc74-4b0e-b550-e84bbcfea311""}]",[],[],"{""location"": [""Remote; Remote in India""]}",{},"{""location"": ""array_field""}",{}
https://simplify.jobs/p/98b43347-a1e5-4a0d-b75b-5a9ddd34ee28,Frontend Engineer,Picnic,"New York, NY, USA",145000.0,183250.0,USD,,,2026-09-04T07:12:12+00:00,2026-01-15T02:17:52+00:00,false,,onsite,full_time,junior,,,,simplify,https://simplify.jobs/p/98b43347-a1e5-4a0d-b75b-5a9ddd34ee28,,simplify,"[{""site"": ""simplify"", ""url"": ""https://simplify.jobs/p/98b43347-a1e5-4a0d-b75b-5a9ddd34ee28""}]",[],[],"{""location"": [""New York, NY, USA""]}",{},"{""location"": ""array_field""}",{}
https://simplify.jobs/p/e676db25-0aa0-495b-bac1-9ce0eda375af,Front-End Developer - Angular,Explorance,"Remote; Montreal, QC, Canada",,,,,,2026-09-04T02:24:21+00:00,2026-08-13T06:22:22+00:00,false,,remote,full_time,mid,,,,simplify,https://simplify.jobs/p/e676db25-0aa0-495b-bac1-9ce0eda375af,,simplify,"[{""site"": ""simplify"", ""url"": ""https://simplify.jobs/p/e676db25-0aa0-495b-bac1-9ce0eda375af""}]",[],[],"{""location"": [""Remote; Montreal, QC, Canada""]}",{},"{""location"": ""array_field""}",{}
https://simplify.jobs/p/3fac38d3-6733-4fa3-8d10-e88d5c73ee18,Junior Frontend UX Engineer / React Developer,Capgemini,"Columbia, SC, USA",56186.0,87556.0,USD,,,2026-09-25T22:21:01+00:00,2026-09-25T22:13:19+00:00,false,,hybrid,full_time,junior,,,,simplify,https://simplify.jobs/p/3fac38d3-6733-4fa3-8d10-e88d5c73ee18,,simplify,"[{""site"": ""simplify"", ""url"": ""https://simplify.jobs/p/3fac38d3-6733-4fa3-8d10-e88d5c73ee18""}]",[],[],"{""location"": [""Columbia, SC, USA""]}",{},"{""location"": ""array_field""}",{}
https://simplify.jobs/p/141e55a2-2f84-49c3-a38e-3f3161939b5d,Software Engineer - Frontend Development,Metron,"Reston, VA, USA",,,,,,2026-09-03T19:39:23+00:00,2026-07-14T22:13:37+00:00,false,,onsite,full_time,junior,,,,simplify,https://simplify.jobs/p/141e55a2-2f84-49c3-a38e-3f3161939b5d,,simplify,"[{""site"": ""simplify"", ""url"": ""https://simplify.jobs/p/141e55a2-2f84-49c3-a38e-3f3161939b5d""}]",[],[],"{""location"": [""Reston, VA, USA""]}",{},"{""location"": ""array_field""}",{}
https://simplify.jobs/p/b55e8956-da5c-4cf8-9c9d-28d50b08ddf3,Frontend Engineer - Civil Aviation,Air Space Intelligence,"Boston, MA, USA",135000.0,265000.0,USD,,,2026-09-16T10:27:01+00:00,2026-07-07T22:11:47+00:00,false,,onsite,full_time,mid,,,,simplify,https://simplify.jobs/p/b55e8956-da5c-4cf8-9c9d-28d50b08ddf3,,simplify,"[{""site"": ""simplify"", ""url"": ""https://simplify.jobs/p/b55e8956-da5c-4cf8-9c9d-28d50b08ddf3""}]",[],[],"{""location"": [""Boston, MA, USA""]}",{},"{""location"": ""array_field""}",{}
https://simplify.jobs/p/7ea1719a-ea3b-4dd5-8115-eeb68292e34d,Senior Software Engineer - Frontend - Care Platform Clinical Workflows,Ro,"New York, NY, USA",182300.0,220000.0,USD,,,2026-09-03T18:48:22+00:00,2026-06-09T14:14:39+00:00,false,,hybrid,full_time,senior,,,,simplify,https://simplify.jobs/p/7ea1719a-ea3b-4dd5-8115-eeb68292e34d,,simplify,"[{""site"": ""simplify"", ""url"": ""https://simplify.jobs/p/7ea1719a-ea3b-4dd5-8115-eeb68292e34d""}]",[],[],"{""location"": [""New York, NY, USA""]}",{},"{""location"": ""array_field""}",{}
https://simplify.jobs/p/2ac05ef6-b605-4d11-b6aa-eae9e97ac7b3,Frontend Engineer,Hive,"Noida, Uttar Pradesh, India",,,,,,2025-03-13T02:04:42+00:00,2025-03-13T02:04:42+00:00,false,,onsite,full_time,junior | mid,,,,simplify,https://simplify.jobs/p/2ac05ef6-b605-4d11-b6aa-eae9e97ac7b3,,simplify,"[{""site"": ""simplify"", ""url"": ""https://simplify.jobs/p/2ac05ef6-b605-4d11-b6aa-eae9e97ac7b3""}]",[],[],"{""location"": [""Noida, Uttar Pradesh, India""]}",{},"{""location"": ""array_field""}",{}
https://simplify.jobs/p/915066b3-a367-4b64-b0bd-ea152e5f2e9a,Frontend Developer - Software Platform & Applications Team,Terabase Energy,"Île-de-France, France",,,,,,2026-09-04T00:51:21+00:00,2026-08-07T06:17:14+00:00,false,,hybrid,full_time,mid,,,,simplify,https://simplify.jobs/p/915066b3-a367-4b64-b0bd-ea152e5f2e9a,,simplify,"[{""site"": ""simplify"", ""url"": ""https://simplify.jobs/p/915066b3-a367-4b64-b0bd-ea152e5f2e9a""}]",[],[],"{""location"": [""Île-de-France, France""]}",{},"{""location"": ""array_field""}",{}
https://simplify.jobs/p/df080b9e-99c6-4774-a1f5-2d6287d3ebcf,Frontend Software Engineer,Monaco,"San Francisco, CA, USA",200000.0,400000.0,USD,,,2026-09-04T08:27:01+00:00,2026-06-26T14:08:01+00:00,false,,onsite,full_time,mid,,,,simplify,https://simplify.jobs/p/df080b9e-99c6-4774-a1f5-2d6287d3ebcf,,simplify,"[{""site"": ""simplify"", ""url"": ""https://simplify.jobs/p/df080b9e-99c6-4774-a1f5-2d6287d3ebcf""}]",[],[],"{""location"": [""San Francisco, CA, USA""]}",{},"{""location"": ""array_field""}",{}
https://simplify.jobs/p/836512d3-4157-46b9-ac21-85573573d594,JavaScript Frontend Engineer - Re-Engagement Team,Omio,"Berlin, Germany",,,,,,2026-09-04T07:24:02+00:00,2025-09-22T21:34:23+00:00,false,,onsite,full_time,mid,,,,simplify,https://simplify.jobs/p/836512d3-4157-46b9-ac21-85573573d594,,simplify,"[{""site"": ""simplify"", ""url"": ""https://simplify.jobs/p/836512d3-4157-46b9-ac21-85573573d594""}]",[],[],"{""location"": [""Berlin, Germany""]}",{},"{""location"": ""array_field""}",{}
https://simplify.jobs/p/26720381-f827-4870-8a18-5205a2c60833,Senior Software Engineer - Frontend,Procore Technologies,"Austin, TX, USA",140960.0,193820.0,USD,,,2026-09-09T01:18:25+00:00,2026-09-08T00:00:00+00:00,false,,onsite,full_time,mid | senior,,,,simplify,https://simplify.jobs/p/26720381-f827-4870-8a18-5205a2c60833,,simplify,"[{""site"": ""simplify"", ""url"": ""https://simplify.jobs/p/26720381-f827-4870-8a18-5205a2c60833""}]",[],[],"{""location"": [""Austin, TX, USA""]}",{},"{""location"": ""array_field""}",{}
https://simplify.jobs/p/6f36db33-02f3-4661-8c7a-d34ab075dda8,Principal Frontend Software Engineer - Connections,Roblox,"San Mateo, CA, USA",295250.0,345040.0,USD,,,2026-09-03T21:51:21+00:00,2026-07-08T22:13:22+00:00,false,,hybrid,full_time,senior,,,,simplify,https://simplify.jobs/p/6f36db33-02f3-4661-8c7a-d34ab075dda8,,simplify,"[{""site"": ""simplify"", ""url"": ""https://simplify.jobs/p/6f36db33-02f3-4661-8c7a-d34ab075dda8""}]",[],[],"{""location"": [""San Mateo, CA, USA""]}",{},"{""location"": ""array_field""}",{}
https://simplify.jobs/p/4e48c033-ad5b-4b13-9112-2843617ab4f8,Senior Front-end Engineer - AI,Adobe,"Seattle, WA, USA; San Francisco, CA, USA; San Jose, CA, USA; New York, NY, USA",159200.0,301600.0,USD,,,2026-10-02T15:12:10+00:00,2026-07-02T01:38:05+00:00,false,,onsite,full_time,senior,,,,simplify,https://simplify.jobs/p/4e48c033-ad5b-4b13-9112-2843617ab4f8,,simplify,"[{""site"": ""simplify"", ""url"": ""https://simplify.jobs/p/4e48c033-ad5b-4b13-9112-2843617ab4f8""}]",[],[],"{""location"": [""Seattle, WA, USA; San Francisco, CA, USA; San Jose, CA, USA; New York, NY, USA""]}",{},"{""location"": ""array_field""}",{}
https://simplify.jobs/p/da0e5445-24e3-464f-b22f-5f78cec596ad,Senior Staff Frontend Engineer,eBay,"Kleinmachnow, Germany",,,,,,2026-09-09T14:57:05+00:00,2026-09-09T14:55:29+00:00,false,,hybrid,full_time,senior,,,,simplify,https://simplify.jobs/p/da0e5445-24e3-464f-b22f-5f78cec596ad,,simplify,"[{""site"": ""simplify"", ""url"": ""https://simplify.jobs/p/da0e5445-24e3-464f-b22f-5f78cec596ad""}]",[],[],"{""location"": [""Kleinmachnow, Germany""]}",{},"{""location"": ""array_field""}",{}
https://simplify.jobs/p/b2caabd0-7f4a-4139-9e87-7d2e97003654,Software Engineer 2 - Frontend - React/TypeScript,BigCommerce,"London, UK",,,,,,2026-10-02T13:30:10+00:00,2026-09-15T22:10:03+00:00,false,,hybrid,full_time,mid,,,,simplify,https://simplify.jobs/p/b2caabd0-7f4a-4139-9e87-7d2e97003654,,simplify,"[{""site"": ""simplify"", ""url"": ""https://simplify.jobs/p/b2caabd0-7f4a-4139-9e87-7d2e97003654""}]",[],[],"{""location"": [""London, UK""]}",{},"{""location"": ""array_field""}",{}
https://simplify.jobs/p/b50c1509-e2f7-4d51-a822-4b7be69d316a,Senior Software Engineer - Frontend,Affirm,Remote; Remote in Canada,153000.0,213000.0,CAD,,,2026-09-11T23:57:01+00:00,2026-08-21T22:12:13+00:00,false,,remote,full_time,mid | senior,,,,simplify,https://simplify.jobs/p/b50c1509-e2f7-4d51-a822-4b7be69d316a | https://simplify.jobs/p/b3269c44-de3c-48ab-9e87-11d033841101,,simplify,"[{""site"": ""simplify"", ""url"": ""https://simplify.jobs/p/b50c1509-e2f7-4d51-a822-4b7be69d316a""}, {""site"": ""simplify"", ""url"": ""https://simplify.jobs/p/b3269c44-de3c-48ab-9e87-11d033841101""}]",[],[],"{""location"": [""Remote; Remote in Canada""]}",{},"{""location"": ""array_field""}",{}
https://simplify.jobs/p/5d35217d-f0fb-45af-a61d-d4b1476e41dd,Front-End Engineer - React,Blockchain.com,"Paris, France",,,,,,2026-09-04T07:12:12+00:00,2025-12-17T16:45:16+00:00,false,,hybrid,full_time,mid,,,,simplify,https://simplify.jobs/p/5d35217d-f0fb-45af-a61d-d4b1476e41dd,,simplify,"[{""site"": ""simplify"", ""url"": ""https://simplify.jobs/p/5d35217d-f0fb-45af-a61d-d4b1476e41dd""}]",[],[],"{""location"": [""Paris, France""]}",{},"{""location"": ""array_field""}",{}
https://simplify.jobs/p/3587426b-3401-4d11-b49f-6c86b6dd12f8,Software Engineer - Frontend - Agentic AI,SIFT,"Marina Del Rey, CA, USA",160000.0,200000.0,USD,,,2026-09-03T16:57:18+00:00,2026-07-27T22:24:11+00:00,false,,hybrid,full_time,mid,,,,simplify,https://simplify.jobs/p/3587426b-3401-4d11-b49f-6c86b6dd12f8,,simplify,"[{""site"": ""simplify"", ""url"": ""https://simplify.jobs/p/3587426b-3401-4d11-b49f-6c86b6dd12f8""}]",[],[],"{""location"": [""Marina Del Rey, CA, USA""]}",{},"{""location"": ""array_field""}",{}
https://simplify.jobs/p/543b4e22-4778-4df1-a3d0-531e6c9553ca,Software Engineer - Front-End Leaning,Encord,"London, UK",,,,,,2026-09-03T18:48:22+00:00,2026-06-11T22:08:38+00:00,false,,onsite,full_time,mid,,,,simplify,https://simplify.jobs/p/543b4e22-4778-4df1-a3d0-531e6c9553ca,,simplify,"[{""site"": ""simplify"", ""url"": ""https://simplify.jobs/p/543b4e22-4778-4df1-a3d0-531e6c9553ca""}]",[],[],"{""location"": [""London, UK""]}",{},"{""location"": ""array_field""}",{}
https://simplify.jobs/p/692711ce-b216-4b0e-ae91-ec9d769d6634,Senior/Mid Frontend Engineer - React,Sensor Tower,"Vancouver, BC, Canada",,,,,,2026-09-15T09:33:01+00:00,2026-07-15T09:11:37+00:00,false,,hybrid,full_time,mid | senior,,,,simplify,https://simplify.jobs/p/692711ce-b216-4b0e-ae91-ec9d769d6634,,simplify,"[{""site"": ""simplify"", ""url"": ""https://simplify.jobs/p/692711ce-b216-4b0e-ae91-ec9d769d6634""}]",[],[],"{""location"": [""Vancouver, BC, Canada""]}",{},"{""location"": ""array_field""}",{}
https://simplify.jobs/p/5591c0ce-c8dc-4a07-8712-2425ff5010e2,Staff Front-End Developer - Angular,Fortinet,"Burnaby, BC, Canada",140000.0,160000.0,USD,,,2026-09-04T10:06:01+00:00,2026-07-29T22:11:19+00:00,false,,onsite,full_time,senior,,,,simplify,https://simplify.jobs/p/5591c0ce-c8dc-4a07-8712-2425ff5010e2,,simplify,"[{""site"": ""simplify"", ""url"": ""https://simplify.jobs/p/5591c0ce-c8dc-4a07-8712-2425ff5010e2""}]",[],[],"{""location"": [""Burnaby, BC, Canada""]}",{},"{""location"": ""array_field""}",{}
https://simplify.jobs/p/149c7bb7-54f3-4c77-a347-3d1914f031aa,Staff Frontend Engineer,Gong.io,"Remote; Dublin, Ireland",,,,,,2026-09-25T14:06:01+00:00,2025-07-09T15:36:20+00:00,false,,remote,full_time,senior,,,,simplify,https://simplify.jobs/p/149c7bb7-54f3-4c77-a347-3d1914f031aa,,simplify,"[{""site"": ""simplify"", ""url"": ""https://simplify.jobs/p/149c7bb7-54f3-4c77-a347-3d1914f031aa""}]",[],[],"{""location"": [""Remote; Dublin, Ireland""]}",{},"{""location"": ""array_field""}",{}
https://simplify.jobs/p/c2b81570-2436-4929-8638-9cfae81da64f,Principal Engineer - Frontend,"Plane Software, Inc.",India,,,,,,2026-09-08T12:30:02+00:00,2026-09-07T16:44:59+00:00,false,,onsite,full_time,,,,,simplify,https://simplify.jobs/p/c2b81570-2436-4929-8638-9cfae81da64f,,simplify,"[{""site"": ""simplify"", ""url"": ""https://simplify.jobs/p/c2b81570-2436-4929-8638-9cfae81da64f""}]",[],[],"{""location"": [""India""]}",{},"{""location"": ""array_field""}",{}
https://simplify.jobs/p/79041f34-0b97-4aee-a65e-d2da012b8795,Frontend Software Engineer,Maania Consultancy Services,"Remote; Laurel, MD, USA",,,,,,2026-09-04T01:03:21+00:00,2026-08-07T22:17:19+00:00,false,,remote,full_time,mid,,,,simplify,https://simplify.jobs/p/79041f34-0b97-4aee-a65e-d2da012b8795,,simplify,"[{""site"": ""simplify"", ""url"": ""https://simplify.jobs/p/79041f34-0b97-4aee-a65e-d2da012b8795""}]",[],[],"{""location"": [""Remote; Laurel, MD, USA""]}",{},"{""location"": ""array_field""}",{}
https://simplify.jobs/p/a3a4dda4-a92f-4417-a837-da390e0bf9d1,Senior Staff Engineer - Frontend React,Nagarro,"Gurugram, Haryana, India",,,,,,2026-09-03T17:09:30+00:00,2025-03-13T02:24:57+00:00,false,,onsite,full_time,senior,,,,simplify,https://simplify.jobs/p/a3a4dda4-a92f-4417-a837-da390e0bf9d1,,simplify,"[{""site"": ""simplify"", ""url"": ""https://simplify.jobs/p/a3a4dda4-a92f-4417-a837-da390e0bf9d1""}]",[],[],"{""location"": [""Gurugram, Haryana, India""]}",{},"{""location"": ""array_field""}",{}
https://simplify.jobs/p/7cf90be5-721e-4501-ae56-97684360dd1c,Frontend Software Engineer Graduate - Global CRM,TikTok,"San Jose, CA, USA",128000.0,256000.0,USD,,,2026-09-03T22:03:21+00:00,2026-08-04T06:20:24+00:00,false,,onsite,full_time,,,,,simplify,https://simplify.jobs/p/7cf90be5-721e-4501-ae56-97684360dd1c,,simplify,"[{""site"": ""simplify"", ""url"": ""https://simplify.jobs/p/7cf90be5-721e-4501-ae56-97684360dd1c""}]",[],[],"{""location"": [""San Jose, CA, USA""]}",{},"{""location"": ""array_field""}",{}
https://simplify.jobs/p/88f2dd9a-8da0-45e2-a04e-d6d9cbf81680,Staff Frontend Engineer - Mapping & Spatial Platform,Verkada,"San Mateo, CA, USA",185000.0,265000.0,USD,,,2026-09-24T22:51:01+00:00,2026-09-24T22:48:27+00:00,false,,onsite,full_time,senior,,,,simplify,https://simplify.jobs/p/88f2dd9a-8da0-45e2-a04e-d6d9cbf81680,,simplify,"[{""site"": ""simplify"", ""url"": ""https://simplify.jobs/p/88f2dd9a-8da0-45e2-a04e-d6d9cbf81680""}]",[],[],"{""location"": [""San Mateo, CA, USA""]}",{},"{""location"": ""array_field""}",{}
https://simplify.jobs/p/1b6dad46-d332-4d72-8ecb-494ea7b03366,Principal Software Engineer - Frontend,Palo Alto Networks,"Remote; Boston, MA, USA; San Francisco, CA, USA; Austin, TX, USA; Bridgeport, CT, USA; New York, NY, USA; Phoenix, AZ, USA; Denver, CO, USA; Jacksonville, FL, USA; Atlanta, GA, USA",,,,,,2026-09-04T09:15:01+00:00,2026-07-01T22:10:11+00:00,false,,remote,full_time,,,,,simplify,https://simplify.jobs/p/1b6dad46-d332-4d72-8ecb-494ea7b03366,,simplify,"[{""site"": ""simplify"", ""url"": ""https://simplify.jobs/p/1b6dad46-d332-4d72-8ecb-494ea7b03366""}]",[],[],"{""location"": [""Remote; Boston, MA, USA; San Francisco, CA, USA; Austin, TX, USA; Bridgeport, CT, USA; New York, NY, USA; Phoenix, AZ, USA; Denver, CO, USA; Jacksonville, FL, USA; Atlanta, GA, USA""]}",{},"{""location"": ""array_field""}",{}
https://simplify.jobs/p/38e44f94-69b2-4ea9-8b83-c6eb65a4810d,Senior Frontend Developer,Tempo ,Remote; Remote in UK; Remote in Spain; Remote in Canada,,,,,,2026-09-04T07:51:01+00:00,2026-07-22T22:13:51+00:00,false,,remote,full_time,mid | senior,,,,simplify,https://simplify.jobs/p/38e44f94-69b2-4ea9-8b83-c6eb65a4810d,,simplify,"[{""site"": ""simplify"", ""url"": ""https://simplify.jobs/p/38e44f94-69b2-4ea9-8b83-c6eb65a4810d""}]",[],[],"{""location"": [""Remote; Remote in UK; Remote in Spain; Remote in Canada""]}",{},"{""location"": ""array_field""}",{}
https://simplify.jobs/p/7dfed367-a756-4b1c-9155-b36d86eb8c24,Senior Front-End Developer,Publicis Groupe,"Pune, Maharashtra, India",,,,,,2026-09-03T14:45:15+00:00,2026-08-18T07:57:18+00:00,false,,onsite,full_time,senior,,,,simplify,https://simplify.jobs/p/7dfed367-a756-4b1c-9155-b36d86eb8c24,,simplify,"[{""site"": ""simplify"", ""url"": ""https://simplify.jobs/p/7dfed367-a756-4b1c-9155-b36d86eb8c24""}]",[],[],"{""location"": [""Pune, Maharashtra, India""]}",{},"{""location"": ""array_field""}",{}
https://simplify.jobs/p/4e20c5a4-a248-4e88-81dd-1fe011a764c5,Frontend Software Engineer - Cortex AI Applications,Snowflake,"Menlo Park, CA, USA",160000.0,230000.0,USD,,,2026-09-29T22:43:31+00:00,2026-09-29T22:23:26+00:00,false,,onsite,full_time,mid,,,,simplify,https://simplify.jobs/p/4e20c5a4-a248-4e88-81dd-1fe011a764c5,,simplify,"[{""site"": ""simplify"", ""url"": ""https://simplify.jobs/p/4e20c5a4-a248-4e88-81dd-1fe011a764c5""}]",[],[],"{""location"": [""Menlo Park, CA, USA""]}",{},"{""location"": ""array_field""}",{}
https://simplify.jobs/p/f37bd7ca-a534-4815-ab08-dd40af9ab42a,Senior Software Engineer - Frontend,Phantom,Remote; Remote in USA,180000.0,220000.0,USD,,,2026-09-04T12:33:01+00:00,2026-03-27T01:11:31+00:00,false,,remote,full_time,senior,,,,simplify,https://simplify.jobs/p/f37bd7ca-a534-4815-ab08-dd40af9ab42a,,simplify,"[{""site"": ""simplify"", ""url"": ""https://simplify.jobs/p/f37bd7ca-a534-4815-ab08-dd40af9ab42a""}]",[],[],"{""location"": [""Remote; Remote in USA""]}",{},"{""location"": ""array_field""}",{}
https://simplify.jobs/p/08073144-ce4d-46c8-9ac0-cf6bee3a2715,Junior Front-End Developer - Korean Bilingual,SBT Global,"Remote; Plano, TX, USA",,,,,,2026-09-29T22:18:52+00:00,2026-09-29T22:10:08+00:00,false,,remote,full_time,senior,,,,simplify,https://simplify.jobs/p/08073144-ce4d-46c8-9ac0-cf6bee3a2715,,simplify,"[{""site"": ""simplify"", ""url"": ""https://simplify.jobs/p/08073144-ce4d-46c8-9ac0-cf6bee3a2715""}]",[],[],"{""location"": [""Remote; Plano, TX, USA""]}",{},"{""location"": ""array_field""}",{}
https://simplify.jobs/p/231db65a-87f7-49ef-991f-5b28a8954425,Senior Front-End Developer,Jobsbridge,"San Jose, CA, USA",,,,,,2026-09-04T07:24:02+00:00,2026-02-24T07:20:10+00:00,false,,onsite,full_time,senior,,,,simplify,https://simplify.jobs/p/231db65a-87f7-49ef-991f-5b28a8954425,,simplify,"[{""site"": ""simplify"", ""url"": ""https://simplify.jobs/p/231db65a-87f7-49ef-991f-5b28a8954425""}]",[],[],"{""location"": [""San Jose, CA, USA""]}",{},"{""location"": ""array_field""}",{}
https://simplify.jobs/p/403aef18-b929-438a-b65e-224971fc56e6,Front-End Software Engineer,Peraton,"College Park, MD, USA",112000.0,179000.0,USD,,,2026-09-30T22:30:01+00:00,2026-09-30T22:17:23+00:00,false,,onsite,full_time,mid,,,,simplify,https://simplify.jobs/p/403aef18-b929-438a-b65e-224971fc56e6,,simplify,"[{""site"": ""simplify"", ""url"": ""https://simplify.jobs/p/403aef18-b929-438a-b65e-224971fc56e6""}]",[],[],"{""location"": [""College Park, MD, USA""]}",{},"{""location"": ""array_field""}",{}
https://simplify.jobs/p/40eda1d7-ee7d-4f62-a628-ab9e5e1977d1,Senior Software Engineer - Frontend - Extensions Team,Cerby,Remote; Remote in USA,,,,,,2026-10-02T10:10:26+00:00,2026-07-21T01:17:30+00:00,false,,remote,full_time,senior,,,,simplify,https://simplify.jobs/p/40eda1d7-ee7d-4f62-a628-ab9e5e1977d1,,simplify,"[{""site"": ""simplify"", ""url"": ""https://simplify.jobs/p/40eda1d7-ee7d-4f62-a628-ab9e5e1977d1""}]",[],[],"{""location"": [""Remote; Remote in USA""]}",{},"{""location"": ""array_field""}",{}
https://simplify.jobs/p/50c6abb6-9da8-4138-980c-9f6b0902ad5d,Senior Frontend Software Engineer - Global Commercial Services Technology,American Express,"Seattle, WA, USA; New York, NY, USA; Phoenix, AZ, USA; Plantation, FL, USA",123000.0,215250.0,USD,,,2026-09-30T22:30:01+00:00,2026-09-30T22:19:30+00:00,false,,onsite,full_time,senior,,,,simplify,https://simplify.jobs/p/50c6abb6-9da8-4138-980c-9f6b0902ad5d,,simplify,"[{""site"": ""simplify"", ""url"": ""https://simplify.jobs/p/50c6abb6-9da8-4138-980c-9f6b0902ad5d""}]",[],[],"{""location"": [""Seattle, WA, USA; New York, NY, USA; Phoenix, AZ, USA; Plantation, FL, USA""]}",{},"{""location"": ""array_field""}",{}
https://simplify.jobs/p/ef8f653d-e883-4912-a58b-228da44a2c3f,Frontend Engineer,UpDoc,Remote; Remote in USA,,,,,,2026-09-04T09:54:01+00:00,2026-07-21T22:13:15+00:00,false,,remote,full_time,mid,,,,simplify,https://simplify.jobs/p/ef8f653d-e883-4912-a58b-228da44a2c3f,,simplify,"[{""site"": ""simplify"", ""url"": ""https://simplify.jobs/p/ef8f653d-e883-4912-a58b-228da44a2c3f""}]",[],[],"{""location"": [""Remote; Remote in USA""]}",{},"{""location"": ""array_field""}",{}
https://simplify.jobs/p/291a9354-ab0a-47c3-8e7d-9b1e137be27a,Software Engineer - Front-End,Superhuman,"Seattle, WA, USA; San Francisco, CA, USA",163500.0,284000.0,USD,,,2026-10-02T09:54:02+00:00,2026-05-26T22:09:03+00:00,false,,hybrid,full_time,senior,,,,simplify,https://simplify.jobs/p/291a9354-ab0a-47c3-8e7d-9b1e137be27a,,simplify,"[{""site"": ""simplify"", ""url"": ""https://simplify.jobs/p/291a9354-ab0a-47c3-8e7d-9b1e137be27a""}]",[],[],"{""location"": [""Seattle, WA, USA; San Francisco, CA, USA""]}",{},"{""location"": ""array_field""}",{}
https://simplify.jobs/p/36e65345-0178-4051-85a9-cd17bed33c48,Senior Frontend Engineer,SITA,"Barcelona, Spain",,,,,,2026-10-02T01:12:48+00:00,2026-08-14T04:03:55+00:00,false,,hybrid,full_time,mid,,,,simplify,https://simplify.jobs/p/36e65345-0178-4051-85a9-cd17bed33c48,,simplify,"[{""site"": ""simplify"", ""url"": ""https://simplify.jobs/p/36e65345-0178-4051-85a9-cd17bed33c48""}]",[],[],"{""location"": [""Barcelona, Spain""]}",{},"{""location"": ""array_field""}",{}
https://simplify.jobs/p/01e7233a-9e20-491c-a0c4-3eaf2962c2b7,Frontend / Full Stack Engineer,Scoutible,"San Francisco, CA, USA",,,,,,2026-09-04T01:57:21+00:00,2026-08-12T01:08:04+00:00,false,,onsite,full_time,mid,,,,simplify,https://simplify.jobs/p/01e7233a-9e20-491c-a0c4-3eaf2962c2b7,,simplify,"[{""site"": ""simplify"", ""url"": ""https://simplify.jobs/p/01e7233a-9e20-491c-a0c4-3eaf2962c2b7""}]",[],[],"{""location"": [""San Francisco, CA, USA""]}",{},"{""location"": ""array_field""}",{}
https://simplify.jobs/p/97e70bc4-0124-4cec-99a5-8f6e5011be09,Senior Front-End Web Developer/Engineer - React - NextJS,Integrity Web Consulting,"Remote; University City, MO, USA",,,,,,2026-09-04T07:24:02+00:00,2026-02-24T07:10:52+00:00,false,,remote,full_time,senior,,,,simplify,https://simplify.jobs/p/97e70bc4-0124-4cec-99a5-8f6e5011be09,,simplify,"[{""site"": ""simplify"", ""url"": ""https://simplify.jobs/p/97e70bc4-0124-4cec-99a5-8f6e5011be09""}]",[],[],"{""location"": [""Remote; University City, MO, USA""]}",{},"{""location"": ""array_field""}",{}
https://simplify.jobs/p/3b280d44-39b5-4f4a-87bd-a02915606bf6,Senior Frontend Engineer,Seminole Hard Rock,United States,,,,,,2026-09-04T12:33:01+00:00,2026-08-20T00:00:00+00:00,false,,hybrid,full_time,mid | senior,,,,simplify,https://simplify.jobs/p/3b280d44-39b5-4f4a-87bd-a02915606bf6,,simplify,"[{""site"": ""simplify"", ""url"": ""https://simplify.jobs/p/3b280d44-39b5-4f4a-87bd-a02915606bf6""}]",[],[],"{""location"": [""United States""]}",{},"{""location"": ""array_field""}",{}
https://simplify.jobs/p/243f62a2-7cf4-4ec6-8409-ac3d7fe703d7,Senior Frontend Engineer - Growth,Incard,"London, UK",,,,,,2026-09-04T09:42:02+00:00,2026-07-21T01:13:49+00:00,false,,onsite,full_time,senior,,,,simplify,https://simplify.jobs/p/243f62a2-7cf4-4ec6-8409-ac3d7fe703d7,,simplify,"[{""site"": ""simplify"", ""url"": ""https://simplify.jobs/p/243f62a2-7cf4-4ec6-8409-ac3d7fe703d7""}]",[],[],"{""location"": [""London, UK""]}",{},"{""location"": ""array_field""}",{}
https://simplify.jobs/p/a0ef4882-7508-49c7-a44d-2e0abac5880e,Frontend Developer Lead,Movado Group,"Bengaluru, Karnataka, India",,,,,,2026-10-02T12:54:12+00:00,2026-09-04T15:38:51+00:00,false,,onsite,full_time,senior,,,,simplify,https://simplify.jobs/p/a0ef4882-7508-49c7-a44d-2e0abac5880e,,simplify,"[{""site"": ""simplify"", ""url"": ""https://simplify.jobs/p/a0ef4882-7508-49c7-a44d-2e0abac5880e""}]",[],[],"{""location"": [""Bengaluru, Karnataka, India""]}",{},"{""location"": ""array_field""}",{}
https://simplify.jobs/p/83c25564-4981-45e4-8644-d0c00a07ecc0,Junior Frontend Software Engineer,Tenet3,"Dayton, OH, USA",70000.0,80000.0,USD,,,2026-09-15T23:02:26+00:00,2026-09-15T22:41:42+00:00,false,,hybrid,full_time,junior | mid,,,,simplify,https://simplify.jobs/p/83c25564-4981-45e4-8644-d0c00a07ecc0,,simplify,"[{""site"": ""simplify"", ""url"": ""https://simplify.jobs/p/83c25564-4981-45e4-8644-d0c00a07ecc0""}]",[],[],"{""location"": [""Dayton, OH, USA""]}",{},"{""location"": ""array_field""}",{}
https://simplify.jobs/p/0ad0a1d8-6e4b-48db-8caa-33cc14e654bd,Senior / Staff Software Engineer - Frontend,Suno,"New York, NY, USA",228000.0,363000.0,USD,,,2026-09-11T08:30:01+00:00,2024-09-10T00:16:10+00:00,false,,onsite,full_time,senior,,,,simplify,https://simplify.jobs/p/0ad0a1d8-6e4b-48db-8caa-33cc14e654bd,,simplify,"[{""site"": ""simplify"", ""url"": ""https://simplify.jobs/p/0ad0a1d8-6e4b-48db-8caa-33cc14e654bd""}]",[],[],"{""location"": [""New York, NY, USA""]}",{},"{""location"": ""array_field""}",{}
https://simplify.jobs/p/11d9012a-c7c8-45d0-ba54-6381ba72f95d,Frontend Engineering & Enterprise Portal Development,MUFG,"Bengaluru, Karnataka, India",,,,,,2026-09-25T08:36:04+00:00,2026-09-23T00:00:00+00:00,false,,onsite,full_time,senior,,,,simplify,https://simplify.jobs/p/11d9012a-c7c8-45d0-ba54-6381ba72f95d,,simplify,"[{""site"": ""simplify"", ""url"": ""https://simplify.jobs/p/11d9012a-c7c8-45d0-ba54-6381ba72f95d""}]",[],[],"{""location"": [""Bengaluru, Karnataka, India""]}",{},"{""location"": ""array_field""}",{}
https://simplify.jobs/p/b5509797-7c19-46de-853f-7f8e40197705,Frontend Engineer,SpreeAI,"San Francisco, CA, USA",,,,,,2026-10-02T11:30:33+00:00,2026-08-18T06:17:50+00:00,false,,hybrid,full_time,mid,,,,simplify,https://simplify.jobs/p/b5509797-7c19-46de-853f-7f8e40197705,,simplify,"[{""site"": ""simplify"", ""url"": ""https://simplify.jobs/p/b5509797-7c19-46de-853f-7f8e40197705""}]",[],[],"{""location"": [""San Francisco, CA, USA""]}",{},"{""location"": ""array_field""}",{}
https://simplify.jobs/p/644ebe72-6597-44b6-be07-166cea20428a,Senior Front-End Engineer,Gallatin AI,"Palo Alto, CA, USA; Washington, DC, USA; San Francisco, CA, USA; Austin, TX, USA; New York, NY, USA; El Segundo, CA, USA",80000.0,210000.0,USD,,,2026-09-04T06:57:01+00:00,2025-10-31T07:23:02+00:00,false,,onsite,full_time,senior,,,,simplify,https://simplify.jobs/p/644ebe72-6597-44b6-be07-166cea20428a,,simplify,"[{""site"": ""simplify"", ""url"": ""https://simplify.jobs/p/644ebe72-6597-44b6-be07-166cea20428a""}]",[],[],"{""location"": [""Palo Alto, CA, USA; Washington, DC, USA; San Francisco, CA, USA; Austin, TX, USA; New York, NY, USA; El Segundo, CA, USA""]}",{},"{""location"": ""array_field""}",{}
https://simplify.jobs/p/57645dbc-00ae-44d7-b0f2-1ebaebad1bae,Front-End Developer,Amentum,"Chantilly, VA, USA",190000.0,220000.0,USD,,,2026-09-03T15:48:17+00:00,2026-08-14T00:00:00+00:00,false,,onsite,full_time,senior,,,,simplify,https://simplify.jobs/p/57645dbc-00ae-44d7-b0f2-1ebaebad1bae,,simplify,"[{""site"": ""simplify"", ""url"": ""https://simplify.jobs/p/57645dbc-00ae-44d7-b0f2-1ebaebad1bae""}]",[],[],"{""location"": [""Chantilly, VA, USA""]}",{},"{""location"": ""array_field""}",{}
https://simplify.jobs/p/f8269762-4b41-4647-8271-61ed5912b0e4,Senior Frontend Software Engineer - Next.js,Makai Labs,Remote; Remote in Canada,,,,,,2026-09-30T22:36:02+00:00,2026-09-30T22:23:56+00:00,false,,remote,full_time,senior,,,,simplify,https://simplify.jobs/p/f8269762-4b41-4647-8271-61ed5912b0e4,,simplify,"[{""site"": ""simplify"", ""url"": ""https://simplify.jobs/p/f8269762-4b41-4647-8271-61ed5912b0e4""}]",[],[],"{""location"": [""Remote; Remote in Canada""]}",{},"{""location"": ""array_field""}",{}
https://simplify.jobs/p/f87368ea-638b-4f30-a7da-8dd684c03bff,Senior Product Software Engineer - Frontend,The Walt Disney Company,"Seattle, WA, USA; Santa Monica, CA, USA; New York, NY, USA",141900.0,199400.0,USD,,,2026-09-03T19:06:23+00:00,2026-08-13T22:32:56+00:00,false,,hybrid,full_time,senior,,,,simplify,https://simplify.jobs/p/f87368ea-638b-4f30-a7da-8dd684c03bff,,simplify,"[{""site"": ""simplify"", ""url"": ""https://simplify.jobs/p/f87368ea-638b-4f30-a7da-8dd684c03bff""}]",[],[],"{""location"": [""Seattle, WA, USA; Santa Monica, CA, USA; New York, NY, USA""]}",{},"{""location"": ""array_field""}",{}
https://simplify.jobs/p/225c1fd7-1eae-473d-bd77-070594b0a86a,Mobile Application Developer - Front-end,Jobsbridge,"Houston, TX, USA",,,,,,2026-09-04T07:24:02+00:00,2026-02-24T07:19:45+00:00,false,,onsite,full_time,mid,,,,simplify,https://simplify.jobs/p/225c1fd7-1eae-473d-bd77-070594b0a86a,,simplify,"[{""site"": ""simplify"", ""url"": ""https://simplify.jobs/p/225c1fd7-1eae-473d-bd77-070594b0a86a""}]",[],[],"{""location"": [""Houston, TX, USA""]}",{},"{""location"": ""array_field""}",{}
https://simplify.jobs/p/8c6eb97d-3ee3-40c1-b7ed-0ae71c99f0c4,Software Engineer - Frontend,Latent,"San Francisco, CA, USA",200000.0,275000.0,USD,,,2026-09-30T10:03:15+00:00,2026-02-13T02:15:33+00:00,false,,onsite,full_time,mid,,,,simplify,https://simplify.jobs/p/8c6eb97d-3ee3-40c1-b7ed-0ae71c99f0c4,,simplify,"[{""site"": ""simplify"", ""url"": ""https://simplify.jobs/p/8c6eb97d-3ee3-40c1-b7ed-0ae71c99f0c4""}]",[],[],"{""location"": [""San Francisco, CA, USA""]}",{},"{""location"": ""array_field""}",{}
https://simplify.jobs/p/abcce012-0ddb-4eed-acd1-cfdd6608e201,Frontend Engineer,Almedia,"Berlin, Germany",60000.0,140000.0,EUR,,,2026-10-02T11:03:01+00:00,2026-06-19T14:12:08+00:00,false,,onsite,full_time,senior,,,,simplify,https://simplify.jobs/p/abcce012-0ddb-4eed-acd1-cfdd6608e201,,simplify,"[{""site"": ""simplify"", ""url"": ""https://simplify.jobs/p/abcce012-0ddb-4eed-acd1-cfdd6608e201""}]",[],[],"{""location"": [""Berlin, Germany""]}",{},"{""location"": ""array_field""}",{}
https://simplify.jobs/p/7d9a30ce-2472-4a7b-ac5e-9481ba034382,Senior React Front-End Developer,Meritis,"Montpellier, France",,,,,,2026-09-14T14:07:55+00:00,2026-09-14T14:05:47+00:00,false,,onsite,full_time,senior,,,,simplify,https://simplify.jobs/p/7d9a30ce-2472-4a7b-ac5e-9481ba034382,,simplify,"[{""site"": ""simplify"", ""url"": ""https://simplify.jobs/p/7d9a30ce-2472-4a7b-ac5e-9481ba034382""}]",[],[],"{""location"": [""Montpellier, France""]}",{},"{""location"": ""array_field""}",{}
https://simplify.jobs/p/bf12b044-bd66-49d7-b259-7fd7ba58431e,Front-End Developer,General Dynamics Information Technology,"Springfield, VA, USA",159120.0,215280.0,USD,,,2026-09-04T13:12:01+00:00,2026-09-01T00:00:00+00:00,false,,onsite,full_time,senior,,,,simplify,https://simplify.jobs/p/bf12b044-bd66-49d7-b259-7fd7ba58431e,,simplify,"[{""site"": ""simplify"", ""url"": ""https://simplify.jobs/p/bf12b044-bd66-49d7-b259-7fd7ba58431e""}]",[],[],"{""location"": [""Springfield, VA, USA""]}",{},"{""location"": ""array_field""}",{}
https://simplify.jobs/p/79e3e3ba-5ec0-4039-9630-346e6e27c2fe,Software Engineer - Front-End,TensorWave,"Remote; Las Vegas, NV, USA",,,,,,2026-09-03T19:00:22+00:00,2026-06-20T06:07:18+00:00,false,,remote,full_time,senior,,,,simplify,https://simplify.jobs/p/79e3e3ba-5ec0-4039-9630-346e6e27c2fe,,simplify,"[{""site"": ""simplify"", ""url"": ""https://simplify.jobs/p/79e3e3ba-5ec0-4039-9630-346e6e27c2fe""}]",[],[],"{""location"": [""Remote; Las Vegas, NV, USA""]}",{},"{""location"": ""array_field""}",{}
https://simplify.jobs/p/7dce16f3-c0c0-471a-9062-6d327c822435,Frontend Developer,Whc,"Montreal, QC, Canada",,,,,,2026-10-02T10:50:56+00:00,2026-09-29T22:23:05+00:00,false,,hybrid,full_time,mid,,,,simplify,https://simplify.jobs/p/7dce16f3-c0c0-471a-9062-6d327c822435,,simplify,"[{""site"": ""simplify"", ""url"": ""https://simplify.jobs/p/7dce16f3-c0c0-471a-9062-6d327c822435""}]",[],[],"{""location"": [""Montreal, QC, Canada""]}",{},"{""location"": ""array_field""}",{}
https://simplify.jobs/p/b84d36a7-332e-4675-8aa2-8c3b8b4e996e,Senior Software Engineer - Frontend - Design System & Mobile,Doctolib,"Île-de-France, France; Levallois-Perret, France",,,,,,2026-10-02T11:06:19+00:00,2026-07-21T01:15:50+00:00,false,,hybrid,contract,senior,,,,simplify,https://simplify.jobs/p/b84d36a7-332e-4675-8aa2-8c3b8b4e996e,,simplify,"[{""site"": ""simplify"", ""url"": ""https://simplify.jobs/p/b84d36a7-332e-4675-8aa2-8c3b8b4e996e""}]",[],[],"{""location"": [""Île-de-France, France; Levallois-Perret, France""]}",{},"{""location"": ""array_field""}",{}
https://simplify.jobs/p/cb47437d-5c85-4979-992b-5d7c6956ca21,Software Engineer 1 - Frontend - Upfunnel,Affirm,Remote; Remote in Canada,101000.0,151000.0,CAD,,,2026-09-12T00:01:10+00:00,2026-09-11T23:56:22+00:00,false,,remote,full_time,junior,,,,simplify,https://simplify.jobs/p/cb47437d-5c85-4979-992b-5d7c6956ca21,,simplify,"[{""site"": ""simplify"", ""url"": ""https://simplify.jobs/p/cb47437d-5c85-4979-992b-5d7c6956ca21""}]",[],[],"{""location"": [""Remote; Remote in Canada""]}",{},"{""location"": ""array_field""}",{}
https://simplify.jobs/p/e9da6370-6bb2-45ff-8ecf-a35b107cf35d,Front-End Software Developer - Modeling & Simulation - HITL,Intrepid Solutions and Services,"Aberdeen Proving Ground, MD, USA",180000.0,200000.0,USD,,,2026-09-03T05:57:06+00:00,2026-08-28T21:02:33+00:00,false,,onsite,full_time,mid,,,,simplify,https://simplify.jobs/p/e9da6370-6bb2-45ff-8ecf-a35b107cf35d,,simplify,"[{""site"": ""simplify"", ""url"": ""https://simplify.jobs/p/e9da6370-6bb2-45ff-8ecf-a35b107cf35d""}]",[],[],"{""location"": [""Aberdeen Proving Ground, MD, USA""]}",{},"{""location"": ""array_field""}",{}
https://simplify.jobs/p/2130f213-18da-4b32-bbfe-0dbf6609aee2,Senior Software Engineer - Frontend - Coinbase Card,Coinbase,Remote in USA,186065.0,218900.0,USD,,,2026-09-03T20:09:21+00:00,2026-07-28T22:31:19+00:00,false,,hybrid,full_time,senior,,,,simplify,https://simplify.jobs/p/2130f213-18da-4b32-bbfe-0dbf6609aee2,,simplify,"[{""site"": ""simplify"", ""url"": ""https://simplify.jobs/p/2130f213-18da-4b32-bbfe-0dbf6609aee2""}]",[],[],"{""location"": [""Remote in USA""]}",{},"{""location"": ""array_field""}",{}
https://simplify.jobs/p/5d2bac0d-fe78-4828-a855-d62a3f4fe54d,Frontend Developer - Vue and Nuxt,Dentsu,"Pune, Maharashtra, India",,,,,,2026-09-15T14:12:01+00:00,2026-06-20T10:20:03+00:00,false,,onsite,full_time,senior,,,,simplify,https://simplify.jobs/p/5d2bac0d-fe78-4828-a855-d62a3f4fe54d,,simplify,"[{""site"": ""simplify"", ""url"": ""https://simplify.jobs/p/5d2bac0d-fe78-4828-a855-d62a3f4fe54d""}]",[],[],"{""location"": [""Pune, Maharashtra, India""]}",{},"{""location"": ""array_field""}",{}
https://simplify.jobs/p/4d16fa0c-b435-4504-a210-913e781612d9,Senior Frontend Engineer,Halliday,"San Francisco, CA, USA; New York, NY, USA",150000.0,250000.0,USD,,,2026-09-04T13:18:01+00:00,2026-06-19T01:09:13+00:00,false,,hybrid,full_time,senior,,,,simplify,https://simplify.jobs/p/4d16fa0c-b435-4504-a210-913e781612d9,,simplify,"[{""site"": ""simplify"", ""url"": ""https://simplify.jobs/p/4d16fa0c-b435-4504-a210-913e781612d9""}]",[],[],"{""location"": [""San Francisco, CA, USA; New York, NY, USA""]}",{},"{""location"": ""array_field""}",{}
https://simplify.jobs/p/b0767514-5093-4aad-9c4d-0c9f07120482,Staff Frontend Software Engineer,Sarvam,"Bengaluru, Karnataka, India",,,,,,2026-09-15T09:35:34+00:00,2026-09-15T09:30:17+00:00,false,,onsite,full_time,senior,,,,simplify,https://simplify.jobs/p/b0767514-5093-4aad-9c4d-0c9f07120482,,simplify,"[{""site"": ""simplify"", ""url"": ""https://simplify.jobs/p/b0767514-5093-4aad-9c4d-0c9f07120482""}]",[],[],"{""location"": [""Bengaluru, Karnataka, India""]}",{},"{""location"": ""array_field""}",{}
https://simplify.jobs/p/3e9efe58-f6ba-4287-a8ba-296b9d768f4e,Frontend Software Development Engineer 2,Slate Auto,Remote; Remote in USA,119662.0,179493.0,USD,,,2026-09-03T14:21:14+00:00,2026-08-18T00:00:00+00:00,false,,remote,full_time,mid,,,,simplify,https://simplify.jobs/p/3e9efe58-f6ba-4287-a8ba-296b9d768f4e,,simplify,"[{""site"": ""simplify"", ""url"": ""https://simplify.jobs/p/3e9efe58-f6ba-4287-a8ba-296b9d768f4e""}]",[],[],"{""location"": [""Remote; Remote in USA""]}",{},"{""location"": ""array_field""}",{}
https://simplify.jobs/p/def68708-d244-465b-b6d0-09c584ee6069,Staff Software Engineer - Frontend Platform,Anduril,"Costa Mesa, CA, USA",220000.0,292000.0,USD,,,2026-09-24T22:51:01+00:00,2026-09-24T22:46:00+00:00,false,,onsite,full_time,senior,,,,simplify,https://simplify.jobs/p/def68708-d244-465b-b6d0-09c584ee6069,,simplify,"[{""site"": ""simplify"", ""url"": ""https://simplify.jobs/p/def68708-d244-465b-b6d0-09c584ee6069""}]",[],[],"{""location"": [""Costa Mesa, CA, USA""]}",{},"{""location"": ""array_field""}",{}
https://simplify.jobs/p/dfdbea7e-e2a4-4971-8e41-03bbb42100f3,Frontend Engineer - Underwriting,Coalition,Remote; Remote in Canada,115600.0,160600.0,CAD,,,2026-09-16T22:45:02+00:00,2026-09-16T22:43:38+00:00,false,,remote,full_time,junior,,,,simplify,https://simplify.jobs/p/dfdbea7e-e2a4-4971-8e41-03bbb42100f3,,simplify,"[{""site"": ""simplify"", ""url"": ""https://simplify.jobs/p/dfdbea7e-e2a4-4971-8e41-03bbb42100f3""}]",[],[],"{""location"": [""Remote; Remote in Canada""]}",{},"{""location"": ""array_field""}",{}
https://simplify.jobs/p/18ef5507-b376-4291-ae39-f12fc5a02588,Frontend JavaScript Developer,Arternal,"Toronto, ON, Canada",,,,,,2026-09-04T12:09:01+00:00,2026-08-18T01:14:46+00:00,false,,onsite,full_time,mid,,,,simplify,https://simplify.jobs/p/18ef5507-b376-4291-ae39-f12fc5a02588,,simplify,"[{""site"": ""simplify"", ""url"": ""https://simplify.jobs/p/18ef5507-b376-4291-ae39-f12fc5a02588""}]",[],[],"{""location"": [""Toronto, ON, Canada""]}",{},"{""location"": ""array_field""}",{}
https://simplify.jobs/p/0080bd46-1534-4746-9334-da2f577705c9,Senior Frontend Engineer,Healthie,"Los Angeles, CA, USA; New York, NY, USA",160000.0,190000.0,USD,,,2026-10-01T01:42:01+00:00,2026-09-21T01:39:02+00:00,false,,hybrid,full_time,senior,,,,simplify,https://simplify.jobs/p/0080bd46-1534-4746-9334-da2f577705c9,,simplify,"[{""site"": ""simplify"", ""url"": ""https://simplify.jobs/p/0080bd46-1534-4746-9334-da2f577705c9""}]",[],[],"{""location"": [""Los Angeles, CA, USA; New York, NY, USA""]}",{},"{""location"": ""array_field""}",{}
https://simplify.jobs/p/3ddfcb97-8a8b-41aa-8b0f-b98da0fe631d,Senior Frontend Engineer,SciSpace,"Bengaluru, Karnataka, India",1500000.0,2000000.0,INR,,,2026-09-04T02:15:20+00:00,2026-08-13T06:04:16+00:00,false,,onsite,full_time,mid | senior,,,,simplify,https://simplify.jobs/p/3ddfcb97-8a8b-41aa-8b0f-b98da0fe631d,,simplify,"[{""site"": ""simplify"", ""url"": ""https://simplify.jobs/p/3ddfcb97-8a8b-41aa-8b0f-b98da0fe631d""}]",[],[],"{""location"": [""Bengaluru, Karnataka, India""]}",{},"{""location"": ""array_field""}",{}
https://simplify.jobs/p/4b727015-45bb-45a3-8436-7ee7adcb9c51,Senior Staff Engineer - Frontend React,Nagarro,"Hyderabad, Telangana, India",,,,,,2026-09-03T17:09:30+00:00,2025-03-13T02:24:58+00:00,false,,onsite,full_time,senior,,,,simplify,https://simplify.jobs/p/4b727015-45bb-45a3-8436-7ee7adcb9c51,,simplify,"[{""site"": ""simplify"", ""url"": ""https://simplify.jobs/p/4b727015-45bb-45a3-8436-7ee7adcb9c51""}]",[],[],"{""location"": [""Hyderabad, Telangana, India""]}",{},"{""location"": ""array_field""}",{}
https://simplify.jobs/p/fc96f7ad-5d12-42c7-918c-dbce7cc4c879,Staff Frontend Software Engineer - Factory Software,Tesla,"Fremont, CA, USA",,,,,,2026-09-21T10:33:20+00:00,2026-07-31T06:16:04+00:00,false,,onsite,full_time,mid | senior,,,,simplify,https://simplify.jobs/p/fc96f7ad-5d12-42c7-918c-dbce7cc4c879,,simplify,"[{""site"": ""simplify"", ""url"": ""https://simplify.jobs/p/fc96f7ad-5d12-42c7-918c-dbce7cc4c879""}]",[],[],"{""location"": [""Fremont, CA, USA""]}",{},"{""location"": ""array_field""}",{}
https://simplify.jobs/p/3f81c801-b26c-4b49-a8cd-b994daa34e38,Senior Frontend Developer - React,Treehouse Strategy and Communications,"Remote; White Plains, NY, USA",,,,,,2026-09-04T07:24:02+00:00,2026-03-05T02:10:24+00:00,false,,remote,full_time,senior,,,,simplify,https://simplify.jobs/p/3f81c801-b26c-4b49-a8cd-b994daa34e38,,simplify,"[{""site"": ""simplify"", ""url"": ""https://simplify.jobs/p/3f81c801-b26c-4b49-a8cd-b994daa34e38""}]",[],[],"{""location"": [""Remote; White Plains, NY, USA""]}",{},"{""location"": ""array_field""}",{}
https://simplify.jobs/p/829f8dbc-666b-4579-8065-3f82691987ee,Senior Front-End Engineer,Mochi Health,"San Francisco, CA, USA",230000.0,280000.0,USD,,,2026-09-04T07:51:01+00:00,2026-05-14T22:22:01+00:00,false,,onsite,full_time,senior,,,,simplify,https://simplify.jobs/p/829f8dbc-666b-4579-8065-3f82691987ee,,simplify,"[{""site"": ""simplify"", ""url"": ""https://simplify.jobs/p/829f8dbc-666b-4579-8065-3f82691987ee""}]",[],[],"{""location"": [""San Francisco, CA, USA""]}",{},"{""location"": ""array_field""}",{}
https://simplify.jobs/p/38929fb1-b898-4d96-9ca3-a7ef4c5962b0,Front-End Developer - Angular,NIH-NCBI,"Bethesda, MD, USA",115000.0,135000.0,USD,,,2026-02-24T23:35:37+00:00,2026-02-24T23:35:37+00:00,false,,onsite,full_time,senior,,,,simplify,https://simplify.jobs/p/38929fb1-b898-4d96-9ca3-a7ef4c5962b0,,simplify,"[{""site"": ""simplify"", ""url"": ""https://simplify.jobs/p/38929fb1-b898-4d96-9ca3-a7ef4c5962b0""}]",[],[],"{""location"": [""Bethesda, MD, USA""]}",{},"{""location"": ""array_field""}",{}
https://simplify.jobs/p/8f093ad0-1f3e-40c8-805c-78412862bef4,Front-End Developer - Front-End,The Publisher Desk,Remote; Remote in USA,,,,,,2025-11-12T03:25:56+00:00,2025-10-31T08:43:04+00:00,false,,remote,full_time,senior,,,,simplify,https://simplify.jobs/p/8f093ad0-1f3e-40c8-805c-78412862bef4,,simplify,"[{""site"": ""simplify"", ""url"": ""https://simplify.jobs/p/8f093ad0-1f3e-40c8-805c-78412862bef4""}]",[],[],"{""location"": [""Remote; Remote in USA""]}",{},"{""location"": ""array_field""}",{}
https://simplify.jobs/p/37bc68fb-3c92-47e6-8a7f-d9cbbf5e8161,Front-End Web Developer,IntegraSafe,"Evansville, IN, USA",,,,,,2026-09-04T01:57:21+00:00,2026-08-12T01:09:14+00:00,false,,onsite,full_time,mid,,,,simplify,https://simplify.jobs/p/37bc68fb-3c92-47e6-8a7f-d9cbbf5e8161,,simplify,"[{""site"": ""simplify"", ""url"": ""https://simplify.jobs/p/37bc68fb-3c92-47e6-8a7f-d9cbbf5e8161""}]",[],[],"{""location"": [""Evansville, IN, USA""]}",{},"{""location"": ""array_field""}",{}
https://simplify.jobs/p/01c9cc84-1c8a-4b1a-9222-65a0c0748240,Front-end Engineer,Veliu,"Ireland; Milan, Metropolitan City of Milan, Italy",45000.0,75000.0,EUR,,,2026-09-04T09:42:02+00:00,2026-07-21T01:14:26+00:00,false,,onsite,full_time,mid,,,,simplify,https://simplify.jobs/p/01c9cc84-1c8a-4b1a-9222-65a0c0748240,,simplify,"[{""site"": ""simplify"", ""url"": ""https://simplify.jobs/p/01c9cc84-1c8a-4b1a-9222-65a0c0748240""}]",[],[],"{""location"": [""Ireland; Milan, Metropolitan City of Milan, Italy""]}",{},"{""location"": ""array_field""}",{}
https://simplify.jobs/p/88c844b5-064a-4807-bb0a-7ddacff388bd,Frontend Software Engineer Intern - Innovation - Blockchain,ALTEN Mexico,"Rennes, France",1200.0,1200.0,EUR,,,2026-09-24T22:18:55+00:00,2026-09-24T22:07:06+00:00,true,,onsite,internship,intern,,,,simplify,https://simplify.jobs/p/88c844b5-064a-4807-bb0a-7ddacff388bd,,simplify,"[{""site"": ""simplify"", ""url"": ""https://simplify.jobs/p/88c844b5-064a-4807-bb0a-7ddacff388bd""}]",[],[],"{""location"": [""Rennes, France""]}",{},"{""location"": ""array_field""}",{}
https://simplify.jobs/p/9f9538eb-b7db-4c3e-b93f-2bbe6faa7306,Senior Frontend Developer - Marketing,Hevo Data,"Bengaluru, Karnataka, India",,,,,,2026-02-03T09:53:55+00:00,2025-12-04T07:15:00+00:00,false,,onsite,full_time,mid | senior,,,,simplify,https://simplify.jobs/p/9f9538eb-b7db-4c3e-b93f-2bbe6faa7306,,simplify,"[{""site"": ""simplify"", ""url"": ""https://simplify.jobs/p/9f9538eb-b7db-4c3e-b93f-2bbe6faa7306""}]",[],[],"{""location"": [""Bengaluru, Karnataka, India""]}",{},"{""location"": ""array_field""}",{}
https://simplify.jobs/p/11b0fcd9-027f-471a-a6e8-c18f4ad35ffc,Staff Frontend Engineer,ClickUp,Remote; Remote in USA,200000.0,250000.0,USD,,,2026-09-04T22:45:01+00:00,2026-09-04T22:43:19+00:00,false,,remote,full_time,senior,,,,simplify,https://simplify.jobs/p/11b0fcd9-027f-471a-a6e8-c18f4ad35ffc,,simplify,"[{""site"": ""simplify"", ""url"": ""https://simplify.jobs/p/11b0fcd9-027f-471a-a6e8-c18f4ad35ffc""}]",[],[],"{""location"": [""Remote; Remote in USA""]}",{},"{""location"": ""array_field""}",{}
https://simplify.jobs/p/81f11cd7-f0ca-41ad-aae9-33913522d1ef,Web Development / Frontend Intern,Amber,"Cologne, Germany",18.0,20.0,EUR,,,2026-09-03T23:39:21+00:00,2026-08-05T14:17:51+00:00,true,,hybrid,internship,intern,,,,simplify,https://simplify.jobs/p/81f11cd7-f0ca-41ad-aae9-33913522d1ef,,simplify,"[{""site"": ""simplify"", ""url"": ""https://simplify.jobs/p/81f11cd7-f0ca-41ad-aae9-33913522d1ef""}]",[],[],"{""location"": [""Cologne, Germany""]}",{},"{""location"": ""array_field""}",{}
https://simplify.jobs/p/0c0d8a03-4cbd-4f65-9e61-862eb8a3b3b7,Front-End Developer - React,Version 1,"Belfast, UK",,,,,,2026-09-04T02:15:20+00:00,2026-08-13T06:04:35+00:00,false,,hybrid,full_time,mid,,,,simplify,https://simplify.jobs/p/0c0d8a03-4cbd-4f65-9e61-862eb8a3b3b7,,simplify,"[{""site"": ""simplify"", ""url"": ""https://simplify.jobs/p/0c0d8a03-4cbd-4f65-9e61-862eb8a3b3b7""}]",[],[],"{""location"": [""Belfast, UK""]}",{},"{""location"": ""array_field""}",{}
https://simplify.jobs/p/a049e140-2ce5-4674-b8e7-3ca2832d63c6,AEM EDS Developer - Front-End Developer - EDS Migration,Orion Innovation,Remote; Remote in India,,,,,,2026-09-03T05:03:06+00:00,2026-08-31T07:32:11+00:00,false,,remote,full_time,senior,,,,simplify,https://simplify.jobs/p/a049e140-2ce5-4674-b8e7-3ca2832d63c6,,simplify,"[{""site"": ""simplify"", ""url"": ""https://simplify.jobs/p/a049e140-2ce5-4674-b8e7-3ca2832d63c6""}]",[],[],"{""location"": [""Remote; Remote in India""]}",{},"{""location"": ""array_field""}",{}
https://simplify.jobs/p/7561d4ea-7ed4-4b7a-aca6-fc4db7970bcc,Frontend Engineer,BJAK,Remote; Remote in USA,,,,,,2026-09-10T01:28:18+00:00,2026-09-10T01:24:47+00:00,false,,remote,full_time,mid,,,,simplify,https://simplify.jobs/p/7561d4ea-7ed4-4b7a-aca6-fc4db7970bcc,,simplify,"[{""site"": ""simplify"", ""url"": ""https://simplify.jobs/p/7561d4ea-7ed4-4b7a-aca6-fc4db7970bcc""}]",[],[],"{""location"": [""Remote; Remote in USA""]}",{},"{""location"": ""array_field""}",{}
https://simplify.jobs/p/e37bc864-f5ab-44d9-949a-c99672f4e1ae,Senior Frontend Engineer,CircleIn,"Remote; Calverton, MD, USA",,,,,,2026-09-04T02:24:21+00:00,2026-08-13T06:13:23+00:00,false,,remote,full_time,mid | senior,,,,simplify,https://simplify.jobs/p/e37bc864-f5ab-44d9-949a-c99672f4e1ae,,simplify,"[{""site"": ""simplify"", ""url"": ""https://simplify.jobs/p/e37bc864-f5ab-44d9-949a-c99672f4e1ae""}]",[],[],"{""location"": [""Remote; Calverton, MD, USA""]}",{},"{""location"": ""array_field""}",{}
https://simplify.jobs/p/b9cd9e7b-8557-43cb-8424-0fb7be2be8db,Frontend Engineer,Bedrock Robotics,"New York, NY, USA",,,,,,2026-09-13T19:06:01+00:00,2026-07-07T09:11:44+00:00,false,,hybrid,full_time,senior,,,,simplify,https://simplify.jobs/p/b9cd9e7b-8557-43cb-8424-0fb7be2be8db,,simplify,"[{""site"": ""simplify"", ""url"": ""https://simplify.jobs/p/b9cd9e7b-8557-43cb-8424-0fb7be2be8db""}]",[],[],"{""location"": [""New York, NY, USA""]}",{},"{""location"": ""array_field""}",{}
https://simplify.jobs/p/5cff4566-4add-477e-9f69-bf1a43180bb4,Frontend Engineer,Adway,"San Francisco, CA, USA",,,,,,2026-09-04T09:42:02+00:00,2026-07-21T01:13:50+00:00,false,,onsite,full_time,mid,,,,simplify,https://simplify.jobs/p/5cff4566-4add-477e-9f69-bf1a43180bb4,,simplify,"[{""site"": ""simplify"", ""url"": ""https://simplify.jobs/p/5cff4566-4add-477e-9f69-bf1a43180bb4""}]",[],[],"{""location"": [""San Francisco, CA, USA""]}",{},"{""location"": ""array_field""}",{}
https://simplify.jobs/p/6516967e-afdb-4d57-aa73-a65f5e6806d1,Senior Frontend Software Engineer,Roblox,"San Mateo, CA, USA",242100.0,293800.0,USD,,,2026-09-15T09:06:02+00:00,2025-11-18T00:34:53+00:00,false,,hybrid,full_time,mid | senior,,,,simplify,https://simplify.jobs/p/6516967e-afdb-4d57-aa73-a65f5e6806d1,,simplify,"[{""site"": ""simplify"", ""url"": ""https://simplify.jobs/p/6516967e-afdb-4d57-aa73-a65f5e6806d1""}]",[],[],"{""location"": [""San Mateo, CA, USA""]}",{},"{""location"": ""array_field""}",{}
https://simplify.jobs/p/569126cc-35fe-45a4-bfbe-4c0baadeb8e1,Staff Frontend Engineer - UI Platform,Databricks,"Seattle, WA, USA",181000.0,261000.0,USD,,,2026-09-04T07:12:12+00:00,2026-02-03T23:24:44+00:00,false,,onsite,full_time,senior,,,,simplify,https://simplify.jobs/p/569126cc-35fe-45a4-bfbe-4c0baadeb8e1,,simplify,"[{""site"": ""simplify"", ""url"": ""https://simplify.jobs/p/569126cc-35fe-45a4-bfbe-4c0baadeb8e1""}]",[],[],"{""location"": [""Seattle, WA, USA""]}",{},"{""location"": ""array_field""}",{}
https://simplify.jobs/p/7689b66e-d6e9-4c7f-aff5-37ea0b9643c5,SharePoint and Front-End Developer - Consultant,World Food Programme,"Rome, Metropolitan City of Rome Capital, Italy",,,,,,2026-09-30T22:18:38+00:00,2026-09-30T00:00:00+00:00,false,,onsite,full_time,mid,,,,simplify,https://simplify.jobs/p/7689b66e-d6e9-4c7f-aff5-37ea0b9643c5,,simplify,"[{""site"": ""simplify"", ""url"": ""https://simplify.jobs/p/7689b66e-d6e9-4c7f-aff5-37ea0b9643c5""}]",[],[],"{""location"": [""Rome, Metropolitan City of Rome Capital, Italy""]}",{},"{""location"": ""array_field""}",{}
https://simplify.jobs/p/9d21716f-92aa-46b6-94f4-3b159b82822e,Frontend Engineer - Growth & Agents,EvenUp,"Toronto, ON, Canada; San Francisco, CA, USA",,,,,,2026-10-02T11:30:14+00:00,2026-07-13T22:11:55+00:00,false,,hybrid,full_time,senior,,,,simplify,https://simplify.jobs/p/9d21716f-92aa-46b6-94f4-3b159b82822e,,simplify,"[{""site"": ""simplify"", ""url"": ""https://simplify.jobs/p/9d21716f-92aa-46b6-94f4-3b159b82822e""}]",[],[],"{""location"": [""Toronto, ON, Canada; San Francisco, CA, USA""]}",{},"{""location"": ""array_field""}",{}
https://simplify.jobs/p/d133293e-735d-43fc-96a6-a8b6eed7a81d,Frontend Engineer,Stripe,Canada,135200.0,202800.0,CAD,,,2026-09-22T22:45:01+00:00,2026-09-22T22:32:45+00:00,false,,onsite,full_time,junior,,,,simplify,https://simplify.jobs/p/d133293e-735d-43fc-96a6-a8b6eed7a81d,,simplify,"[{""site"": ""simplify"", ""url"": ""https://simplify.jobs/p/d133293e-735d-43fc-96a6-a8b6eed7a81d""}]",[],[],"{""location"": [""Canada""]}",{},"{""location"": ""array_field""}",{}
https://simplify.jobs/p/7bb819a5-7051-404d-a8d8-bc93d2593433,Senior Frontend Engineer,Ravenna,"Seattle, WA, USA",160000.0,200000.0,USD,,,2026-09-04T09:30:01+00:00,2026-07-15T14:11:28+00:00,false,,hybrid,full_time,mid | senior,,,,simplify,https://simplify.jobs/p/7bb819a5-7051-404d-a8d8-bc93d2593433,,simplify,"[{""site"": ""simplify"", ""url"": ""https://simplify.jobs/p/7bb819a5-7051-404d-a8d8-bc93d2593433""}]",[],[],"{""location"": [""Seattle, WA, USA""]}",{},"{""location"": ""array_field""}",{}
https://simplify.jobs/p/06df145f-04cc-47f4-a22a-6f78f5cdcd1f,Lead Front-End Engineer,Eventogy,"London, UK",,,,,,2026-09-18T22:33:01+00:00,2026-09-18T22:19:24+00:00,false,,hybrid,full_time,senior,,,,simplify,https://simplify.jobs/p/06df145f-04cc-47f4-a22a-6f78f5cdcd1f,,simplify,"[{""site"": ""simplify"", ""url"": ""https://simplify.jobs/p/06df145f-04cc-47f4-a22a-6f78f5cdcd1f""}]",[],[],"{""location"": [""London, UK""]}",{},"{""location"": ""array_field""}",{}
https://simplify.jobs/p/0df76ac4-b22e-4094-b093-3fec1a8aa109,Frontend Platform Engineer - Design Systems,LangChain,"Remote; Boston, MA, USA; Remote in USA; New York, NY, USA",180000.0,240000.0,USD,,,2026-09-12T08:36:30+00:00,2026-08-22T02:36:34+00:00,false,,remote,full_time,senior,,,,simplify,https://simplify.jobs/p/0df76ac4-b22e-4094-b093-3fec1a8aa109,,simplify,"[{""site"": ""simplify"", ""url"": ""https://simplify.jobs/p/0df76ac4-b22e-4094-b093-3fec1a8aa109""}]",[],[],"{""location"": [""Remote; Boston, MA, USA; Remote in USA; New York, NY, USA""]}",{},"{""location"": ""array_field""}",{}
https://simplify.jobs/p/a0d382e9-ba5e-41ee-860e-27e1ad77f443,Frontend Developer - Palantir,Deloitte,"Baltimore, MD, USA",102500.0,170900.0,USD,,,2026-09-25T22:33:01+00:00,2026-09-25T22:17:46+00:00,false,,hybrid,full_time,junior,,,,simplify,https://simplify.jobs/p/a0d382e9-ba5e-41ee-860e-27e1ad77f443,,simplify,"[{""site"": ""simplify"", ""url"": ""https://simplify.jobs/p/a0d382e9-ba5e-41ee-860e-27e1ad77f443""}]",[],[],"{""location"": [""Baltimore, MD, USA""]}",{},"{""location"": ""array_field""}",{}
https://simplify.jobs/p/025ae590-5ec3-401f-b191-a8751d52871c,Senior Frontend Engineer - Product,SoloPulse,"Peachtree Corners, GA, USA",120000.0,180000.0,USD,,,2026-09-07T22:39:01+00:00,2026-09-07T22:36:17+00:00,false,,hybrid,full_time,senior,,,,simplify,https://simplify.jobs/p/025ae590-5ec3-401f-b191-a8751d52871c,,simplify,"[{""site"": ""simplify"", ""url"": ""https://simplify.jobs/p/025ae590-5ec3-401f-b191-a8751d52871c""}]",[],[],"{""location"": [""Peachtree Corners, GA, USA""]}",{},"{""location"": ""array_field""}",{}
https://simplify.jobs/p/22570892-57f7-4d75-aa45-8c1c9aab5c58,Frontend Software Engineer - Frontend,HeartFlow,"San Francisco, CA, USA",130000.0,175000.0,USD,,,2026-09-25T06:17:13+00:00,2026-09-25T06:12:52+00:00,false,,hybrid,full_time,mid,,,,simplify,https://simplify.jobs/p/22570892-57f7-4d75-aa45-8c1c9aab5c58,,simplify,"[{""site"": ""simplify"", ""url"": ""https://simplify.jobs/p/22570892-57f7-4d75-aa45-8c1c9aab5c58""}]",[],[],"{""location"": [""San Francisco, CA, USA""]}",{},"{""location"": ""array_field""}",{}
https://simplify.jobs/p/8155272c-a45d-4aed-9e80-ed87e45052b9,Staff/Lead Front-end Engineer,Mimica,"Remote; London, UK; Barcelona, Spain; Berlin, Germany; Dublin, Ireland",,,,,,2026-10-01T10:51:01+00:00,2026-07-09T14:09:55+00:00,false,,remote,full_time,senior,,,,simplify,https://simplify.jobs/p/8155272c-a45d-4aed-9e80-ed87e45052b9,,simplify,"[{""site"": ""simplify"", ""url"": ""https://simplify.jobs/p/8155272c-a45d-4aed-9e80-ed87e45052b9""}]",[],[],"{""location"": [""Remote; London, UK; Barcelona, Spain; Berlin, Germany; Dublin, Ireland""]}",{},"{""location"": ""array_field""}",{}
https://simplify.jobs/p/466c5738-7468-4eb9-bf09-0a60e4a76389,Technical Lead / Frontend Development Lead - UI EDS,Orion Systems Integrators,"Kochi, Kerala, India; Ambattur, Chennai, Tamil Nadu, India; Mumbai, Maharashtra, India; Coimbatore, Tamil Nadu, India; Hyderabad, Telangana, India; Pune, Maharashtra, India; Chennai, Tamil Nadu, India; Bengaluru, Karnataka, India",,,,,,2026-09-03T05:03:06+00:00,2026-08-31T08:50:06+00:00,false,,onsite,full_time,,,,,simplify,https://simplify.jobs/p/466c5738-7468-4eb9-bf09-0a60e4a76389,,simplify,"[{""site"": ""simplify"", ""url"": ""https://simplify.jobs/p/466c5738-7468-4eb9-bf09-0a60e4a76389""}]",[],[],"{""location"": [""Kochi, Kerala, India; Ambattur, Chennai, Tamil Nadu, India; Mumbai, Maharashtra, India; Coimbatore, Tamil Nadu, India; Hyderabad, Telangana, India; Pune, Maharashtra, India; Chennai, Tamil Nadu, India; Bengaluru, Karnataka, India""]}",{},"{""location"": ""array_field""}",{}
https://simplify.jobs/p/cefaaa25-975f-44ab-94cc-8b3d945f0b63,Frontend Developer - Multiple Teams,Atria Group,"Dallas, TX, USA",,,,,,2026-09-04T07:24:02+00:00,2026-02-19T07:14:08+00:00,false,,onsite,full_time,mid,,,,simplify,https://simplify.jobs/p/cefaaa25-975f-44ab-94cc-8b3d945f0b63,,simplify,"[{""site"": ""simplify"", ""url"": ""https://simplify.jobs/p/cefaaa25-975f-44ab-94cc-8b3d945f0b63""}]",[],[],"{""location"": [""Dallas, TX, USA""]}",{},"{""location"": ""array_field""}",{}
https://simplify.jobs/p/4001a7f4-de70-4fec-9853-ec611db04d25,Frontend Software Engineer - Tiktok Live,TikTok,"Sydney NSW, Australia",,,,,,2026-09-04T05:18:01+00:00,2026-05-25T14:10:59+00:00,false,,onsite,full_time,senior,,,,simplify,https://simplify.jobs/p/4001a7f4-de70-4fec-9853-ec611db04d25,,simplify,"[{""site"": ""simplify"", ""url"": ""https://simplify.jobs/p/4001a7f4-de70-4fec-9853-ec611db04d25""}]",[],[],"{""location"": [""Sydney NSW, Australia""]}",{},"{""location"": ""array_field""}",{}
https://simplify.jobs/p/aba5b2c5-2c84-44ce-bf5d-53e59df2da67,Senior Front-End Developer - AngularJS,Jobsbridge,"Pleasanton, CA, USA",,,,,,2026-09-04T07:24:02+00:00,2026-02-24T07:17:18+00:00,false,,onsite,full_time,senior,,,,simplify,https://simplify.jobs/p/aba5b2c5-2c84-44ce-bf5d-53e59df2da67 | https://simplify.jobs/p/145a7e1d-c668-42c7-a66b-45941d96c3db,,simplify,"[{""site"": ""simplify"", ""url"": ""https://simplify.jobs/p/aba5b2c5-2c84-44ce-bf5d-53e59df2da67""}, {""site"": ""simplify"", ""url"": ""https://simplify.jobs/p/145a7e1d-c668-42c7-a66b-45941d96c3db""}]",[],[],"{""location"": [""Pleasanton, CA, USA""]}",{},"{""location"": ""array_field""}",{}
https://simplify.jobs/p/572e6d0a-9d44-46d3-9966-ebe626fb6d23,Senior Front-End Developer - SASS/AJAX/Apache Tomcat,Adept Solutions,"Morrisville, NC, USA",,,,,,2026-09-04T07:24:02+00:00,2026-02-18T15:12:20+00:00,false,,onsite,full_time,senior,,,,simplify,https://simplify.jobs/p/572e6d0a-9d44-46d3-9966-ebe626fb6d23,,simplify,"[{""site"": ""simplify"", ""url"": ""https://simplify.jobs/p/572e6d0a-9d44-46d3-9966-ebe626fb6d23""}]",[],[],"{""location"": [""Morrisville, NC, USA""]}",{},"{""location"": ""array_field""}",{}
https://simplify.jobs/p/94e15f6b-db61-4f78-b2bc-69b719c2b1f9,Front-End Lead Software Engineer,Ford Motor Company,"Dearborn, MI, USA",99600.0,166600.0,USD,,,2026-09-30T22:18:38+00:00,2026-09-30T22:11:10+00:00,false,,hybrid,full_time,senior,,,,simplify,https://simplify.jobs/p/94e15f6b-db61-4f78-b2bc-69b719c2b1f9,,simplify,"[{""site"": ""simplify"", ""url"": ""https://simplify.jobs/p/94e15f6b-db61-4f78-b2bc-69b719c2b1f9""}]",[],[],"{""location"": [""Dearborn, MI, USA""]}",{},"{""location"": ""array_field""}",{}
https://simplify.jobs/p/3c3cd63c-6a23-4fa1-9603-8cc95e6e35e1,Software Engineer - Frontend,Sierra,"San Francisco, CA, USA",230000.0,290000.0,USD,,,2026-09-11T10:01:18+00:00,2025-11-05T09:01:11+00:00,false,,onsite,full_time,senior,,,,simplify,https://simplify.jobs/p/3c3cd63c-6a23-4fa1-9603-8cc95e6e35e1,,simplify,"[{""site"": ""simplify"", ""url"": ""https://simplify.jobs/p/3c3cd63c-6a23-4fa1-9603-8cc95e6e35e1""}]",[],[],"{""location"": [""San Francisco, CA, USA""]}",{},"{""location"": ""array_field""}",{}
https://simplify.jobs/p/39a21504-b59e-45fd-822b-2e829acae2b8,Senior Frontend Engineer - Software Engineering,Qualcomm,"Turin, Metropolitan City of Turin, Italy",44400.0,66000.0,EUR,,,2026-09-09T22:36:19+00:00,2026-08-05T06:16:12+00:00,false,,onsite,full_time,mid | senior,,,,simplify,https://simplify.jobs/p/39a21504-b59e-45fd-822b-2e829acae2b8,,simplify,"[{""site"": ""simplify"", ""url"": ""https://simplify.jobs/p/39a21504-b59e-45fd-822b-2e829acae2b8""}]",[],[],"{""location"": [""Turin, Metropolitan City of Turin, Italy""]}",{},"{""location"": ""array_field""}",{}
https://simplify.jobs/p/b01aea50-a843-41ba-a86f-7bc6ab9d67ff,Software Engineer - Frontend,Metabase,Remote; Remote in USA,110000.0,210000.0,USD,,,2026-09-04T05:18:01+00:00,2026-03-27T01:08:32+00:00,false,,remote,full_time,mid,,,,simplify,https://simplify.jobs/p/b01aea50-a843-41ba-a86f-7bc6ab9d67ff,,simplify,"[{""site"": ""simplify"", ""url"": ""https://simplify.jobs/p/b01aea50-a843-41ba-a86f-7bc6ab9d67ff""}]",[],[],"{""location"": [""Remote; Remote in USA""]}",{},"{""location"": ""array_field""}",{}
https://simplify.jobs/p/fd69ba28-b52b-4489-a7b9-153194f7a5eb,Senior Frontend Web Developer,Tech Tammina,"Remote; New York, NY, USA",100000.0,135000.0,USD,,,2026-09-04T07:24:02+00:00,2026-02-27T02:10:28+00:00,false,,remote,full_time,mid | senior,,,,simplify,https://simplify.jobs/p/fd69ba28-b52b-4489-a7b9-153194f7a5eb | https://simplify.jobs/p/a9467192-a84e-4062-86cf-a6738d9bfa8e,,simplify,"[{""site"": ""simplify"", ""url"": ""https://simplify.jobs/p/fd69ba28-b52b-4489-a7b9-153194f7a5eb""}, {""site"": ""simplify"", ""url"": ""https://simplify.jobs/p/a9467192-a84e-4062-86cf-a6738d9bfa8e""}]",[],[],"{""location"": [""Remote; New York, NY, USA""]}",{},"{""location"": ""array_field""}",{}
https://simplify.jobs/p/fe449d23-e8d8-48fa-97ad-67989a3ed58c,Senior Frontend Engineer,Trading212,Remote; Remote in Spain,,,,,,2026-09-04T12:54:01+00:00,2026-08-25T23:35:06+00:00,false,,remote,full_time,senior,,,,simplify,https://simplify.jobs/p/fe449d23-e8d8-48fa-97ad-67989a3ed58c,,simplify,"[{""site"": ""simplify"", ""url"": ""https://simplify.jobs/p/fe449d23-e8d8-48fa-97ad-67989a3ed58c""}]",[],[],"{""location"": [""Remote; Remote in Spain""]}",{},"{""location"": ""array_field""}",{}
https://simplify.jobs/p/e3a80272-2a1d-4c14-b473-a5a237611379,Frontend React Engineer,Nagarro,"Bengaluru, Karnataka, India",,,,,,2026-09-03T17:09:30+00:00,2025-03-13T02:24:11+00:00,false,,onsite,full_time,junior,,,,simplify,https://simplify.jobs/p/e3a80272-2a1d-4c14-b473-a5a237611379,,simplify,"[{""site"": ""simplify"", ""url"": ""https://simplify.jobs/p/e3a80272-2a1d-4c14-b473-a5a237611379""}]",[],[],"{""location"": [""Bengaluru, Karnataka, India""]}",{},"{""location"": ""array_field""}",{}
https://simplify.jobs/p/eabdec29-fb7f-4639-b239-f880d6dfd203,Frontend Engineer - Workflow Platform,Ernst & Young,"Dallas, TX, USA; Alpharetta, GA, USA",67000.0,155300.0,USD,,,2026-09-11T22:23:05+00:00,2026-09-11T22:12:54+00:00,false,,onsite,full_time,senior,,,,simplify,https://simplify.jobs/p/eabdec29-fb7f-4639-b239-f880d6dfd203,,simplify,"[{""site"": ""simplify"", ""url"": ""https://simplify.jobs/p/eabdec29-fb7f-4639-b239-f880d6dfd203""}]",[],[],"{""location"": [""Dallas, TX, USA; Alpharetta, GA, USA""]}",{},"{""location"": ""array_field""}",{}
https://simplify.jobs/p/011d940b-a420-405e-9c2d-0fe6150740b4,Full-Stack Software Engineer - Frontend Focus,University of Maryland - College Park,"College Park, MD, USA",115000.0,135000.0,USD,,,2026-10-02T09:18:08+00:00,2026-06-13T14:16:10+00:00,false,,onsite,full_time,mid,,,,simplify,https://simplify.jobs/p/011d940b-a420-405e-9c2d-0fe6150740b4,,simplify,"[{""site"": ""simplify"", ""url"": ""https://simplify.jobs/p/011d940b-a420-405e-9c2d-0fe6150740b4""}]",[],[],"{""location"": [""College Park, MD, USA""]}",{},"{""location"": ""array_field""}",{}
https://simplify.jobs/p/a1783f44-d650-400f-b566-3be1360d85d3,Senior/Mid Frontend Engineer - React,Sensor Tower,"Remote; Toronto, ON, Canada",,,,,,2026-09-15T10:09:08+00:00,2026-07-15T09:11:41+00:00,false,,remote,full_time,mid | senior,,,,simplify,https://simplify.jobs/p/a1783f44-d650-400f-b566-3be1360d85d3,,simplify,"[{""site"": ""simplify"", ""url"": ""https://simplify.jobs/p/a1783f44-d650-400f-b566-3be1360d85d3""}]",[],[],"{""location"": [""Remote; Toronto, ON, Canada""]}",{},"{""location"": ""array_field""}",{}
https://simplify.jobs/p/7fce9485-dbfe-4f69-9fdb-0e0908ee9420,Senior Frontend Engineer - Front End - Retail and Marcom Engineering,Apple,"Sunnyvale, CA, USA",,,,,,2026-09-03T14:21:14+00:00,2026-08-18T22:06:38+00:00,false,,onsite,full_time,senior,,,,simplify,https://simplify.jobs/p/7fce9485-dbfe-4f69-9fdb-0e0908ee9420,,simplify,"[{""site"": ""simplify"", ""url"": ""https://simplify.jobs/p/7fce9485-dbfe-4f69-9fdb-0e0908ee9420""}]",[],[],"{""location"": [""Sunnyvale, CA, USA""]}",{},"{""location"": ""array_field""}",{}
https://simplify.jobs/p/0e0416b0-9387-459b-9691-ecf582d8257b,Senior Frontend Infrastructure Engineer,Uniswap,"New York, NY, USA",180000.0,226000.0,USD,,,2026-09-04T13:30:01+00:00,2026-07-21T01:16:12+00:00,false,,hybrid,full_time,senior,,,,simplify,https://simplify.jobs/p/0e0416b0-9387-459b-9691-ecf582d8257b,,simplify,"[{""site"": ""simplify"", ""url"": ""https://simplify.jobs/p/0e0416b0-9387-459b-9691-ecf582d8257b""}]",[],[],"{""location"": [""New York, NY, USA""]}",{},"{""location"": ""array_field""}",{}
https://simplify.jobs/p/3797aa9f-59a0-44f2-aa89-4057e240b49f,Frontend Engineer,SafetyKit,"San Francisco, CA, USA",,,,,,2026-09-04T06:57:01+00:00,2025-06-23T09:49:09+00:00,false,,onsite,full_time,mid,,,,simplify,https://simplify.jobs/p/3797aa9f-59a0-44f2-aa89-4057e240b49f,,simplify,"[{""site"": ""simplify"", ""url"": ""https://simplify.jobs/p/3797aa9f-59a0-44f2-aa89-4057e240b49f""}]",[],[],"{""location"": [""San Francisco, CA, USA""]}",{},"{""location"": ""array_field""}",{}
https://simplify.jobs/p/80266dec-3be6-40a6-a857-a603382c5aa6,Senior Front-End Software Engineer,Techstra Solutions,"Birmingham, AL, USA",,,,,,2026-09-18T22:42:09+00:00,2026-09-18T22:23:02+00:00,false,,onsite,full_time,senior,,,,simplify,https://simplify.jobs/p/80266dec-3be6-40a6-a857-a603382c5aa6,,simplify,"[{""site"": ""simplify"", ""url"": ""https://simplify.jobs/p/80266dec-3be6-40a6-a857-a603382c5aa6""}]",[],[],"{""location"": [""Birmingham, AL, USA""]}",{},"{""location"": ""array_field""}",{}
https://simplify.jobs/p/819c900c-2a8b-4083-a2ac-d8d65a73257c,Senior Front-End Developer - Design Systems,BNY,"New York, NY, USA",95000.0,209000.0,USD,,,2026-09-04T05:18:01+00:00,2026-05-27T22:07:38+00:00,false,,onsite,full_time,senior,,,,simplify,https://simplify.jobs/p/819c900c-2a8b-4083-a2ac-d8d65a73257c,,simplify,"[{""site"": ""simplify"", ""url"": ""https://simplify.jobs/p/819c900c-2a8b-4083-a2ac-d8d65a73257c""}]",[],[],"{""location"": [""New York, NY, USA""]}",{},"{""location"": ""array_field""}",{}
https://simplify.jobs/p/8c2e07ae-e0ca-4b99-b0db-fdcff213ab6e,Point of Sale Client Front-End Platform Engineer,Toshiba Global Commerce,"Durham, NC, USA",,,,,,2026-09-21T22:34:27+00:00,2026-09-01T22:32:01+00:00,false,,onsite,full_time,senior,,,,simplify,https://simplify.jobs/p/8c2e07ae-e0ca-4b99-b0db-fdcff213ab6e,,simplify,"[{""site"": ""simplify"", ""url"": ""https://simplify.jobs/p/8c2e07ae-e0ca-4b99-b0db-fdcff213ab6e""}]",[],[],"{""location"": [""Durham, NC, USA""]}",{},"{""location"": ""array_field""}",{}
https://simplify.jobs/p/7755a59d-17a7-4659-b960-b825091df92c,Software Engineer - Frontend,Squarespace,"New York, NY, USA",110500.0,178250.0,USD,,,2026-09-03T16:57:18+00:00,2026-07-28T22:30:35+00:00,false,,hybrid,full_time,mid,,,,simplify,https://simplify.jobs/p/7755a59d-17a7-4659-b960-b825091df92c,,simplify,"[{""site"": ""simplify"", ""url"": ""https://simplify.jobs/p/7755a59d-17a7-4659-b960-b825091df92c""}]",[],[],"{""location"": [""New York, NY, USA""]}",{},"{""location"": ""array_field""}",{}
https://simplify.jobs/p/d687d5b3-e5b0-4cce-a680-8afcdf6bb245,Software Engineer - Frontend - AI Tooling,Tesla,"Palo Alto, CA, USA",,,,,,2026-10-01T10:33:01+00:00,2026-07-23T01:17:12+00:00,false,,onsite,full_time,mid,,,,simplify,https://simplify.jobs/p/d687d5b3-e5b0-4cce-a680-8afcdf6bb245,,simplify,"[{""site"": ""simplify"", ""url"": ""https://simplify.jobs/p/d687d5b3-e5b0-4cce-a680-8afcdf6bb245""}]",[],[],"{""location"": [""Palo Alto, CA, USA""]}",{},"{""location"": ""array_field""}",{}
https://simplify.jobs/p/01a4126b-ae62-47c9-87ea-e9281c9d261f,Senior Software Engineer - Frontend - Platform,Cresta,"San Francisco, CA, USA; Remote in USA; Sunnyvale, CA, USA; Remote in Canada",,,,,,2026-09-29T22:39:02+00:00,2026-02-06T23:13:21+00:00,false,,hybrid,full_time,senior,,,,simplify,https://simplify.jobs/p/01a4126b-ae62-47c9-87ea-e9281c9d261f,,simplify,"[{""site"": ""simplify"", ""url"": ""https://simplify.jobs/p/01a4126b-ae62-47c9-87ea-e9281c9d261f""}]",[],[],"{""location"": [""San Francisco, CA, USA; Remote in USA; Sunnyvale, CA, USA; Remote in Canada""]}",{},"{""location"": ""array_field""}",{}
https://simplify.jobs/p/30e77a98-1c66-4ff5-9f51-c28959bf44c3,Senior Front-End Engineer - React,Nabla,"Paris, France",,,,,,2026-10-02T09:57:58+00:00,2026-07-21T01:13:41+00:00,false,,hybrid,full_time,senior,,,,simplify,https://simplify.jobs/p/30e77a98-1c66-4ff5-9f51-c28959bf44c3,,simplify,"[{""site"": ""simplify"", ""url"": ""https://simplify.jobs/p/30e77a98-1c66-4ff5-9f51-c28959bf44c3""}]",[],[],"{""location"": [""Paris, France""]}",{},"{""location"": ""array_field""}",{}
https://simplify.jobs/p/85af4748-fb25-4e89-9e11-226a6a939af8,Lead Frontend Engineer - React.js,Mat3ra,"San Francisco, CA, USA",120000.0,180000.0,USD,,,2026-09-04T01:18:24+00:00,2026-08-08T01:19:28+00:00,false,,onsite,full_time,senior,,,,simplify,https://simplify.jobs/p/85af4748-fb25-4e89-9e11-226a6a939af8,,simplify,"[{""site"": ""simplify"", ""url"": ""https://simplify.jobs/p/85af4748-fb25-4e89-9e11-226a6a939af8""}]",[],[],"{""location"": [""San Francisco, CA, USA""]}",{},"{""location"": ""array_field""}",{}
https://simplify.jobs/p/c1621ecf-4d76-426f-91c4-9f170dfd0741,Senior Product Engineer 2 - Frontend,Docebo,"Toronto, ON, Canada",123400.0,164500.0,CAD,,,2026-09-17T10:25:44+00:00,2026-08-27T23:36:30+00:00,false,,hybrid,full_time,senior,,,,simplify,https://simplify.jobs/p/c1621ecf-4d76-426f-91c4-9f170dfd0741,,simplify,"[{""site"": ""simplify"", ""url"": ""https://simplify.jobs/p/c1621ecf-4d76-426f-91c4-9f170dfd0741""}]",[],[],"{""location"": [""Toronto, ON, Canada""]}",{},"{""location"": ""array_field""}",{}
https://simplify.jobs/p/a078e79e-22d1-4c29-816a-b883d4b720c3,Front-End Developer - WPF,Infojini,"Mountain View, CA, USA",,,,,,2026-09-04T07:24:02+00:00,2026-02-24T07:14:59+00:00,false,,onsite,full_time,senior,,,,simplify,https://simplify.jobs/p/a078e79e-22d1-4c29-816a-b883d4b720c3,,simplify,"[{""site"": ""simplify"", ""url"": ""https://simplify.jobs/p/a078e79e-22d1-4c29-816a-b883d4b720c3""}]",[],[],"{""location"": [""Mountain View, CA, USA""]}",{},"{""location"": ""array_field""}",{}
https://simplify.jobs/p/7f4e29d9-75ed-4e85-80aa-edc842c8dfb2,Staff Frontend Engineer - Grafana Dataviz,Grafana Labs,Remote; Remote in USA,174986.0,209983.0,USD,,,2026-09-18T22:33:01+00:00,2026-09-16T22:29:40+00:00,false,,remote,full_time,senior,,,,simplify,https://simplify.jobs/p/7f4e29d9-75ed-4e85-80aa-edc842c8dfb2,,simplify,"[{""site"": ""simplify"", ""url"": ""https://simplify.jobs/p/7f4e29d9-75ed-4e85-80aa-edc842c8dfb2""}]",[],[],"{""location"": [""Remote; Remote in USA""]}",{},"{""location"": ""array_field""}",{}
https://simplify.jobs/p/a0ca246f-0680-466c-8464-28f63b1d728f,Frontend Engineer - User Interface,Nebius,Remote; Remote in USA,122880.0,184320.0,USD,,,2026-09-04T08:03:01+00:00,2026-05-22T22:10:55+00:00,false,,remote,full_time,mid,,,,simplify,https://simplify.jobs/p/a0ca246f-0680-466c-8464-28f63b1d728f,,simplify,"[{""site"": ""simplify"", ""url"": ""https://simplify.jobs/p/a0ca246f-0680-466c-8464-28f63b1d728f""}]",[],[],"{""location"": [""Remote; Remote in USA""]}",{},"{""location"": ""array_field""}",{}
https://simplify.jobs/p/fd888cc6-72ed-4db4-b4e5-acd331bc4c4c,"Lead Frontend Developer - 3, 6 month Contract",Inspired Thinking Group,"Remote; Remote in UK; Birmingham, UK",,,,,,2026-09-04T01:48:21+00:00,2026-08-11T22:19:53+00:00,false,,remote,contract,mid,,,,simplify,https://simplify.jobs/p/fd888cc6-72ed-4db4-b4e5-acd331bc4c4c,,simplify,"[{""site"": ""simplify"", ""url"": ""https://simplify.jobs/p/fd888cc6-72ed-4db4-b4e5-acd331bc4c4c""}]",[],[],"{""location"": [""Remote; Remote in UK; Birmingham, UK""]}",{},"{""location"": ""array_field""}",{}
https://simplify.jobs/p/a4ef94ff-4505-44d2-8744-859c63ebca7d,Frontend Engineer,Lightning AI,"London, UK; Seattle, WA, USA; San Francisco, CA, USA; New York, NY, USA",120000.0,250000.0,USD,,,2026-09-04T06:57:01+00:00,2026-08-27T22:38:37+00:00,false,,hybrid,full_time,mid,,,,simplify,https://simplify.jobs/p/a4ef94ff-4505-44d2-8744-859c63ebca7d,,simplify,"[{""site"": ""simplify"", ""url"": ""https://simplify.jobs/p/a4ef94ff-4505-44d2-8744-859c63ebca7d""}]",[],[],"{""location"": [""London, UK; Seattle, WA, USA; San Francisco, CA, USA; New York, NY, USA""]}",{},"{""location"": ""array_field""}",{}
https://simplify.jobs/p/ac90c7f7-5d60-477e-9119-67efb575e1da,Frontend / UI Developer,Sensiple,"Plano, TX, USA",,,,,,2026-09-03T17:51:49+00:00,2026-02-23T07:06:14+00:00,false,,onsite,full_time,mid,,,,simplify,https://simplify.jobs/p/ac90c7f7-5d60-477e-9119-67efb575e1da,,simplify,"[{""site"": ""simplify"", ""url"": ""https://simplify.jobs/p/ac90c7f7-5d60-477e-9119-67efb575e1da""}]",[],[],"{""location"": [""Plano, TX, USA""]}",{},"{""location"": ""array_field""}",{}
https://simplify.jobs/p/94fb0e38-c2f7-4fa8-ad9a-25bd1dd162e9,Frontend Engineer,Apple,"Heidelberg, Germany",,,,,,2026-09-04T12:54:01+00:00,2026-08-27T14:27:23+00:00,false,,onsite,full_time,senior,,,,simplify,https://simplify.jobs/p/94fb0e38-c2f7-4fa8-ad9a-25bd1dd162e9,,simplify,"[{""site"": ""simplify"", ""url"": ""https://simplify.jobs/p/94fb0e38-c2f7-4fa8-ad9a-25bd1dd162e9""}]",[],[],"{""location"": [""Heidelberg, Germany""]}",{},"{""location"": ""array_field""}",{}
https://simplify.jobs/p/4e33e1e3-b05e-4dea-bfdc-54b46efa6345,Senior Frontend Software Engineer,V-Comply,"Bengaluru, Karnataka, India",,,,,,2026-09-03T15:30:12+00:00,2026-08-18T01:13:19+00:00,false,,onsite,full_time,mid,,,,simplify,https://simplify.jobs/p/4e33e1e3-b05e-4dea-bfdc-54b46efa6345,,simplify,"[{""site"": ""simplify"", ""url"": ""https://simplify.jobs/p/4e33e1e3-b05e-4dea-bfdc-54b46efa6345""}]",[],[],"{""location"": [""Bengaluru, Karnataka, India""]}",{},"{""location"": ""array_field""}",{}
https://simplify.jobs/p/fc0617d7-b078-426c-8bfc-7c979b43c5bb,Senior Frontend Engineer,Arcana,"Bengaluru, Karnataka, India",,,,,,2025-07-10T15:15:33+00:00,2025-07-10T15:15:33+00:00,false,,hybrid,full_time,mid | senior,,,,simplify,https://simplify.jobs/p/fc0617d7-b078-426c-8bfc-7c979b43c5bb,,simplify,"[{""site"": ""simplify"", ""url"": ""https://simplify.jobs/p/fc0617d7-b078-426c-8bfc-7c979b43c5bb""}]",[],[],"{""location"": [""Bengaluru, Karnataka, India""]}",{},"{""location"": ""array_field""}",{}
https://simplify.jobs/p/0e65ba0b-816b-49eb-9d63-845e60def3a2,Frontend UI Engineer,Cylake,"Sunnyvale, CA, USA",150000.0,250000.0,USD,,,2026-09-03T19:00:22+00:00,2026-06-26T14:08:22+00:00,false,,onsite,full_time,senior,,,,simplify,https://simplify.jobs/p/0e65ba0b-816b-49eb-9d63-845e60def3a2,,simplify,"[{""site"": ""simplify"", ""url"": ""https://simplify.jobs/p/0e65ba0b-816b-49eb-9d63-845e60def3a2""}]",[],[],"{""location"": [""Sunnyvale, CA, USA""]}",{},"{""location"": ""array_field""}",{}
https://simplify.jobs/p/c7da830f-f4a2-4f1d-83f8-84c38ce02230,Senior Power Platform Developer - UI/UX - Front-End,Engineer Up,Remote; Remote in USA,,,,,,2026-09-03T20:21:27+00:00,2026-07-23T06:17:49+00:00,false,,remote,full_time,senior,,,,simplify,https://simplify.jobs/p/c7da830f-f4a2-4f1d-83f8-84c38ce02230,,simplify,"[{""site"": ""simplify"", ""url"": ""https://simplify.jobs/p/c7da830f-f4a2-4f1d-83f8-84c38ce02230""}]",[],[],"{""location"": [""Remote; Remote in USA""]}",{},"{""location"": ""array_field""}",{}
https://simplify.jobs/p/3df38a32-e3f8-4e24-acbb-4998c6845c09,Senior Web Engineer - Frontend - React/Next.js,Gen Digital,"New York, NY, USA",135000.0,178000.0,USD,,,2026-09-25T08:39:01+00:00,2026-06-10T09:06:19+00:00,false,,hybrid,full_time,mid | senior,,,,simplify,https://simplify.jobs/p/3df38a32-e3f8-4e24-acbb-4998c6845c09,,simplify,"[{""site"": ""simplify"", ""url"": ""https://simplify.jobs/p/3df38a32-e3f8-4e24-acbb-4998c6845c09""}]",[],[],"{""location"": [""New York, NY, USA""]}",{},"{""location"": ""array_field""}",{}
https://simplify.jobs/p/685ab6ca-ad07-43ee-ad4b-ca2d77cbb257,Frontend Software Engineer - Codex App,OpenAI,"London, UK; Seattle, WA, USA; San Francisco, CA, USA",230000.0,385000.0,USD,,,2026-10-01T22:24:20+00:00,2026-10-01T22:19:54+00:00,false,,onsite,full_time,mid,,,,simplify,https://simplify.jobs/p/685ab6ca-ad07-43ee-ad4b-ca2d77cbb257,,simplify,"[{""site"": ""simplify"", ""url"": ""https://simplify.jobs/p/685ab6ca-ad07-43ee-ad4b-ca2d77cbb257""}]",[],[],"{""location"": [""London, UK; Seattle, WA, USA; San Francisco, CA, USA""]}",{},"{""location"": ""array_field""}",{}
https://simplify.jobs/p/58b89892-9fc6-4f41-9489-a4fb8ec938b4,Senior Frontend Engineer - Full Stack growth path,DataDome,Remote; Remote in France,,,,,,2026-09-29T09:36:02+00:00,2026-09-29T09:34:54+00:00,false,,remote,full_time,mid,,,,simplify,https://simplify.jobs/p/58b89892-9fc6-4f41-9489-a4fb8ec938b4,,simplify,"[{""site"": ""simplify"", ""url"": ""https://simplify.jobs/p/58b89892-9fc6-4f41-9489-a4fb8ec938b4""}]",[],[],"{""location"": [""Remote; Remote in France""]}",{},"{""location"": ""array_field""}",{}
https://simplify.jobs/p/f0e05bd2-716d-457b-aa89-2e5539966593,Associate Staff Engineer - Frontend React,Nagarro,"Bengaluru, Karnataka, India",,,,,,2026-09-03T17:09:30+00:00,2025-03-13T02:24:37+00:00,false,,onsite,full_time,senior,,,,simplify,https://simplify.jobs/p/f0e05bd2-716d-457b-aa89-2e5539966593,,simplify,"[{""site"": ""simplify"", ""url"": ""https://simplify.jobs/p/f0e05bd2-716d-457b-aa89-2e5539966593""}]",[],[],"{""location"": [""Bengaluru, Karnataka, India""]}",{},"{""location"": ""array_field""}",{}
https://simplify.jobs/p/93d6d730-1606-495d-8235-08715fe01898,Senior Software Engineer Frontend - Loyalty,Walmart,"Bentonville, AR, USA",90000.0,180000.0,USD,,,2026-10-02T12:24:32+00:00,2026-08-28T00:00:00+00:00,false,,onsite,full_time,mid | senior,,,,simplify,https://simplify.jobs/p/93d6d730-1606-495d-8235-08715fe01898,,simplify,"[{""site"": ""simplify"", ""url"": ""https://simplify.jobs/p/93d6d730-1606-495d-8235-08715fe01898""}]",[],[],"{""location"": [""Bentonville, AR, USA""]}",{},"{""location"": ""array_field""}",{}
https://simplify.jobs/p/f3045e57-aea1-4d84-8b3d-8a7600c36c81,Senior Software Engineer - Front-End,CarGurus,"Dublin, Ireland",78000.0,108000.0,EUR,,,2026-09-04T01:57:21+00:00,2026-08-11T22:40:03+00:00,false,,hybrid,full_time,senior,,,,simplify,https://simplify.jobs/p/f3045e57-aea1-4d84-8b3d-8a7600c36c81,,simplify,"[{""site"": ""simplify"", ""url"": ""https://simplify.jobs/p/f3045e57-aea1-4d84-8b3d-8a7600c36c81""}]",[],[],"{""location"": [""Dublin, Ireland""]}",{},"{""location"": ""array_field""}",{}
https://simplify.jobs/p/5baa617a-ea36-4d7a-ac65-49f21cb97d2c,Frontend Engineer,Zopa,"London, UK",,,,,,2026-09-04T09:42:02+00:00,2026-07-17T14:08:45+00:00,false,,hybrid,full_time,mid,,,,simplify,https://simplify.jobs/p/5baa617a-ea36-4d7a-ac65-49f21cb97d2c,,simplify,"[{""site"": ""simplify"", ""url"": ""https://simplify.jobs/p/5baa617a-ea36-4d7a-ac65-49f21cb97d2c""}]",[],[],"{""location"": [""London, UK""]}",{},"{""location"": ""array_field""}",{}
https://simplify.jobs/p/04870f71-0e63-43e9-ac42-da3799066bf8,Senior Frontend Software Engineer,Pigment,France,70000.0,130000.0,EUR,,,2026-09-03T17:09:30+00:00,2026-02-24T15:15:07+00:00,false,,hybrid,full_time,senior,,,,simplify,https://simplify.jobs/p/04870f71-0e63-43e9-ac42-da3799066bf8,,simplify,"[{""site"": ""simplify"", ""url"": ""https://simplify.jobs/p/04870f71-0e63-43e9-ac42-da3799066bf8""}]",[],[],"{""location"": [""France""]}",{},"{""location"": ""array_field""}",{}
https://simplify.jobs/p/57ffeef6-313d-4c2f-9365-bf49d1fe6ce0,Frontend Developer,TexAu,"Remote; Mira Bhayandar, Maharashtra, India",,,,,,2026-09-04T01:57:21+00:00,2026-08-12T01:08:25+00:00,false,,remote,full_time,junior,,,,simplify,https://simplify.jobs/p/57ffeef6-313d-4c2f-9365-bf49d1fe6ce0,,simplify,"[{""site"": ""simplify"", ""url"": ""https://simplify.jobs/p/57ffeef6-313d-4c2f-9365-bf49d1fe6ce0""}]",[],[],"{""location"": [""Remote; Mira Bhayandar, Maharashtra, India""]}",{},"{""location"": ""array_field""}",{}
https://simplify.jobs/p/54bc2d31-3c4a-4bdb-90a3-cf270da9be8b,Staff Frontend Engineer,Trading212,Germany,,,,,,2026-09-04T12:54:01+00:00,2026-08-25T23:35:07+00:00,false,,hybrid,full_time,senior,,,,simplify,https://simplify.jobs/p/54bc2d31-3c4a-4bdb-90a3-cf270da9be8b,,simplify,"[{""site"": ""simplify"", ""url"": ""https://simplify.jobs/p/54bc2d31-3c4a-4bdb-90a3-cf270da9be8b""}]",[],[],"{""location"": [""Germany""]}",{},"{""location"": ""array_field""}",{}
https://simplify.jobs/p/4c3e9a8a-c3ab-4c8b-8d3a-b7f5b37ee352,UI/UX & Frontend Developer,Technica,"Washington, DC, USA",121000.0,148000.0,USD,,,2026-09-22T22:06:05+00:00,2026-09-22T22:05:37+00:00,false,,onsite,full_time,senior,,,,simplify,https://simplify.jobs/p/4c3e9a8a-c3ab-4c8b-8d3a-b7f5b37ee352,,simplify,"[{""site"": ""simplify"", ""url"": ""https://simplify.jobs/p/4c3e9a8a-c3ab-4c8b-8d3a-b7f5b37ee352""}]",[],[],"{""location"": [""Washington, DC, USA""]}",{},"{""location"": ""array_field""}",{}
https://simplify.jobs/p/1082b810-1830-40a2-8c25-c3d94deff69f,Frontend Engineer - Design Systems,Perplexity AI,"Seattle, WA, USA; San Francisco, CA, USA; New York, NY, USA",220000.0,405000.0,USD,,,2026-09-04T02:06:24+00:00,2026-08-12T03:30:52+00:00,false,,hybrid,full_time,mid,,,,simplify,https://simplify.jobs/p/1082b810-1830-40a2-8c25-c3d94deff69f,,simplify,"[{""site"": ""simplify"", ""url"": ""https://simplify.jobs/p/1082b810-1830-40a2-8c25-c3d94deff69f""}]",[],[],"{""location"": [""Seattle, WA, USA; San Francisco, CA, USA; New York, NY, USA""]}",{},"{""location"": ""array_field""}",{}
https://simplify.jobs/p/a63235c6-559d-4257-914f-c733cf454d50,Senior Front-End Developer,Improving,"Columbus, OH, USA",,,,,,2026-09-04T01:57:21+00:00,2026-08-12T01:10:24+00:00,false,,onsite,full_time,senior,,,,simplify,https://simplify.jobs/p/a63235c6-559d-4257-914f-c733cf454d50,,simplify,"[{""site"": ""simplify"", ""url"": ""https://simplify.jobs/p/a63235c6-559d-4257-914f-c733cf454d50""}]",[],[],"{""location"": [""Columbus, OH, USA""]}",{},"{""location"": ""array_field""}",{}
https://simplify.jobs/p/2be9da44-5c4f-45eb-9677-735740bd4496,Senior Software Engineer - Frontend,Base Power,"Austin, TX, USA",,,,,,2026-09-16T22:45:02+00:00,2026-09-16T22:23:34+00:00,false,,onsite,full_time,mid | senior,,,,simplify,https://simplify.jobs/p/2be9da44-5c4f-45eb-9677-735740bd4496,,simplify,"[{""site"": ""simplify"", ""url"": ""https://simplify.jobs/p/2be9da44-5c4f-45eb-9677-735740bd4496""}]",[],[],"{""location"": [""Austin, TX, USA""]}",{},"{""location"": ""array_field""}",{}
https://simplify.jobs/p/1963f36e-143c-459f-a157-621a44f7cb9d,Software Engineer - Frontend,Luminary,"San Francisco, CA, USA; New York, NY, USA",170000.0,225000.0,USD,,,2026-09-03T14:36:15+00:00,2026-08-18T09:14:19+00:00,false,,hybrid,full_time,mid,,,,simplify,https://simplify.jobs/p/1963f36e-143c-459f-a157-621a44f7cb9d,,simplify,"[{""site"": ""simplify"", ""url"": ""https://simplify.jobs/p/1963f36e-143c-459f-a157-621a44f7cb9d""}]",[],[],"{""location"": [""San Francisco, CA, USA; New York, NY, USA""]}",{},"{""location"": ""array_field""}",{}
https://simplify.jobs/p/0f791011-09f1-4bce-abf2-548c7fde4a3a,Senior Frontend Software Engineer - Invoicing & Payments,Pebl,"Palo Alto, CA, USA",145600.0,201204.0,USD,,,2026-09-29T22:27:05+00:00,2026-09-29T22:21:47+00:00,false,,hybrid,full_time,senior,,,,simplify,https://simplify.jobs/p/0f791011-09f1-4bce-abf2-548c7fde4a3a,,simplify,"[{""site"": ""simplify"", ""url"": ""https://simplify.jobs/p/0f791011-09f1-4bce-abf2-548c7fde4a3a""}]",[],[],"{""location"": [""Palo Alto, CA, USA""]}",{},"{""location"": ""array_field""}",{}
https://simplify.jobs/p/c7fa40fa-e4d2-4d46-833e-c778c7377a9e,Frontend Developer,Z1 Tech,"Gurugram, Haryana, India",,,,,,2026-09-04T06:57:01+00:00,2026-09-03T06:25:55+00:00,false,,onsite,full_time,junior,,,,simplify,https://simplify.jobs/p/c7fa40fa-e4d2-4d46-833e-c778c7377a9e,,simplify,"[{""site"": ""simplify"", ""url"": ""https://simplify.jobs/p/c7fa40fa-e4d2-4d46-833e-c778c7377a9e""}]",[],[],"{""location"": [""Gurugram, Haryana, India""]}",{},"{""location"": ""array_field""}",{}
https://simplify.jobs/p/e40b0107-86e4-4b77-9c59-83e6068d59a2,Senior Frontend Engineer - Dashboards,Databricks,"Vancouver, BC, Canada",146200.0,201100.0,CAD,,,2026-09-04T07:12:12+00:00,2026-04-23T22:16:38+00:00,false,,onsite,full_time,senior,,,,simplify,https://simplify.jobs/p/e40b0107-86e4-4b77-9c59-83e6068d59a2,,simplify,"[{""site"": ""simplify"", ""url"": ""https://simplify.jobs/p/e40b0107-86e4-4b77-9c59-83e6068d59a2""}]",[],[],"{""location"": [""Vancouver, BC, Canada""]}",{},"{""location"": ""array_field""}",{}
https://simplify.jobs/p/2e741faf-c4be-4ffb-8529-8afd451745c6,Senior Software Engineer - Ads Platform Frontend,Microsoft,"Redmond, WA, USA",119800.0,261000.0,USD,,,2026-09-03T20:33:22+00:00,2026-07-29T22:08:54+00:00,false,,hybrid,full_time,mid | senior,,,,simplify,https://simplify.jobs/p/2e741faf-c4be-4ffb-8529-8afd451745c6 | https://simplify.jobs/p/765ce7d4-749a-48e3-9c15-dfc675f53bed,,simplify,"[{""site"": ""simplify"", ""url"": ""https://simplify.jobs/p/2e741faf-c4be-4ffb-8529-8afd451745c6""}, {""site"": ""simplify"", ""url"": ""https://simplify.jobs/p/765ce7d4-749a-48e3-9c15-dfc675f53bed""}]",[],[],"{""location"": [""Redmond, WA, USA""]}",{},"{""location"": ""array_field""}",{}
https://simplify.jobs/p/0e97e328-9de4-410f-acde-9f1c50bd4564,Frontend Developer - Web / iOS / Android,NEXTON,"Île-de-France, France",,,,,,2026-09-15T14:09:52+00:00,2026-09-15T14:05:47+00:00,false,,onsite,full_time,mid,,,,simplify,https://simplify.jobs/p/0e97e328-9de4-410f-acde-9f1c50bd4564,,simplify,"[{""site"": ""simplify"", ""url"": ""https://simplify.jobs/p/0e97e328-9de4-410f-acde-9f1c50bd4564""}]",[],[],"{""location"": [""Île-de-France, France""]}",{},"{""location"": ""array_field""}",{}
https://simplify.jobs/p/54ac12d0-6b64-4996-a4dc-68be9e37a6cc,Principal Software Engineer - Ads Platform Frontend,Microsoft,"Redmond, WA, USA",165600.0,296400.0,USD,,,2026-09-03T20:48:22+00:00,2026-07-31T22:09:32+00:00,false,,hybrid,full_time,senior,,,,simplify,https://simplify.jobs/p/54ac12d0-6b64-4996-a4dc-68be9e37a6cc,,simplify,"[{""site"": ""simplify"", ""url"": ""https://simplify.jobs/p/54ac12d0-6b64-4996-a4dc-68be9e37a6cc""}]",[],[],"{""location"": [""Redmond, WA, USA""]}",{},"{""location"": ""array_field""}",{}
https://simplify.jobs/p/0bece670-9263-49ce-9ffa-1b2cd486fd7d,Mission Software Engineer - Vehicle Software - Frontend,Anduril,"Seattle, WA, USA; Washington, DC, USA; Costa Mesa, CA, USA",166000.0,220000.0,USD,,,2026-09-04T07:36:01+00:00,2026-08-14T05:00:59+00:00,false,,onsite,full_time,mid,,,,simplify,https://simplify.jobs/p/0bece670-9263-49ce-9ffa-1b2cd486fd7d,,simplify,"[{""site"": ""simplify"", ""url"": ""https://simplify.jobs/p/0bece670-9263-49ce-9ffa-1b2cd486fd7d""}]",[],[],"{""location"": [""Seattle, WA, USA; Washington, DC, USA; Costa Mesa, CA, USA""]}",{},"{""location"": ""array_field""}",{}
https://simplify.jobs/p/9bd7dfc8-5439-4d9c-808b-0bc2f91ee017,WordPress Front-End Developer - Front-End Development,Ebeacon,Remote; Remote in USA,,,,,,2026-09-18T06:19:51+00:00,2026-09-18T06:16:55+00:00,false,,remote,part_time,mid,,,,simplify,https://simplify.jobs/p/9bd7dfc8-5439-4d9c-808b-0bc2f91ee017,,simplify,"[{""site"": ""simplify"", ""url"": ""https://simplify.jobs/p/9bd7dfc8-5439-4d9c-808b-0bc2f91ee017""}]",[],[],"{""location"": [""Remote; Remote in USA""]}",{},"{""location"": ""array_field""}",{}
https://simplify.jobs/p/20dba0ca-25af-4027-8aaf-195f07bcaa49,Senior Frontend Engineer - React,Great Gray,"Boston, MA, USA",140000.0,170000.0,USD,,,2026-09-18T22:21:02+00:00,2026-09-18T22:18:04+00:00,false,,hybrid,full_time,senior,,,,simplify,https://simplify.jobs/p/20dba0ca-25af-4027-8aaf-195f07bcaa49,,simplify,"[{""site"": ""simplify"", ""url"": ""https://simplify.jobs/p/20dba0ca-25af-4027-8aaf-195f07bcaa49""}]",[],[],"{""location"": [""Boston, MA, USA""]}",{},"{""location"": ""array_field""}",{}
https://simplify.jobs/p/cc8bf275-2321-42ee-8127-ed1a36392aab,Frontend Engineer - Defense,Air Space Intelligence,"Boston, MA, USA",135000.0,265000.0,USD,,,2026-09-16T10:42:01+00:00,2024-02-07T19:02:20+00:00,false,,onsite,full_time,mid,,,,simplify,https://simplify.jobs/p/cc8bf275-2321-42ee-8127-ed1a36392aab,,simplify,"[{""site"": ""simplify"", ""url"": ""https://simplify.jobs/p/cc8bf275-2321-42ee-8127-ed1a36392aab""}]",[],[],"{""location"": [""Boston, MA, USA""]}",{},"{""location"": ""array_field""}",{}
https://simplify.jobs/p/8d034128-2890-424c-8eaf-9da47edf8fd2,AI Frontend Engineer,Klarity,"San Francisco, CA, USA",140000.0,205000.0,USD,,,2026-09-15T09:54:01+00:00,2026-06-24T09:10:43+00:00,false,,onsite,full_time,junior,,,,simplify,https://simplify.jobs/p/8d034128-2890-424c-8eaf-9da47edf8fd2,,simplify,"[{""site"": ""simplify"", ""url"": ""https://simplify.jobs/p/8d034128-2890-424c-8eaf-9da47edf8fd2""}]",[],[],"{""location"": [""San Francisco, CA, USA""]}",{},"{""location"": ""array_field""}",{}
https://simplify.jobs/p/c4321246-7a48-471e-95c1-b1d741d85b51,Staff Frontend Engineer,ClickUp,Remote; Remote in Ireland; Remote in Canada,,,,,,2026-09-25T10:12:08+00:00,2026-05-19T01:09:32+00:00,false,,remote,full_time,senior,,,,simplify,https://simplify.jobs/p/c4321246-7a48-471e-95c1-b1d741d85b51,,simplify,"[{""site"": ""simplify"", ""url"": ""https://simplify.jobs/p/c4321246-7a48-471e-95c1-b1d741d85b51""}]",[],[],"{""location"": [""Remote; Remote in Ireland; Remote in Canada""]}",{},"{""location"": ""array_field""}",{}
https://simplify.jobs/p/ece05f2e-fb10-42c0-93bb-90d776009bb8,Front-End Engineer - Institutional,Blockchain.com,"London, UK",,,,,,2026-09-04T07:36:01+00:00,2026-04-16T14:18:44+00:00,false,,hybrid,full_time,junior | mid,,,,simplify,https://simplify.jobs/p/ece05f2e-fb10-42c0-93bb-90d776009bb8,,simplify,"[{""site"": ""simplify"", ""url"": ""https://simplify.jobs/p/ece05f2e-fb10-42c0-93bb-90d776009bb8""}]",[],[],"{""location"": [""London, UK""]}",{},"{""location"": ""array_field""}",{}
https://simplify.jobs/p/f77c1afc-8ed2-47ea-a221-b869b804e04a,Front-End Developer,SA Technologies,"Menlo Park, CA, USA",,,,,,2026-09-04T07:24:02+00:00,2026-02-26T07:18:21+00:00,false,,onsite,full_time,mid,,,,simplify,https://simplify.jobs/p/f77c1afc-8ed2-47ea-a221-b869b804e04a,,simplify,"[{""site"": ""simplify"", ""url"": ""https://simplify.jobs/p/f77c1afc-8ed2-47ea-a221-b869b804e04a""}]",[],[],"{""location"": [""Menlo Park, CA, USA""]}",{},"{""location"": ""array_field""}",{}
https://simplify.jobs/p/f6217ee5-7376-418c-8650-2d5712cb84aa,Vice President Front-End Engineer,BNY,"Pittsburgh, PA, USA",83000.0,160000.0,USD,,,2026-09-04T05:18:01+00:00,2026-04-27T14:06:00+00:00,false,,onsite,full_time,senior,,,,simplify,https://simplify.jobs/p/f6217ee5-7376-418c-8650-2d5712cb84aa,,simplify,"[{""site"": ""simplify"", ""url"": ""https://simplify.jobs/p/f6217ee5-7376-418c-8650-2d5712cb84aa""}]",[],[],"{""location"": [""Pittsburgh, PA, USA""]}",{},"{""location"": ""array_field""}",{}
https://simplify.jobs/p/a38a7e8b-6078-4438-a61d-2bbc4f37a415,Staff Frontend Engineer - Editing Performance - Design experience,Canva,"Sydney NSW, Australia",,,,,,2026-09-12T22:09:01+00:00,2026-08-19T09:02:51+00:00,false,,hybrid,full_time,senior,,,,simplify,https://simplify.jobs/p/a38a7e8b-6078-4438-a61d-2bbc4f37a415,,simplify,"[{""site"": ""simplify"", ""url"": ""https://simplify.jobs/p/a38a7e8b-6078-4438-a61d-2bbc4f37a415""}]",[],[],"{""location"": [""Sydney NSW, Australia""]}",{},"{""location"": ""array_field""}",{}
https://simplify.jobs/p/5c08060f-bab7-44c4-957f-afa85af8e824,Software Engineer New Grad - Frontend,Stripe,"Barcelona, Spain",46200.0,69400.0,EUR,,,2026-09-03T03:42:06+00:00,2026-09-01T09:14:53+00:00,false,,onsite,full_time,,,,,simplify,https://simplify.jobs/p/5c08060f-bab7-44c4-957f-afa85af8e824,,simplify,"[{""site"": ""simplify"", ""url"": ""https://simplify.jobs/p/5c08060f-bab7-44c4-957f-afa85af8e824""}]",[],[],"{""location"": [""Barcelona, Spain""]}",{},"{""location"": ""array_field""}",{}
https://simplify.jobs/p/d4d0be37-5436-4399-a77e-002f428aa67e,Graduate Frontend Engineer - TikTok Live,TikTok,"Sydney NSW, Australia",,,,,,2026-09-04T07:36:01+00:00,2026-06-15T06:12:21+00:00,false,,onsite,full_time,,,,,simplify,https://simplify.jobs/p/d4d0be37-5436-4399-a77e-002f428aa67e,,simplify,"[{""site"": ""simplify"", ""url"": ""https://simplify.jobs/p/d4d0be37-5436-4399-a77e-002f428aa67e""}]",[],[],"{""location"": [""Sydney NSW, Australia""]}",{},"{""location"": ""array_field""}",{}
https://simplify.jobs/p/37c3d2cb-26dd-4127-ab30-2e2634223139,Software Engineer - Front-End,Eloquent AI,"Remote; San Francisco, CA, USA",,,,,,2026-09-30T22:36:02+00:00,2026-09-30T22:23:13+00:00,false,,remote,full_time,senior,,,,simplify,https://simplify.jobs/p/37c3d2cb-26dd-4127-ab30-2e2634223139,,simplify,"[{""site"": ""simplify"", ""url"": ""https://simplify.jobs/p/37c3d2cb-26dd-4127-ab30-2e2634223139""}]",[],[],"{""location"": [""Remote; San Francisco, CA, USA""]}",{},"{""location"": ""array_field""}",{}
https://simplify.jobs/p/78c79b3d-3259-40a0-8e76-695e27a2ee03,Frontend Software Engineer,Factory,"San Francisco, CA, USA",,,,,,2026-09-04T06:57:01+00:00,2025-06-02T21:59:18+00:00,false,,onsite,full_time,mid,,,,simplify,https://simplify.jobs/p/78c79b3d-3259-40a0-8e76-695e27a2ee03,,simplify,"[{""site"": ""simplify"", ""url"": ""https://simplify.jobs/p/78c79b3d-3259-40a0-8e76-695e27a2ee03""}]",[],[],"{""location"": [""San Francisco, CA, USA""]}",{},"{""location"": ""array_field""}",{}
https://simplify.jobs/p/6a81596e-432b-4e52-a850-aa7752118750,Senior Frontend Engineer - Fintech,Truelogic,"Remote; New York, NY, USA",,,,,,2026-09-23T10:19:59+00:00,2026-09-22T22:24:26+00:00,false,,remote,full_time,senior,,,,simplify,https://simplify.jobs/p/6a81596e-432b-4e52-a850-aa7752118750,,simplify,"[{""site"": ""simplify"", ""url"": ""https://simplify.jobs/p/6a81596e-432b-4e52-a850-aa7752118750""}]",[],[],"{""location"": [""Remote; New York, NY, USA""]}",{},"{""location"": ""array_field""}",{}
https://simplify.jobs/p/783cc3fe-07c2-44a1-b2c8-76436165d53c,Frontend Web Developer,Jobsbridge,"San Jose, CA, USA",,,,,,2026-09-04T07:24:02+00:00,2026-02-24T07:21:29+00:00,false,,onsite,full_time,,,,,simplify,https://simplify.jobs/p/783cc3fe-07c2-44a1-b2c8-76436165d53c,,simplify,"[{""site"": ""simplify"", ""url"": ""https://simplify.jobs/p/783cc3fe-07c2-44a1-b2c8-76436165d53c""}]",[],[],"{""location"": [""San Jose, CA, USA""]}",{},"{""location"": ""array_field""}",{}
https://simplify.jobs/p/69879f6c-a0d0-4b3e-96ad-724d6631420e,Staff Software Engineer - Frontend,Harvey,"San Francisco, CA, USA",238000.0,290000.0,USD,,,2026-09-03T17:15:21+00:00,2025-10-31T01:13:08+00:00,false,,hybrid,full_time,senior,,,,simplify,https://simplify.jobs/p/69879f6c-a0d0-4b3e-96ad-724d6631420e,,simplify,"[{""site"": ""simplify"", ""url"": ""https://simplify.jobs/p/69879f6c-a0d0-4b3e-96ad-724d6631420e""}]",[],[],"{""location"": [""San Francisco, CA, USA""]}",{},"{""location"": ""array_field""}",{}
https://simplify.jobs/p/b8940b3d-4cbf-4939-a846-901aebaca18d,Senior Front-End Web Developer - AVP,Citi,"Belfast, UK",,,,,,2026-09-04T02:06:24+00:00,2026-08-12T00:00:00+00:00,false,,hybrid,full_time,senior,,,,simplify,https://simplify.jobs/p/b8940b3d-4cbf-4939-a846-901aebaca18d,,simplify,"[{""site"": ""simplify"", ""url"": ""https://simplify.jobs/p/b8940b3d-4cbf-4939-a846-901aebaca18d""}]",[],[],"{""location"": [""Belfast, UK""]}",{},"{""location"": ""array_field""}",{}
https://simplify.jobs/p/572e196b-31ed-4543-a7dc-b4c2467fa64f,Frontend Software Engineer,Zip,"San Francisco, CA, USA",150000.0,220000.0,USD,,,2026-09-09T10:15:48+00:00,2025-08-25T16:56:18+00:00,false,,hybrid,full_time,mid | senior,,,,simplify,https://simplify.jobs/p/572e196b-31ed-4543-a7dc-b4c2467fa64f,,simplify,"[{""site"": ""simplify"", ""url"": ""https://simplify.jobs/p/572e196b-31ed-4543-a7dc-b4c2467fa64f""}]",[],[],"{""location"": [""San Francisco, CA, USA""]}",{},"{""location"": ""array_field""}",{}
https://simplify.jobs/p/18948cb4-4fa0-4d0e-8b0b-f82bb46d88f9,Frontend Engineer,Opiniion,"Lehi, UT, USA",,,,,,2026-10-02T09:38:23+00:00,2026-08-25T00:09:46+00:00,false,,hybrid,full_time,senior,,,,simplify,https://simplify.jobs/p/18948cb4-4fa0-4d0e-8b0b-f82bb46d88f9,,simplify,"[{""site"": ""simplify"", ""url"": ""https://simplify.jobs/p/18948cb4-4fa0-4d0e-8b0b-f82bb46d88f9""}]",[],[],"{""location"": [""Lehi, UT, USA""]}",{},"{""location"": ""array_field""}",{}
https://simplify.jobs/p/9ea67d79-2937-4424-97ef-5f712f03e43a,Front-End Engineer - Berribot Test,Endpoint Clinical,"Hyderabad, Telangana, India",1200000.0,1800000.0,INR,,,2026-09-04T09:42:02+00:00,2026-07-21T06:05:08+00:00,false,,hybrid,full_time,mid,,,,simplify,https://simplify.jobs/p/9ea67d79-2937-4424-97ef-5f712f03e43a,,simplify,"[{""site"": ""simplify"", ""url"": ""https://simplify.jobs/p/9ea67d79-2937-4424-97ef-5f712f03e43a""}]",[],[],"{""location"": [""Hyderabad, Telangana, India""]}",{},"{""location"": ""array_field""}",{}
https://simplify.jobs/p/99f083c1-f77b-4a7d-b1e7-48b60deb489f,Frontend Engineer,Asteri AI,Remote; Remote in USA,,,,,,2026-09-04T09:42:02+00:00,2026-07-21T01:15:06+00:00,false,,remote,full_time,senior,,,,simplify,https://simplify.jobs/p/99f083c1-f77b-4a7d-b1e7-48b60deb489f,,simplify,"[{""site"": ""simplify"", ""url"": ""https://simplify.jobs/p/99f083c1-f77b-4a7d-b1e7-48b60deb489f""}]",[],[],"{""location"": [""Remote; Remote in USA""]}",{},"{""location"": ""array_field""}",{}
https://simplify.jobs/p/f6638e69-5e4a-499a-a2cc-1dc50f061975,Senior Front-End Developer - Angular.js,Jobsbridge,"Sunnyvale, CA, USA",,,,,,2026-09-04T07:24:02+00:00,2026-02-24T07:21:31+00:00,false,,onsite,full_time,senior,,,,simplify,https://simplify.jobs/p/f6638e69-5e4a-499a-a2cc-1dc50f061975,,simplify,"[{""site"": ""simplify"", ""url"": ""https://simplify.jobs/p/f6638e69-5e4a-499a-a2cc-1dc50f061975""}]",[],[],"{""location"": [""Sunnyvale, CA, USA""]}",{},"{""location"": ""array_field""}",{}
https://simplify.jobs/p/d25d65c0-5e7b-4515-abf8-7f9fbaf5d53a,Senior Software Engineer - Frontend Engineering,Maven Clinic,"Boston, MA, USA; Seattle, WA, USA; Washington, DC, USA; San Francisco, CA, USA; Chicago, IL, USA; New York, NY, USA",195000.0,250000.0,USD,,,2026-09-03T17:30:22+00:00,2026-07-27T22:18:47+00:00,false,,hybrid,full_time,senior,,,,simplify,https://simplify.jobs/p/d25d65c0-5e7b-4515-abf8-7f9fbaf5d53a,,simplify,"[{""site"": ""simplify"", ""url"": ""https://simplify.jobs/p/d25d65c0-5e7b-4515-abf8-7f9fbaf5d53a""}]",[],[],"{""location"": [""Boston, MA, USA; Seattle, WA, USA; Washington, DC, USA; San Francisco, CA, USA; Chicago, IL, USA; New York, NY, USA""]}",{},"{""location"": ""array_field""}",{}
https://simplify.jobs/p/cfe6d020-5a4f-4202-a6d4-6ecec27769b1,Principal Software Engineer - Frontend - Prisma AIRS,Palo Alto Networks,"Bengaluru, Karnataka, India",,,,,,2026-09-10T06:24:41+00:00,2026-09-10T00:00:00+00:00,false,,onsite,full_time,,,,,simplify,https://simplify.jobs/p/cfe6d020-5a4f-4202-a6d4-6ecec27769b1,,simplify,"[{""site"": ""simplify"", ""url"": ""https://simplify.jobs/p/cfe6d020-5a4f-4202-a6d4-6ecec27769b1""}]",[],[],"{""location"": [""Bengaluru, Karnataka, India""]}",{},"{""location"": ""array_field""}",{}
https://simplify.jobs/p/b7c6e5f9-a412-4cd3-8198-ae3b3a44b551,Senior C# .NET Frontend Developer,Sopra Steria,Germany,59000.0,100000.0,EUR,,,2026-09-04T07:36:01+00:00,2026-03-27T01:10:04+00:00,false,,hybrid,full_time,senior,,,,simplify,https://simplify.jobs/p/b7c6e5f9-a412-4cd3-8198-ae3b3a44b551,,simplify,"[{""site"": ""simplify"", ""url"": ""https://simplify.jobs/p/b7c6e5f9-a412-4cd3-8198-ae3b3a44b551""}]",[],[],"{""location"": [""Germany""]}",{},"{""location"": ""array_field""}",{}
https://simplify.jobs/p/f1a9ea57-8de5-42c0-ab24-fd4d6a342209,Front-End Engineer,Smarkets,"London, UK",,,,,,2026-09-04T09:15:01+00:00,2026-07-06T22:11:45+00:00,false,,hybrid,full_time,mid,,,,simplify,https://simplify.jobs/p/f1a9ea57-8de5-42c0-ab24-fd4d6a342209,,simplify,"[{""site"": ""simplify"", ""url"": ""https://simplify.jobs/p/f1a9ea57-8de5-42c0-ab24-fd4d6a342209""}]",[],[],"{""location"": [""London, UK""]}",{},"{""location"": ""array_field""}",{}
https://simplify.jobs/p/a0c05a16-619a-4497-af93-f3fd49bab5c7,Frontend Development Intern,Steuerbot,"Fellbach, Germany; Stuttgart, Germany",,,,,,2026-09-03T19:51:22+00:00,2026-07-21T01:15:48+00:00,true,,onsite,internship,intern,,,,simplify,https://simplify.jobs/p/a0c05a16-619a-4497-af93-f3fd49bab5c7,,simplify,"[{""site"": ""simplify"", ""url"": ""https://simplify.jobs/p/a0c05a16-619a-4497-af93-f3fd49bab5c7""}]",[],[],"{""location"": [""Fellbach, Germany; Stuttgart, Germany""]}",{},"{""location"": ""array_field""}",{}
https://simplify.jobs/p/e631994c-2f77-40fa-b885-5c8c67bf1007,Frontend Engineer - Frontend,David AI,"San Francisco, CA, USA",165000.0,225000.0,USD,,,2026-09-04T10:54:01+00:00,2026-08-14T03:48:48+00:00,false,,onsite,full_time,junior,,,,simplify,https://simplify.jobs/p/e631994c-2f77-40fa-b885-5c8c67bf1007,,simplify,"[{""site"": ""simplify"", ""url"": ""https://simplify.jobs/p/e631994c-2f77-40fa-b885-5c8c67bf1007""}]",[],[],"{""location"": [""San Francisco, CA, USA""]}",{},"{""location"": ""array_field""}",{}
https://simplify.jobs/p/70e83842-4614-4605-ada5-d9a97c3b66b5,Front-End Software Engineer,Booz Allen,"Chantilly, VA, USA",77600.0,176000.0,USD,,,2026-09-04T01:30:21+00:00,2026-08-10T00:00:00+00:00,false,,onsite,full_time,senior,,,,simplify,https://simplify.jobs/p/70e83842-4614-4605-ada5-d9a97c3b66b5 | https://simplify.jobs/p/51207e6b-50e8-4cc1-a486-fe6ab3ee883f,,simplify,"[{""site"": ""simplify"", ""url"": ""https://simplify.jobs/p/70e83842-4614-4605-ada5-d9a97c3b66b5""}, {""site"": ""simplify"", ""url"": ""https://simplify.jobs/p/51207e6b-50e8-4cc1-a486-fe6ab3ee883f""}]",[],[],"{""location"": [""Chantilly, VA, USA""]}",{},"{""location"": ""array_field""}",{}
https://simplify.jobs/p/2c9a0ecd-db69-4640-903d-bc3bd82d8b2a,Senior Software Engineer - Frontend,SIFT,"San Francisco, CA, USA; Marina Del Rey, CA, USA",180000.0,230000.0,USD,,,2026-09-04T06:57:01+00:00,2026-08-04T22:20:15+00:00,false,,hybrid,full_time,senior,,,,simplify,https://simplify.jobs/p/2c9a0ecd-db69-4640-903d-bc3bd82d8b2a,,simplify,"[{""site"": ""simplify"", ""url"": ""https://simplify.jobs/p/2c9a0ecd-db69-4640-903d-bc3bd82d8b2a""}]",[],[],"{""location"": [""San Francisco, CA, USA; Marina Del Rey, CA, USA""]}",{},"{""location"": ""array_field""}",{}
https://simplify.jobs/p/77622f81-c2eb-4775-8c37-3cd05202302f,Staff Engineer - Frontend React,Nagarro,"Chennai, Tamil Nadu, India",,,,,,2026-09-03T17:09:30+00:00,2025-03-13T02:24:29+00:00,false,,onsite,full_time,senior,,,,simplify,https://simplify.jobs/p/77622f81-c2eb-4775-8c37-3cd05202302f,,simplify,"[{""site"": ""simplify"", ""url"": ""https://simplify.jobs/p/77622f81-c2eb-4775-8c37-3cd05202302f""}]",[],[],"{""location"": [""Chennai, Tamil Nadu, India""]}",{},"{""location"": ""array_field""}",{}
https://simplify.jobs/p/a98e932e-6ca8-4d8a-ae1c-c7c52f54a92c,Senior Frontend Software Engineer,Wemolo,"Munich, Germany",,,,,,2026-09-18T10:15:01+00:00,2026-07-27T14:16:42+00:00,false,,hybrid,full_time,senior,,,,simplify,https://simplify.jobs/p/a98e932e-6ca8-4d8a-ae1c-c7c52f54a92c,,simplify,"[{""site"": ""simplify"", ""url"": ""https://simplify.jobs/p/a98e932e-6ca8-4d8a-ae1c-c7c52f54a92c""}]",[],[],"{""location"": [""Munich, Germany""]}",{},"{""location"": ""array_field""}",{}
https://simplify.jobs/p/761a3f00-0720-4bdb-9efe-20e7f8e0244d,Senior Frontend Engineer,Nevis Wealth,"London, UK",,,,,,2026-09-04T09:42:02+00:00,2026-07-21T01:16:11+00:00,false,,onsite,full_time,senior,,,,simplify,https://simplify.jobs/p/761a3f00-0720-4bdb-9efe-20e7f8e0244d,,simplify,"[{""site"": ""simplify"", ""url"": ""https://simplify.jobs/p/761a3f00-0720-4bdb-9efe-20e7f8e0244d""}]",[],[],"{""location"": [""London, UK""]}",{},"{""location"": ""array_field""}",{}
https://simplify.jobs/p/53a0a8c1-eb6d-42b8-8554-bf087c56cc51,Frontend Developer - React & Typescript,Photon,"Chennai, Tamil Nadu, India; Bengaluru, Karnataka, India",,,,,,2026-03-19T14:10:22+00:00,2026-03-19T14:10:22+00:00,false,,onsite,full_time,mid | senior,,,,simplify,https://simplify.jobs/p/53a0a8c1-eb6d-42b8-8554-bf087c56cc51,,simplify,"[{""site"": ""simplify"", ""url"": ""https://simplify.jobs/p/53a0a8c1-eb6d-42b8-8554-bf087c56cc51""}]",[],[],"{""location"": [""Chennai, Tamil Nadu, India; Bengaluru, Karnataka, India""]}",{},"{""location"": ""array_field""}",{}
https://simplify.jobs/p/e391e350-cb97-4ddd-bda6-315cb46db880,Front-End Developer Engineer - PACS,Orange,"Biot, France",,,,,,2026-09-03T14:36:15+00:00,2026-08-18T08:02:36+00:00,false,,onsite,full_time,mid,,,,simplify,https://simplify.jobs/p/e391e350-cb97-4ddd-bda6-315cb46db880,,simplify,"[{""site"": ""simplify"", ""url"": ""https://simplify.jobs/p/e391e350-cb97-4ddd-bda6-315cb46db880""}]",[],[],"{""location"": [""Biot, France""]}",{},"{""location"": ""array_field""}",{}
https://simplify.jobs/p/89672984-5311-4acb-a016-7ccfc84171ac,Senior Frontend Engineer - Bookings Group,Lodgify,"Barcelona, Spain",,,,,,2026-09-16T09:21:01+00:00,2026-09-16T09:20:18+00:00,false,,hybrid,full_time,senior,,,,simplify,https://simplify.jobs/p/89672984-5311-4acb-a016-7ccfc84171ac,,simplify,"[{""site"": ""simplify"", ""url"": ""https://simplify.jobs/p/89672984-5311-4acb-a016-7ccfc84171ac""}]",[],[],"{""location"": [""Barcelona, Spain""]}",{},"{""location"": ""array_field""}",{}
https://simplify.jobs/p/d586f6d1-2960-41bb-8f6e-c17d2abaa03a,Senior Frontend Engineer,Reedsy,Remote; Europe; Remote in UK; Remote in Spain; Remote in France,60000.0,90000.0,GBP,,,2026-09-23T11:09:01+00:00,2026-03-27T01:12:18+00:00,false,,remote,full_time,senior,,,,simplify,https://simplify.jobs/p/d586f6d1-2960-41bb-8f6e-c17d2abaa03a,,simplify,"[{""site"": ""simplify"", ""url"": ""https://simplify.jobs/p/d586f6d1-2960-41bb-8f6e-c17d2abaa03a""}]",[],[],"{""location"": [""Remote; Europe; Remote in UK; Remote in Spain; Remote in France""]}",{},"{""location"": ""array_field""}",{}
https://simplify.jobs/p/324a248f-39d9-414c-82f3-dff3cef56dd6,Senior Frontend Developer,AppZen,"Pune, Maharashtra, India",,,,,,2026-09-04T08:27:01+00:00,2026-06-23T06:05:40+00:00,false,,onsite,full_time,senior,,,,simplify,https://simplify.jobs/p/324a248f-39d9-414c-82f3-dff3cef56dd6,,simplify,"[{""site"": ""simplify"", ""url"": ""https://simplify.jobs/p/324a248f-39d9-414c-82f3-dff3cef56dd6""}]",[],[],"{""location"": [""Pune, Maharashtra, India""]}",{},"{""location"": ""array_field""}",{}
https://simplify.jobs/p/a9973418-878d-4615-8aa9-6cbde61e55c5,Frontend Software Engineer,Cambio,"San Francisco, CA, USA; New York, NY, USA; Waterloo, ON, Canada; Kitchener, ON, Canada",,,,,,2026-09-04T02:15:20+00:00,2026-08-13T01:44:26+00:00,false,,hybrid,full_time,mid,,,,simplify,https://simplify.jobs/p/a9973418-878d-4615-8aa9-6cbde61e55c5,,simplify,"[{""site"": ""simplify"", ""url"": ""https://simplify.jobs/p/a9973418-878d-4615-8aa9-6cbde61e55c5""}]",[],[],"{""location"": [""San Francisco, CA, USA; New York, NY, USA; Waterloo, ON, Canada; Kitchener, ON, Canada""]}",{},"{""location"": ""array_field""}",{}
https://simplify.jobs/p/5cf225f6-df5f-4544-8c43-868cee1a2d6b,Frontend Engineer - Microfrontends,Orion Systems Integrators,"Montreal, QC, Canada",,,,,,2026-09-23T22:49:31+00:00,2026-09-23T22:22:41+00:00,false,,hybrid,full_time,senior,,,,simplify,https://simplify.jobs/p/5cf225f6-df5f-4544-8c43-868cee1a2d6b,,simplify,"[{""site"": ""simplify"", ""url"": ""https://simplify.jobs/p/5cf225f6-df5f-4544-8c43-868cee1a2d6b""}]",[],[],"{""location"": [""Montreal, QC, Canada""]}",{},"{""location"": ""array_field""}",{}
https://simplify.jobs/p/48da0184-9953-4f97-99a9-87690de4c6e8,Senior Frontend Engineer - Business Systems,Verkada,"San Mateo, CA, USA",180000.0,280000.0,USD,,,2026-09-04T08:03:01+00:00,2026-05-26T22:15:05+00:00,false,,onsite,full_time,mid | senior,,,,simplify,https://simplify.jobs/p/48da0184-9953-4f97-99a9-87690de4c6e8,,simplify,"[{""site"": ""simplify"", ""url"": ""https://simplify.jobs/p/48da0184-9953-4f97-99a9-87690de4c6e8""}]",[],[],"{""location"": [""San Mateo, CA, USA""]}",{},"{""location"": ""array_field""}",{}
https://simplify.jobs/p/cedade19-55b4-4bee-8cb4-a7c8030cfc23,Junior Frontend Developer - AI & LLM Focus,Advision Development,"Remote; Austin, TX, USA",65000.0,80000.0,USD,,,2026-10-02T11:12:13+00:00,2026-07-21T01:16:31+00:00,false,,remote,full_time,junior,,,,simplify,https://simplify.jobs/p/cedade19-55b4-4bee-8cb4-a7c8030cfc23,,simplify,"[{""site"": ""simplify"", ""url"": ""https://simplify.jobs/p/cedade19-55b4-4bee-8cb4-a7c8030cfc23""}]",[],[],"{""location"": [""Remote; Austin, TX, USA""]}",{},"{""location"": ""array_field""}",{}
https://simplify.jobs/p/12b5b07f-799e-4538-aebc-c32258afb8e4,Senior Frontend Engineer,Peec AI,"Berlin, Germany",100000.0,150000.0,EUR,,,2026-09-18T08:33:20+00:00,2025-11-18T23:22:37+00:00,false,,onsite,full_time,senior,,,,simplify,https://simplify.jobs/p/12b5b07f-799e-4538-aebc-c32258afb8e4,,simplify,"[{""site"": ""simplify"", ""url"": ""https://simplify.jobs/p/12b5b07f-799e-4538-aebc-c32258afb8e4""}]",[],[],"{""location"": [""Berlin, Germany""]}",{},"{""location"": ""array_field""}",{}
https://simplify.jobs/p/8f493b99-aa1d-4b44-8cc1-dc9fc9e2d5d9,Product Software Developer - Front-End,Assured Guaranty,"New York, NY, USA",30.0,32.0,USD,,,2026-09-21T22:51:01+00:00,2026-09-21T22:42:21+00:00,true,,onsite,internship,intern,,,,simplify,https://simplify.jobs/p/8f493b99-aa1d-4b44-8cc1-dc9fc9e2d5d9,,simplify,"[{""site"": ""simplify"", ""url"": ""https://simplify.jobs/p/8f493b99-aa1d-4b44-8cc1-dc9fc9e2d5d9""}]",[],[],"{""location"": [""New York, NY, USA""]}",{},"{""location"": ""array_field""}",{}
https://simplify.jobs/p/eb4dc73b-4163-4d76-a937-39dfee6109ea,Staff Frontend Engineer,Vetcove,Remote; Remote in USA,190000.0,220000.0,USD,,,2026-09-04T13:00:41+00:00,2026-08-29T00:39:32+00:00,false,,remote,full_time,senior,,,,simplify,https://simplify.jobs/p/eb4dc73b-4163-4d76-a937-39dfee6109ea,,simplify,"[{""site"": ""simplify"", ""url"": ""https://simplify.jobs/p/eb4dc73b-4163-4d76-a937-39dfee6109ea""}]",[],[],"{""location"": [""Remote; Remote in USA""]}",{},"{""location"": ""array_field""}",{}
https://simplify.jobs/p/3b14bf0c-f413-4455-8f9a-ed649f73db3e,Senior Front-End Engineer,ST Labs,"New York, NY, USA",160000.0,230000.0,USD,,,2026-09-09T09:14:55+00:00,2026-03-02T10:29:12+00:00,false,,onsite,full_time,senior,,,,simplify,https://simplify.jobs/p/3b14bf0c-f413-4455-8f9a-ed649f73db3e,,simplify,"[{""site"": ""simplify"", ""url"": ""https://simplify.jobs/p/3b14bf0c-f413-4455-8f9a-ed649f73db3e""}]",[],[],"{""location"": [""New York, NY, USA""]}",{},"{""location"": ""array_field""}",{}
https://simplify.jobs/p/1a763d95-876d-497b-a11d-04bedb357aa4,Staff Frontend Engineer - Core DevOps,GitLab,"Remote; Bengaluru, Karnataka, India",,,,,,2026-09-24T06:06:02+00:00,2026-09-24T06:03:43+00:00,false,,remote,full_time,senior,,,,simplify,https://simplify.jobs/p/1a763d95-876d-497b-a11d-04bedb357aa4,,simplify,"[{""site"": ""simplify"", ""url"": ""https://simplify.jobs/p/1a763d95-876d-497b-a11d-04bedb357aa4""}]",[],[],"{""location"": [""Remote; Bengaluru, Karnataka, India""]}",{},"{""location"": ""array_field""}",{}
https://simplify.jobs/p/abba359f-227b-4c6b-a6d3-1e1a290a75b8,Senior Frontend Engineer,Amber,"Aachen, Germany",60000.0,90000.0,EUR,,,2026-09-22T10:29:16+00:00,2026-09-03T03:54:21+00:00,false,,hybrid,full_time,senior,,,,simplify,https://simplify.jobs/p/abba359f-227b-4c6b-a6d3-1e1a290a75b8,,simplify,"[{""site"": ""simplify"", ""url"": ""https://simplify.jobs/p/abba359f-227b-4c6b-a6d3-1e1a290a75b8""}]",[],[],"{""location"": [""Aachen, Germany""]}",{},"{""location"": ""array_field""}",{}
https://simplify.jobs/p/b75469bb-1517-41d1-a4ed-cc36f032a905,Staff Frontend Engineer - Web,Peakhealth AI,"San Francisco, CA, USA",,,,,,2026-10-02T11:33:14+00:00,2026-07-21T01:16:45+00:00,false,,hybrid,full_time,mid | senior,,,,simplify,https://simplify.jobs/p/b75469bb-1517-41d1-a4ed-cc36f032a905,,simplify,"[{""site"": ""simplify"", ""url"": ""https://simplify.jobs/p/b75469bb-1517-41d1-a4ed-cc36f032a905""}]",[],[],"{""location"": [""San Francisco, CA, USA""]}",{},"{""location"": ""array_field""}",{}
https://simplify.jobs/p/9353849b-3465-43bb-9d0e-16103af2961e,Frontend Engineer - UI/UX Focus,Zettabyte,"Palo Alto, CA, USA",,,,,,2026-10-02T10:57:04+00:00,2026-03-06T23:07:51+00:00,false,,hybrid,full_time,mid,,,,simplify,https://simplify.jobs/p/9353849b-3465-43bb-9d0e-16103af2961e,,simplify,"[{""site"": ""simplify"", ""url"": ""https://simplify.jobs/p/9353849b-3465-43bb-9d0e-16103af2961e""}]",[],[],"{""location"": [""Palo Alto, CA, USA""]}",{},"{""location"": ""array_field""}",{}
https://simplify.jobs/p/d79214db-259d-4388-9aa9-3d60799d9104,Frontend or UI Developer,Jobsbridge,"San Ramon, CA, USA",,,,,,2026-09-03T17:55:03+00:00,2026-02-24T07:20:41+00:00,false,,onsite,full_time,mid,,,,simplify,https://simplify.jobs/p/d79214db-259d-4388-9aa9-3d60799d9104,,simplify,"[{""site"": ""simplify"", ""url"": ""https://simplify.jobs/p/d79214db-259d-4388-9aa9-3d60799d9104""}]",[],[],"{""location"": [""San Ramon, CA, USA""]}",{},"{""location"": ""array_field""}",{}
https://simplify.jobs/p/96c3562d-0207-44bc-8041-367ae7a88faf,Front-End Developer/508 Compliance Specialist - Multiple Teams,Captivation,"Annapolis Junction, MD, USA",130000.0,270000.0,USD,,,2026-09-17T01:09:02+00:00,2026-09-17T01:08:47+00:00,false,,hybrid,full_time,mid,,,,simplify,https://simplify.jobs/p/96c3562d-0207-44bc-8041-367ae7a88faf,,simplify,"[{""site"": ""simplify"", ""url"": ""https://simplify.jobs/p/96c3562d-0207-44bc-8041-367ae7a88faf""}]",[],[],"{""location"": [""Annapolis Junction, MD, USA""]}",{},"{""location"": ""array_field""}",{}
https://simplify.jobs/p/1e8b68ab-7745-4adc-b490-b3856d453674,Senior Software Engineer - Frontend,Brex,"Seattle, WA, USA",192000.0,240000.0,USD,,,2026-09-16T22:45:02+00:00,2026-09-16T22:30:15+00:00,false,,hybrid,full_time,senior,,,,simplify,https://simplify.jobs/p/1e8b68ab-7745-4adc-b490-b3856d453674,,simplify,"[{""site"": ""simplify"", ""url"": ""https://simplify.jobs/p/1e8b68ab-7745-4adc-b490-b3856d453674""}]",[],[],"{""location"": [""Seattle, WA, USA""]}",{},"{""location"": ""array_field""}",{}
https://simplify.jobs/p/56e831df-721a-4239-a16d-df644658aa79,Senior Frontend Software Engineer,Okendo,"Remote; Melbourne VIC, Australia",,,,,,2026-09-03T22:36:21+00:00,2026-08-05T06:06:48+00:00,false,,remote,full_time,senior,,,,simplify,https://simplify.jobs/p/56e831df-721a-4239-a16d-df644658aa79,,simplify,"[{""site"": ""simplify"", ""url"": ""https://simplify.jobs/p/56e831df-721a-4239-a16d-df644658aa79""}]",[],[],"{""location"": [""Remote; Melbourne VIC, Australia""]}",{},"{""location"": ""array_field""}",{}
https://simplify.jobs/p/7df78a0e-7ef4-4dcc-823f-39bfb07beb57,Front-end Developer,Parkdepot,"San Francisco, CA, USA",,,,,,2026-09-04T09:15:01+00:00,2026-07-07T09:06:10+00:00,false,,onsite,full_time,junior | mid,,,,simplify,https://simplify.jobs/p/7df78a0e-7ef4-4dcc-823f-39bfb07beb57,,simplify,"[{""site"": ""simplify"", ""url"": ""https://simplify.jobs/p/7df78a0e-7ef4-4dcc-823f-39bfb07beb57""}]",[],[],"{""location"": [""San Francisco, CA, USA""]}",{},"{""location"": ""array_field""}",{}
https://simplify.jobs/p/9596d711-43db-443e-8116-5883bdb6a3b3,Junior Front-End Software Engineer,Jobsbridge,"Atlanta, GA, USA",,,,,,2026-09-03T17:54:20+00:00,2026-02-24T07:20:15+00:00,false,,onsite,full_time,junior | mid,,,,simplify,https://simplify.jobs/p/9596d711-43db-443e-8116-5883bdb6a3b3,,simplify,"[{""site"": ""simplify"", ""url"": ""https://simplify.jobs/p/9596d711-43db-443e-8116-5883bdb6a3b3""}]",[],[],"{""location"": [""Atlanta, GA, USA""]}",{},"{""location"": ""array_field""}",{}
https://simplify.jobs/p/3b7b68b3-c307-4d40-8b7e-20add70337a8,Senior Frontend Engineer - Growth Experimentation,Eucalyptus,"London, UK",,,,,,2026-09-04T07:24:02+00:00,2026-04-16T14:11:47+00:00,false,,onsite,full_time,senior,,,,simplify,https://simplify.jobs/p/3b7b68b3-c307-4d40-8b7e-20add70337a8,,simplify,"[{""site"": ""simplify"", ""url"": ""https://simplify.jobs/p/3b7b68b3-c307-4d40-8b7e-20add70337a8""}]",[],[],"{""location"": [""London, UK""]}",{},"{""location"": ""array_field""}",{}
https://simplify.jobs/p/ee96e664-16f8-4f87-8e60-a76017e65a15,Frontend Engineer,Stedi,Remote; Remote in USA; Remote in Canada,,,,,,2026-09-11T12:03:16+00:00,2025-10-31T10:36:28+00:00,false,,remote,full_time,mid,,,,simplify,https://simplify.jobs/p/ee96e664-16f8-4f87-8e60-a76017e65a15,,simplify,"[{""site"": ""simplify"", ""url"": ""https://simplify.jobs/p/ee96e664-16f8-4f87-8e60-a76017e65a15""}]",[],[],"{""location"": [""Remote; Remote in USA; Remote in Canada""]}",{},"{""location"": ""array_field""}",{}
https://simplify.jobs/p/7c2443d4-aca0-4108-99c4-c3b4833241fd,Senior Frontend Platform Engineer,Parloa,"Berlin, Germany",,,,,,2026-09-04T02:06:24+00:00,2026-08-12T09:26:09+00:00,false,,onsite,full_time,senior,,,,simplify,https://simplify.jobs/p/7c2443d4-aca0-4108-99c4-c3b4833241fd,,simplify,"[{""site"": ""simplify"", ""url"": ""https://simplify.jobs/p/7c2443d4-aca0-4108-99c4-c3b4833241fd""}]",[],[],"{""location"": [""Berlin, Germany""]}",{},"{""location"": ""array_field""}",{}
https://simplify.jobs/p/79212a11-815d-4a86-8746-65704b087856,Frontend Software Engineer,Chalk,"San Francisco, CA, USA",170000.0,280000.0,USD,,,2026-09-03T18:48:22+00:00,2026-06-11T09:07:15+00:00,false,,onsite,full_time,mid,,,,simplify,https://simplify.jobs/p/79212a11-815d-4a86-8746-65704b087856,,simplify,"[{""site"": ""simplify"", ""url"": ""https://simplify.jobs/p/79212a11-815d-4a86-8746-65704b087856""}]",[],[],"{""location"": [""San Francisco, CA, USA""]}",{},"{""location"": ""array_field""}",{}
https://simplify.jobs/p/bad2bcd4-25cd-4d87-9ade-25cd4426e428,Senior Frontend Engineer,Zoom,"Remote; Seattle, WA, USA",197950.0,332200.0,USD,,,2026-09-04T08:27:01+00:00,2026-07-04T11:37:41+00:00,false,,remote,full_time,senior,,,,simplify,https://simplify.jobs/p/bad2bcd4-25cd-4d87-9ade-25cd4426e428,,simplify,"[{""site"": ""simplify"", ""url"": ""https://simplify.jobs/p/bad2bcd4-25cd-4d87-9ade-25cd4426e428""}]",[],[],"{""location"": [""Remote; Seattle, WA, USA""]}",{},"{""location"": ""array_field""}",{}
https://simplify.jobs/p/9f775a8a-8378-4e6b-834c-9e8aee30fee0,Frontend Engineer,PowerToFly,"San Francisco, CA, USA",,,,,,2026-09-04T09:42:02+00:00,2026-07-21T01:14:23+00:00,false,,onsite,full_time,mid,,,,simplify,https://simplify.jobs/p/9f775a8a-8378-4e6b-834c-9e8aee30fee0,,simplify,"[{""site"": ""simplify"", ""url"": ""https://simplify.jobs/p/9f775a8a-8378-4e6b-834c-9e8aee30fee0""}]",[],[],"{""location"": [""San Francisco, CA, USA""]}",{},"{""location"": ""array_field""}",{}
https://simplify.jobs/p/29082c98-142d-41f4-a35c-e7b39941479d,Senior Frontend Software Engineer,Qualys,"Pune, Maharashtra, India",,,,,,2026-10-02T13:33:22+00:00,2026-08-19T00:00:00+00:00,false,,onsite,full_time,senior,,,,simplify,https://simplify.jobs/p/29082c98-142d-41f4-a35c-e7b39941479d | https://simplify.jobs/p/949ee72b-618d-4e2c-b3cd-a81717ce84e5,,simplify,"[{""site"": ""simplify"", ""url"": ""https://simplify.jobs/p/29082c98-142d-41f4-a35c-e7b39941479d""}, {""site"": ""simplify"", ""url"": ""https://simplify.jobs/p/949ee72b-618d-4e2c-b3cd-a81717ce84e5""}]",[],[],"{""location"": [""Pune, Maharashtra, India""]}",{},"{""location"": ""array_field""}",{}
https://simplify.jobs/p/64309bea-6414-4dc9-9aa1-de909e319164,Senior Frontend Engineer - Expenses,Airwallex,"San Francisco, CA, USA",147000.0,252000.0,USD,,,2026-09-29T10:27:01+00:00,2026-05-23T01:09:01+00:00,false,,hybrid,full_time,senior,,,,simplify,https://simplify.jobs/p/64309bea-6414-4dc9-9aa1-de909e319164,,simplify,"[{""site"": ""simplify"", ""url"": ""https://simplify.jobs/p/64309bea-6414-4dc9-9aa1-de909e319164""}]",[],[],"{""location"": [""San Francisco, CA, USA""]}",{},"{""location"": ""array_field""}",{}
https://simplify.jobs/p/7af4115b-966c-4bdc-aedc-be58adeb3a14,Staff Frontend Software Engineer,OpenTable,"Toronto, ON, Canada",,,,,,2026-09-04T07:24:02+00:00,2026-05-20T22:21:53+00:00,false,,hybrid,full_time,senior,,,,simplify,https://simplify.jobs/p/7af4115b-966c-4bdc-aedc-be58adeb3a14,,simplify,"[{""site"": ""simplify"", ""url"": ""https://simplify.jobs/p/7af4115b-966c-4bdc-aedc-be58adeb3a14""}]",[],[],"{""location"": [""Toronto, ON, Canada""]}",{},"{""location"": ""array_field""}",{}
https://simplify.jobs/p/58af8c96-0e5d-4edf-b7fd-621ec92dce4a,Senior Front-End Software Engineer 2 - Front End - Apex Platform,AXS,"Los Angeles, CA, USA",133309.0,150000.0,USD,,,2026-09-03T20:33:22+00:00,2026-07-30T22:35:26+00:00,false,,hybrid,full_time,senior,,,,simplify,https://simplify.jobs/p/58af8c96-0e5d-4edf-b7fd-621ec92dce4a,,simplify,"[{""site"": ""simplify"", ""url"": ""https://simplify.jobs/p/58af8c96-0e5d-4edf-b7fd-621ec92dce4a""}]",[],[],"{""location"": [""Los Angeles, CA, USA""]}",{},"{""location"": ""array_field""}",{}
https://simplify.jobs/p/0c18b125-3948-4bd0-8fbd-b14c527327bd,Frontend Engineer - Frontend,Accenture,"Kochi, Kerala, India",,,,,,2026-09-18T22:43:12+00:00,2026-09-18T00:00:00+00:00,false,,onsite,full_time,junior,,,,simplify,https://simplify.jobs/p/0c18b125-3948-4bd0-8fbd-b14c527327bd,,simplify,"[{""site"": ""simplify"", ""url"": ""https://simplify.jobs/p/0c18b125-3948-4bd0-8fbd-b14c527327bd""}]",[],[],"{""location"": [""Kochi, Kerala, India""]}",{},"{""location"": ""array_field""}",{}
https://simplify.jobs/p/d020bf44-816b-4fe5-9665-9e41b8c9ad5d,Senior Frontend Engineer,Luxury Escapes,"Sydney NSW, Australia",,,,,,2026-09-30T01:09:05+00:00,2026-09-30T01:06:26+00:00,false,,onsite,full_time,senior,,,,simplify,https://simplify.jobs/p/d020bf44-816b-4fe5-9665-9e41b8c9ad5d,,simplify,"[{""site"": ""simplify"", ""url"": ""https://simplify.jobs/p/d020bf44-816b-4fe5-9665-9e41b8c9ad5d""}]",[],[],"{""location"": [""Sydney NSW, Australia""]}",{},"{""location"": ""array_field""}",{}
https://simplify.jobs/p/fee97622-f406-42d9-9005-32bae0720ad6,Associate Principal Engineer - Frontend React,Nagarro,"Bengaluru, Karnataka, India",,,,,,2026-09-04T06:57:01+00:00,2025-11-07T17:11:39+00:00,false,,onsite,full_time,,,,,simplify,https://simplify.jobs/p/fee97622-f406-42d9-9005-32bae0720ad6,,simplify,"[{""site"": ""simplify"", ""url"": ""https://simplify.jobs/p/fee97622-f406-42d9-9005-32bae0720ad6""}]",[],[],"{""location"": [""Bengaluru, Karnataka, India""]}",{},"{""location"": ""array_field""}",{}
https://simplify.jobs/p/859ad4eb-56ff-45fe-9216-42f094046514,Front-End Developer,Workhint,"Houston, TX, USA",,,,,,2026-09-04T12:00:01+00:00,2026-08-18T01:08:23+00:00,false,,onsite,full_time,mid,,,,simplify,https://simplify.jobs/p/859ad4eb-56ff-45fe-9216-42f094046514,,simplify,"[{""site"": ""simplify"", ""url"": ""https://simplify.jobs/p/859ad4eb-56ff-45fe-9216-42f094046514""}]",[],[],"{""location"": [""Houston, TX, USA""]}",{},"{""location"": ""array_field""}",{}
https://simplify.jobs/p/59f81f12-a63d-4cf4-8e7c-424d6b855699,Front-End Engineer,Nebo,"Atlanta, GA, USA",,,,,,2026-09-04T10:30:02+00:00,2026-08-03T06:21:52+00:00,false,,hybrid,full_time,mid | senior,,,,simplify,https://simplify.jobs/p/59f81f12-a63d-4cf4-8e7c-424d6b855699,,simplify,"[{""site"": ""simplify"", ""url"": ""https://simplify.jobs/p/59f81f12-a63d-4cf4-8e7c-424d6b855699""}]",[],[],"{""location"": [""Atlanta, GA, USA""]}",{},"{""location"": ""array_field""}",{}
https://simplify.jobs/p/1f4dbace-cea7-46a2-adaf-655808a68e48,Front-end Engineer,Justworks,"New York, NY, USA",,,,,,2026-09-04T12:09:01+00:00,2026-08-18T01:17:54+00:00,false,,onsite,full_time,mid,,,,simplify,https://simplify.jobs/p/1f4dbace-cea7-46a2-adaf-655808a68e48,,simplify,"[{""site"": ""simplify"", ""url"": ""https://simplify.jobs/p/1f4dbace-cea7-46a2-adaf-655808a68e48""}]",[],[],"{""location"": [""New York, NY, USA""]}",{},"{""location"": ""array_field""}",{}
https://simplify.jobs/p/8d88d2aa-c6ca-4bbc-adb2-234e5275cc6f,Senior Front-End UI Developer,Jobsbridge,"Atlanta, GA, USA",,,,,,2026-09-03T17:54:20+00:00,2026-02-24T07:20:00+00:00,false,,onsite,full_time,mid | senior,,,,simplify,https://simplify.jobs/p/8d88d2aa-c6ca-4bbc-adb2-234e5275cc6f,,simplify,"[{""site"": ""simplify"", ""url"": ""https://simplify.jobs/p/8d88d2aa-c6ca-4bbc-adb2-234e5275cc6f""}]",[],[],"{""location"": [""Atlanta, GA, USA""]}",{},"{""location"": ""array_field""}",{}
https://simplify.jobs/p/1bd39315-7e7e-4e12-a107-7cb677fcc045,Java Frontend Developer,Capgemini,"Toronto, ON, Canada",75000.0,90000.0,USD,,,2026-09-21T22:51:01+00:00,2026-09-21T22:26:55+00:00,false,,onsite,full_time,senior,,,,simplify,https://simplify.jobs/p/1bd39315-7e7e-4e12-a107-7cb677fcc045,,simplify,"[{""site"": ""simplify"", ""url"": ""https://simplify.jobs/p/1bd39315-7e7e-4e12-a107-7cb677fcc045""}]",[],[],"{""location"": [""Toronto, ON, Canada""]}",{},"{""location"": ""array_field""}",{}
https://simplify.jobs/p/c52860fe-0f5d-4192-8ab6-42041c39badd,Frontend Engineer,Bobyard,"San Francisco, CA, USA",130000.0,160000.0,USD,,,2026-09-04T01:48:21+00:00,2026-08-11T22:21:23+00:00,false,,onsite,full_time,mid,,,,simplify,https://simplify.jobs/p/c52860fe-0f5d-4192-8ab6-42041c39badd,,simplify,"[{""site"": ""simplify"", ""url"": ""https://simplify.jobs/p/c52860fe-0f5d-4192-8ab6-42041c39badd""}]",[],[],"{""location"": [""San Francisco, CA, USA""]}",{},"{""location"": ""array_field""}",{}
https://simplify.jobs/p/cbe18418-e0a1-4372-8eb9-2a5d90594e81,Frontend UI Engineer - React JS,Infoways,"Houston, TX, USA",,,,,,2026-09-04T02:06:24+00:00,2026-08-12T06:05:47+00:00,false,,onsite,full_time,,,,,simplify,https://simplify.jobs/p/cbe18418-e0a1-4372-8eb9-2a5d90594e81,,simplify,"[{""site"": ""simplify"", ""url"": ""https://simplify.jobs/p/cbe18418-e0a1-4372-8eb9-2a5d90594e81""}]",[],[],"{""location"": [""Houston, TX, USA""]}",{},"{""location"": ""array_field""}",{}
https://simplify.jobs/p/d1ab7331-1b40-4e67-8034-53ec8b0da320,Senior Frontend Engineer,Hire Hangar,"Remote; Mumbai, Maharashtra, India",1500.0,4000.0,USD,,,2026-09-05T11:57:01+00:00,2026-08-10T06:17:16+00:00,false,,remote,full_time,senior,,,,simplify,https://simplify.jobs/p/d1ab7331-1b40-4e67-8034-53ec8b0da320,,simplify,"[{""site"": ""simplify"", ""url"": ""https://simplify.jobs/p/d1ab7331-1b40-4e67-8034-53ec8b0da320""}]",[],[],"{""location"": [""Remote; Mumbai, Maharashtra, India""]}",{},"{""location"": ""array_field""}",{}
https://simplify.jobs/p/06c03f4c-c674-4513-b8f2-52e2a9db5487,Frontend Developer,Capgemini,"Dallas, TX, USA",68911.0,161544.0,USD,,,2026-09-29T09:18:55+00:00,2026-08-03T06:10:13+00:00,false,,hybrid,full_time,mid | senior,,,,simplify,https://simplify.jobs/p/06c03f4c-c674-4513-b8f2-52e2a9db5487,,simplify,"[{""site"": ""simplify"", ""url"": ""https://simplify.jobs/p/06c03f4c-c674-4513-b8f2-52e2a9db5487""}]",[],[],"{""location"": [""Dallas, TX, USA""]}",{},"{""location"": ""array_field""}",{}
https://simplify.jobs/p/77263133-6def-4cb3-9574-e419374a069e,Senior Software Engineer - Frontend,Hive,"San Francisco, CA, USA",160000.0,250000.0,USD,,,2025-03-14T01:28:19+00:00,2023-07-19T07:09:28+00:00,false,,onsite,full_time,senior,,,,simplify,https://simplify.jobs/p/77263133-6def-4cb3-9574-e419374a069e,,simplify,"[{""site"": ""simplify"", ""url"": ""https://simplify.jobs/p/77263133-6def-4cb3-9574-e419374a069e""}]",[],[],"{""location"": [""San Francisco, CA, USA""]}",{},"{""location"": ""array_field""}",{}
https://simplify.jobs/p/048da8a1-edcb-43f9-a20b-4ae79b68f3c1,Senior Frontend Engineer,ether.fi,"Dubai - United Arab Emirates; New York, NY, USA; Denver, CO, USA",150000.0,250000.0,USD,,,2026-10-01T09:21:01+00:00,2026-09-04T22:41:15+00:00,false,,onsite,full_time,mid | senior,,,,simplify,https://simplify.jobs/p/048da8a1-edcb-43f9-a20b-4ae79b68f3c1,,simplify,"[{""site"": ""simplify"", ""url"": ""https://simplify.jobs/p/048da8a1-edcb-43f9-a20b-4ae79b68f3c1""}]",[],[],"{""location"": [""Dubai - United Arab Emirates; New York, NY, USA; Denver, CO, USA""]}",{},"{""location"": ""array_field""}",{}
https://simplify.jobs/p/7c2711ad-72fa-4cfd-bc7e-9b458dfee0b1,Front-end Developer,Blueberry Labs,"Hyderabad, Telangana, India",,,,,,2026-09-04T12:00:01+00:00,2026-08-18T01:12:56+00:00,false,,onsite,full_time,mid,,,,simplify,https://simplify.jobs/p/7c2711ad-72fa-4cfd-bc7e-9b458dfee0b1 | https://simplify.jobs/p/86edb6fc-7a69-4657-8fe6-f4cb3ccd4f1e,,simplify,"[{""site"": ""simplify"", ""url"": ""https://simplify.jobs/p/7c2711ad-72fa-4cfd-bc7e-9b458dfee0b1""}, {""site"": ""simplify"", ""url"": ""https://simplify.jobs/p/86edb6fc-7a69-4657-8fe6-f4cb3ccd4f1e""}]",[],[],"{""location"": [""Hyderabad, Telangana, India""]}",{},"{""location"": ""array_field""}",{}
https://simplify.jobs/p/04bc7af0-9f60-456e-b581-2686f4220adf,Lead Software Engineer - Frontend Developer,LSEG,"Bengaluru, Karnataka, India",,,,,,2026-09-30T14:30:02+00:00,2026-09-30T00:00:00+00:00,false,,hybrid,full_time,senior,,,,simplify,https://simplify.jobs/p/04bc7af0-9f60-456e-b581-2686f4220adf,,simplify,"[{""site"": ""simplify"", ""url"": ""https://simplify.jobs/p/04bc7af0-9f60-456e-b581-2686f4220adf""}]",[],[],"{""location"": [""Bengaluru, Karnataka, India""]}",{},"{""location"": ""array_field""}",{}
https://simplify.jobs/p/e04e336a-bd35-460f-883d-057afa844b07,Senior Frontend Engineer - Growth,Airwallex,"San Francisco, CA, USA",158000.0,225000.0,USD,,,2026-09-29T17:21:04+00:00,2026-01-15T10:08:39+00:00,false,,hybrid,full_time,senior,,,,simplify,https://simplify.jobs/p/e04e336a-bd35-460f-883d-057afa844b07,,simplify,"[{""site"": ""simplify"", ""url"": ""https://simplify.jobs/p/e04e336a-bd35-460f-883d-057afa844b07""}]",[],[],"{""location"": [""San Francisco, CA, USA""]}",{},"{""location"": ""array_field""}",{}
https://simplify.jobs/p/a5528580-7e9f-41ac-96ea-ff29ea847ee6,Senior Frontend Software Engineer - Orchestration and Automation,Celonis,"Madrid, Spain",,,,,,2026-09-03T16:51:16+00:00,2026-08-13T14:29:57+00:00,false,,hybrid,full_time,senior,,,,simplify,https://simplify.jobs/p/a5528580-7e9f-41ac-96ea-ff29ea847ee6,,simplify,"[{""site"": ""simplify"", ""url"": ""https://simplify.jobs/p/a5528580-7e9f-41ac-96ea-ff29ea847ee6""}]",[],[],"{""location"": [""Madrid, Spain""]}",{},"{""location"": ""array_field""}",{}
https://simplify.jobs/p/976cca67-80d6-44a4-b1d5-20096840a937,Senior Frontend Engineer - Process Modeling Team,Celonis,"Madrid, Spain",,,,,,2026-09-04T12:33:01+00:00,2026-08-21T17:30:13+00:00,false,,hybrid,full_time,senior,,,,simplify,https://simplify.jobs/p/976cca67-80d6-44a4-b1d5-20096840a937,,simplify,"[{""site"": ""simplify"", ""url"": ""https://simplify.jobs/p/976cca67-80d6-44a4-b1d5-20096840a937""}]",[],[],"{""location"": [""Madrid, Spain""]}",{},"{""location"": ""array_field""}",{}
https://simplify.jobs/p/17a17abe-9127-4c2f-93b3-152d860699ce,Senior Angular Frontend Developer,SWARCO,"Berlin, Germany",,,,,,2026-09-30T14:18:01+00:00,2026-09-30T14:08:36+00:00,false,,hybrid,full_time,senior,,,,simplify,https://simplify.jobs/p/17a17abe-9127-4c2f-93b3-152d860699ce,,simplify,"[{""site"": ""simplify"", ""url"": ""https://simplify.jobs/p/17a17abe-9127-4c2f-93b3-152d860699ce""}]",[],[],"{""location"": [""Berlin, Germany""]}",{},"{""location"": ""array_field""}",{}
https://simplify.jobs/p/3c2701ed-72e9-4b76-811c-c2eb64742b08,Technical Lead / Frontend Development Lead - UI Eds,VML Enterprise Solutions,"Noida, Uttar Pradesh, India",,,,,,2026-09-03T16:51:16+00:00,2026-08-13T20:43:41+00:00,false,,onsite,full_time,,,,,simplify,https://simplify.jobs/p/3c2701ed-72e9-4b76-811c-c2eb64742b08,,simplify,"[{""site"": ""simplify"", ""url"": ""https://simplify.jobs/p/3c2701ed-72e9-4b76-811c-c2eb64742b08""}]",[],[],"{""location"": [""Noida, Uttar Pradesh, India""]}",{},"{""location"": ""array_field""}",{}
https://simplify.jobs/p/1fd68a39-867b-4374-a859-2590a0420b3c,Senior Frontend Engineer - AI Platform,Seekr,"Austin, TX, USA; Reston, VA, USA",,,,,,2026-09-22T22:45:01+00:00,2026-09-22T22:40:06+00:00,false,,hybrid,full_time,mid | senior,,,,simplify,https://simplify.jobs/p/1fd68a39-867b-4374-a859-2590a0420b3c,,simplify,"[{""site"": ""simplify"", ""url"": ""https://simplify.jobs/p/1fd68a39-867b-4374-a859-2590a0420b3c""}]",[],[],"{""location"": [""Austin, TX, USA; Reston, VA, USA""]}",{},"{""location"": ""array_field""}",{}
https://simplify.jobs/p/438ce533-cf68-473d-a22a-cc47e34176f4,Senior Frontend Engineer,BBGC,Dubai - United Arab Emirates,,,,,,2026-09-04T01:18:24+00:00,2026-08-08T01:18:11+00:00,false,,onsite,full_time,senior,,,,simplify,https://simplify.jobs/p/438ce533-cf68-473d-a22a-cc47e34176f4,,simplify,"[{""site"": ""simplify"", ""url"": ""https://simplify.jobs/p/438ce533-cf68-473d-a22a-cc47e34176f4""}]",[],[],"{""location"": [""Dubai - United Arab Emirates""]}",{},"{""location"": ""array_field""}",{}
https://simplify.jobs/p/3d57804a-69e0-48bd-b021-59641564b5cd,Frontend Software Engineer,Pi Security,"San Francisco, CA, USA",,,,,,2026-10-02T10:54:01+00:00,2026-07-21T01:14:43+00:00,false,,onsite,full_time,senior,,,,simplify,https://simplify.jobs/p/3d57804a-69e0-48bd-b021-59641564b5cd,,simplify,"[{""site"": ""simplify"", ""url"": ""https://simplify.jobs/p/3d57804a-69e0-48bd-b021-59641564b5cd""}]",[],[],"{""location"": [""San Francisco, CA, USA""]}",{},"{""location"": ""array_field""}",{}
https://simplify.jobs/p/2f3a8d1e-fb9a-4950-a113-ffb3bc0dac0f,Senior Frontend Developer - Headless CMS Expert,Vattenfall,"Hamburg, Germany; Berlin, Germany",,,,,,2026-09-04T12:00:01+00:00,2026-08-18T01:09:14+00:00,false,,hybrid,full_time,senior,,,,simplify,https://simplify.jobs/p/2f3a8d1e-fb9a-4950-a113-ffb3bc0dac0f,,simplify,"[{""site"": ""simplify"", ""url"": ""https://simplify.jobs/p/2f3a8d1e-fb9a-4950-a113-ffb3bc0dac0f""}]",[],[],"{""location"": [""Hamburg, Germany; Berlin, Germany""]}",{},"{""location"": ""array_field""}",{}
https://simplify.jobs/p/28164be6-7ed4-4ca6-9038-fd1339c8b871,Senior Software Engineer - Frontend,Brex,"Vancouver, BC, Canada",192000.0,240000.0,CAD,,,2026-09-17T14:36:01+00:00,2026-09-17T14:30:44+00:00,false,,hybrid,full_time,senior,,,,simplify,https://simplify.jobs/p/28164be6-7ed4-4ca6-9038-fd1339c8b871,,simplify,"[{""site"": ""simplify"", ""url"": ""https://simplify.jobs/p/28164be6-7ed4-4ca6-9038-fd1339c8b871""}]",[],[],"{""location"": [""Vancouver, BC, Canada""]}",{},"{""location"": ""array_field""}",{}
https://simplify.jobs/p/e401329f-06a5-4645-b287-bf4068dac98c,Principal Front-End Web Developer,Fortinet,"Sunnyvale, CA, USA",148000.0,180000.0,USD,,,2026-09-04T07:51:01+00:00,2026-05-07T22:07:18+00:00,false,,onsite,full_time,senior,,,,simplify,https://simplify.jobs/p/e401329f-06a5-4645-b287-bf4068dac98c,,simplify,"[{""site"": ""simplify"", ""url"": ""https://simplify.jobs/p/e401329f-06a5-4645-b287-bf4068dac98c""}]",[],[],"{""location"": [""Sunnyvale, CA, USA""]}",{},"{""location"": ""array_field""}",{}
https://simplify.jobs/p/70cea237-fb51-44ce-893b-bf1ecebdf1a7,Frontend Developer - AngularJS and Node.js,SA Technologies,"Richardson, TX, USA",,,,,,2026-09-04T07:24:02+00:00,2026-02-26T07:17:43+00:00,false,,onsite,full_time,senior,,,,simplify,https://simplify.jobs/p/70cea237-fb51-44ce-893b-bf1ecebdf1a7,,simplify,"[{""site"": ""simplify"", ""url"": ""https://simplify.jobs/p/70cea237-fb51-44ce-893b-bf1ecebdf1a7""}]",[],[],"{""location"": [""Richardson, TX, USA""]}",{},"{""location"": ""array_field""}",{}
https://simplify.jobs/p/2a49abfc-6361-4e1d-ac73-f9c81fef963d,Frontend Engineer,Plotline,"Bengaluru, Karnataka, India",,,,,,2026-09-08T22:48:21+00:00,2026-09-08T22:29:59+00:00,false,,hybrid,full_time,junior | mid,,,,simplify,https://simplify.jobs/p/2a49abfc-6361-4e1d-ac73-f9c81fef963d,,simplify,"[{""site"": ""simplify"", ""url"": ""https://simplify.jobs/p/2a49abfc-6361-4e1d-ac73-f9c81fef963d""}]",[],[],"{""location"": [""Bengaluru, Karnataka, India""]}",{},"{""location"": ""array_field""}",{}
https://simplify.jobs/p/0bbadb28-9082-423d-9a13-ac86281154a7,Front-End Software Developer,CACI,"Aberdeen Proving Ground, MD, USA",90300.0,189600.0,USD,,,2026-10-01T09:45:02+00:00,2026-08-26T00:00:00+00:00,false,,onsite,full_time,mid | senior,,,,simplify,https://simplify.jobs/p/0bbadb28-9082-423d-9a13-ac86281154a7,,simplify,"[{""site"": ""simplify"", ""url"": ""https://simplify.jobs/p/0bbadb28-9082-423d-9a13-ac86281154a7""}]",[],[],"{""location"": [""Aberdeen Proving Ground, MD, USA""]}",{},"{""location"": ""array_field""}",{}
https://simplify.jobs/p/12b92879-437a-49b1-ae39-fee49b309961,Frontend Engineer - Angular/TypeScript,Get Covered,Remote; Remote in India,,,,,,2026-10-02T09:31:25+00:00,2026-07-21T01:16:17+00:00,false,,remote,full_time,mid,,,,simplify,https://simplify.jobs/p/12b92879-437a-49b1-ae39-fee49b309961,,simplify,"[{""site"": ""simplify"", ""url"": ""https://simplify.jobs/p/12b92879-437a-49b1-ae39-fee49b309961""}]",[],[],"{""location"": [""Remote; Remote in India""]}",{},"{""location"": ""array_field""}",{}
https://simplify.jobs/p/8f5699b9-3dda-4363-80c0-7a7247c461f6,Software Engineer - Frontend,Glean,"Mountain View, CA, USA",115000.0,260000.0,USD,,,2026-09-03T17:09:30+00:00,2025-07-02T22:49:06+00:00,false,,hybrid,full_time,mid,,,,simplify,https://simplify.jobs/p/8f5699b9-3dda-4363-80c0-7a7247c461f6,,simplify,"[{""site"": ""simplify"", ""url"": ""https://simplify.jobs/p/8f5699b9-3dda-4363-80c0-7a7247c461f6""}]",[],[],"{""location"": [""Mountain View, CA, USA""]}",{},"{""location"": ""array_field""}",{}
https://simplify.jobs/p/48537202-f783-4e82-90fb-10a7056a19d1,Software Engineer III - Frontend,Veeam Software,"Hyderabad, Telangana, India",,,,,,2026-09-24T06:30:01+00:00,2026-07-14T09:11:25+00:00,false,,onsite,full_time,mid | senior,,,,simplify,https://simplify.jobs/p/48537202-f783-4e82-90fb-10a7056a19d1,,simplify,"[{""site"": ""simplify"", ""url"": ""https://simplify.jobs/p/48537202-f783-4e82-90fb-10a7056a19d1""}]",[],[],"{""location"": [""Hyderabad, Telangana, India""]}",{},"{""location"": ""array_field""}",{}
https://simplify.jobs/p/c7acfb4e-9a1b-432c-95e2-eccbbb669069,Frontend Software Developer 1 - Reactjs,Embibe,"Bengaluru, Karnataka, India",,,,,,2026-09-04T01:57:21+00:00,2026-08-12T01:08:02+00:00,false,,onsite,full_time,junior,,,,simplify,https://simplify.jobs/p/c7acfb4e-9a1b-432c-95e2-eccbbb669069,,simplify,"[{""site"": ""simplify"", ""url"": ""https://simplify.jobs/p/c7acfb4e-9a1b-432c-95e2-eccbbb669069""}]",[],[],"{""location"": [""Bengaluru, Karnataka, India""]}",{},"{""location"": ""array_field""}",{}
https://simplify.jobs/p/b4f72232-51da-47e1-a842-23b7af5974b3,Senior Software Engineer - Frontend,Sorare,"Île-de-France, France",,,,,,2026-09-18T09:36:01+00:00,2026-09-18T09:33:50+00:00,false,,hybrid,full_time,senior,,,,simplify,https://simplify.jobs/p/b4f72232-51da-47e1-a842-23b7af5974b3,,simplify,"[{""site"": ""simplify"", ""url"": ""https://simplify.jobs/p/b4f72232-51da-47e1-a842-23b7af5974b3""}]",[],[],"{""location"": [""Île-de-France, France""]}",{},"{""location"": ""array_field""}",{}
https://simplify.jobs/p/571d37c4-f2b3-4f79-96d3-e163e348f764,Contract Senior Frontend Engineer,Waters,"New Castle, DE, USA",,,,,,2026-09-04T07:51:01+00:00,2026-05-12T14:07:01+00:00,false,,hybrid,full_time,senior,,,,simplify,https://simplify.jobs/p/571d37c4-f2b3-4f79-96d3-e163e348f764,,simplify,"[{""site"": ""simplify"", ""url"": ""https://simplify.jobs/p/571d37c4-f2b3-4f79-96d3-e163e348f764""}]",[],[],"{""location"": [""New Castle, DE, USA""]}",{},"{""location"": ""array_field""}",{}
https://simplify.jobs/p/f0404e67-390a-4e18-a845-f0a86ace33ff,Lead Frontend Engineer,US Mobile,"New York, NY, USA",180000.0,240000.0,USD,,,2026-09-04T12:54:01+00:00,2026-08-26T17:14:32+00:00,false,,hybrid,full_time,,,,,simplify,https://simplify.jobs/p/f0404e67-390a-4e18-a845-f0a86ace33ff,,simplify,"[{""site"": ""simplify"", ""url"": ""https://simplify.jobs/p/f0404e67-390a-4e18-a845-f0a86ace33ff""}]",[],[],"{""location"": [""New York, NY, USA""]}",{},"{""location"": ""array_field""}",{}
https://simplify.jobs/p/4f1f5de1-1140-4556-9a40-88e83b48c582,Senior Frontend React Engineer,Modern Family Law,"Remote; Remote in USA; Georgia, USA",130000.0,145000.0,USD,,,2026-09-30T01:24:01+00:00,2026-09-30T01:18:36+00:00,false,,remote,full_time,senior,,,,simplify,https://simplify.jobs/p/4f1f5de1-1140-4556-9a40-88e83b48c582,,simplify,"[{""site"": ""simplify"", ""url"": ""https://simplify.jobs/p/4f1f5de1-1140-4556-9a40-88e83b48c582""}]",[],[],"{""location"": [""Remote; Remote in USA; Georgia, USA""]}",{},"{""location"": ""array_field""}",{}
https://simplify.jobs/p/3e41917d-6b7c-4ca5-b6db-8d40b4faee5e,Frontend React Engineer - .NET,Trimble,Remote; Remote in UK,,,,,,2026-09-11T22:24:08+00:00,2026-09-11T00:00:00+00:00,false,,remote,full_time,mid,,,,simplify,https://simplify.jobs/p/3e41917d-6b7c-4ca5-b6db-8d40b4faee5e,,simplify,"[{""site"": ""simplify"", ""url"": ""https://simplify.jobs/p/3e41917d-6b7c-4ca5-b6db-8d40b4faee5e""}]",[],[],"{""location"": [""Remote; Remote in UK""]}",{},"{""location"": ""array_field""}",{}
https://simplify.jobs/p/668f2e98-d366-416c-9414-ccea2a9476d3,Staff Frontend Engineer - Design Systems,Verkada,"San Mateo, CA, USA",185000.0,265000.0,USD,,,2026-09-09T06:42:22+00:00,2026-09-09T06:39:37+00:00,false,,onsite,full_time,mid | senior,,,,simplify,https://simplify.jobs/p/668f2e98-d366-416c-9414-ccea2a9476d3,,simplify,"[{""site"": ""simplify"", ""url"": ""https://simplify.jobs/p/668f2e98-d366-416c-9414-ccea2a9476d3""}]",[],[],"{""location"": [""San Mateo, CA, USA""]}",{},"{""location"": ""array_field""}",{}
https://simplify.jobs/p/0f22efd4-c90c-4b6f-a65d-fbd9bbbe96b9,Staff Frontend Engineer - Web Applications,Kikoff,"San Francisco, CA, USA",307000.0,352000.0,USD,,,2026-09-03T02:12:09+00:00,2026-09-01T18:55:32+00:00,false,,onsite,full_time,senior,,,,simplify,https://simplify.jobs/p/0f22efd4-c90c-4b6f-a65d-fbd9bbbe96b9,,simplify,"[{""site"": ""simplify"", ""url"": ""https://simplify.jobs/p/0f22efd4-c90c-4b6f-a65d-fbd9bbbe96b9""}]",[],[],"{""location"": [""San Francisco, CA, USA""]}",{},"{""location"": ""array_field""}",{}
https://simplify.jobs/p/1ec86758-3b93-4f8c-b166-f7ed998ba31c,Senior Frontend Engineer,Avride,"Austin, TX, USA",,,,,,2026-09-04T07:51:01+00:00,2026-05-05T22:20:07+00:00,false,,onsite,full_time,senior,,,,simplify,https://simplify.jobs/p/1ec86758-3b93-4f8c-b166-f7ed998ba31c,,simplify,"[{""site"": ""simplify"", ""url"": ""https://simplify.jobs/p/1ec86758-3b93-4f8c-b166-f7ed998ba31c""}]",[],[],"{""location"": [""Austin, TX, USA""]}",{},"{""location"": ""array_field""}",{}
https://simplify.jobs/p/251bf156-c527-45be-9b01-38fd057a8c80,Front-End Web Developer,SA Technologies,"Montreal, QC, Canada",,,,,,2026-09-04T07:24:02+00:00,2026-02-26T07:18:12+00:00,false,,onsite,full_time,junior | mid,,,,simplify,https://simplify.jobs/p/251bf156-c527-45be-9b01-38fd057a8c80,,simplify,"[{""site"": ""simplify"", ""url"": ""https://simplify.jobs/p/251bf156-c527-45be-9b01-38fd057a8c80""}]",[],[],"{""location"": [""Montreal, QC, Canada""]}",{},"{""location"": ""array_field""}",{}
https://simplify.jobs/p/54f33157-fa24-438f-83bb-1ab2a594f03b,Software Development Engineer 3 - Frontend,Adobe,"Noida, Uttar Pradesh, India",,,,,,2026-09-18T12:39:01+00:00,2026-07-27T00:00:00+00:00,false,,onsite,full_time,mid,,,,simplify,https://simplify.jobs/p/54f33157-fa24-438f-83bb-1ab2a594f03b,,simplify,"[{""site"": ""simplify"", ""url"": ""https://simplify.jobs/p/54f33157-fa24-438f-83bb-1ab2a594f03b""}]",[],[],"{""location"": [""Noida, Uttar Pradesh, India""]}",{},"{""location"": ""array_field""}",{}
https://simplify.jobs/p/b77eb909-3dbe-48d2-b62c-a8f1eb008559,Senior Front-End XAML Developer - Multiple Teams,STEM Xpert,"Jersey City, NJ, USA",55.0,55.0,USD,,,2026-09-03T17:59:39+00:00,2026-02-27T07:13:26+00:00,false,,onsite,full_time,senior,,,,simplify,https://simplify.jobs/p/b77eb909-3dbe-48d2-b62c-a8f1eb008559,,simplify,"[{""site"": ""simplify"", ""url"": ""https://simplify.jobs/p/b77eb909-3dbe-48d2-b62c-a8f1eb008559""}]",[],[],"{""location"": [""Jersey City, NJ, USA""]}",{},"{""location"": ""array_field""}",{}
https://simplify.jobs/p/9d5ab48a-dcc3-42ed-ad4d-5805cf903a12,Frontend Software Engineer,Renesas Electronics,"Bengaluru, Karnataka, India",,,,,,2026-09-30T09:13:31+00:00,2026-09-30T09:07:21+00:00,false,,onsite,full_time,mid,,,,simplify,https://simplify.jobs/p/9d5ab48a-dcc3-42ed-ad4d-5805cf903a12,,simplify,"[{""site"": ""simplify"", ""url"": ""https://simplify.jobs/p/9d5ab48a-dcc3-42ed-ad4d-5805cf903a12""}]",[],[],"{""location"": [""Bengaluru, Karnataka, India""]}",{},"{""location"": ""array_field""}",{}
https://simplify.jobs/p/5ab9fd05-931b-4524-8d4a-43a1fdc0f6da,Senior Frontend Software Engineer - Marketplace,Roblox,"San Mateo, CA, USA",196750.0,243290.0,USD,,,2026-09-04T07:51:01+00:00,2026-05-12T01:11:22+00:00,false,,hybrid,full_time,mid | senior,,,,simplify,https://simplify.jobs/p/5ab9fd05-931b-4524-8d4a-43a1fdc0f6da,,simplify,"[{""site"": ""simplify"", ""url"": ""https://simplify.jobs/p/5ab9fd05-931b-4524-8d4a-43a1fdc0f6da""}]",[],[],"{""location"": [""San Mateo, CA, USA""]}",{},"{""location"": ""array_field""}",{}
https://simplify.jobs/p/332da322-9ad3-484b-bd9d-0cef7813351b,Senior Product Engineer - Frontend,Sequence,"New York, NY, USA",180000.0,230000.0,USD,,,2026-09-04T07:12:12+00:00,2026-01-29T15:12:21+00:00,false,,hybrid,full_time,senior,,,,simplify,https://simplify.jobs/p/332da322-9ad3-484b-bd9d-0cef7813351b,,simplify,"[{""site"": ""simplify"", ""url"": ""https://simplify.jobs/p/332da322-9ad3-484b-bd9d-0cef7813351b""}]",[],[],"{""location"": [""New York, NY, USA""]}",{},"{""location"": ""array_field""}",{}
https://simplify.jobs/p/3a40a106-1034-404a-a330-82a561918a48,Frontend Developer - React,Codekeeper,Remote; Europe,,,,,,2026-09-25T14:21:01+00:00,2026-09-25T14:19:44+00:00,false,,remote,full_time,senior,,,,simplify,https://simplify.jobs/p/3a40a106-1034-404a-a330-82a561918a48,,simplify,"[{""site"": ""simplify"", ""url"": ""https://simplify.jobs/p/3a40a106-1034-404a-a330-82a561918a48""}]",[],[],"{""location"": [""Remote; Europe""]}",{},"{""location"": ""array_field""}",{}
https://simplify.jobs/p/406423c8-0f28-4ecc-91cb-5436c4fcfa8d,Frontend Developer Intern,Titan OS,"Barcelona, Spain",,,,,,2026-09-30T22:36:02+00:00,2026-09-30T22:24:15+00:00,true,,hybrid,internship,intern,,,,simplify,https://simplify.jobs/p/406423c8-0f28-4ecc-91cb-5436c4fcfa8d,,simplify,"[{""site"": ""simplify"", ""url"": ""https://simplify.jobs/p/406423c8-0f28-4ecc-91cb-5436c4fcfa8d""}]",[],[],"{""location"": [""Barcelona, Spain""]}",{},"{""location"": ""array_field""}",{}
https://simplify.jobs/p/911e2828-9cf6-46c3-a063-96a233524e7b,Senior Front-End Engineer,Fuse Energy UK,"London, UK",,,,,,2026-09-04T00:51:21+00:00,2026-08-07T06:17:21+00:00,false,,hybrid,full_time,senior,,,,simplify,https://simplify.jobs/p/911e2828-9cf6-46c3-a063-96a233524e7b,,simplify,"[{""site"": ""simplify"", ""url"": ""https://simplify.jobs/p/911e2828-9cf6-46c3-a063-96a233524e7b""}]",[],[],"{""location"": [""London, UK""]}",{},"{""location"": ""array_field""}",{}
https://simplify.jobs/p/681fce23-5373-4dc1-b68c-34086f1ea6a5,Senior Frontend Engineer,Lev,"Miami, FL, USA; New York, NY, USA",,,,,,2026-10-02T11:24:26+00:00,2026-07-21T01:17:30+00:00,false,,hybrid,full_time,senior,,,,simplify,https://simplify.jobs/p/681fce23-5373-4dc1-b68c-34086f1ea6a5,,simplify,"[{""site"": ""simplify"", ""url"": ""https://simplify.jobs/p/681fce23-5373-4dc1-b68c-34086f1ea6a5""}]",[],[],"{""location"": [""Miami, FL, USA; New York, NY, USA""]}",{},"{""location"": ""array_field""}",{}
https://simplify.jobs/p/e483c6c0-183e-4be2-97c0-8fa8406125b6,Staff Front-End Engineer - R&D - Front-End,OneStock,"Toulouse, France",,,,,,2026-09-04T09:42:02+00:00,2026-07-21T01:15:15+00:00,false,,hybrid,full_time,senior,,,,simplify,https://simplify.jobs/p/e483c6c0-183e-4be2-97c0-8fa8406125b6,,simplify,"[{""site"": ""simplify"", ""url"": ""https://simplify.jobs/p/e483c6c0-183e-4be2-97c0-8fa8406125b6""}]",[],[],"{""location"": [""Toulouse, France""]}",{},"{""location"": ""array_field""}",{}
https://simplify.jobs/p/850a7e9f-1f45-4cd2-8e63-a46bd4a3f0ff,Senior/Staff Software Engineer - Frontend,General Intuition & Medal,"New York, NY, USA",180000.0,275000.0,USD,,,2026-09-29T16:36:01+00:00,2026-09-29T14:20:34+00:00,false,,onsite,full_time,senior,,,,simplify,https://simplify.jobs/p/850a7e9f-1f45-4cd2-8e63-a46bd4a3f0ff,,simplify,"[{""site"": ""simplify"", ""url"": ""https://simplify.jobs/p/850a7e9f-1f45-4cd2-8e63-a46bd4a3f0ff""}]",[],[],"{""location"": [""New York, NY, USA""]}",{},"{""location"": ""array_field""}",{}
https://simplify.jobs/p/483ea526-f88c-4f78-b4e1-351689df8f60,Frontend Software Engineer - Building Technology Solutions,ASSA ABLOY,"Phoenix, AZ, USA",,,,,,2026-10-02T09:42:02+00:00,2026-05-16T06:07:29+00:00,false,,onsite,full_time,mid,,,,simplify,https://simplify.jobs/p/483ea526-f88c-4f78-b4e1-351689df8f60,,simplify,"[{""site"": ""simplify"", ""url"": ""https://simplify.jobs/p/483ea526-f88c-4f78-b4e1-351689df8f60""}]",[],[],"{""location"": [""Phoenix, AZ, USA""]}",{},"{""location"": ""array_field""}",{}
https://simplify.jobs/p/06826c28-7905-4119-b05d-a3c9cae5d54e,Frontend Developer,Mujin,"Remote; Suwanee, GA, USA",,,,,,2026-09-04T12:21:02+00:00,2026-08-18T23:00:54+00:00,false,,remote,full_time,junior,,,,simplify,https://simplify.jobs/p/06826c28-7905-4119-b05d-a3c9cae5d54e,,simplify,"[{""site"": ""simplify"", ""url"": ""https://simplify.jobs/p/06826c28-7905-4119-b05d-a3c9cae5d54e""}]",[],[],"{""location"": [""Remote; Suwanee, GA, USA""]}",{},"{""location"": ""array_field""}",{}
https://simplify.jobs/p/0bd9ccf8-19d5-4531-b6d1-3af19d255c39,Senior Frontend Engineer - Performance,Multi Media,Remote; Remote in USA,180000.0,215000.0,USD,,,2026-09-05T08:24:01+00:00,2026-07-26T22:21:07+00:00,false,,remote,full_time,senior,,,,simplify,https://simplify.jobs/p/0bd9ccf8-19d5-4531-b6d1-3af19d255c39,,simplify,"[{""site"": ""simplify"", ""url"": ""https://simplify.jobs/p/0bd9ccf8-19d5-4531-b6d1-3af19d255c39""}]",[],[],"{""location"": [""Remote; Remote in USA""]}",{},"{""location"": ""array_field""}",{}
https://simplify.jobs/p/9be25601-8094-44dc-a3bb-47a4641161e3,Senior Frontend Engineer - Web Platform,Verkada,"San Mateo, CA, USA",130000.0,280000.0,USD,,,2026-09-28T22:42:01+00:00,2026-09-28T22:39:28+00:00,false,,onsite,full_time,mid | senior,,,,simplify,https://simplify.jobs/p/9be25601-8094-44dc-a3bb-47a4641161e3,,simplify,"[{""site"": ""simplify"", ""url"": ""https://simplify.jobs/p/9be25601-8094-44dc-a3bb-47a4641161e3""}]",[],[],"{""location"": [""San Mateo, CA, USA""]}",{},"{""location"": ""array_field""}",{}
https://simplify.jobs/p/3b415f33-2698-4ef4-b875-8ffb2bdf7aa2,Front-end Engineer 4,Capital One,"McLean, VA, USA; New York, NY, USA",197300.0,245600.0,USD,,,2026-09-21T22:27:04+00:00,2026-09-21T00:00:00+00:00,false,,onsite,full_time,mid,,,,simplify,https://simplify.jobs/p/3b415f33-2698-4ef4-b875-8ffb2bdf7aa2,,simplify,"[{""site"": ""simplify"", ""url"": ""https://simplify.jobs/p/3b415f33-2698-4ef4-b875-8ffb2bdf7aa2""}]",[],[],"{""location"": [""McLean, VA, USA; New York, NY, USA""]}",{},"{""location"": ""array_field""}",{}
https://simplify.jobs/p/8bcb8e36-6810-4312-8782-f268bc4b001b,Frontend Engineer - Ads,Reddit,Remote; Remote in USA,164200.0,229900.0,USD,,,2026-09-11T06:09:01+00:00,2026-09-11T06:07:39+00:00,false,,remote,full_time,mid,,,,simplify,https://simplify.jobs/p/8bcb8e36-6810-4312-8782-f268bc4b001b,,simplify,"[{""site"": ""simplify"", ""url"": ""https://simplify.jobs/p/8bcb8e36-6810-4312-8782-f268bc4b001b""}]",[],[],"{""location"": [""Remote; Remote in USA""]}",{},"{""location"": ""array_field""}",{}
https://simplify.jobs/p/d35e6a4e-dcba-42d7-8a45-43582f2b6fbd,Senior Frontend Engineer,GitLab,"Remote; Bengaluru, Karnataka, India",,,,,,2026-09-24T06:06:02+00:00,2026-09-24T06:03:41+00:00,false,,remote,full_time,senior,,,,simplify,https://simplify.jobs/p/d35e6a4e-dcba-42d7-8a45-43582f2b6fbd,,simplify,"[{""site"": ""simplify"", ""url"": ""https://simplify.jobs/p/d35e6a4e-dcba-42d7-8a45-43582f2b6fbd""}]",[],[],"{""location"": [""Remote; Bengaluru, Karnataka, India""]}",{},"{""location"": ""array_field""}",{}
https://simplify.jobs/p/aacf75fd-f43f-4fa2-916f-4801eac5f3c1,Frontend Software Engineer,Outset,"San Francisco, CA, USA",160000.0,300000.0,USD,,,2026-09-03T17:45:23+00:00,2026-07-27T22:23:22+00:00,false,,hybrid,full_time,mid,,,,simplify,https://simplify.jobs/p/aacf75fd-f43f-4fa2-916f-4801eac5f3c1,,simplify,"[{""site"": ""simplify"", ""url"": ""https://simplify.jobs/p/aacf75fd-f43f-4fa2-916f-4801eac5f3c1""}]",[],[],"{""location"": [""San Francisco, CA, USA""]}",{},"{""location"": ""array_field""}",{}
https://simplify.jobs/p/4cf9c3a0-867f-42ba-8a63-31cbfda66c71,Senior Frontend Engineer,Oxbridge Health,"Norwalk, CT, USA",,,,,,2026-10-02T10:32:13+00:00,2026-09-16T01:18:11+00:00,false,,onsite,full_time,senior,,,,simplify,https://simplify.jobs/p/4cf9c3a0-867f-42ba-8a63-31cbfda66c71,,simplify,"[{""site"": ""simplify"", ""url"": ""https://simplify.jobs/p/4cf9c3a0-867f-42ba-8a63-31cbfda66c71""}]",[],[],"{""location"": [""Norwalk, CT, USA""]}",{},"{""location"": ""array_field""}",{}
https://simplify.jobs/p/a8496b94-4c4d-4336-b288-e680f07071f8,Senior Frontend Engineer,Truv,Remote; Remote in Spain,,,,,,2026-09-04T13:00:41+00:00,2026-08-28T23:16:51+00:00,false,,remote,full_time,senior,,,,simplify,https://simplify.jobs/p/a8496b94-4c4d-4336-b288-e680f07071f8,,simplify,"[{""site"": ""simplify"", ""url"": ""https://simplify.jobs/p/a8496b94-4c4d-4336-b288-e680f07071f8""}]",[],[],"{""location"": [""Remote; Remote in Spain""]}",{},"{""location"": ""array_field""}",{}
https://simplify.jobs/p/55ed7bd5-e9f9-4434-a4fd-fe938cfd2a4f,Senior Software Engineer - Frontend,DayDream,"San Francisco, CA, USA",,,,,,2026-10-02T11:24:18+00:00,2026-07-21T01:14:40+00:00,false,,onsite,full_time,senior,,,,simplify,https://simplify.jobs/p/55ed7bd5-e9f9-4434-a4fd-fe938cfd2a4f,,simplify,"[{""site"": ""simplify"", ""url"": ""https://simplify.jobs/p/55ed7bd5-e9f9-4434-a4fd-fe938cfd2a4f""}]",[],[],"{""location"": [""San Francisco, CA, USA""]}",{},"{""location"": ""array_field""}",{}
https://simplify.jobs/p/a8ad40b9-e925-46ae-8e7c-e6f715a8104f,Frontend Developer - React/TypeScript,Avochato,Remote; Remote in USA,150000.0,150000.0,USD,,,2026-09-04T08:57:01+00:00,2026-07-03T22:23:27+00:00,false,,remote,full_time,mid,,,,simplify,https://simplify.jobs/p/a8ad40b9-e925-46ae-8e7c-e6f715a8104f,,simplify,"[{""site"": ""simplify"", ""url"": ""https://simplify.jobs/p/a8ad40b9-e925-46ae-8e7c-e6f715a8104f""}]",[],[],"{""location"": [""Remote; Remote in USA""]}",{},"{""location"": ""array_field""}",{}
https://simplify.jobs/p/fb7c4ce4-35f0-4d93-a35a-ccfab7182215,Front-End Developer - Missions & Client Challenges,VO2 Group,"Montreal, QC, Canada",,,,,,2026-09-03T21:21:21+00:00,2026-08-01T01:10:41+00:00,false,,hybrid,full_time,mid,,,,simplify,https://simplify.jobs/p/fb7c4ce4-35f0-4d93-a35a-ccfab7182215,,simplify,"[{""site"": ""simplify"", ""url"": ""https://simplify.jobs/p/fb7c4ce4-35f0-4d93-a35a-ccfab7182215""}]",[],[],"{""location"": [""Montreal, QC, Canada""]}",{},"{""location"": ""array_field""}",{}
https://simplify.jobs/p/9f07380f-de6b-4ab3-9e59-9aa34f4413b9,Senior Frontend Engineer,ComPsych,United States,150000.0,200000.0,USD,,,2026-09-11T22:06:01+00:00,2026-09-11T22:04:06+00:00,false,,onsite,full_time,senior,,,,simplify,https://simplify.jobs/p/9f07380f-de6b-4ab3-9e59-9aa34f4413b9,,simplify,"[{""site"": ""simplify"", ""url"": ""https://simplify.jobs/p/9f07380f-de6b-4ab3-9e59-9aa34f4413b9""}]",[],[],"{""location"": [""United States""]}",{},"{""location"": ""array_field""}",{}
https://simplify.jobs/p/d556aa5e-a4b2-4056-a2c0-a6ce71c6ac26,Frontend Developer,Photon,"Bengaluru, Karnataka, India",,,,,,2026-03-05T02:17:44+00:00,2026-03-05T02:17:44+00:00,false,,onsite,full_time,mid,,,,simplify,https://simplify.jobs/p/d556aa5e-a4b2-4056-a2c0-a6ce71c6ac26,,simplify,"[{""site"": ""simplify"", ""url"": ""https://simplify.jobs/p/d556aa5e-a4b2-4056-a2c0-a6ce71c6ac26""}]",[],[],"{""location"": [""Bengaluru, Karnataka, India""]}",{},"{""location"": ""array_field""}",{}
https://simplify.jobs/p/7e9a307d-856e-43b9-9169-f8e0c249bc1f,Senior Frontend Engineer,7AI,"Boston, MA, USA",180000.0,220000.0,USD,,,2026-09-04T06:57:01+00:00,2025-10-31T01:33:14+00:00,false,,hybrid,full_time,senior,,,,simplify,https://simplify.jobs/p/7e9a307d-856e-43b9-9169-f8e0c249bc1f,,simplify,"[{""site"": ""simplify"", ""url"": ""https://simplify.jobs/p/7e9a307d-856e-43b9-9169-f8e0c249bc1f""}]",[],[],"{""location"": [""Boston, MA, USA""]}",{},"{""location"": ""array_field""}",{}
https://simplify.jobs/p/855449b6-242b-4f3d-8444-f598a8b67422,Senior Frontend Software Engineer - Discovery,Anduril,"Boston, MA, USA; Washington, DC, USA; Costa Mesa, CA, USA",191000.0,253000.0,USD,,,2026-09-25T22:48:01+00:00,2026-09-25T22:46:55+00:00,false,,onsite,full_time,senior,,,,simplify,https://simplify.jobs/p/855449b6-242b-4f3d-8444-f598a8b67422,,simplify,"[{""site"": ""simplify"", ""url"": ""https://simplify.jobs/p/855449b6-242b-4f3d-8444-f598a8b67422""}]",[],[],"{""location"": [""Boston, MA, USA; Washington, DC, USA; Costa Mesa, CA, USA""]}",{},"{""location"": ""array_field""}",{}
https://simplify.jobs/p/f2ac3a6e-c73c-4daa-968b-3c5bffaec101,Staff Software Engineer - Frontend - Prisma AIRS,Palo Alto Networks,"Remote; Bengaluru, Karnataka, India",,,,,,2026-09-10T01:33:41+00:00,2026-09-10T00:00:00+00:00,false,,remote,full_time,mid | senior,,,,simplify,https://simplify.jobs/p/f2ac3a6e-c73c-4daa-968b-3c5bffaec101,,simplify,"[{""site"": ""simplify"", ""url"": ""https://simplify.jobs/p/f2ac3a6e-c73c-4daa-968b-3c5bffaec101""}]",[],[],"{""location"": [""Remote; Bengaluru, Karnataka, India""]}",{},"{""location"": ""array_field""}",{}
https://simplify.jobs/p/d2e61752-f728-4db8-82e0-b6b9145e17a8,AEM Front-end Engineer,Code and Theory,"Bengaluru, Karnataka, India",,,,,,2026-09-03T19:00:22+00:00,2026-06-22T14:15:06+00:00,false,,onsite,full_time,junior,,,,simplify,https://simplify.jobs/p/d2e61752-f728-4db8-82e0-b6b9145e17a8,,simplify,"[{""site"": ""simplify"", ""url"": ""https://simplify.jobs/p/d2e61752-f728-4db8-82e0-b6b9145e17a8""}]",[],[],"{""location"": [""Bengaluru, Karnataka, India""]}",{},"{""location"": ""array_field""}",{}
https://simplify.jobs/p/ba053179-d244-40f4-bb67-abaa16d7c9f0,Frontend Engineer,Wonder,"Boston, MA, USA",139500.0,145500.0,USD,,,2026-09-15T22:22:57+00:00,2026-09-15T00:00:00+00:00,false,,hybrid,full_time,mid,,,,simplify,https://simplify.jobs/p/ba053179-d244-40f4-bb67-abaa16d7c9f0,,simplify,"[{""site"": ""simplify"", ""url"": ""https://simplify.jobs/p/ba053179-d244-40f4-bb67-abaa16d7c9f0""}]",[],[],"{""location"": [""Boston, MA, USA""]}",{},"{""location"": ""array_field""}",{}
https://simplify.jobs/p/56abfcec-a57d-4c0f-b5a1-49a48025dc71,Senior Front-End Engineer - Quantum Tools,IonQ,"Oxford, UK",,,,,,2026-10-01T22:09:01+00:00,2026-09-24T22:08:04+00:00,false,,hybrid,full_time,senior,,,,simplify,https://simplify.jobs/p/56abfcec-a57d-4c0f-b5a1-49a48025dc71,,simplify,"[{""site"": ""simplify"", ""url"": ""https://simplify.jobs/p/56abfcec-a57d-4c0f-b5a1-49a48025dc71""}]",[],[],"{""location"": [""Oxford, UK""]}",{},"{""location"": ""array_field""}",{}
https://simplify.jobs/p/8051096e-881a-4e36-a88c-f603c9a9c13f,Software Engineer - Frontend,Phonic,"San Francisco, CA, USA",,,,,,2026-10-02T10:50:23+00:00,2026-07-21T01:15:29+00:00,false,,onsite,full_time,mid,,,,simplify,https://simplify.jobs/p/8051096e-881a-4e36-a88c-f603c9a9c13f,,simplify,"[{""site"": ""simplify"", ""url"": ""https://simplify.jobs/p/8051096e-881a-4e36-a88c-f603c9a9c13f""}]",[],[],"{""location"": [""San Francisco, CA, USA""]}",{},"{""location"": ""array_field""}",{}
https://simplify.jobs/p/80a24e16-d483-4f6e-875f-f008c1a84525,Senior Frontend Engineer,Newfold Digital,Remote; Remote in USA; Remote in Canada,,,,,,2026-09-15T22:36:01+00:00,2026-09-15T00:00:00+00:00,false,,remote,full_time,senior,,,,simplify,https://simplify.jobs/p/80a24e16-d483-4f6e-875f-f008c1a84525,,simplify,"[{""site"": ""simplify"", ""url"": ""https://simplify.jobs/p/80a24e16-d483-4f6e-875f-f008c1a84525""}]",[],[],"{""location"": [""Remote; Remote in USA; Remote in Canada""]}",{},"{""location"": ""array_field""}",{}
https://simplify.jobs/p/0cc5ed53-2088-4bd1-b814-e27e490891e1,Senior Frontend Engineer - Frontend,Brex,"New York, NY, USA",192000.0,240000.0,USD,,,2026-09-16T22:57:57+00:00,2026-09-16T22:30:15+00:00,false,,hybrid,full_time,senior,,,,simplify,https://simplify.jobs/p/0cc5ed53-2088-4bd1-b814-e27e490891e1,,simplify,"[{""site"": ""simplify"", ""url"": ""https://simplify.jobs/p/0cc5ed53-2088-4bd1-b814-e27e490891e1""}]",[],[],"{""location"": [""New York, NY, USA""]}",{},"{""location"": ""array_field""}",{}
https://simplify.jobs/p/fed30505-cc2b-4da0-86ae-aa1250ecee68,Senior Frontend Engineer,StackAI,"Remote; Madrid, Spain; Salamanca, Spain; Remote in Spain",89000.0,127000.0,EUR,,,2026-09-04T07:12:12+00:00,2026-06-09T22:08:14+00:00,false,,remote,full_time,mid | senior,,,,simplify,https://simplify.jobs/p/fed30505-cc2b-4da0-86ae-aa1250ecee68,,simplify,"[{""site"": ""simplify"", ""url"": ""https://simplify.jobs/p/fed30505-cc2b-4da0-86ae-aa1250ecee68""}]",[],[],"{""location"": [""Remote; Madrid, Spain; Salamanca, Spain; Remote in Spain""]}",{},"{""location"": ""array_field""}",{}
https://simplify.jobs/p/21843187-b30d-4873-8247-27a9a3d7b05d,Frontend Software Engineer Intern - Ads Measurement Signal and Privacy,TikTok,"San Jose, CA, USA",45.0,60.0,USD,,,2026-09-03T21:39:22+00:00,2026-08-03T06:15:00+00:00,true,,onsite,internship,intern,,,,simplify,https://simplify.jobs/p/21843187-b30d-4873-8247-27a9a3d7b05d,,simplify,"[{""site"": ""simplify"", ""url"": ""https://simplify.jobs/p/21843187-b30d-4873-8247-27a9a3d7b05d""}]",[],[],"{""location"": [""San Jose, CA, USA""]}",{},"{""location"": ""array_field""}",{}
https://simplify.jobs/p/8f5f16ac-ca11-45d2-9127-169370e7ac2d,Front-End Developer - Service Delivery Engineer,Persado,"New York, NY, USA",80000.0,95000.0,USD,,,2026-09-07T16:42:59+00:00,2026-09-07T16:40:02+00:00,false,,hybrid,full_time,mid,,,,simplify,https://simplify.jobs/p/8f5f16ac-ca11-45d2-9127-169370e7ac2d,,simplify,"[{""site"": ""simplify"", ""url"": ""https://simplify.jobs/p/8f5f16ac-ca11-45d2-9127-169370e7ac2d""}]",[],[],"{""location"": [""New York, NY, USA""]}",{},"{""location"": ""array_field""}",{}
https://simplify.jobs/p/c6610027-99e6-4234-a1d1-9fa86cf23a0c,Frontend Web Developer,Air Apps,"San Francisco, CA, USA",99000.0,170000.0,USD,,,2026-09-04T06:57:01+00:00,2026-08-29T00:45:00+00:00,false,,onsite,full_time,mid,,,,simplify,https://simplify.jobs/p/c6610027-99e6-4234-a1d1-9fa86cf23a0c,,simplify,"[{""site"": ""simplify"", ""url"": ""https://simplify.jobs/p/c6610027-99e6-4234-a1d1-9fa86cf23a0c""}]",[],[],"{""location"": [""San Francisco, CA, USA""]}",{},"{""location"": ""array_field""}",{}
https://simplify.jobs/p/3b547224-24a8-4de6-a3b1-785f09588f0d,Staff/Principal Frontend Software Engineer,Twenty,"New York, NY, USA",192000.0,455000.0,USD,,,2026-10-01T10:02:43+00:00,2026-09-29T14:23:56+00:00,false,,onsite,full_time,senior,,,,simplify,https://simplify.jobs/p/3b547224-24a8-4de6-a3b1-785f09588f0d,,simplify,"[{""site"": ""simplify"", ""url"": ""https://simplify.jobs/p/3b547224-24a8-4de6-a3b1-785f09588f0d""}]",[],[],"{""location"": [""New York, NY, USA""]}",{},"{""location"": ""array_field""}",{}
https://simplify.jobs/p/b7db9e8b-035c-49b7-b754-dff7e0d96cf2,Staff Frontend Engineer,ComPsych,United States,175000.0,225000.0,USD,,,2026-09-11T22:15:05+00:00,2026-09-11T22:05:48+00:00,false,,onsite,full_time,senior,,,,simplify,https://simplify.jobs/p/b7db9e8b-035c-49b7-b754-dff7e0d96cf2,,simplify,"[{""site"": ""simplify"", ""url"": ""https://simplify.jobs/p/b7db9e8b-035c-49b7-b754-dff7e0d96cf2""}]",[],[],"{""location"": [""United States""]}",{},"{""location"": ""array_field""}",{}
https://simplify.jobs/p/c6073a97-e4dc-451b-a4a8-a99aa4d50dbf,Senior Frontend Software Engineer - Web Vault,Keeper Security,Remote; Remote in USA,,,,,,2026-09-10T22:24:01+00:00,2026-09-10T22:15:24+00:00,false,,remote,full_time,senior,,,,simplify,https://simplify.jobs/p/c6073a97-e4dc-451b-a4a8-a99aa4d50dbf,,simplify,"[{""site"": ""simplify"", ""url"": ""https://simplify.jobs/p/c6073a97-e4dc-451b-a4a8-a99aa4d50dbf""}]",[],[],"{""location"": [""Remote; Remote in USA""]}",{},"{""location"": ""array_field""}",{}
https://simplify.jobs/p/2ced252c-1515-472f-90c1-54da83a05313,Front-End Engineer 5 - Enterprise Platforms Technology,Capital One,"McLean, VA, USA",229900.0,262400.0,USD,,,2026-09-25T22:33:01+00:00,2026-09-25T00:00:00+00:00,false,,onsite,full_time,senior,,,,simplify,https://simplify.jobs/p/2ced252c-1515-472f-90c1-54da83a05313,,simplify,"[{""site"": ""simplify"", ""url"": ""https://simplify.jobs/p/2ced252c-1515-472f-90c1-54da83a05313""}]",[],[],"{""location"": [""McLean, VA, USA""]}",{},"{""location"": ""array_field""}",{}
https://simplify.jobs/p/e8d06480-e0a3-4122-888d-3e68264bc96d,Senior / Staff Frontend Engineer,Apiphany,"San Francisco, CA, USA",150000.0,300000.0,USD,,,2026-09-04T09:42:02+00:00,2026-07-21T01:14:49+00:00,false,,hybrid,full_time,mid | senior,,,,simplify,https://simplify.jobs/p/e8d06480-e0a3-4122-888d-3e68264bc96d,,simplify,"[{""site"": ""simplify"", ""url"": ""https://simplify.jobs/p/e8d06480-e0a3-4122-888d-3e68264bc96d""}]",[],[],"{""location"": [""San Francisco, CA, USA""]}",{},"{""location"": ""array_field""}",{}
https://simplify.jobs/p/c9bfd0a8-5f2e-4636-922d-78165bf593b3,UI Developer - Front-End Developer,Two Six Technologies,"Aurora, CO, USA; Herndon, VA, USA",121986.0,182979.0,USD,,,2026-09-04T08:03:01+00:00,2026-07-20T22:14:15+00:00,false,,onsite,full_time,senior,,,,simplify,https://simplify.jobs/p/c9bfd0a8-5f2e-4636-922d-78165bf593b3,,simplify,"[{""site"": ""simplify"", ""url"": ""https://simplify.jobs/p/c9bfd0a8-5f2e-4636-922d-78165bf593b3""}]",[],[],"{""location"": [""Aurora, CO, USA; Herndon, VA, USA""]}",{},"{""location"": ""array_field""}",{}
https://simplify.jobs/p/34fc4b08-6986-4cf1-bee7-17f222916002,Web Frontend Engineer - Artificial Intelligence,Ginas Tech Jobs,"Remote; San Francisco, CA, USA",120000.0,150000.0,USD,,,2026-09-22T22:09:10+00:00,2026-09-22T22:07:57+00:00,false,,remote,full_time,mid,,,,simplify,https://simplify.jobs/p/34fc4b08-6986-4cf1-bee7-17f222916002,,simplify,"[{""site"": ""simplify"", ""url"": ""https://simplify.jobs/p/34fc4b08-6986-4cf1-bee7-17f222916002""}]",[],[],"{""location"": [""Remote; San Francisco, CA, USA""]}",{},"{""location"": ""array_field""}",{}
https://simplify.jobs/p/505fe7ef-3947-4c5a-b6a7-d45523f85b80,Senior Frontend React Engineer,Modern Family Law,"Remote; Washington, USA; Remote in USA",130000.0,145000.0,USD,,,2026-09-30T01:24:01+00:00,2026-09-30T01:18:32+00:00,false,,remote,full_time,senior,,,,simplify,https://simplify.jobs/p/505fe7ef-3947-4c5a-b6a7-d45523f85b80,,simplify,"[{""site"": ""simplify"", ""url"": ""https://simplify.jobs/p/505fe7ef-3947-4c5a-b6a7-d45523f85b80""}]",[],[],"{""location"": [""Remote; Washington, USA; Remote in USA""]}",{},"{""location"": ""array_field""}",{}
https://simplify.jobs/p/151b629a-3213-42ec-b0b2-683dedff7117,Senior Front-end Developer,Jobsbridge,"New York, NY, USA",,,,,,2026-09-04T07:24:02+00:00,2026-02-24T07:18:29+00:00,false,,onsite,full_time,senior,,,,simplify,https://simplify.jobs/p/151b629a-3213-42ec-b0b2-683dedff7117 | https://simplify.jobs/p/0c82a140-a96f-4ef1-b28e-e9782553a7c0 | https://simplify.jobs/p/a3db8cbb-12a5-42c0-8e1e-88caca5f0675,,simplify,"[{""site"": ""simplify"", ""url"": ""https://simplify.jobs/p/151b629a-3213-42ec-b0b2-683dedff7117""}, {""site"": ""simplify"", ""url"": ""https://simplify.jobs/p/0c82a140-a96f-4ef1-b28e-e9782553a7c0""}, {""site"": ""simplify"", ""url"": ""https://simplify.jobs/p/a3db8cbb-12a5-42c0-8e1e-88caca5f0675""}]",[],[],"{""location"": [""New York, NY, USA""]}",{},"{""location"": ""array_field""}",{}
https://simplify.jobs/p/0a27d6af-6465-4afa-be52-9aa07eba9afa,Senior Software Engineer - Frontend - Typescript,Motorola,"Edinburgh, UK",,,,,,2026-09-18T14:24:03+00:00,2026-06-17T14:38:47+00:00,false,,hybrid,full_time,senior,,,,simplify,https://simplify.jobs/p/0a27d6af-6465-4afa-be52-9aa07eba9afa,,simplify,"[{""site"": ""simplify"", ""url"": ""https://simplify.jobs/p/0a27d6af-6465-4afa-be52-9aa07eba9afa""}]",[],[],"{""location"": [""Edinburgh, UK""]}",{},"{""location"": ""array_field""}",{}
https://simplify.jobs/p/745e1063-1225-47cc-ad01-d63c90572136,Frontend Engineer,Omni Analytics,"Seattle, WA, USA; San Francisco, CA, USA; Philadelphia, PA, USA; Santa Cruz, CA, USA; Denver, CO, USA",160000.0,250000.0,USD,,,2026-09-30T06:18:01+00:00,2026-09-30T06:17:55+00:00,false,,hybrid,full_time,mid | senior,,,,simplify,https://simplify.jobs/p/745e1063-1225-47cc-ad01-d63c90572136,,simplify,"[{""site"": ""simplify"", ""url"": ""https://simplify.jobs/p/745e1063-1225-47cc-ad01-d63c90572136""}]",[],[],"{""location"": [""Seattle, WA, USA; San Francisco, CA, USA; Philadelphia, PA, USA; Santa Cruz, CA, USA; Denver, CO, USA""]}",{},"{""location"": ""array_field""}",{}
https://simplify.jobs/p/db4f5b40-18f6-4c68-9ab2-c67f3f7333ce,Principal Software Engineer - Frontend - Machine Identity Management,Palo Alto Networks,"Santa Clara, CA, USA",,,,,,2026-09-04T08:42:09+00:00,2026-07-04T12:28:52+00:00,false,,onsite,full_time,senior,,,,simplify,https://simplify.jobs/p/db4f5b40-18f6-4c68-9ab2-c67f3f7333ce,,simplify,"[{""site"": ""simplify"", ""url"": ""https://simplify.jobs/p/db4f5b40-18f6-4c68-9ab2-c67f3f7333ce""}]",[],[],"{""location"": [""Santa Clara, CA, USA""]}",{},"{""location"": ""array_field""}",{}
https://simplify.jobs/p/260831a9-949f-4e82-bc08-c231e3693984,Staff Frontend Engineer,Acceldata,"Bengaluru, Karnataka, India",,,,,,2026-09-23T09:15:08+00:00,2025-12-02T02:15:35+00:00,false,,onsite,full_time,senior,,,,simplify,https://simplify.jobs/p/260831a9-949f-4e82-bc08-c231e3693984,,simplify,"[{""site"": ""simplify"", ""url"": ""https://simplify.jobs/p/260831a9-949f-4e82-bc08-c231e3693984""}]",[],[],"{""location"": [""Bengaluru, Karnataka, India""]}",{},"{""location"": ""array_field""}",{}
https://simplify.jobs/p/eec45f83-6437-4cff-8ed7-b5dc98f4b918,Front-End Engineer,Cedar Innovations,Remote; Remote in USA; Remote in Canada,100000.0,150000.0,USD,,,2026-09-04T09:54:01+00:00,2026-07-22T14:14:08+00:00,false,,remote,full_time,mid,,,,simplify,https://simplify.jobs/p/eec45f83-6437-4cff-8ed7-b5dc98f4b918,,simplify,"[{""site"": ""simplify"", ""url"": ""https://simplify.jobs/p/eec45f83-6437-4cff-8ed7-b5dc98f4b918""}]",[],[],"{""location"": [""Remote; Remote in USA; Remote in Canada""]}",{},"{""location"": ""array_field""}",{}
https://simplify.jobs/p/5767591e-e16d-4371-a8e9-3dbe4798cd7d,Senior Frontend Engineer - Discovery UX,Roblox,"San Mateo, CA, USA",196750.0,243290.0,USD,,,2026-09-25T22:21:01+00:00,2026-09-25T22:11:01+00:00,false,,hybrid,full_time,mid | senior,,,,simplify,https://simplify.jobs/p/5767591e-e16d-4371-a8e9-3dbe4798cd7d,,simplify,"[{""site"": ""simplify"", ""url"": ""https://simplify.jobs/p/5767591e-e16d-4371-a8e9-3dbe4798cd7d""}]",[],[],"{""location"": [""San Mateo, CA, USA""]}",{},"{""location"": ""array_field""}",{}
https://simplify.jobs/p/fde37c68-9751-4660-8c47-e9a8f1aafb66,Senior Frontend Engineer - Analytics Product Lead,Capital Markets Gateway,Remote; Remote in Canada,150000.0,170000.0,CAD,,,2026-09-04T12:33:01+00:00,2026-08-20T22:16:05+00:00,false,,remote,full_time,senior,,,,simplify,https://simplify.jobs/p/fde37c68-9751-4660-8c47-e9a8f1aafb66,,simplify,"[{""site"": ""simplify"", ""url"": ""https://simplify.jobs/p/fde37c68-9751-4660-8c47-e9a8f1aafb66""}]",[],[],"{""location"": [""Remote; Remote in Canada""]}",{},"{""location"": ""array_field""}",{}
https://simplify.jobs/p/873c377a-b2e3-4768-a8fc-0d3a4b9109c0,Frontend Developer,eTouch Systems,"Mountain View, CA, USA",,,,,,2026-09-04T06:57:01+00:00,2025-08-14T20:05:28+00:00,false,,onsite,full_time,mid,,,,simplify,https://simplify.jobs/p/873c377a-b2e3-4768-a8fc-0d3a4b9109c0,,simplify,"[{""site"": ""simplify"", ""url"": ""https://simplify.jobs/p/873c377a-b2e3-4768-a8fc-0d3a4b9109c0""}]",[],[],"{""location"": [""Mountain View, CA, USA""]}",{},"{""location"": ""array_field""}",{}
https://simplify.jobs/p/f1ead3c1-bc12-4ff1-b6b9-1518fe52631a,Senior Frontend Engineer - Design Systems & Commerce,ALSO,"Seattle, WA, USA",165000.0,185000.0,USD,,,2026-09-04T01:48:21+00:00,2026-08-11T06:19:42+00:00,false,,onsite,full_time,senior,,,,simplify,https://simplify.jobs/p/f1ead3c1-bc12-4ff1-b6b9-1518fe52631a,,simplify,"[{""site"": ""simplify"", ""url"": ""https://simplify.jobs/p/f1ead3c1-bc12-4ff1-b6b9-1518fe52631a""}]",[],[],"{""location"": [""Seattle, WA, USA""]}",{},"{""location"": ""array_field""}",{}
https://simplify.jobs/p/2ae00281-ea84-437e-9dda-7e5ac45280db,Senior Software Engineer - Front-End - Angular/TypeScript,Elemica,"Hyderabad, Telangana, India",,,,,,2026-09-04T10:54:01+00:00,2026-06-25T00:00:00+00:00,false,,hybrid,full_time,senior,,,,simplify,https://simplify.jobs/p/2ae00281-ea84-437e-9dda-7e5ac45280db,,simplify,"[{""site"": ""simplify"", ""url"": ""https://simplify.jobs/p/2ae00281-ea84-437e-9dda-7e5ac45280db""}]",[],[],"{""location"": [""Hyderabad, Telangana, India""]}",{},"{""location"": ""array_field""}",{}
https://simplify.jobs/p/0268c00b-f06f-4328-9bcc-2730c0c9eb5a,Frontend Software Engineer,Okendo,Remote; Remote in Australia,,,,,,2026-09-03T22:03:21+00:00,2026-08-04T14:08:57+00:00,false,,remote,full_time,senior,,,,simplify,https://simplify.jobs/p/0268c00b-f06f-4328-9bcc-2730c0c9eb5a,,simplify,"[{""site"": ""simplify"", ""url"": ""https://simplify.jobs/p/0268c00b-f06f-4328-9bcc-2730c0c9eb5a""}]",[],[],"{""location"": [""Remote; Remote in Australia""]}",{},"{""location"": ""array_field""}",{}
https://simplify.jobs/p/00a7f7b7-6abf-4f9a-984b-722613c31909,Frontend Engineer,Sarvam,"Bengaluru, Karnataka, India",,,,,,2026-09-04T09:42:02+00:00,2026-07-21T01:12:24+00:00,false,,onsite,full_time,mid,,,,simplify,https://simplify.jobs/p/00a7f7b7-6abf-4f9a-984b-722613c31909,,simplify,"[{""site"": ""simplify"", ""url"": ""https://simplify.jobs/p/00a7f7b7-6abf-4f9a-984b-722613c31909""}]",[],[],"{""location"": [""Bengaluru, Karnataka, India""]}",{},"{""location"": ""array_field""}",{}
https://simplify.jobs/p/f70f7890-d22c-40ae-a737-35e8b2db7032,Senior Angular Engineer - AI-First Frontend Development,Deutsche Bank,"Pune, Maharashtra, India",,,,,,2026-09-15T12:24:01+00:00,2026-07-04T12:16:21+00:00,false,,onsite,full_time,senior,,,,simplify,https://simplify.jobs/p/f70f7890-d22c-40ae-a737-35e8b2db7032,,simplify,"[{""site"": ""simplify"", ""url"": ""https://simplify.jobs/p/f70f7890-d22c-40ae-a737-35e8b2db7032""}]",[],[],"{""location"": [""Pune, Maharashtra, India""]}",{},"{""location"": ""array_field""}",{}
https://simplify.jobs/p/5884e49e-550d-4786-86fe-6134bda12d6d,Senior Frontend Engineer,Pitchup.com,Remote; Remote in UK,75000.0,82000.0,GBP,,,2026-09-04T10:30:02+00:00,2026-08-03T06:17:19+00:00,false,,remote,full_time,mid | senior,,,,simplify,https://simplify.jobs/p/5884e49e-550d-4786-86fe-6134bda12d6d,,simplify,"[{""site"": ""simplify"", ""url"": ""https://simplify.jobs/p/5884e49e-550d-4786-86fe-6134bda12d6d""}]",[],[],"{""location"": [""Remote; Remote in UK""]}",{},"{""location"": ""array_field""}",{}
https://simplify.jobs/p/3c269951-de43-48fd-85c1-50c53beef848,Senior Software Engineer - Frontend,Filevine,"Remote; Salt Lake City, UT, USA; San Francisco, CA, USA; Chicago, IL, USA; New York, NY, USA",150000.0,250000.0,USD,,,2026-09-09T09:00:22+00:00,2026-01-21T00:43:39+00:00,false,,remote,full_time,senior,,,,simplify,https://simplify.jobs/p/3c269951-de43-48fd-85c1-50c53beef848,,simplify,"[{""site"": ""simplify"", ""url"": ""https://simplify.jobs/p/3c269951-de43-48fd-85c1-50c53beef848""}]",[],[],"{""location"": [""Remote; Salt Lake City, UT, USA; San Francisco, CA, USA; Chicago, IL, USA; New York, NY, USA""]}",{},"{""location"": ""array_field""}",{}
https://simplify.jobs/p/5e06ed50-74e8-4594-bfd8-6b99c9a11b96,Senior Frontend UX Engineer,Hubs.is,Remote; Remote in USA,,,,,,2026-09-03T19:57:26+00:00,2026-07-23T06:29:43+00:00,false,,remote,full_time,senior,,,,simplify,https://simplify.jobs/p/5e06ed50-74e8-4594-bfd8-6b99c9a11b96,,simplify,"[{""site"": ""simplify"", ""url"": ""https://simplify.jobs/p/5e06ed50-74e8-4594-bfd8-6b99c9a11b96""}]",[],[],"{""location"": [""Remote; Remote in USA""]}",{},"{""location"": ""array_field""}",{}
https://simplify.jobs/p/929d866e-3119-4913-b931-fa937919a98b,Staff Front-End Engineer - React,Nabla,"Paris, France",,,,,,2026-10-02T10:57:12+00:00,2026-07-21T01:13:42+00:00,false,,hybrid,full_time,senior,,,,simplify,https://simplify.jobs/p/929d866e-3119-4913-b931-fa937919a98b,,simplify,"[{""site"": ""simplify"", ""url"": ""https://simplify.jobs/p/929d866e-3119-4913-b931-fa937919a98b""}]",[],[],"{""location"": [""Paris, France""]}",{},"{""location"": ""array_field""}",{}
https://simplify.jobs/p/d30a90ff-28a5-4196-889e-c1daf3810f4d,Frontend UI Engineer - React JS / Angular,Infoways,"Charlotte, NC, USA",,,,,,2026-09-04T02:06:24+00:00,2026-08-12T06:05:47+00:00,false,,onsite,full_time,mid,,,,simplify,https://simplify.jobs/p/d30a90ff-28a5-4196-889e-c1daf3810f4d,,simplify,"[{""site"": ""simplify"", ""url"": ""https://simplify.jobs/p/d30a90ff-28a5-4196-889e-c1daf3810f4d""}]",[],[],"{""location"": [""Charlotte, NC, USA""]}",{},"{""location"": ""array_field""}",{}
https://simplify.jobs/p/2739143b-eec7-420f-9026-7ac77c193fbf,Software Engineer - Frontend,Kalshi,"New York, NY, USA",170000.0,250000.0,USD,,,2026-09-03T19:00:22+00:00,2026-06-24T22:09:54+00:00,false,,onsite,full_time,mid,,,,simplify,https://simplify.jobs/p/2739143b-eec7-420f-9026-7ac77c193fbf,,simplify,"[{""site"": ""simplify"", ""url"": ""https://simplify.jobs/p/2739143b-eec7-420f-9026-7ac77c193fbf""}]",[],[],"{""location"": [""New York, NY, USA""]}",{},"{""location"": ""array_field""}",{}
https://simplify.jobs/p/37fe3d6e-7355-4f74-8883-01a99249b70e,Senior Frontend Engineer - All genders,ABOUT YOU,"Hamburg, Germany",70000.0,85000.0,EUR,,,2026-10-01T09:36:08+00:00,2026-09-29T09:50:21+00:00,false,,hybrid,full_time,senior,,,,simplify,https://simplify.jobs/p/37fe3d6e-7355-4f74-8883-01a99249b70e,,simplify,"[{""site"": ""simplify"", ""url"": ""https://simplify.jobs/p/37fe3d6e-7355-4f74-8883-01a99249b70e""}]",[],[],"{""location"": [""Hamburg, Germany""]}",{},"{""location"": ""array_field""}",{}
https://simplify.jobs/p/08989848-b7e4-4531-8ea4-ce21cd753256,Frontend Engineer,Julius Baer,"Madrid, Spain",,,,,,2026-09-23T09:09:01+00:00,2026-07-16T00:00:00+00:00,false,,onsite,full_time,mid,,,,simplify,https://simplify.jobs/p/08989848-b7e4-4531-8ea4-ce21cd753256,,simplify,"[{""site"": ""simplify"", ""url"": ""https://simplify.jobs/p/08989848-b7e4-4531-8ea4-ce21cd753256""}]",[],[],"{""location"": [""Madrid, Spain""]}",{},"{""location"": ""array_field""}",{}
https://simplify.jobs/p/d397ec6b-6654-4d42-85ea-50c35ef6067c,Frontend Software Engineer Intern - Tiktok Foundation,TikTok,"Sydney NSW, Australia",,,,,,2026-09-03T19:24:26+00:00,2026-07-10T14:12:34+00:00,true,,onsite,internship,intern,,,,simplify,https://simplify.jobs/p/d397ec6b-6654-4d42-85ea-50c35ef6067c,,simplify,"[{""site"": ""simplify"", ""url"": ""https://simplify.jobs/p/d397ec6b-6654-4d42-85ea-50c35ef6067c""}]",[],[],"{""location"": [""Sydney NSW, Australia""]}",{},"{""location"": ""array_field""}",{}
https://simplify.jobs/p/6c52172f-2366-4bbf-8b59-f5246e2665b2,Senior Frontend Engineer - Front End - Sales,Scout Motors,"Fremont, CA, USA",154000.0,187000.0,USD,,,2026-09-25T14:39:28+00:00,2026-09-25T14:36:08+00:00,false,,hybrid,full_time,senior,,,,simplify,https://simplify.jobs/p/6c52172f-2366-4bbf-8b59-f5246e2665b2,,simplify,"[{""site"": ""simplify"", ""url"": ""https://simplify.jobs/p/6c52172f-2366-4bbf-8b59-f5246e2665b2""}]",[],[],"{""location"": [""Fremont, CA, USA""]}",{},"{""location"": ""array_field""}",{}
https://simplify.jobs/p/73792ab5-fb25-4336-819e-1971a1e9254a,Senior Frontend Engineer,"Legend Labs, Inc.","San Francisco, CA, USA",,,,,,2026-09-04T13:30:01+00:00,2026-07-21T01:15:58+00:00,false,,hybrid,full_time,senior,,,,simplify,https://simplify.jobs/p/73792ab5-fb25-4336-819e-1971a1e9254a,,simplify,"[{""site"": ""simplify"", ""url"": ""https://simplify.jobs/p/73792ab5-fb25-4336-819e-1971a1e9254a""}]",[],[],"{""location"": [""San Francisco, CA, USA""]}",{},"{""location"": ""array_field""}",{}
https://simplify.jobs/p/66aa950d-4d25-4abb-9284-97d7ecc7a6cd,Senior Frontend Developer - React.js,Lightspeed Commerce,"Berlin, Germany",,,,,,2026-09-23T10:12:05+00:00,2026-09-10T22:29:54+00:00,false,,hybrid,full_time,senior,,,,simplify,https://simplify.jobs/p/66aa950d-4d25-4abb-9284-97d7ecc7a6cd,,simplify,"[{""site"": ""simplify"", ""url"": ""https://simplify.jobs/p/66aa950d-4d25-4abb-9284-97d7ecc7a6cd""}]",[],[],"{""location"": [""Berlin, Germany""]}",{},"{""location"": ""array_field""}",{}
https://simplify.jobs/p/4578a93f-5561-4048-a15c-8cff57a3d3c3,Staff Frontend Engineer,Doss,"San Francisco, CA, USA",230000.0,260000.0,USD,,,2026-09-04T06:57:01+00:00,2025-07-08T06:37:11+00:00,false,,onsite,full_time,senior,,,,simplify,https://simplify.jobs/p/4578a93f-5561-4048-a15c-8cff57a3d3c3,,simplify,"[{""site"": ""simplify"", ""url"": ""https://simplify.jobs/p/4578a93f-5561-4048-a15c-8cff57a3d3c3""}]",[],[],"{""location"": [""San Francisco, CA, USA""]}",{},"{""location"": ""array_field""}",{}
https://simplify.jobs/p/be36f6c8-1195-4f67-8d33-383fbf41e053,Senior Software Engineer - Frontend,Counsel Health,"Boston, MA, USA; New York, NY, USA",185000.0,215000.0,USD,,,2026-09-03T18:42:29+00:00,2026-06-07T06:08:47+00:00,false,,hybrid,full_time,senior,,,,simplify,https://simplify.jobs/p/be36f6c8-1195-4f67-8d33-383fbf41e053,,simplify,"[{""site"": ""simplify"", ""url"": ""https://simplify.jobs/p/be36f6c8-1195-4f67-8d33-383fbf41e053""}]",[],[],"{""location"": [""Boston, MA, USA; New York, NY, USA""]}",{},"{""location"": ""array_field""}",{}
https://simplify.jobs/p/20b568f1-3d7e-4647-8ac3-3ee116195439,Staff Frontend Engineer,US Mobile,"Toronto, ON, Canada",160000.0,250000.0,CAD,,,2026-09-04T09:30:01+00:00,2026-07-14T22:07:26+00:00,false,,hybrid,full_time,mid | senior,,,,simplify,https://simplify.jobs/p/20b568f1-3d7e-4647-8ac3-3ee116195439,,simplify,"[{""site"": ""simplify"", ""url"": ""https://simplify.jobs/p/20b568f1-3d7e-4647-8ac3-3ee116195439""}]",[],[],"{""location"": [""Toronto, ON, Canada""]}",{},"{""location"": ""array_field""}",{}
https://simplify.jobs/p/ee395a25-d3e0-4d73-9f6e-768bf4eedd56,Frontend Engineer,Nex,Remote; Remote in USA,120000.0,150000.0,USD,,,2026-09-15T01:09:04+00:00,2026-08-03T22:24:33+00:00,false,,remote,,mid,Conflicting employment_type across sites,,,simplify,https://simplify.jobs/p/ee395a25-d3e0-4d73-9f6e-768bf4eedd56 | https://simplify.jobs/p/cbc10d36-474c-4cc9-8429-fcb40eabc35c,,simplify,"[{""site"": ""simplify"", ""url"": ""https://simplify.jobs/p/ee395a25-d3e0-4d73-9f6e-768bf4eedd56""}, {""site"": ""simplify"", ""url"": ""https://simplify.jobs/p/cbc10d36-474c-4cc9-8429-fcb40eabc35c""}]",[],[],"{""location"": [""Remote; Remote in USA""]}",{},"{""location"": ""array_field""}",{}
https://simplify.jobs/p/0d675188-ea93-445a-9306-28795aafb69a,Senior Front-End Developer,Photon,United States,32000.0,112000.0,USD,,,2026-09-04T12:33:01+00:00,2026-08-21T06:34:56+00:00,false,,onsite,full_time,mid | senior,,,,simplify,https://simplify.jobs/p/0d675188-ea93-445a-9306-28795aafb69a,,simplify,"[{""site"": ""simplify"", ""url"": ""https://simplify.jobs/p/0d675188-ea93-445a-9306-28795aafb69a""}]",[],[],"{""location"": [""United States""]}",{},"{""location"": ""array_field""}",{}
https://simplify.jobs/p/294ac442-d653-4c51-a831-a62d3bcfb676,Junior Software Developer - Front-end,Squarepoint Capital,"Montreal, QC, Canada; London, UK",,,,,,2026-09-03T17:09:30+00:00,2025-10-26T13:33:23+00:00,false,,onsite,full_time,junior | mid,,,,simplify,https://simplify.jobs/p/294ac442-d653-4c51-a831-a62d3bcfb676,,simplify,"[{""site"": ""simplify"", ""url"": ""https://simplify.jobs/p/294ac442-d653-4c51-a831-a62d3bcfb676""}]",[],[],"{""location"": [""Montreal, QC, Canada; London, UK""]}",{},"{""location"": ""array_field""}",{}
https://simplify.jobs/p/9b9a090c-bd52-44b6-8309-a4c8dbe18c2f,Junior Software Engineer - Frontend Focused,Bigbear.ai,"Annapolis Junction, MD, USA",,,,,,2026-09-03T21:27:24+00:00,2026-08-01T09:43:30+00:00,false,,onsite,full_time,junior | mid,,,,simplify,https://simplify.jobs/p/9b9a090c-bd52-44b6-8309-a4c8dbe18c2f,,simplify,"[{""site"": ""simplify"", ""url"": ""https://simplify.jobs/p/9b9a090c-bd52-44b6-8309-a4c8dbe18c2f""}]",[],[],"{""location"": [""Annapolis Junction, MD, USA""]}",{},"{""location"": ""array_field""}",{}
https://simplify.jobs/p/87f51dc1-d2f3-42cc-a9ca-4e7688e17770,Senior Frontend Engineer - Platform Architecture,Sage Care,"Palo Alto, CA, USA",160000.0,200000.0,USD,,,2026-09-04T07:36:01+00:00,2026-04-18T22:09:21+00:00,false,,hybrid,full_time,senior,,,,simplify,https://simplify.jobs/p/87f51dc1-d2f3-42cc-a9ca-4e7688e17770,,simplify,"[{""site"": ""simplify"", ""url"": ""https://simplify.jobs/p/87f51dc1-d2f3-42cc-a9ca-4e7688e17770""}]",[],[],"{""location"": [""Palo Alto, CA, USA""]}",{},"{""location"": ""array_field""}",{}
https://simplify.jobs/p/cf7d5e05-ce7f-465e-bf17-154212f17fd9,Senior Software Engineer - Frontend,Emergent Labs,"Bengaluru, Karnataka, India",,,,,,2026-09-11T15:09:01+00:00,2026-05-05T09:18:53+00:00,false,,onsite,full_time,senior,,,,simplify,https://simplify.jobs/p/cf7d5e05-ce7f-465e-bf17-154212f17fd9,,simplify,"[{""site"": ""simplify"", ""url"": ""https://simplify.jobs/p/cf7d5e05-ce7f-465e-bf17-154212f17fd9""}]",[],[],"{""location"": [""Bengaluru, Karnataka, India""]}",{},"{""location"": ""array_field""}",{}
https://simplify.jobs/p/c6c8b6a6-b340-45e7-a381-231712034343,Equities Engineering - Product Frontend Engineer - New York,Citadel Securities,"New York, NY, USA",105000.0,300000.0,USD,,,2026-09-15T01:21:01+00:00,2026-09-09T01:26:54+00:00,false,,onsite,full_time,mid,,,,simplify,https://simplify.jobs/p/c6c8b6a6-b340-45e7-a381-231712034343,,simplify,"[{""site"": ""simplify"", ""url"": ""https://simplify.jobs/p/c6c8b6a6-b340-45e7-a381-231712034343""}]",[],[],"{""location"": [""New York, NY, USA""]}",{},"{""location"": ""array_field""}",{}
https://simplify.jobs/p/e11ecaa3-7ca6-47e3-8b19-f2a54064b68a,Front-End Engineer,Tavily,"New York, NY, USA",100000.0,200000.0,USD,,,2026-09-04T07:24:02+00:00,2026-02-18T23:23:46+00:00,false,,hybrid,full_time,junior | mid,,,,simplify,https://simplify.jobs/p/e11ecaa3-7ca6-47e3-8b19-f2a54064b68a,,simplify,"[{""site"": ""simplify"", ""url"": ""https://simplify.jobs/p/e11ecaa3-7ca6-47e3-8b19-f2a54064b68a""}]",[],[],"{""location"": [""New York, NY, USA""]}",{},"{""location"": ""array_field""}",{}
https://simplify.jobs/p/50510efe-76fb-441e-92eb-a5cf5daf016e,Senior Frontend AEM Developer,Fortinet,"Sunnyvale, CA, USA",104000.0,127000.0,USD,,,2026-09-24T22:06:25+00:00,2026-09-24T22:05:55+00:00,false,,onsite,full_time,senior,,,,simplify,https://simplify.jobs/p/50510efe-76fb-441e-92eb-a5cf5daf016e,,simplify,"[{""site"": ""simplify"", ""url"": ""https://simplify.jobs/p/50510efe-76fb-441e-92eb-a5cf5daf016e""}]",[],[],"{""location"": [""Sunnyvale, CA, USA""]}",{},"{""location"": ""array_field""}",{}
https://simplify.jobs/p/2aaa2200-37c4-4e8f-843c-cc7f9b429edc,Senior Frontend Engineer - Marketing,Close,Remote; Remote in USA,,,,,,2026-09-25T08:33:05+00:00,2026-08-29T00:37:46+00:00,false,,remote,full_time,senior,,,,simplify,https://simplify.jobs/p/2aaa2200-37c4-4e8f-843c-cc7f9b429edc,,simplify,"[{""site"": ""simplify"", ""url"": ""https://simplify.jobs/p/2aaa2200-37c4-4e8f-843c-cc7f9b429edc""}]",[],[],"{""location"": [""Remote; Remote in USA""]}",{},"{""location"": ""array_field""}",{}
https://simplify.jobs/p/2ad66481-31c6-4829-8d71-78ded1a7270a,Senior Software Engineer - Frontend - Agentic AI,SIFT,"Marina Del Rey, CA, USA",180000.0,230000.0,USD,,,2026-09-03T16:57:18+00:00,2026-07-27T22:24:11+00:00,false,,hybrid,full_time,senior,,,,simplify,https://simplify.jobs/p/2ad66481-31c6-4829-8d71-78ded1a7270a,,simplify,"[{""site"": ""simplify"", ""url"": ""https://simplify.jobs/p/2ad66481-31c6-4829-8d71-78ded1a7270a""}]",[],[],"{""location"": [""Marina Del Rey, CA, USA""]}",{},"{""location"": ""array_field""}",{}
https://simplify.jobs/p/49e7eb7b-aa74-4b9f-b26a-117fa4d67772,Software Engineer - Frontend,Ramp,"San Francisco, CA, USA; Miami, FL, USA; Remote in USA; New York, NY, USA; Remote in Canada",143200.0,284000.0,USD,,,2026-09-04T06:57:01+00:00,2025-10-31T01:02:09+00:00,false,,hybrid,full_time,junior | mid,,,,simplify,https://simplify.jobs/p/49e7eb7b-aa74-4b9f-b26a-117fa4d67772,,simplify,"[{""site"": ""simplify"", ""url"": ""https://simplify.jobs/p/49e7eb7b-aa74-4b9f-b26a-117fa4d67772""}]",[],[],"{""location"": [""San Francisco, CA, USA; Miami, FL, USA; Remote in USA; New York, NY, USA; Remote in Canada""]}",{},"{""location"": ""array_field""}",{}
https://simplify.jobs/p/9ce910cc-f998-458a-a03e-a0cc73a03965,Front-End Software Engineer,Oceanus Marine Technologies,"El Segundo, CA, USA",130000.0,210000.0,USD,,,2026-09-30T10:15:01+00:00,2026-09-25T22:15:57+00:00,false,,onsite,full_time,mid,,,,simplify,https://simplify.jobs/p/9ce910cc-f998-458a-a03e-a0cc73a03965,,simplify,"[{""site"": ""simplify"", ""url"": ""https://simplify.jobs/p/9ce910cc-f998-458a-a03e-a0cc73a03965""}]",[],[],"{""location"": [""El Segundo, CA, USA""]}",{},"{""location"": ""array_field""}",{}
https://simplify.jobs/p/f7e7de9e-efe7-4c74-b62a-63538039a8f8,Front-End Developer,Adtran,"Hyderabad, Telangana, India",,,,,,2026-09-08T06:12:59+00:00,2026-09-08T00:00:00+00:00,false,,onsite,full_time,mid,,,,simplify,https://simplify.jobs/p/f7e7de9e-efe7-4c74-b62a-63538039a8f8,,simplify,"[{""site"": ""simplify"", ""url"": ""https://simplify.jobs/p/f7e7de9e-efe7-4c74-b62a-63538039a8f8""}]",[],[],"{""location"": [""Hyderabad, Telangana, India""]}",{},"{""location"": ""array_field""}",{}
https://simplify.jobs/p/e73c1910-488b-4ac8-bb81-e184db111a64,Senior Frontend Engineer,Pigment,"London, UK",,,,,,2026-03-24T09:16:12+00:00,2026-02-24T15:20:06+00:00,false,,hybrid,full_time,senior,,,,simplify,https://simplify.jobs/p/e73c1910-488b-4ac8-bb81-e184db111a64,,simplify,"[{""site"": ""simplify"", ""url"": ""https://simplify.jobs/p/e73c1910-488b-4ac8-bb81-e184db111a64""}]",[],[],"{""location"": [""London, UK""]}",{},"{""location"": ""array_field""}",{}
https://simplify.jobs/p/0ac7e243-c901-403b-9e9f-274a7aa5f33a,Frontend Developer,Infopro Digital Services,"Nashville, TN, USA",,,,,,2026-09-13T09:24:01+00:00,2026-09-11T23:56:13+00:00,false,,hybrid,full_time,mid,,,,simplify,https://simplify.jobs/p/0ac7e243-c901-403b-9e9f-274a7aa5f33a,,simplify,"[{""site"": ""simplify"", ""url"": ""https://simplify.jobs/p/0ac7e243-c901-403b-9e9f-274a7aa5f33a""}]",[],[],"{""location"": [""Nashville, TN, USA""]}",{},"{""location"": ""array_field""}",{}
https://simplify.jobs/p/dd8b9760-ddb9-4918-83f4-9f2b74080e55,Senior Frontend Engineer - React + Chrome Extension,TTEC Digital,"Remote; Hyderabad, Telangana, India",,,,,,2026-09-04T09:42:02+00:00,2026-07-17T22:04:42+00:00,false,,remote,full_time,senior,,,,simplify,https://simplify.jobs/p/dd8b9760-ddb9-4918-83f4-9f2b74080e55,,simplify,"[{""site"": ""simplify"", ""url"": ""https://simplify.jobs/p/dd8b9760-ddb9-4918-83f4-9f2b74080e55""}]",[],[],"{""location"": [""Remote; Hyderabad, Telangana, India""]}",{},"{""location"": ""array_field""}",{}
https://simplify.jobs/p/be6d365d-fa79-4772-976b-2efe15d8e2e7,Senior/Staff Frontend Engineer,Fora,"New York, NY, USA",185000.0,235000.0,USD,,,2026-09-04T06:57:01+00:00,2025-03-16T11:22:23+00:00,false,,hybrid,full_time,mid | senior,,,,simplify,https://simplify.jobs/p/be6d365d-fa79-4772-976b-2efe15d8e2e7,,simplify,"[{""site"": ""simplify"", ""url"": ""https://simplify.jobs/p/be6d365d-fa79-4772-976b-2efe15d8e2e7""}]",[],[],"{""location"": [""New York, NY, USA""]}",{},"{""location"": ""array_field""}",{}
https://simplify.jobs/p/1433615c-ec60-4d88-a5b3-ad3a93674d7e,Frontend Engineer,BJAK,Remote; Remote in Ireland,,,,,,2026-09-10T01:28:18+00:00,2026-09-10T01:24:47+00:00,false,,remote,full_time,mid,,,,simplify,https://simplify.jobs/p/1433615c-ec60-4d88-a5b3-ad3a93674d7e,,simplify,"[{""site"": ""simplify"", ""url"": ""https://simplify.jobs/p/1433615c-ec60-4d88-a5b3-ad3a93674d7e""}]",[],[],"{""location"": [""Remote; Remote in Ireland""]}",{},"{""location"": ""array_field""}",{}
https://simplify.jobs/p/bc4887c1-4ea5-4b0f-abaf-13a7dcb859e0,Front-End Engineer 2,Amazon,"Remote; Bengaluru, Karnataka, India",,,,,,2026-09-05T22:09:56+00:00,2026-09-05T22:05:17+00:00,false,,remote,full_time,junior | mid,,,,simplify,https://simplify.jobs/p/bc4887c1-4ea5-4b0f-abaf-13a7dcb859e0,,simplify,"[{""site"": ""simplify"", ""url"": ""https://simplify.jobs/p/bc4887c1-4ea5-4b0f-abaf-13a7dcb859e0""}]",[],[],"{""location"": [""Remote; Bengaluru, Karnataka, India""]}",{},"{""location"": ""array_field""}",{}
https://simplify.jobs/p/9ff74ae8-d32a-4ca9-b1d3-e36f1a88e373,Frontend Development Working Student,Zeiss,"Jena, Germany; Munich, Germany",,,,,,2026-09-03T18:48:22+00:00,2026-06-20T10:55:53+00:00,true,,onsite,internship,intern,,,,simplify,https://simplify.jobs/p/9ff74ae8-d32a-4ca9-b1d3-e36f1a88e373,,simplify,"[{""site"": ""simplify"", ""url"": ""https://simplify.jobs/p/9ff74ae8-d32a-4ca9-b1d3-e36f1a88e373""}]",[],[],"{""location"": [""Jena, Germany; Munich, Germany""]}",{},"{""location"": ""array_field""}",{}
https://simplify.jobs/p/2b04ab51-1271-47ff-9286-f11d139ba697,Staff Software Engineer - Frontend,V-Comply,"Bengaluru, Karnataka, India",,,,,,2026-09-03T15:30:12+00:00,2026-08-18T01:13:19+00:00,false,,onsite,full_time,senior,,,,simplify,https://simplify.jobs/p/2b04ab51-1271-47ff-9286-f11d139ba697,,simplify,"[{""site"": ""simplify"", ""url"": ""https://simplify.jobs/p/2b04ab51-1271-47ff-9286-f11d139ba697""}]",[],[],"{""location"": [""Bengaluru, Karnataka, India""]}",{},"{""location"": ""array_field""}",{}
https://simplify.jobs/p/477e026d-8abd-4fa6-a24d-873ed436f669,Frontend Web Developer - Only Local,Jobsbridge,"San Jose, CA, USA",,,,,,2026-09-04T07:24:02+00:00,2026-02-24T07:21:34+00:00,false,,onsite,full_time,,,,,simplify,https://simplify.jobs/p/477e026d-8abd-4fa6-a24d-873ed436f669,,simplify,"[{""site"": ""simplify"", ""url"": ""https://simplify.jobs/p/477e026d-8abd-4fa6-a24d-873ed436f669""}]",[],[],"{""location"": [""San Jose, CA, USA""]}",{},"{""location"": ""array_field""}",{}
https://simplify.jobs/p/f3e18ef5-c3c2-4dd6-8be8-e716ea1718ec,Frontend Developer,Photon,United States,40000.0,142000.0,USD,,,2026-09-04T13:12:01+00:00,2026-09-01T04:52:18+00:00,false,,onsite,full_time,mid,,,,simplify,https://simplify.jobs/p/f3e18ef5-c3c2-4dd6-8be8-e716ea1718ec,,simplify,"[{""site"": ""simplify"", ""url"": ""https://simplify.jobs/p/f3e18ef5-c3c2-4dd6-8be8-e716ea1718ec""}]",[],[],"{""location"": [""United States""]}",{},"{""location"": ""array_field""}",{}
https://simplify.jobs/p/f7c157cd-c9f0-48df-a3d8-4dca94f97005,Senior Software Engineer - Frontend,SIFT,"Marina Del Rey, CA, USA",180000.0,230000.0,USD,,,2026-09-04T06:57:01+00:00,2026-08-04T22:20:18+00:00,false,,hybrid,full_time,senior,,,,simplify,https://simplify.jobs/p/f7c157cd-c9f0-48df-a3d8-4dca94f97005,,simplify,"[{""site"": ""simplify"", ""url"": ""https://simplify.jobs/p/f7c157cd-c9f0-48df-a3d8-4dca94f97005""}]",[],[],"{""location"": [""Marina Del Rey, CA, USA""]}",{},"{""location"": ""array_field""}",{}
https://simplify.jobs/p/a889f738-a3f8-4d5d-acc0-36167362c63e,Lead Frontend Engineer - Frontend/Web App,Beacon AI,"San Carlos, CA, USA",224000.0,260000.0,USD,,,2026-09-30T01:19:24+00:00,2026-09-30T01:17:52+00:00,false,,hybrid,full_time,senior,,,,simplify,https://simplify.jobs/p/a889f738-a3f8-4d5d-acc0-36167362c63e,,simplify,"[{""site"": ""simplify"", ""url"": ""https://simplify.jobs/p/a889f738-a3f8-4d5d-acc0-36167362c63e""}]",[],[],"{""location"": [""San Carlos, CA, USA""]}",{},"{""location"": ""array_field""}",{}
https://simplify.jobs/p/b064e63b-cc4d-452e-b92c-eefd7f8fe95c,Senior Frontend Software Engineer,Perpay,"Philadelphia, PA, USA",160000.0,299999.0,USD,,,2026-09-04T06:57:01+00:00,2024-03-27T17:29:56+00:00,false,,onsite,full_time,senior,,,,simplify,https://simplify.jobs/p/b064e63b-cc4d-452e-b92c-eefd7f8fe95c,,simplify,"[{""site"": ""simplify"", ""url"": ""https://simplify.jobs/p/b064e63b-cc4d-452e-b92c-eefd7f8fe95c""}]",[],[],"{""location"": [""Philadelphia, PA, USA""]}",{},"{""location"": ""array_field""}",{}
https://simplify.jobs/p/6ecd2227-64fc-4d77-99bb-158081023302,Frontend Engineer,Apple,"Austin, TX, USA",,,,,,2026-09-04T01:39:21+00:00,2026-08-10T22:21:04+00:00,false,,onsite,full_time,,,,,simplify,https://simplify.jobs/p/6ecd2227-64fc-4d77-99bb-158081023302,,simplify,"[{""site"": ""simplify"", ""url"": ""https://simplify.jobs/p/6ecd2227-64fc-4d77-99bb-158081023302""}]",[],[],"{""location"": [""Austin, TX, USA""]}",{},"{""location"": ""array_field""}",{}
https://simplify.jobs/p/15dc7bf7-8dce-4d4c-8070-44fb9ea23b5e,Senior Software Engineer - Front of House - Frontend,OpenTable,"Toronto, ON, Canada",,,,,,2026-09-04T07:24:02+00:00,2026-03-11T01:22:02+00:00,false,,hybrid,full_time,senior,,,,simplify,https://simplify.jobs/p/15dc7bf7-8dce-4d4c-8070-44fb9ea23b5e,,simplify,"[{""site"": ""simplify"", ""url"": ""https://simplify.jobs/p/15dc7bf7-8dce-4d4c-8070-44fb9ea23b5e""}]",[],[],"{""location"": [""Toronto, ON, Canada""]}",{},"{""location"": ""array_field""}",{}
https://simplify.jobs/p/6452c0d3-a177-4ac5-9dfc-ca25962c32f8,Staff Software Engineer - Frontend - Access Management,Cerby,Remote; Remote in USA,,,,,,2026-10-02T10:34:56+00:00,2026-07-21T01:17:29+00:00,false,,remote,full_time,senior,,,,simplify,https://simplify.jobs/p/6452c0d3-a177-4ac5-9dfc-ca25962c32f8,,simplify,"[{""site"": ""simplify"", ""url"": ""https://simplify.jobs/p/6452c0d3-a177-4ac5-9dfc-ca25962c32f8""}]",[],[],"{""location"": [""Remote; Remote in USA""]}",{},"{""location"": ""array_field""}",{}
https://simplify.jobs/p/74a4dd56-1c2e-456d-9945-6b0155406fc0,Staff Software Engineer - Frontend,Ping Identity,Remote; Remote in USA,130000.0,170000.0,USD,,,2026-09-03T11:27:09+00:00,2026-08-20T22:26:15+00:00,false,,remote,full_time,,,,,simplify,https://simplify.jobs/p/74a4dd56-1c2e-456d-9945-6b0155406fc0,,simplify,"[{""site"": ""simplify"", ""url"": ""https://simplify.jobs/p/74a4dd56-1c2e-456d-9945-6b0155406fc0""}]",[],[],"{""location"": [""Remote; Remote in USA""]}",{},"{""location"": ""array_field""}",{}
https://simplify.jobs/p/503e1d79-895c-41f2-84bb-427b3cfc3453,Frontend Developer,Jobs for Humanity,"New York, NY, USA",,,,,,2026-09-04T07:24:02+00:00,2026-02-24T07:22:47+00:00,false,,onsite,full_time,mid,,,,simplify,https://simplify.jobs/p/503e1d79-895c-41f2-84bb-427b3cfc3453,,simplify,"[{""site"": ""simplify"", ""url"": ""https://simplify.jobs/p/503e1d79-895c-41f2-84bb-427b3cfc3453""}]",[],[],"{""location"": [""New York, NY, USA""]}",{},"{""location"": ""array_field""}",{}
https://simplify.jobs/p/5482226c-5697-4f57-86ab-a788f2b024a1,Front-End Developer - Angular,Jobsbridge,"San Mateo, CA, USA",,,,,,2026-09-04T07:24:02+00:00,2026-02-24T07:17:21+00:00,false,,onsite,full_time,mid,,,,simplify,https://simplify.jobs/p/5482226c-5697-4f57-86ab-a788f2b024a1,,simplify,"[{""site"": ""simplify"", ""url"": ""https://simplify.jobs/p/5482226c-5697-4f57-86ab-a788f2b024a1""}]",[],[],"{""location"": [""San Mateo, CA, USA""]}",{},"{""location"": ""array_field""}",{}
https://simplify.jobs/p/0b291caa-6354-4757-bbe8-f2ac5a720547,Frontend Engineer,General Medicine,"Cambridge, MA, USA; Boston, MA, USA; San Francisco, CA, USA",150000.0,225000.0,USD,,,2026-09-04T08:15:01+00:00,2026-06-16T19:42:40+00:00,false,,hybrid,full_time,mid,,,,simplify,https://simplify.jobs/p/0b291caa-6354-4757-bbe8-f2ac5a720547,,simplify,"[{""site"": ""simplify"", ""url"": ""https://simplify.jobs/p/0b291caa-6354-4757-bbe8-f2ac5a720547""}]",[],[],"{""location"": [""Cambridge, MA, USA; Boston, MA, USA; San Francisco, CA, USA""]}",{},"{""location"": ""array_field""}",{}
https://simplify.jobs/p/2984cfb6-dc32-434a-88c3-169e31c33301,Senior Front-End Software Engineer,Light & Wonder,"Pune, Maharashtra, India",,,,,,2026-09-09T06:18:23+00:00,2026-09-09T06:10:11+00:00,false,,hybrid,full_time,mid | senior,,,,simplify,https://simplify.jobs/p/2984cfb6-dc32-434a-88c3-169e31c33301,,simplify,"[{""site"": ""simplify"", ""url"": ""https://simplify.jobs/p/2984cfb6-dc32-434a-88c3-169e31c33301""}]",[],[],"{""location"": [""Pune, Maharashtra, India""]}",{},"{""location"": ""array_field""}",{}
https://simplify.jobs/p/94af9247-9f1e-4d94-97c4-39e5d8674967,Front-End Developer,Omnissa,"Bengaluru, Karnataka, India",,,,,,2026-09-25T10:16:46+00:00,2026-09-22T00:00:00+00:00,false,,hybrid,full_time,mid | senior,,,,simplify,https://simplify.jobs/p/94af9247-9f1e-4d94-97c4-39e5d8674967,,simplify,"[{""site"": ""simplify"", ""url"": ""https://simplify.jobs/p/94af9247-9f1e-4d94-97c4-39e5d8674967""}]",[],[],"{""location"": [""Bengaluru, Karnataka, India""]}",{},"{""location"": ""array_field""}",{}
https://simplify.jobs/p/e11963c9-4236-4c9d-ba3c-0f0c0b85b97f,Senior Frontend Engineer - Scientific Applications,Constructor Knowledge Labs,Remote in Germany,,,,,,2026-09-21T14:33:19+00:00,2026-09-21T14:31:13+00:00,false,,hybrid,full_time,senior,,,,simplify,https://simplify.jobs/p/e11963c9-4236-4c9d-ba3c-0f0c0b85b97f,,simplify,"[{""site"": ""simplify"", ""url"": ""https://simplify.jobs/p/e11963c9-4236-4c9d-ba3c-0f0c0b85b97f""}]",[],[],"{""location"": [""Remote in Germany""]}",{},"{""location"": ""array_field""}",{}
https://simplify.jobs/p/aec1aa1b-4825-4850-8852-e13072e16428,Product Engineer - Frontend,Relace,"San Francisco, CA, USA",,,,,,2026-09-04T09:42:02+00:00,2026-07-21T01:15:00+00:00,false,,onsite,full_time,junior | mid,,,,simplify,https://simplify.jobs/p/aec1aa1b-4825-4850-8852-e13072e16428,,simplify,"[{""site"": ""simplify"", ""url"": ""https://simplify.jobs/p/aec1aa1b-4825-4850-8852-e13072e16428""}]",[],[],"{""location"": [""San Francisco, CA, USA""]}",{},"{""location"": ""array_field""}",{}
https://simplify.jobs/p/9beebd4f-b90a-42e1-9ed7-0d27ba4910fa,Software Engineer 2 - Frontend,Chegg,"Remote; New Delhi, Delhi, India",,,,,,2026-09-03T14:54:13+00:00,2026-08-18T00:00:00+00:00,false,,remote,full_time,mid,,,,simplify,https://simplify.jobs/p/9beebd4f-b90a-42e1-9ed7-0d27ba4910fa,,simplify,"[{""site"": ""simplify"", ""url"": ""https://simplify.jobs/p/9beebd4f-b90a-42e1-9ed7-0d27ba4910fa""}]",[],[],"{""location"": [""Remote; New Delhi, Delhi, India""]}",{},"{""location"": ""array_field""}",{}
https://simplify.jobs/p/d2f02590-dea8-4a09-975d-19a2b7061328,Senior Front-end Software Developer,CACI,"Denver, CO, USA",108400.0,227500.0,USD,,,2026-09-09T22:30:25+00:00,2026-09-09T00:00:00+00:00,false,,hybrid,full_time,mid | senior,,,,simplify,https://simplify.jobs/p/d2f02590-dea8-4a09-975d-19a2b7061328,,simplify,"[{""site"": ""simplify"", ""url"": ""https://simplify.jobs/p/d2f02590-dea8-4a09-975d-19a2b7061328""}]",[],[],"{""location"": [""Denver, CO, USA""]}",{},"{""location"": ""array_field""}",{}
https://simplify.jobs/p/3d829c57-2c93-4fde-9c8d-fb91a34412f9,Senior Frontend Engineer,Giga AI,"San Francisco, CA, USA",200000.0,280000.0,USD,,,2026-09-04T07:12:12+00:00,2026-02-11T07:10:00+00:00,false,,onsite,full_time,mid | senior,,,,simplify,https://simplify.jobs/p/3d829c57-2c93-4fde-9c8d-fb91a34412f9,,simplify,"[{""site"": ""simplify"", ""url"": ""https://simplify.jobs/p/3d829c57-2c93-4fde-9c8d-fb91a34412f9""}]",[],[],"{""location"": [""San Francisco, CA, USA""]}",{},"{""location"": ""array_field""}",{}
https://simplify.jobs/p/c5be810b-1e2f-47f2-b16a-b1188cfd7305,Software Engineer - Frontend,Brevian,"Sunnyvale, CA, USA",,,,,,2025-09-28T23:23:42+00:00,2025-07-07T22:34:00+00:00,false,,onsite,full_time,mid,,,,simplify,https://simplify.jobs/p/c5be810b-1e2f-47f2-b16a-b1188cfd7305,,simplify,"[{""site"": ""simplify"", ""url"": ""https://simplify.jobs/p/c5be810b-1e2f-47f2-b16a-b1188cfd7305""}]",[],[],"{""location"": [""Sunnyvale, CA, USA""]}",{},"{""location"": ""array_field""}",{}
https://simplify.jobs/p/504f0b08-afb2-4964-b3cd-5dee1937b1ad,Frontend Software Engineer - Global CRM Platform,TikTok,"San Jose, CA, USA",162000.0,316800.0,USD,,,2026-09-04T06:57:01+00:00,2026-06-15T06:11:41+00:00,false,,onsite,full_time,mid,,,,simplify,https://simplify.jobs/p/504f0b08-afb2-4964-b3cd-5dee1937b1ad,,simplify,"[{""site"": ""simplify"", ""url"": ""https://simplify.jobs/p/504f0b08-afb2-4964-b3cd-5dee1937b1ad""}]",[],[],"{""location"": [""San Jose, CA, USA""]}",{},"{""location"": ""array_field""}",{}
https://simplify.jobs/p/28ffbb6b-7f01-4611-a353-2f8b73ef6624,Senior Frontend Software Engineer,Archy,Remote; South America,,,,,,2026-09-23T22:36:02+00:00,2026-09-23T22:20:31+00:00,false,,remote,full_time,senior,,,,simplify,https://simplify.jobs/p/28ffbb6b-7f01-4611-a353-2f8b73ef6624,,simplify,"[{""site"": ""simplify"", ""url"": ""https://simplify.jobs/p/28ffbb6b-7f01-4611-a353-2f8b73ef6624""}]",[],[],"{""location"": [""Remote; South America""]}",{},"{""location"": ""array_field""}",{}
https://simplify.jobs/p/42990712-6a27-4520-9241-7dd9172489a5,Senior Frontend Engineer,MrBeast,"San Mateo, CA, USA",178000.0,223000.0,USD,,,2026-09-09T23:02:45+00:00,2026-06-18T01:16:54+00:00,false,,hybrid,full_time,senior,,,,simplify,https://simplify.jobs/p/42990712-6a27-4520-9241-7dd9172489a5,,simplify,"[{""site"": ""simplify"", ""url"": ""https://simplify.jobs/p/42990712-6a27-4520-9241-7dd9172489a5""}]",[],[],"{""location"": [""San Mateo, CA, USA""]}",{},"{""location"": ""array_field""}",{}
https://simplify.jobs/p/7f53f032-ea8c-40bf-89b2-4f40fe16cca7,Frontend Software Engineer - Tiktok Live - Australia,TikTok,"Sydney NSW, Australia",,,,,,2026-09-03T18:42:29+00:00,2026-06-15T06:12:45+00:00,false,,onsite,full_time,mid,,,,simplify,https://simplify.jobs/p/7f53f032-ea8c-40bf-89b2-4f40fe16cca7,,simplify,"[{""site"": ""simplify"", ""url"": ""https://simplify.jobs/p/7f53f032-ea8c-40bf-89b2-4f40fe16cca7""}]",[],[],"{""location"": [""Sydney NSW, Australia""]}",{},"{""location"": ""array_field""}",{}
https://simplify.jobs/p/87477f0a-70c4-4f7a-98e3-ccf7e390f660,Front-End Developer,Safran,"Paris, France",,,,,,2026-09-11T22:24:01+00:00,2026-09-11T22:17:24+00:00,false,,onsite,full_time,senior,,,,simplify,https://simplify.jobs/p/87477f0a-70c4-4f7a-98e3-ccf7e390f660,,simplify,"[{""site"": ""simplify"", ""url"": ""https://simplify.jobs/p/87477f0a-70c4-4f7a-98e3-ccf7e390f660""}]",[],[],"{""location"": [""Paris, France""]}",{},"{""location"": ""array_field""}",{}
https://simplify.jobs/p/21ecb836-ce5b-4043-9f3b-88c3430418f6,Frontend Software Engineer - Financial Services & Loyalty,Coinbase,Remote; Remote in Canada,247737.0,247737.0,CAD,,,2026-09-16T14:25:37+00:00,2026-09-16T14:20:15+00:00,false,,remote,full_time,mid,,,,simplify,https://simplify.jobs/p/21ecb836-ce5b-4043-9f3b-88c3430418f6,,simplify,"[{""site"": ""simplify"", ""url"": ""https://simplify.jobs/p/21ecb836-ce5b-4043-9f3b-88c3430418f6""}]",[],[],"{""location"": [""Remote; Remote in Canada""]}",{},"{""location"": ""array_field""}",{}
https://simplify.jobs/p/98e8ef63-ecb3-44c9-be66-cd6152403b76,Senior Front-End Engineer - Apple Business,Apple,"Seattle, WA, USA",,,,,,2026-09-04T09:42:02+00:00,2026-07-21T06:12:05+00:00,false,,onsite,full_time,senior,,,,simplify,https://simplify.jobs/p/98e8ef63-ecb3-44c9-be66-cd6152403b76,,simplify,"[{""site"": ""simplify"", ""url"": ""https://simplify.jobs/p/98e8ef63-ecb3-44c9-be66-cd6152403b76""}]",[],[],"{""location"": [""Seattle, WA, USA""]}",{},"{""location"": ""array_field""}",{}
https://simplify.jobs/p/a3f1215b-82bc-4ed8-a8f2-0938e1744c20,Frontend Software Engineer - Vehicle Test Data Platforms,Tesla,"Fremont, CA, USA",,,,,,2026-09-22T22:25:51+00:00,2026-09-22T22:16:02+00:00,false,,onsite,full_time,mid,,,,simplify,https://simplify.jobs/p/a3f1215b-82bc-4ed8-a8f2-0938e1744c20,,simplify,"[{""site"": ""simplify"", ""url"": ""https://simplify.jobs/p/a3f1215b-82bc-4ed8-a8f2-0938e1744c20""}]",[],[],"{""location"": [""Fremont, CA, USA""]}",{},"{""location"": ""array_field""}",{}
https://simplify.jobs/p/57592ce0-0502-4a6b-aaba-9d8d32b9524b,Senior Software Engineer - Front-End,The Walt Disney Company,"Seattle, WA, USA; Bristol, CT, USA; Glendale, CA, USA; New York, NY, USA",141900.0,199400.0,USD,,,2026-09-03T05:57:06+00:00,2026-08-28T00:00:00+00:00,false,,onsite,full_time,mid | senior,,,,simplify,https://simplify.jobs/p/57592ce0-0502-4a6b-aaba-9d8d32b9524b,,simplify,"[{""site"": ""simplify"", ""url"": ""https://simplify.jobs/p/57592ce0-0502-4a6b-aaba-9d8d32b9524b""}]",[],[],"{""location"": [""Seattle, WA, USA; Bristol, CT, USA; Glendale, CA, USA; New York, NY, USA""]}",{},"{""location"": ""array_field""}",{}
https://simplify.jobs/p/65cf626b-0ecd-4790-b621-10995ca3ca99,Senior Front-End Developer - Project & Portfolio Management,Publicis Groupe,"Gurugram, Haryana, India",,,,,,2026-09-03T14:45:15+00:00,2026-08-18T07:57:12+00:00,false,,onsite,full_time,senior,,,,simplify,https://simplify.jobs/p/65cf626b-0ecd-4790-b621-10995ca3ca99,,simplify,"[{""site"": ""simplify"", ""url"": ""https://simplify.jobs/p/65cf626b-0ecd-4790-b621-10995ca3ca99""}]",[],[],"{""location"": [""Gurugram, Haryana, India""]}",{},"{""location"": ""array_field""}",{}
https://simplify.jobs/p/9246af0d-817a-4331-8cbc-622a136568b6,Frontend Engineer,Vapi,"San Francisco, CA, USA",235000.0,264000.0,USD,,,2026-09-22T22:52:45+00:00,2026-09-22T22:24:11+00:00,false,,hybrid,full_time,senior,,,,simplify,https://simplify.jobs/p/9246af0d-817a-4331-8cbc-622a136568b6,,simplify,"[{""site"": ""simplify"", ""url"": ""https://simplify.jobs/p/9246af0d-817a-4331-8cbc-622a136568b6""}]",[],[],"{""location"": [""San Francisco, CA, USA""]}",{},"{""location"": ""array_field""}",{}
https://simplify.jobs/p/3af676a2-d5b7-4d98-8f44-dee16be90f40,Senior Frontend Engineer - ReactJS,Sia Partners,"Mumbai, Maharashtra, India",,,,,,2026-09-04T16:36:01+00:00,2026-07-08T09:01:33+00:00,false,,onsite,full_time,mid | senior,,,,simplify,https://simplify.jobs/p/3af676a2-d5b7-4d98-8f44-dee16be90f40 | https://simplify.jobs/p/ed6d575e-fb50-48be-888b-318ce6c3db5b,,simplify,"[{""site"": ""simplify"", ""url"": ""https://simplify.jobs/p/3af676a2-d5b7-4d98-8f44-dee16be90f40""}, {""site"": ""simplify"", ""url"": ""https://simplify.jobs/p/ed6d575e-fb50-48be-888b-318ce6c3db5b""}]",[],[],"{""location"": [""Mumbai, Maharashtra, India""]}",{},"{""location"": ""array_field""}",{}
https://simplify.jobs/p/a2a4b434-837d-4a82-84d7-a2ae9efa1dcb,Software Engineer - Frontend,Wealthfront,"Palo Alto, CA, USA",150000.0,189000.0,USD,,,2026-09-10T09:51:05+00:00,2026-08-11T01:05:21+00:00,false,,hybrid,full_time,junior | mid,,,,simplify,https://simplify.jobs/p/a2a4b434-837d-4a82-84d7-a2ae9efa1dcb,,simplify,"[{""site"": ""simplify"", ""url"": ""https://simplify.jobs/p/a2a4b434-837d-4a82-84d7-a2ae9efa1dcb""}]",[],[],"{""location"": [""Palo Alto, CA, USA""]}",{},"{""location"": ""array_field""}",{}
https://simplify.jobs/p/b54608fc-c1aa-46d2-b9ec-429efbf0905e,Senior Frontend Developer,Mujin,"Remote; Suwanee, GA, USA",,,,,,2026-09-04T01:39:21+00:00,2026-08-10T22:34:12+00:00,false,,remote,full_time,senior,,,,simplify,https://simplify.jobs/p/b54608fc-c1aa-46d2-b9ec-429efbf0905e,,simplify,"[{""site"": ""simplify"", ""url"": ""https://simplify.jobs/p/b54608fc-c1aa-46d2-b9ec-429efbf0905e""}]",[],[],"{""location"": [""Remote; Suwanee, GA, USA""]}",{},"{""location"": ""array_field""}",{}
https://simplify.jobs/p/51b652c8-d90d-419d-ad34-1ee54cb421d3,Frontend Software Engineer,Luzid,"San Francisco, CA, USA",,,,,,2026-09-25T22:46:24+00:00,2026-09-25T22:19:15+00:00,false,,hybrid,full_time,mid,,,,simplify,https://simplify.jobs/p/51b652c8-d90d-419d-ad34-1ee54cb421d3,,simplify,"[{""site"": ""simplify"", ""url"": ""https://simplify.jobs/p/51b652c8-d90d-419d-ad34-1ee54cb421d3""}]",[],[],"{""location"": [""San Francisco, CA, USA""]}",{},"{""location"": ""array_field""}",{}
https://simplify.jobs/p/df63151f-3af5-49d5-96ec-8f4fb50a07ce,Senior Frontend Engineer - Streaming,Verkada,"San Mateo, CA, USA",175000.0,275000.0,USD,,,2026-09-04T22:42:01+00:00,2026-09-04T22:40:28+00:00,false,,onsite,full_time,mid | senior,,,,simplify,https://simplify.jobs/p/df63151f-3af5-49d5-96ec-8f4fb50a07ce,,simplify,"[{""site"": ""simplify"", ""url"": ""https://simplify.jobs/p/df63151f-3af5-49d5-96ec-8f4fb50a07ce""}]",[],[],"{""location"": [""San Mateo, CA, USA""]}",{},"{""location"": ""array_field""}",{}
https://simplify.jobs/p/5ee2b516-f94e-4092-9078-4498e12653a5,Frontend Engineer - Angular,Photon,"Dallas, TX, USA",38000.0,133000.0,USD,,,2026-01-09T07:13:55+00:00,2026-01-09T07:13:55+00:00,false,,onsite,full_time,senior,,,,simplify,https://simplify.jobs/p/5ee2b516-f94e-4092-9078-4498e12653a5,,simplify,"[{""site"": ""simplify"", ""url"": ""https://simplify.jobs/p/5ee2b516-f94e-4092-9078-4498e12653a5""}]",[],[],"{""location"": [""Dallas, TX, USA""]}",{},"{""location"": ""array_field""}",{}
https://simplify.jobs/p/f5979ae7-8407-411a-b51a-99eda5bef62a,WordPress Front-End Developer / Engineer,Integrity Web Consulting,"Remote; University City, MO, USA",,,,,,2026-09-04T07:24:02+00:00,2026-02-24T07:10:59+00:00,false,,remote,full_time,mid,,,,simplify,https://simplify.jobs/p/f5979ae7-8407-411a-b51a-99eda5bef62a,,simplify,"[{""site"": ""simplify"", ""url"": ""https://simplify.jobs/p/f5979ae7-8407-411a-b51a-99eda5bef62a""}]",[],[],"{""location"": [""Remote; University City, MO, USA""]}",{},"{""location"": ""array_field""}",{}
https://simplify.jobs/p/9fe5153b-73c2-4ba6-b0c8-90dd9985b91c,Frontend Developer - Nuxt.js+Vue3,Photon,India,,,,,,2026-09-03T18:27:21+00:00,2026-05-15T09:04:49+00:00,false,,onsite,full_time,mid,,,,simplify,https://simplify.jobs/p/9fe5153b-73c2-4ba6-b0c8-90dd9985b91c,,simplify,"[{""site"": ""simplify"", ""url"": ""https://simplify.jobs/p/9fe5153b-73c2-4ba6-b0c8-90dd9985b91c""}]",[],[],"{""location"": [""India""]}",{},"{""location"": ""array_field""}",{}
https://simplify.jobs/p/5d9e022b-0bc3-4861-8de7-d25981a8501a,Frontend Developer Intern - Modernize a Frontend Application,OCTO Technology,"Île-de-France, France",,,,,,2026-09-03T04:45:04+00:00,2026-08-31T19:13:22+00:00,true,,hybrid,internship,intern,,,,simplify,https://simplify.jobs/p/5d9e022b-0bc3-4861-8de7-d25981a8501a,,simplify,"[{""site"": ""simplify"", ""url"": ""https://simplify.jobs/p/5d9e022b-0bc3-4861-8de7-d25981a8501a""}]",[],[],"{""location"": [""Île-de-France, France""]}",{},"{""location"": ""array_field""}",{}
https://simplify.jobs/p/87124499-b645-495c-aa58-6cf60c8a3598,Senior Frontend Engineer - Jtx,Jito Labs,Remote; Remote in USA,175000.0,195000.0,USD,,,2026-09-04T13:30:01+00:00,2026-07-29T14:08:46+00:00,false,,remote,full_time,senior,,,,simplify,https://simplify.jobs/p/87124499-b645-495c-aa58-6cf60c8a3598,,simplify,"[{""site"": ""simplify"", ""url"": ""https://simplify.jobs/p/87124499-b645-495c-aa58-6cf60c8a3598""}]",[],[],"{""location"": [""Remote; Remote in USA""]}",{},"{""location"": ""array_field""}",{}
https://simplify.jobs/p/871db6c8-23f4-489d-bb22-3a37ceff663c,Lead Software Engineer Frontend,4flow,"Bengaluru, Karnataka, India",,,,,,2026-09-03T16:57:18+00:00,2026-07-28T00:00:00+00:00,false,,hybrid,full_time,senior,,,,simplify,https://simplify.jobs/p/871db6c8-23f4-489d-bb22-3a37ceff663c,,simplify,"[{""site"": ""simplify"", ""url"": ""https://simplify.jobs/p/871db6c8-23f4-489d-bb22-3a37ceff663c""}]",[],[],"{""location"": [""Bengaluru, Karnataka, India""]}",{},"{""location"": ""array_field""}",{}
https://simplify.jobs/p/9e3e049a-06f6-4ce3-a9cf-ba263b41264b,Senior Frontend Engineer,Netwealth,"Melbourne VIC, Australia",,,,,,2026-09-14T06:22:39+00:00,2026-09-14T06:20:29+00:00,false,,hybrid,full_time,senior,,,,simplify,https://simplify.jobs/p/9e3e049a-06f6-4ce3-a9cf-ba263b41264b,,simplify,"[{""site"": ""simplify"", ""url"": ""https://simplify.jobs/p/9e3e049a-06f6-4ce3-a9cf-ba263b41264b""}]",[],[],"{""location"": [""Melbourne VIC, Australia""]}",{},"{""location"": ""array_field""}",{}
https://simplify.jobs/p/80066f81-47ea-437f-a896-92b13567db53,Frontend Engineer,Lead Allies,"New York, NY, USA",,,,,,2026-09-04T09:15:01+00:00,2026-07-07T09:10:09+00:00,false,,onsite,full_time,mid | senior,,,,simplify,https://simplify.jobs/p/80066f81-47ea-437f-a896-92b13567db53,,simplify,"[{""site"": ""simplify"", ""url"": ""https://simplify.jobs/p/80066f81-47ea-437f-a896-92b13567db53""}]",[],[],"{""location"": [""New York, NY, USA""]}",{},"{""location"": ""array_field""}",{}
https://simplify.jobs/p/0200c319-1bfb-41ad-925f-08c7b3091971,Software Development Engineer 2 - Frontend,Sigmoid,"Bengaluru, Karnataka, India",,,,,,2026-09-25T09:54:08+00:00,2026-09-25T09:46:00+00:00,false,,onsite,full_time,mid | senior,,,,simplify,https://simplify.jobs/p/0200c319-1bfb-41ad-925f-08c7b3091971,,simplify,"[{""site"": ""simplify"", ""url"": ""https://simplify.jobs/p/0200c319-1bfb-41ad-925f-08c7b3091971""}]",[],[],"{""location"": [""Bengaluru, Karnataka, India""]}",{},"{""location"": ""array_field""}",{}
https://simplify.jobs/p/ac79199a-573f-4e4b-896b-4fe9735afe1e,Staff Frontend Software Engineer - Payments and Checkout,Breeze Labs Payments,"New York, NY, USA",,,,,,2026-09-04T22:27:01+00:00,2026-04-13T22:09:37+00:00,false,,hybrid,full_time,senior,,,,simplify,https://simplify.jobs/p/ac79199a-573f-4e4b-896b-4fe9735afe1e,,simplify,"[{""site"": ""simplify"", ""url"": ""https://simplify.jobs/p/ac79199a-573f-4e4b-896b-4fe9735afe1e""}]",[],[],"{""location"": [""New York, NY, USA""]}",{},"{""location"": ""array_field""}",{}
https://simplify.jobs/p/3d66251c-9250-4848-885b-e8dd09b319b5,Staff Frontend Engineer,Trading212,"London, UK",,,,,,2026-09-04T12:54:01+00:00,2026-08-26T00:25:17+00:00,false,,hybrid,full_time,senior,,,,simplify,https://simplify.jobs/p/3d66251c-9250-4848-885b-e8dd09b319b5,,simplify,"[{""site"": ""simplify"", ""url"": ""https://simplify.jobs/p/3d66251c-9250-4848-885b-e8dd09b319b5""}]",[],[],"{""location"": [""London, UK""]}",{},"{""location"": ""array_field""}",{}
https://simplify.jobs/p/63c24105-f2a1-4176-bbea-968bf5c65e06,Senior Front-End Software Engineer - Front-End,Speechmatics,"Cambridge, UK",,,,,,2026-09-25T14:33:18+00:00,2026-09-25T14:31:05+00:00,false,,hybrid,full_time,senior,,,,simplify,https://simplify.jobs/p/63c24105-f2a1-4176-bbea-968bf5c65e06,,simplify,"[{""site"": ""simplify"", ""url"": ""https://simplify.jobs/p/63c24105-f2a1-4176-bbea-968bf5c65e06""}]",[],[],"{""location"": [""Cambridge, UK""]}",{},"{""location"": ""array_field""}",{}
https://simplify.jobs/p/7d7b723d-70dc-4188-9dc7-03217d7298f0,Frontend Engineer - Platform and Web,Vergent LMS,"Ridgeland, MS, USA",,,,,,2026-10-02T10:54:01+00:00,2026-09-30T22:19:23+00:00,false,,hybrid,full_time,mid,,,,simplify,https://simplify.jobs/p/7d7b723d-70dc-4188-9dc7-03217d7298f0,,simplify,"[{""site"": ""simplify"", ""url"": ""https://simplify.jobs/p/7d7b723d-70dc-4188-9dc7-03217d7298f0""}]",[],[],"{""location"": [""Ridgeland, MS, USA""]}",{},"{""location"": ""array_field""}",{}
https://simplify.jobs/p/a7f3dade-491b-4d7c-a229-cdc397a3626e,Front-End Developer - Reporting Tool Suite Sustainment,Belay Technologies,"Annapolis Junction, MD, USA",190000.0,240000.0,USD,,,2026-09-04T12:09:01+00:00,2026-08-18T22:55:07+00:00,false,,onsite,full_time,senior,,,,simplify,https://simplify.jobs/p/a7f3dade-491b-4d7c-a229-cdc397a3626e,,simplify,"[{""site"": ""simplify"", ""url"": ""https://simplify.jobs/p/a7f3dade-491b-4d7c-a229-cdc397a3626e""}]",[],[],"{""location"": [""Annapolis Junction, MD, USA""]}",{},"{""location"": ""array_field""}",{}
https://simplify.jobs/p/df66f68a-98c7-47f9-ab6f-a9bc83d7fd75,Senior Software Engineer - Frontend Focus,KINEXON,"Munich, Germany",,,,,,2026-09-03T19:51:22+00:00,2026-07-21T14:40:32+00:00,false,,hybrid,full_time,senior,,,,simplify,https://simplify.jobs/p/df66f68a-98c7-47f9-ab6f-a9bc83d7fd75,,simplify,"[{""site"": ""simplify"", ""url"": ""https://simplify.jobs/p/df66f68a-98c7-47f9-ab6f-a9bc83d7fd75""}]",[],[],"{""location"": [""Munich, Germany""]}",{},"{""location"": ""array_field""}",{}
https://simplify.jobs/p/c28e3d9b-1bfe-41a7-b104-e89ba7e95cc9,Frontend Software Engineer,Amplemarket,Remote; Remote in USA,,,,,,2026-09-03T18:09:19+00:00,2026-03-27T01:13:42+00:00,false,,remote,full_time,mid,,,,simplify,https://simplify.jobs/p/c28e3d9b-1bfe-41a7-b104-e89ba7e95cc9,,simplify,"[{""site"": ""simplify"", ""url"": ""https://simplify.jobs/p/c28e3d9b-1bfe-41a7-b104-e89ba7e95cc9""}]",[],[],"{""location"": [""Remote; Remote in USA""]}",{},"{""location"": ""array_field""}",{}
https://simplify.jobs/p/23b9adf7-ec09-4c3d-8f23-b09ae5c41a3e,Senior Software Engineer in AI - Frontend React/Redux - Java,Five9,"Bengaluru, Karnataka, India",,,,,,2026-09-29T10:02:09+00:00,2026-09-03T14:15:03+00:00,false,,hybrid,full_time,senior,,,,simplify,https://simplify.jobs/p/23b9adf7-ec09-4c3d-8f23-b09ae5c41a3e,,simplify,"[{""site"": ""simplify"", ""url"": ""https://simplify.jobs/p/23b9adf7-ec09-4c3d-8f23-b09ae5c41a3e""}]",[],[],"{""location"": [""Bengaluru, Karnataka, India""]}",{},"{""location"": ""array_field""}",{}
https://simplify.jobs/p/d8153fdc-84f8-48b0-9888-74bc6a4a5dc8,Frontend Engineer - Angular,RE Partners Consulting LLC,Remote; Remote in USA,120000.0,170000.0,USD,,,2026-10-02T11:16:01+00:00,2026-09-30T14:18:55+00:00,false,,remote,full_time,mid,,,,simplify,https://simplify.jobs/p/d8153fdc-84f8-48b0-9888-74bc6a4a5dc8,,simplify,"[{""site"": ""simplify"", ""url"": ""https://simplify.jobs/p/d8153fdc-84f8-48b0-9888-74bc6a4a5dc8""}]",[],[],"{""location"": [""Remote; Remote in USA""]}",{},"{""location"": ""array_field""}",{}
https://simplify.jobs/p/0ee42b3d-ad55-4b82-8372-5336b8abf8e3,Senior Software Engineer - Frontend - Consumer - Payments,Coinbase,Remote in USA,186065.0,218900.0,USD,,,2026-09-03T03:00:21+00:00,2026-06-25T22:26:45+00:00,false,,hybrid,full_time,senior,,,,simplify,https://simplify.jobs/p/0ee42b3d-ad55-4b82-8372-5336b8abf8e3,,simplify,"[{""site"": ""simplify"", ""url"": ""https://simplify.jobs/p/0ee42b3d-ad55-4b82-8372-5336b8abf8e3""}]",[],[],"{""location"": [""Remote in USA""]}",{},"{""location"": ""array_field""}",{}
https://simplify.jobs/p/64125204-bd49-4a0a-858b-eebab7cac1dc,Software Engineer - Frontend,Serval,"San Francisco, CA, USA",200000.0,325000.0,USD,,,2026-09-03T17:54:20+00:00,2026-03-02T07:08:55+00:00,false,,onsite,full_time,mid | senior,,,,simplify,https://simplify.jobs/p/64125204-bd49-4a0a-858b-eebab7cac1dc,,simplify,"[{""site"": ""simplify"", ""url"": ""https://simplify.jobs/p/64125204-bd49-4a0a-858b-eebab7cac1dc""}]",[],[],"{""location"": [""San Francisco, CA, USA""]}",{},"{""location"": ""array_field""}",{}
https://simplify.jobs/p/5e0c9341-41ac-40f4-ab3a-85f449f1ca62,Senior Front-End Developer React / Next.js,SQLI,"Levallois-Perret, France",,,,,,2026-09-04T01:57:21+00:00,2026-08-12T01:06:59+00:00,false,,hybrid,full_time,senior,,,,simplify,https://simplify.jobs/p/5e0c9341-41ac-40f4-ab3a-85f449f1ca62,,simplify,"[{""site"": ""simplify"", ""url"": ""https://simplify.jobs/p/5e0c9341-41ac-40f4-ab3a-85f449f1ca62""}]",[],[],"{""location"": [""Levallois-Perret, France""]}",{},"{""location"": ""array_field""}",{}
https://simplify.jobs/p/3e97eb5e-ac30-40c3-acf3-a3e1ec03072d,Senior Frontend Engineer,Numos,"San Francisco, CA, USA",,,,,,2026-09-04T09:42:02+00:00,2026-07-21T01:15:24+00:00,false,,onsite,full_time,mid | senior,,,,simplify,https://simplify.jobs/p/3e97eb5e-ac30-40c3-acf3-a3e1ec03072d,,simplify,"[{""site"": ""simplify"", ""url"": ""https://simplify.jobs/p/3e97eb5e-ac30-40c3-acf3-a3e1ec03072d""}]",[],[],"{""location"": [""San Francisco, CA, USA""]}",{},"{""location"": ""array_field""}",{}
https://simplify.jobs/p/32290ab1-4a36-466b-ad69-61368fb6f563,Product Design + Frontend Engineer,LatchBio,"San Francisco, CA, USA; United States",160000.0,200000.0,USD,,,2026-09-03T05:27:07+00:00,2026-08-29T00:44:52+00:00,false,,hybrid,full_time,mid,,,,simplify,https://simplify.jobs/p/32290ab1-4a36-466b-ad69-61368fb6f563,,simplify,"[{""site"": ""simplify"", ""url"": ""https://simplify.jobs/p/32290ab1-4a36-466b-ad69-61368fb6f563""}]",[],[],"{""location"": [""San Francisco, CA, USA; United States""]}",{},"{""location"": ""array_field""}",{}
https://simplify.jobs/p/80ace129-c62e-4c12-99c8-461e4b4ade24,Frontend Engineer,BJAK,"London, UK",,,,,,2026-09-10T01:28:18+00:00,2026-09-10T01:24:47+00:00,false,,hybrid,full_time,mid,,,,simplify,https://simplify.jobs/p/80ace129-c62e-4c12-99c8-461e4b4ade24,,simplify,"[{""site"": ""simplify"", ""url"": ""https://simplify.jobs/p/80ace129-c62e-4c12-99c8-461e4b4ade24""}]",[],[],"{""location"": [""London, UK""]}",{},"{""location"": ""array_field""}",{}
https://simplify.jobs/p/42e91b8c-643c-4fce-816a-5b1b904f74dd,Frontend Engineer,Clarify,"Seattle, WA, USA; San Francisco, CA, USA",150000.0,215000.0,USD,,,2026-09-04T09:42:02+00:00,2026-07-21T01:15:55+00:00,false,,hybrid,full_time,senior,,,,simplify,https://simplify.jobs/p/42e91b8c-643c-4fce-816a-5b1b904f74dd,,simplify,"[{""site"": ""simplify"", ""url"": ""https://simplify.jobs/p/42e91b8c-643c-4fce-816a-5b1b904f74dd""}]",[],[],"{""location"": [""Seattle, WA, USA; San Francisco, CA, USA""]}",{},"{""location"": ""array_field""}",{}
https://simplify.jobs/p/498880de-34bc-4e21-9e95-48e8d1cb27ea,Java Front-End Engineer,Jobsbridge,"San Francisco, CA, USA",,,,,,2026-09-04T07:24:02+00:00,2026-02-24T07:17:49+00:00,false,,onsite,full_time,senior,,,,simplify,https://simplify.jobs/p/498880de-34bc-4e21-9e95-48e8d1cb27ea,,simplify,"[{""site"": ""simplify"", ""url"": ""https://simplify.jobs/p/498880de-34bc-4e21-9e95-48e8d1cb27ea""}]",[],[],"{""location"": [""San Francisco, CA, USA""]}",{},"{""location"": ""array_field""}",{}
https://simplify.jobs/p/16b79cc3-7c0a-464a-9d23-1776d991240a,Frontend Engineer,Accenture,"Kochi, Kerala, India",,,,,,2026-09-19T01:20:23+00:00,2026-09-18T00:00:00+00:00,false,,onsite,full_time,junior,,,,simplify,https://simplify.jobs/p/16b79cc3-7c0a-464a-9d23-1776d991240a,,simplify,"[{""site"": ""simplify"", ""url"": ""https://simplify.jobs/p/16b79cc3-7c0a-464a-9d23-1776d991240a""}]",[],[],"{""location"": [""Kochi, Kerala, India""]}",{},"{""location"": ""array_field""}",{}
https://simplify.jobs/p/74ad7876-46e8-4a39-a5e2-f8bbf7994d5c,Frontend Developer,Ollang,"Remote; Sarıyer/İstanbul, Türkiye",,,,,,2026-09-04T12:09:01+00:00,2026-08-18T01:13:37+00:00,false,,remote,full_time,junior,,,,simplify,https://simplify.jobs/p/74ad7876-46e8-4a39-a5e2-f8bbf7994d5c,,simplify,"[{""site"": ""simplify"", ""url"": ""https://simplify.jobs/p/74ad7876-46e8-4a39-a5e2-f8bbf7994d5c""}]",[],[],"{""location"": [""Remote; Sarıyer/İstanbul, Türkiye""]}",{},"{""location"": ""array_field""}",{}
https://simplify.jobs/p/3b5d180d-bddc-4984-87e8-66d4965ca1ed,Software Engineer - Frontend,Kalshi,"New York, NY, USA",150000.0,220000.0,USD,,,2026-09-03T17:09:30+00:00,2026-06-22T22:19:28+00:00,false,,onsite,full_time,senior,,,,simplify,https://simplify.jobs/p/3b5d180d-bddc-4984-87e8-66d4965ca1ed,,simplify,"[{""site"": ""simplify"", ""url"": ""https://simplify.jobs/p/3b5d180d-bddc-4984-87e8-66d4965ca1ed""}]",[],[],"{""location"": [""New York, NY, USA""]}",{},"{""location"": ""array_field""}",{}
https://simplify.jobs/p/64c3bada-d278-43eb-bd86-bf014eff761d,Frontend Software Engineer,Kepler,"New York, NY, USA",200000.0,280000.0,USD,,,2026-09-03T20:21:27+00:00,2026-07-21T01:14:41+00:00,false,,onsite,full_time,senior,,,,simplify,https://simplify.jobs/p/64c3bada-d278-43eb-bd86-bf014eff761d,,simplify,"[{""site"": ""simplify"", ""url"": ""https://simplify.jobs/p/64c3bada-d278-43eb-bd86-bf014eff761d""}]",[],[],"{""location"": [""New York, NY, USA""]}",{},"{""location"": ""array_field""}",{}
https://simplify.jobs/p/5a6b4ff1-28ea-4ea2-ad3f-817e15ef03e3,Senior Frontend Developer - React,Bitlane,"Remote; Berlin, Germany",,,,,,2026-09-04T12:09:01+00:00,2026-08-18T01:13:52+00:00,false,,remote,full_time,mid,,,,simplify,https://simplify.jobs/p/5a6b4ff1-28ea-4ea2-ad3f-817e15ef03e3,,simplify,"[{""site"": ""simplify"", ""url"": ""https://simplify.jobs/p/5a6b4ff1-28ea-4ea2-ad3f-817e15ef03e3""}]",[],[],"{""location"": [""Remote; Berlin, Germany""]}",{},"{""location"": ""array_field""}",{}
https://simplify.jobs/p/525cfb34-7b50-4b05-824a-66a4412dcc7a,Frontend Engineer,Writesonic,Remote; Remote in India,,,,,,2026-09-04T01:18:24+00:00,2026-08-08T01:18:08+00:00,false,,remote,full_time,mid,,,,simplify,https://simplify.jobs/p/525cfb34-7b50-4b05-824a-66a4412dcc7a,,simplify,"[{""site"": ""simplify"", ""url"": ""https://simplify.jobs/p/525cfb34-7b50-4b05-824a-66a4412dcc7a""}]",[],[],"{""location"": [""Remote; Remote in India""]}",{},"{""location"": ""array_field""}",{}
https://simplify.jobs/p/2e97e5f6-89d0-42e5-b9be-a4458f7d19b6,Software Engineer - Frontend,Gridline,"Atlanta, GA, USA",150000.0,175000.0,USD,,,2026-09-30T08:57:01+00:00,2026-09-28T22:17:25+00:00,false,,hybrid,full_time,mid,,,,simplify,https://simplify.jobs/p/2e97e5f6-89d0-42e5-b9be-a4458f7d19b6,,simplify,"[{""site"": ""simplify"", ""url"": ""https://simplify.jobs/p/2e97e5f6-89d0-42e5-b9be-a4458f7d19b6""}]",[],[],"{""location"": [""Atlanta, GA, USA""]}",{},"{""location"": ""array_field""}",{}
https://simplify.jobs/p/5c0262f6-3ae6-408d-a414-17b03c5ce808,Front-End Developer - Java/Quarkus/HTML/CSS/JavaScript/Oracle/AWS,Captivation,"Annapolis Junction, MD, USA",130000.0,270000.0,USD,,,2026-09-17T01:14:23+00:00,2026-09-17T01:08:47+00:00,false,,onsite,full_time,mid | senior,,,,simplify,https://simplify.jobs/p/5c0262f6-3ae6-408d-a414-17b03c5ce808,,simplify,"[{""site"": ""simplify"", ""url"": ""https://simplify.jobs/p/5c0262f6-3ae6-408d-a414-17b03c5ce808""}]",[],[],"{""location"": [""Annapolis Junction, MD, USA""]}",{},"{""location"": ""array_field""}",{}
https://simplify.jobs/p/49ca0720-fb71-4f28-a1a2-1c161bc953d5,Senior Frontend Software Engineer,Affirm,Remote; Remote in USA,173000.0,255000.0,USD,,,2026-09-11T23:59:39+00:00,2026-09-11T01:03:00+00:00,false,,remote,full_time,mid,,,,simplify,https://simplify.jobs/p/49ca0720-fb71-4f28-a1a2-1c161bc953d5,,simplify,"[{""site"": ""simplify"", ""url"": ""https://simplify.jobs/p/49ca0720-fb71-4f28-a1a2-1c161bc953d5""}]",[],[],"{""location"": [""Remote; Remote in USA""]}",{},"{""location"": ""array_field""}",{}
https://simplify.jobs/p/ac8c5837-bc09-4fc6-9eb5-c89578d82533,Senior Software Engineer - Frontend,Litmus,"Pune, Maharashtra, India",,,,,,2026-10-01T22:33:33+00:00,2026-10-01T22:25:05+00:00,false,,onsite,full_time,senior,,,,simplify,https://simplify.jobs/p/ac8c5837-bc09-4fc6-9eb5-c89578d82533,,simplify,"[{""site"": ""simplify"", ""url"": ""https://simplify.jobs/p/ac8c5837-bc09-4fc6-9eb5-c89578d82533""}]",[],[],"{""location"": [""Pune, Maharashtra, India""]}",{},"{""location"": ""array_field""}",{}
https://simplify.jobs/p/6a0a8fb8-b46a-49fc-8eb1-71c821d9dc94,Frontend Software Engineer,Anduril,"Costa Mesa, CA, USA",129000.0,220000.0,USD,,,2026-09-04T08:42:09+00:00,2026-06-30T01:21:48+00:00,false,,onsite,full_time,mid,,,,simplify,https://simplify.jobs/p/6a0a8fb8-b46a-49fc-8eb1-71c821d9dc94,,simplify,"[{""site"": ""simplify"", ""url"": ""https://simplify.jobs/p/6a0a8fb8-b46a-49fc-8eb1-71c821d9dc94""}]",[],[],"{""location"": [""Costa Mesa, CA, USA""]}",{},"{""location"": ""array_field""}",{}
https://simplify.jobs/p/1e5b1b78-7bfa-4113-8b2b-da611d7db19d,Associate Principal Engineer - Frontend Angular,Nagarro,Remote; Remote in India,,,,,,2026-09-04T06:57:01+00:00,2025-12-16T16:16:01+00:00,false,,remote,full_time,,,,,simplify,https://simplify.jobs/p/1e5b1b78-7bfa-4113-8b2b-da611d7db19d,,simplify,"[{""site"": ""simplify"", ""url"": ""https://simplify.jobs/p/1e5b1b78-7bfa-4113-8b2b-da611d7db19d""}]",[],[],"{""location"": [""Remote; Remote in India""]}",{},"{""location"": ""array_field""}",{}
https://simplify.jobs/p/251d886e-6c0b-4987-88f0-3d99884a2c5c,Frontend Software Engineer Project Intern - Corporate Service System - BS/MS,ByteDance,Dubai - United Arab Emirates,,,,,,2025-11-13T17:47:52+00:00,2025-11-13T17:47:52+00:00,true,,onsite,internship,intern,,,,simplify,https://simplify.jobs/p/251d886e-6c0b-4987-88f0-3d99884a2c5c,,simplify,"[{""site"": ""simplify"", ""url"": ""https://simplify.jobs/p/251d886e-6c0b-4987-88f0-3d99884a2c5c""}]",[],[],"{""location"": [""Dubai - United Arab Emirates""]}",{},"{""location"": ""array_field""}",{}
https://simplify.jobs/p/c3a7e4d0-21de-4fa6-9ecc-bdc37ac5af11,Frontend Software Engineer,NetBird,"Remote in Germany; Berlin, Germany",,,,,,2026-09-04T08:27:01+00:00,2026-06-26T14:07:32+00:00,false,,hybrid,full_time,mid,,,,simplify,https://simplify.jobs/p/c3a7e4d0-21de-4fa6-9ecc-bdc37ac5af11,,simplify,"[{""site"": ""simplify"", ""url"": ""https://simplify.jobs/p/c3a7e4d0-21de-4fa6-9ecc-bdc37ac5af11""}]",[],[],"{""location"": [""Remote in Germany; Berlin, Germany""]}",{},"{""location"": ""array_field""}",{}
https://simplify.jobs/p/34e76e82-58f7-4c5b-8a19-a4775af7ebf0,Frontend Developer,Sensor Tower,"London, UK",,,,,,2026-09-15T08:45:33+00:00,2026-07-15T09:11:37+00:00,false,,hybrid,full_time,mid | senior,,,,simplify,https://simplify.jobs/p/34e76e82-58f7-4c5b-8a19-a4775af7ebf0,,simplify,"[{""site"": ""simplify"", ""url"": ""https://simplify.jobs/p/34e76e82-58f7-4c5b-8a19-a4775af7ebf0""}]",[],[],"{""location"": [""London, UK""]}",{},"{""location"": ""array_field""}",{}
https://simplify.jobs/p/34ff3019-dddf-45f3-8e01-8f6f0bc7035f,Software Engineer - Frontend - Agentic AI,SIFT,"San Francisco, CA, USA; Marina Del Rey, CA, USA",160000.0,200000.0,USD,,,2026-09-03T16:57:18+00:00,2026-07-27T22:24:11+00:00,false,,hybrid,full_time,mid,,,,simplify,https://simplify.jobs/p/34ff3019-dddf-45f3-8e01-8f6f0bc7035f,,simplify,"[{""site"": ""simplify"", ""url"": ""https://simplify.jobs/p/34ff3019-dddf-45f3-8e01-8f6f0bc7035f""}]",[],[],"{""location"": [""San Francisco, CA, USA; Marina Del Rey, CA, USA""]}",{},"{""location"": ""array_field""}",{}
https://simplify.jobs/p/05119ffe-dba1-44b9-93c8-b9396df3956b,UI/UX & Frontend Developer,Cayuse Holdings,"Washington, DC, USA",155000.0,163000.0,USD,,,2026-09-23T22:06:01+00:00,2026-09-23T22:05:13+00:00,false,,onsite,full_time,senior,,,,simplify,https://simplify.jobs/p/05119ffe-dba1-44b9-93c8-b9396df3956b,,simplify,"[{""site"": ""simplify"", ""url"": ""https://simplify.jobs/p/05119ffe-dba1-44b9-93c8-b9396df3956b""}]",[],[],"{""location"": [""Washington, DC, USA""]}",{},"{""location"": ""array_field""}",{}
https://simplify.jobs/p/0336f454-7402-4052-ae93-7276938510cc,Junior Front-End Engineer,Striveworks,"Austin, TX, USA",100000.0,130000.0,USD,,,2026-10-01T22:15:11+00:00,2026-09-22T22:19:36+00:00,false,,hybrid,full_time,junior,,,,simplify,https://simplify.jobs/p/0336f454-7402-4052-ae93-7276938510cc,,simplify,"[{""site"": ""simplify"", ""url"": ""https://simplify.jobs/p/0336f454-7402-4052-ae93-7276938510cc""}]",[],[],"{""location"": [""Austin, TX, USA""]}",{},"{""location"": ""array_field""}",{}
https://simplify.jobs/p/79c4d586-d69b-4883-b861-d3d15d9f549a,Senior Frontend Software Engineer - Business Intelligence Team,Zotec Partners,"Carmel, IN, USA",,,,,,2026-10-02T10:45:01+00:00,2026-09-10T14:47:27+00:00,false,,onsite,full_time,senior,,,,simplify,https://simplify.jobs/p/79c4d586-d69b-4883-b861-d3d15d9f549a,,simplify,"[{""site"": ""simplify"", ""url"": ""https://simplify.jobs/p/79c4d586-d69b-4883-b861-d3d15d9f549a""}]",[],[],"{""location"": [""Carmel, IN, USA""]}",{},"{""location"": ""array_field""}",{}
https://simplify.jobs/p/5cd02bbb-4f1e-49d8-a75c-44f5f6e2e968,Frontend Engineer Intern - Ads Interface,TikTok,"San Jose, CA, USA",45.0,60.0,USD,,,2026-09-04T01:03:21+00:00,2026-08-07T22:19:25+00:00,true,,onsite,internship,intern,,,,simplify,https://simplify.jobs/p/5cd02bbb-4f1e-49d8-a75c-44f5f6e2e968,,simplify,"[{""site"": ""simplify"", ""url"": ""https://simplify.jobs/p/5cd02bbb-4f1e-49d8-a75c-44f5f6e2e968""}]",[],[],"{""location"": [""San Jose, CA, USA""]}",{},"{""location"": ""array_field""}",{}
https://simplify.jobs/p/17cc7dff-d73e-40da-9919-10a510cbc9ae,Senior Frontend Engineer - Engineering Productivity Systems,Avride,"Austin, TX, USA",,,,,,2026-09-04T08:42:09+00:00,2026-06-29T22:37:09+00:00,false,,onsite,full_time,mid | senior,,,,simplify,https://simplify.jobs/p/17cc7dff-d73e-40da-9919-10a510cbc9ae,,simplify,"[{""site"": ""simplify"", ""url"": ""https://simplify.jobs/p/17cc7dff-d73e-40da-9919-10a510cbc9ae""}]",[],[],"{""location"": [""Austin, TX, USA""]}",{},"{""location"": ""array_field""}",{}
https://simplify.jobs/p/35afad60-38d9-4310-a365-61e5de17fafa,Senior Frontend Engineer - Ads Creative,Reddit,Remote; Remote in USA,190800.0,267100.0,USD,,,2026-09-04T13:18:01+00:00,2026-09-03T02:42:43+00:00,false,,remote,full_time,senior,,,,simplify,https://simplify.jobs/p/35afad60-38d9-4310-a365-61e5de17fafa,,simplify,"[{""site"": ""simplify"", ""url"": ""https://simplify.jobs/p/35afad60-38d9-4310-a365-61e5de17fafa""}]",[],[],"{""location"": [""Remote; Remote in USA""]}",{},"{""location"": ""array_field""}",{}
https://simplify.jobs/p/1c81a28a-2a77-4333-acb0-68b3c2eefbec,Senior Software Engineer - Frontend,Harvey,"Toronto, ON, Canada",164000.0,225000.0,CAD,,,2026-10-02T10:06:01+00:00,2026-06-12T01:10:07+00:00,false,,hybrid,full_time,mid | senior,,,,simplify,https://simplify.jobs/p/1c81a28a-2a77-4333-acb0-68b3c2eefbec,,simplify,"[{""site"": ""simplify"", ""url"": ""https://simplify.jobs/p/1c81a28a-2a77-4333-acb0-68b3c2eefbec""}]",[],[],"{""location"": [""Toronto, ON, Canada""]}",{},"{""location"": ""array_field""}",{}
https://simplify.jobs/p/311bd287-251e-4883-9bab-93175f3f9add,Frontend Engineer,Halliday,"San Francisco, CA, USA; New York, NY, USA",150000.0,190000.0,USD,,,2026-09-04T13:18:01+00:00,2025-10-18T03:21:45+00:00,false,,hybrid,full_time,junior,,,,simplify,https://simplify.jobs/p/311bd287-251e-4883-9bab-93175f3f9add,,simplify,"[{""site"": ""simplify"", ""url"": ""https://simplify.jobs/p/311bd287-251e-4883-9bab-93175f3f9add""}]",[],[],"{""location"": [""San Francisco, CA, USA; New York, NY, USA""]}",{},"{""location"": ""array_field""}",{}
https://simplify.jobs/p/89b8b423-04ea-4ada-85db-1a232a5d05ea,Frontend Engineer - App,Edison Scientific,"San Francisco, CA, USA; New York, NY, USA",175000.0,240000.0,USD,,,2026-09-29T10:48:01+00:00,2026-09-04T22:44:43+00:00,false,,onsite,full_time,mid,,,,simplify,https://simplify.jobs/p/89b8b423-04ea-4ada-85db-1a232a5d05ea,,simplify,"[{""site"": ""simplify"", ""url"": ""https://simplify.jobs/p/89b8b423-04ea-4ada-85db-1a232a5d05ea""}]",[],[],"{""location"": [""San Francisco, CA, USA; New York, NY, USA""]}",{},"{""location"": ""array_field""}",{}
https://simplify.jobs/p/038117e9-a676-412c-864d-3f516e41603a,Staff Engineer - Frontend React,Nagarro,"Bengaluru, Karnataka, India",,,,,,2026-09-03T17:09:30+00:00,2026-06-22T14:03:31+00:00,false,,onsite,full_time,senior,,,,simplify,https://simplify.jobs/p/038117e9-a676-412c-864d-3f516e41603a,,simplify,"[{""site"": ""simplify"", ""url"": ""https://simplify.jobs/p/038117e9-a676-412c-864d-3f516e41603a""}]",[],[],"{""location"": [""Bengaluru, Karnataka, India""]}",{},"{""location"": ""array_field""}",{}
https://simplify.jobs/p/46e2b323-ad20-4053-9756-16f4bc444a53,Junior Frontend Developer - Gaming Portals,Lottomatica,"Rome, Metropolitan City of Rome Capital, Italy",28000.0,33000.0,EUR,,,2026-09-07T16:39:50+00:00,2026-09-07T00:00:00+00:00,false,,hybrid,full_time,junior,,,,simplify,https://simplify.jobs/p/46e2b323-ad20-4053-9756-16f4bc444a53,,simplify,"[{""site"": ""simplify"", ""url"": ""https://simplify.jobs/p/46e2b323-ad20-4053-9756-16f4bc444a53""}]",[],[],"{""location"": [""Rome, Metropolitan City of Rome Capital, Italy""]}",{},"{""location"": ""array_field""}",{}
https://simplify.jobs/p/db894db3-f0ec-4d30-9a74-12bff5188ae7,Junior Frontend Developer,Capgemini,"Atlanta, GA, USA",43984.0,105600.0,USD,,,2026-09-25T06:21:01+00:00,2026-09-10T22:14:51+00:00,false,,onsite,full_time,junior,,,,simplify,https://simplify.jobs/p/db894db3-f0ec-4d30-9a74-12bff5188ae7,,simplify,"[{""site"": ""simplify"", ""url"": ""https://simplify.jobs/p/db894db3-f0ec-4d30-9a74-12bff5188ae7""}]",[],[],"{""location"": [""Atlanta, GA, USA""]}",{},"{""location"": ""array_field""}",{}
https://simplify.jobs/p/937fb6e2-db1a-4e0d-aa25-91da69e1b4e1,Senior Frontend Engineer,Handshake,"San Francisco, CA, USA; New York, NY, USA",205000.0,300000.0,USD,,,2026-09-04T08:42:09+00:00,2026-06-30T01:08:39+00:00,false,,onsite,full_time,senior,,,,simplify,https://simplify.jobs/p/937fb6e2-db1a-4e0d-aa25-91da69e1b4e1,,simplify,"[{""site"": ""simplify"", ""url"": ""https://simplify.jobs/p/937fb6e2-db1a-4e0d-aa25-91da69e1b4e1""}]",[],[],"{""location"": [""San Francisco, CA, USA; New York, NY, USA""]}",{},"{""location"": ""array_field""}",{}
https://simplify.jobs/p/b1ab7750-799f-4529-be56-5d754db3417c,Frontend Product Engineer,Tacit,"San Francisco, CA, USA",160000.0,210000.0,USD,,,2026-09-04T12:21:02+00:00,2026-08-18T23:00:54+00:00,false,,onsite,full_time,senior,,,,simplify,https://simplify.jobs/p/b1ab7750-799f-4529-be56-5d754db3417c,,simplify,"[{""site"": ""simplify"", ""url"": ""https://simplify.jobs/p/b1ab7750-799f-4529-be56-5d754db3417c""}]",[],[],"{""location"": [""San Francisco, CA, USA""]}",{},"{""location"": ""array_field""}",{}
https://simplify.jobs/p/85254dba-1afe-4ff4-a6e3-b1daffc120df,Frontend Software Engineer,KoBold Metals,Remote in USA; Remote in Canada,160000.0,240000.0,USD,,,2026-09-14T18:12:15+00:00,2026-06-30T22:15:27+00:00,false,,hybrid,full_time,mid,,,,simplify,https://simplify.jobs/p/85254dba-1afe-4ff4-a6e3-b1daffc120df,,simplify,"[{""site"": ""simplify"", ""url"": ""https://simplify.jobs/p/85254dba-1afe-4ff4-a6e3-b1daffc120df""}]",[],[],"{""location"": [""Remote in USA; Remote in Canada""]}",{},"{""location"": ""array_field""}",{}
https://simplify.jobs/p/bfbe1128-b20c-4352-a310-9acc3c11441d,Front-end Developer,Photon,India,,,,,,2026-09-04T10:42:01+00:00,2026-08-03T14:12:34+00:00,false,,onsite,full_time,mid,,,,simplify,https://simplify.jobs/p/bfbe1128-b20c-4352-a310-9acc3c11441d,,simplify,"[{""site"": ""simplify"", ""url"": ""https://simplify.jobs/p/bfbe1128-b20c-4352-a310-9acc3c11441d""}]",[],[],"{""location"": [""India""]}",{},"{""location"": ""array_field""}",{}
https://simplify.jobs/p/fd97404c-e5f9-4c22-b170-fef21b3974be,Software Engineer - Frontend Autonomous Air System V&V,Helsing,"Berlin, Germany; Munich, Germany",,,,,,2026-09-04T05:18:01+00:00,2026-03-05T02:41:51+00:00,false,,onsite,full_time,mid,,,,simplify,https://simplify.jobs/p/fd97404c-e5f9-4c22-b170-fef21b3974be,,simplify,"[{""site"": ""simplify"", ""url"": ""https://simplify.jobs/p/fd97404c-e5f9-4c22-b170-fef21b3974be""}]",[],[],"{""location"": [""Berlin, Germany; Munich, Germany""]}",{},"{""location"": ""array_field""}",{}
https://simplify.jobs/p/2a482e7f-810c-4470-8de5-c77b6f6df7a7,Senior Frontend Engineer - AI - m/f/x,Scalable,"Munich, Germany",,,,,,2026-09-04T09:15:01+00:00,2026-07-07T14:02:50+00:00,false,,hybrid,full_time,senior,,,,simplify,https://simplify.jobs/p/2a482e7f-810c-4470-8de5-c77b6f6df7a7,,simplify,"[{""site"": ""simplify"", ""url"": ""https://simplify.jobs/p/2a482e7f-810c-4470-8de5-c77b6f6df7a7""}]",[],[],"{""location"": [""Munich, Germany""]}",{},"{""location"": ""array_field""}",{}
https://simplify.jobs/p/050f29a6-6590-4e0e-9912-33fe72a0caa7,Lead Front-End Developer - Research & Development Engineering,Eaton,"Brossard, QC, Canada",101000.0,126000.0,CAD,,,2026-09-04T13:18:01+00:00,2026-09-03T03:52:15+00:00,false,,hybrid,full_time,senior,,,,simplify,https://simplify.jobs/p/050f29a6-6590-4e0e-9912-33fe72a0caa7,,simplify,"[{""site"": ""simplify"", ""url"": ""https://simplify.jobs/p/050f29a6-6590-4e0e-9912-33fe72a0caa7""}]",[],[],"{""location"": [""Brossard, QC, Canada""]}",{},"{""location"": ""array_field""}",{}
https://simplify.jobs/p/aef65e31-c162-432c-b796-ebfc61c2dec9,Frontend Digital Developer,RevHealth,"Morristown, NJ, USA",,,,,,2026-10-02T11:03:57+00:00,2026-09-24T22:22:34+00:00,false,,onsite,part_time,mid,,,,simplify,https://simplify.jobs/p/aef65e31-c162-432c-b796-ebfc61c2dec9,,simplify,"[{""site"": ""simplify"", ""url"": ""https://simplify.jobs/p/aef65e31-c162-432c-b796-ebfc61c2dec9""}]",[],[],"{""location"": [""Morristown, NJ, USA""]}",{},"{""location"": ""array_field""}",{}
https://simplify.jobs/p/d742be8d-b439-4f10-a2e5-c6112db83ccd,Principal Frontend Engineer,HavocAI,Remote; Remote in USA,185000.0,205000.0,USD,,,2026-09-25T10:21:01+00:00,2026-09-23T06:20:03+00:00,false,,remote,full_time,,,,,simplify,https://simplify.jobs/p/d742be8d-b439-4f10-a2e5-c6112db83ccd,,simplify,"[{""site"": ""simplify"", ""url"": ""https://simplify.jobs/p/d742be8d-b439-4f10-a2e5-c6112db83ccd""}]",[],[],"{""location"": [""Remote; Remote in USA""]}",{},"{""location"": ""array_field""}",{}
https://simplify.jobs/p/277b1c12-90e0-4bab-b29d-acc448b8c424,Senior Frontend Engineer - Access Control,Verkada,"San Mateo, CA, USA",160000.0,280000.0,USD,,,2026-09-09T06:42:22+00:00,2026-09-09T06:39:35+00:00,false,,onsite,full_time,senior,,,,simplify,https://simplify.jobs/p/277b1c12-90e0-4bab-b29d-acc448b8c424,,simplify,"[{""site"": ""simplify"", ""url"": ""https://simplify.jobs/p/277b1c12-90e0-4bab-b29d-acc448b8c424""}]",[],[],"{""location"": [""San Mateo, CA, USA""]}",{},"{""location"": ""array_field""}",{}
https://simplify.jobs/p/9291799c-e919-4792-849b-76411e4efc31,Frontend Engineer,Capsule Video,"Los Angeles, CA, USA",100000.0,170000.0,USD,,,2026-09-04T06:57:01+00:00,2025-07-09T07:36:48+00:00,false,,hybrid,full_time,mid | senior,,,,simplify,https://simplify.jobs/p/9291799c-e919-4792-849b-76411e4efc31,,simplify,"[{""site"": ""simplify"", ""url"": ""https://simplify.jobs/p/9291799c-e919-4792-849b-76411e4efc31""}]",[],[],"{""location"": [""Los Angeles, CA, USA""]}",{},"{""location"": ""array_field""}",{}
https://simplify.jobs/p/7be4bb60-d156-41df-a98a-191353875d09,Senior Frontend Software Developer - Frontend,OneSpan,"Noida, Uttar Pradesh, India",,,,,,2026-09-03T15:39:14+00:00,2026-08-17T13:18:52+00:00,false,,onsite,full_time,senior,,,,simplify,https://simplify.jobs/p/7be4bb60-d156-41df-a98a-191353875d09,,simplify,"[{""site"": ""simplify"", ""url"": ""https://simplify.jobs/p/7be4bb60-d156-41df-a98a-191353875d09""}]",[],[],"{""location"": [""Noida, Uttar Pradesh, India""]}",{},"{""location"": ""array_field""}",{}
https://simplify.jobs/p/f6eb1f9d-0f57-4260-baad-56afd9503122,Frontend JavaScript UI/UX Developer,Mapjects,"Washington, DC, USA",,,,,,2026-09-04T02:15:20+00:00,2026-08-13T06:12:34+00:00,false,,onsite,full_time,mid,,,,simplify,https://simplify.jobs/p/f6eb1f9d-0f57-4260-baad-56afd9503122,,simplify,"[{""site"": ""simplify"", ""url"": ""https://simplify.jobs/p/f6eb1f9d-0f57-4260-baad-56afd9503122""}]",[],[],"{""location"": [""Washington, DC, USA""]}",{},"{""location"": ""array_field""}",{}
https://simplify.jobs/p/21f3c6ec-6ba6-4ec2-b552-686215a9413c,Senior Frontend Software Engineer,Okendo,"Remote; Brisbane QLD, Australia",,,,,,2026-09-03T22:36:21+00:00,2026-08-05T06:06:47+00:00,false,,remote,full_time,senior,,,,simplify,https://simplify.jobs/p/21f3c6ec-6ba6-4ec2-b552-686215a9413c,,simplify,"[{""site"": ""simplify"", ""url"": ""https://simplify.jobs/p/21f3c6ec-6ba6-4ec2-b552-686215a9413c""}]",[],[],"{""location"": [""Remote; Brisbane QLD, Australia""]}",{},"{""location"": ""array_field""}",{}
https://simplify.jobs/p/19b629bf-11bd-40c1-8e44-afb074ccb3ca,Staff Frontend Engineer,Baton Corporation,"New York, NY, USA",300000.0,500000.0,USD,,,2026-09-04T09:42:02+00:00,2026-07-21T01:13:36+00:00,false,,onsite,full_time,senior,,,,simplify,https://simplify.jobs/p/19b629bf-11bd-40c1-8e44-afb074ccb3ca,,simplify,"[{""site"": ""simplify"", ""url"": ""https://simplify.jobs/p/19b629bf-11bd-40c1-8e44-afb074ccb3ca""}]",[],[],"{""location"": [""New York, NY, USA""]}",{},"{""location"": ""array_field""}",{}
https://simplify.jobs/p/82d8af1f-5e90-47ad-a597-22950657bbbe,Senior Frontend Engineer - Frontend - App Foundations,Roblox,"San Mateo, CA, USA",242100.0,312970.0,USD,,,2026-09-03T07:50:43+00:00,2026-09-03T02:47:39+00:00,false,,hybrid,full_time,senior,,,,simplify,https://simplify.jobs/p/82d8af1f-5e90-47ad-a597-22950657bbbe,,simplify,"[{""site"": ""simplify"", ""url"": ""https://simplify.jobs/p/82d8af1f-5e90-47ad-a597-22950657bbbe""}]",[],[],"{""location"": [""San Mateo, CA, USA""]}",{},"{""location"": ""array_field""}",{}
https://simplify.jobs/p/6c877f29-de22-4328-812d-dfa1d8f3c1ed,Frontend Software Engineer,Northstrat,"Columbia, MD, USA",,,,,,2026-09-04T01:18:24+00:00,2026-08-08T01:17:12+00:00,false,,hybrid,full_time,mid | senior,,,,simplify,https://simplify.jobs/p/6c877f29-de22-4328-812d-dfa1d8f3c1ed,,simplify,"[{""site"": ""simplify"", ""url"": ""https://simplify.jobs/p/6c877f29-de22-4328-812d-dfa1d8f3c1ed""}]",[],[],"{""location"": [""Columbia, MD, USA""]}",{},"{""location"": ""array_field""}",{}
https://simplify.jobs/p/231eccee-472b-4b6d-9c9e-be04cb409d5c,Front-end Engineer - Customer Management Applications,Computech,"Raleigh, NC, USA",,,,,,2026-09-04T01:57:21+00:00,2026-08-12T01:06:36+00:00,false,,onsite,full_time,senior,,,,simplify,https://simplify.jobs/p/231eccee-472b-4b6d-9c9e-be04cb409d5c,,simplify,"[{""site"": ""simplify"", ""url"": ""https://simplify.jobs/p/231eccee-472b-4b6d-9c9e-be04cb409d5c""}]",[],[],"{""location"": [""Raleigh, NC, USA""]}",{},"{""location"": ""array_field""}",{}
https://simplify.jobs/p/3c34d64a-9461-416d-bba3-0d72e7752797,Senior/Staff AI Frontend Engineer,Klarity,"San Francisco, CA, USA",185000.0,315000.0,USD,,,2026-09-15T08:54:06+00:00,2026-06-24T09:10:41+00:00,false,,onsite,full_time,mid | senior,,,,simplify,https://simplify.jobs/p/3c34d64a-9461-416d-bba3-0d72e7752797,,simplify,"[{""site"": ""simplify"", ""url"": ""https://simplify.jobs/p/3c34d64a-9461-416d-bba3-0d72e7752797""}]",[],[],"{""location"": [""San Francisco, CA, USA""]}",{},"{""location"": ""array_field""}",{}
https://simplify.jobs/p/94fe5a63-c476-4b60-947b-4a3ce2bf34da,Senior React Front-End Developer,Capgemini,"Rome, Metropolitan City of Rome Capital, Italy; Milan, Metropolitan City of Milan, Italy",31720.0,57475.0,EUR,,,2026-10-02T10:12:24+00:00,2026-09-09T14:18:20+00:00,false,,onsite,full_time,senior,,,,simplify,https://simplify.jobs/p/94fe5a63-c476-4b60-947b-4a3ce2bf34da,,simplify,"[{""site"": ""simplify"", ""url"": ""https://simplify.jobs/p/94fe5a63-c476-4b60-947b-4a3ce2bf34da""}]",[],[],"{""location"": [""Rome, Metropolitan City of Rome Capital, Italy; Milan, Metropolitan City of Milan, Italy""]}",{},"{""location"": ""array_field""}",{}
https://simplify.jobs/p/aaa91bee-0f92-4497-9b6b-84c1837b8120,Senior Frontend Engineer,Fundcraft,"Girona, Spain",,,,,,2026-09-04T22:42:01+00:00,2026-09-04T22:41:44+00:00,false,,hybrid,full_time,senior,,,,simplify,https://simplify.jobs/p/aaa91bee-0f92-4497-9b6b-84c1837b8120,,simplify,"[{""site"": ""simplify"", ""url"": ""https://simplify.jobs/p/aaa91bee-0f92-4497-9b6b-84c1837b8120""}]",[],[],"{""location"": [""Girona, Spain""]}",{},"{""location"": ""array_field""}",{}
https://simplify.jobs/p/5ec0e0e5-65f6-4663-843f-ba5c69f0c8a4,Frontend Developer - Power Apps,EXL,"Bengaluru, Karnataka, India",,,,,,2026-02-11T07:13:40+00:00,2026-02-11T07:13:40+00:00,false,,onsite,full_time,mid,,,,simplify,https://simplify.jobs/p/5ec0e0e5-65f6-4663-843f-ba5c69f0c8a4,,simplify,"[{""site"": ""simplify"", ""url"": ""https://simplify.jobs/p/5ec0e0e5-65f6-4663-843f-ba5c69f0c8a4""}]",[],[],"{""location"": [""Bengaluru, Karnataka, India""]}",{},"{""location"": ""array_field""}",{}
https://simplify.jobs/p/18524d05-915a-43b3-925f-09b3fae82ba9,Frontend Developer,Publicis Groupe,"Gurugram, Haryana, India",,,,,,2026-09-04T12:09:01+00:00,2026-08-18T07:57:04+00:00,false,,onsite,full_time,mid,,,,simplify,https://simplify.jobs/p/18524d05-915a-43b3-925f-09b3fae82ba9,,simplify,"[{""site"": ""simplify"", ""url"": ""https://simplify.jobs/p/18524d05-915a-43b3-925f-09b3fae82ba9""}]",[],[],"{""location"": [""Gurugram, Haryana, India""]}",{},"{""location"": ""array_field""}",{}
https://simplify.jobs/p/71dc2336-3c67-4018-9af7-68da7ae78f94,Junior Front-End Developer,BTI Solutions,"Remote; Texas, USA",57000.0,83000.0,USD,,,2026-09-30T22:30:33+00:00,2026-09-30T00:00:00+00:00,false,,remote,full_time,senior,,,,simplify,https://simplify.jobs/p/71dc2336-3c67-4018-9af7-68da7ae78f94,,simplify,"[{""site"": ""simplify"", ""url"": ""https://simplify.jobs/p/71dc2336-3c67-4018-9af7-68da7ae78f94""}]",[],[],"{""location"": [""Remote; Texas, USA""]}",{},"{""location"": ""array_field""}",{}
https://simplify.jobs/p/c567aa0a-3bd9-49ab-9bfd-2ec05ee31c74,Senior Software Engineer - Frontend,Harvey,"San Francisco, CA, USA",200000.0,260000.0,USD,,,2026-09-03T17:09:30+00:00,2025-10-31T01:12:55+00:00,false,,hybrid,full_time,senior,,,,simplify,https://simplify.jobs/p/c567aa0a-3bd9-49ab-9bfd-2ec05ee31c74,,simplify,"[{""site"": ""simplify"", ""url"": ""https://simplify.jobs/p/c567aa0a-3bd9-49ab-9bfd-2ec05ee31c74""}]",[],[],"{""location"": [""San Francisco, CA, USA""]}",{},"{""location"": ""array_field""}",{}
https://simplify.jobs/p/3f032f65-281d-45fd-b49c-98a331110c84,Senior Software Engineer - Frontend - Agentic AI,SIFT,"San Francisco, CA, USA; Marina Del Rey, CA, USA",180000.0,230000.0,USD,,,2026-09-03T16:57:18+00:00,2026-07-27T22:24:12+00:00,false,,hybrid,full_time,senior,,,,simplify,https://simplify.jobs/p/3f032f65-281d-45fd-b49c-98a331110c84,,simplify,"[{""site"": ""simplify"", ""url"": ""https://simplify.jobs/p/3f032f65-281d-45fd-b49c-98a331110c84""}]",[],[],"{""location"": [""San Francisco, CA, USA; Marina Del Rey, CA, USA""]}",{},"{""location"": ""array_field""}",{}
https://simplify.jobs/p/542d1418-6156-4256-8fd1-01e9cfa40923,Angular Front-End Developer,Capgemini,"New York, NY, USA",65000.0,75000.0,USD,,,2026-09-04T10:30:02+00:00,2026-08-03T06:06:13+00:00,false,,onsite,full_time,mid,,,,simplify,https://simplify.jobs/p/542d1418-6156-4256-8fd1-01e9cfa40923,,simplify,"[{""site"": ""simplify"", ""url"": ""https://simplify.jobs/p/542d1418-6156-4256-8fd1-01e9cfa40923""}]",[],[],"{""location"": [""New York, NY, USA""]}",{},"{""location"": ""array_field""}",{}
https://simplify.jobs/p/6f4c50f9-9b37-4b36-ad58-0357483e2a9d,Senior Frontend Engineer,Coinspaid Solutions,Remote; Europe,,,,,,2026-09-17T09:24:02+00:00,2026-09-17T09:06:03+00:00,false,,remote,full_time,mid,,,,simplify,https://simplify.jobs/p/6f4c50f9-9b37-4b36-ad58-0357483e2a9d,,simplify,"[{""site"": ""simplify"", ""url"": ""https://simplify.jobs/p/6f4c50f9-9b37-4b36-ad58-0357483e2a9d""}]",[],[],"{""location"": [""Remote; Europe""]}",{},"{""location"": ""array_field""}",{}
https://simplify.jobs/p/b415413f-53f1-4115-83bd-fec0d2aca39f,Frontend Engineer,SupplyHouse.com,Remote; Remote in India,24298.0,36446.0,USD,,,2026-10-01T14:48:01+00:00,2026-09-16T22:43:09+00:00,false,,remote,full_time,mid,,,,simplify,https://simplify.jobs/p/b415413f-53f1-4115-83bd-fec0d2aca39f,,simplify,"[{""site"": ""simplify"", ""url"": ""https://simplify.jobs/p/b415413f-53f1-4115-83bd-fec0d2aca39f""}]",[],[],"{""location"": [""Remote; Remote in India""]}",{},"{""location"": ""array_field""}",{}
https://simplify.jobs/p/6ea76c2e-5ec1-4467-9467-40fa85a8ee88,Staff Software Engineer - Frontend,Harvey,"Toronto, ON, Canada",196800.0,270600.0,CAD,,,2026-10-02T10:42:02+00:00,2025-10-31T01:13:04+00:00,false,,hybrid,full_time,senior,,,,simplify,https://simplify.jobs/p/6ea76c2e-5ec1-4467-9467-40fa85a8ee88,,simplify,"[{""site"": ""simplify"", ""url"": ""https://simplify.jobs/p/6ea76c2e-5ec1-4467-9467-40fa85a8ee88""}]",[],[],"{""location"": [""Toronto, ON, Canada""]}",{},"{""location"": ""array_field""}",{}
https://simplify.jobs/p/c1030278-cf68-48fb-9650-42cb56ad1309,Senior Software Engineer I - Frontend,ICON,"Austin, TX, USA",,,,,,2026-09-29T00:18:01+00:00,2026-01-12T23:32:49+00:00,false,,onsite,full_time,senior,,,,simplify,https://simplify.jobs/p/c1030278-cf68-48fb-9650-42cb56ad1309,,simplify,"[{""site"": ""simplify"", ""url"": ""https://simplify.jobs/p/c1030278-cf68-48fb-9650-42cb56ad1309""}]",[],[],"{""location"": [""Austin, TX, USA""]}",{},"{""location"": ""array_field""}",{}
https://simplify.jobs/p/1a435e20-1705-43bc-940c-164a50cb1fb7,Principal Frontend Engineer,ClickUp,Remote; Remote in USA,250000.0,300000.0,USD,,,2026-09-04T22:45:01+00:00,2026-09-04T22:43:18+00:00,false,,remote,full_time,senior,,,,simplify,https://simplify.jobs/p/1a435e20-1705-43bc-940c-164a50cb1fb7,,simplify,"[{""site"": ""simplify"", ""url"": ""https://simplify.jobs/p/1a435e20-1705-43bc-940c-164a50cb1fb7""}]",[],[],"{""location"": [""Remote; Remote in USA""]}",{},"{""location"": ""array_field""}",{}
https://simplify.jobs/p/d04272a6-b805-4f25-b106-3e24f15187c3,Frontend Engineer,Faculty AI,"London, UK",,,,,,2026-10-02T11:12:42+00:00,2026-09-04T15:54:52+00:00,false,,hybrid,full_time,mid,,,,simplify,https://simplify.jobs/p/d04272a6-b805-4f25-b106-3e24f15187c3,,simplify,"[{""site"": ""simplify"", ""url"": ""https://simplify.jobs/p/d04272a6-b805-4f25-b106-3e24f15187c3""}]",[],[],"{""location"": [""London, UK""]}",{},"{""location"": ""array_field""}",{}
https://simplify.jobs/p/a9ec8d28-bdc1-48c1-a226-ffa4cd94f09c,Front-End Developer / Compliance Specialist - Up to 3 days/week telework,General Dynamics Information Technology,"Annapolis Junction, MD, USA",144500.0,195500.0,USD,,,2026-09-25T22:09:05+00:00,2026-09-10T00:00:00+00:00,false,,hybrid,full_time,senior,,,,simplify,https://simplify.jobs/p/a9ec8d28-bdc1-48c1-a226-ffa4cd94f09c,,simplify,"[{""site"": ""simplify"", ""url"": ""https://simplify.jobs/p/a9ec8d28-bdc1-48c1-a226-ffa4cd94f09c""}]",[],[],"{""location"": [""Annapolis Junction, MD, USA""]}",{},"{""location"": ""array_field""}",{}
https://simplify.jobs/p/c4ea4a74-d683-487a-9c45-df778bfd7606,Front-End Software Engineer,Acclaim Technical Services,"Chantilly, VA, USA",170000.0,200000.0,USD,,,2026-09-29T17:09:21+00:00,2026-08-21T23:04:17+00:00,false,,onsite,full_time,senior,,,,simplify,https://simplify.jobs/p/c4ea4a74-d683-487a-9c45-df778bfd7606,,simplify,"[{""site"": ""simplify"", ""url"": ""https://simplify.jobs/p/c4ea4a74-d683-487a-9c45-df778bfd7606""}]",[],[],"{""location"": [""Chantilly, VA, USA""]}",{},"{""location"": ""array_field""}",{}
https://simplify.jobs/p/20898b37-1e46-4759-b318-1a51ae4d1200,Frontend Software Engineer Intern,Verkada,"San Mateo, CA, USA",55.0,65.0,USD,,,2026-09-03T12:36:02+00:00,2026-08-25T18:14:03+00:00,true,,onsite,internship,intern,,,,simplify,https://simplify.jobs/p/20898b37-1e46-4759-b318-1a51ae4d1200,,simplify,"[{""site"": ""simplify"", ""url"": ""https://simplify.jobs/p/20898b37-1e46-4759-b318-1a51ae4d1200""}]",[],[],"{""location"": [""San Mateo, CA, USA""]}",{},"{""location"": ""array_field""}",{}
https://simplify.jobs/p/67e6fece-2d8c-4512-b217-8d27cbfbb0fe,JavaScript Developer - Frontend UI/UX,Mapjects,"Remote; Chennai, Tamil Nadu, India",,,,,,2026-09-04T02:15:20+00:00,2026-08-13T06:12:35+00:00,false,,remote,full_time,mid,,,,simplify,https://simplify.jobs/p/67e6fece-2d8c-4512-b217-8d27cbfbb0fe,,simplify,"[{""site"": ""simplify"", ""url"": ""https://simplify.jobs/p/67e6fece-2d8c-4512-b217-8d27cbfbb0fe""}]",[],[],"{""location"": [""Remote; Chennai, Tamil Nadu, India""]}",{},"{""location"": ""array_field""}",{}
https://simplify.jobs/p/3c396872-fbbb-4c9e-9d32-5237b39de2ff,Senior Frontend Engineer - Frontend,Datalign Advisory,"Cambridge, MA, USA",,,,,,2026-09-03T21:45:21+00:00,2026-08-03T06:21:57+00:00,false,,hybrid,full_time,senior,,,,simplify,https://simplify.jobs/p/3c396872-fbbb-4c9e-9d32-5237b39de2ff,,simplify,"[{""site"": ""simplify"", ""url"": ""https://simplify.jobs/p/3c396872-fbbb-4c9e-9d32-5237b39de2ff""}]",[],[],"{""location"": [""Cambridge, MA, USA""]}",{},"{""location"": ""array_field""}",{}
https://simplify.jobs/p/1b4f86fa-7fba-4317-a77c-401a5cf8fdbc,Frontend Web Developer,Air Apps,"Remote; Dublin, Ireland",47000.0,58000.0,EUR,,,2026-09-04T07:51:01+00:00,2026-08-29T00:45:00+00:00,false,,remote,full_time,mid,,,,simplify,https://simplify.jobs/p/1b4f86fa-7fba-4317-a77c-401a5cf8fdbc,,simplify,"[{""site"": ""simplify"", ""url"": ""https://simplify.jobs/p/1b4f86fa-7fba-4317-a77c-401a5cf8fdbc""}]",[],[],"{""location"": [""Remote; Dublin, Ireland""]}",{},"{""location"": ""array_field""}",{}
https://simplify.jobs/p/974ef913-e84a-4417-ad66-3de52baeb2c5,Senior Frontend Engineer,Confido,"New York, NY, USA",200000.0,280000.0,USD,,,2026-09-30T10:12:02+00:00,2026-07-01T22:09:53+00:00,false,,onsite,full_time,mid | senior,,,,simplify,https://simplify.jobs/p/974ef913-e84a-4417-ad66-3de52baeb2c5,,simplify,"[{""site"": ""simplify"", ""url"": ""https://simplify.jobs/p/974ef913-e84a-4417-ad66-3de52baeb2c5""}]",[],[],"{""location"": [""New York, NY, USA""]}",{},"{""location"": ""array_field""}",{}
https://simplify.jobs/p/d57fce80-b562-4d6c-9d5e-d1b1ad50952a,Lead Frontend Developer,Intercontinental Exchange,"Atlanta, GA, USA",,,,,,2026-09-04T08:27:01+00:00,2026-06-24T22:07:42+00:00,false,,onsite,full_time,senior,,,,simplify,https://simplify.jobs/p/d57fce80-b562-4d6c-9d5e-d1b1ad50952a,,simplify,"[{""site"": ""simplify"", ""url"": ""https://simplify.jobs/p/d57fce80-b562-4d6c-9d5e-d1b1ad50952a""}]",[],[],"{""location"": [""Atlanta, GA, USA""]}",{},"{""location"": ""array_field""}",{}
https://simplify.jobs/p/f7ce95fa-b908-4589-93a0-c08690dadb06,Front-end Developer Intern,Valeo,"Reilly, France",,,,,,2026-09-03T18:09:19+00:00,2026-07-04T10:46:38+00:00,true,,onsite,internship,intern,,,,simplify,https://simplify.jobs/p/f7ce95fa-b908-4589-93a0-c08690dadb06,,simplify,"[{""site"": ""simplify"", ""url"": ""https://simplify.jobs/p/f7ce95fa-b908-4589-93a0-c08690dadb06""}]",[],[],"{""location"": [""Reilly, France""]}",{},"{""location"": ""array_field""}",{}
https://simplify.jobs/p/04e6833e-1342-4f67-a6f5-29ab0ebe3291,Frontend Developer - Webops - Core Maintenance,Google,"Bengaluru, Karnataka, India",,,,,,2026-09-08T08:47:02+00:00,2026-08-07T00:00:00+00:00,false,,onsite,full_time,mid,,,,simplify,https://simplify.jobs/p/04e6833e-1342-4f67-a6f5-29ab0ebe3291,,simplify,"[{""site"": ""simplify"", ""url"": ""https://simplify.jobs/p/04e6833e-1342-4f67-a6f5-29ab0ebe3291""}]",[],[],"{""location"": [""Bengaluru, Karnataka, India""]}",{},"{""location"": ""array_field""}",{}
https://simplify.jobs/p/1a70d9e6-2b1e-42b9-8d96-fcdde47ac0a9,Senior Software Engineer - Front-end,exacare ai,"Toronto, ON, Canada; New York, NY, USA; Vancouver, BC, Canada",,,,,,2026-10-02T09:37:41+00:00,2026-07-21T01:16:43+00:00,false,,hybrid,full_time,mid | senior,,,,simplify,https://simplify.jobs/p/1a70d9e6-2b1e-42b9-8d96-fcdde47ac0a9,,simplify,"[{""site"": ""simplify"", ""url"": ""https://simplify.jobs/p/1a70d9e6-2b1e-42b9-8d96-fcdde47ac0a9""}]",[],[],"{""location"": [""Toronto, ON, Canada; New York, NY, USA; Vancouver, BC, Canada""]}",{},"{""location"": ""array_field""}",{}
https://simplify.jobs/p/a333b926-393e-447a-8c6c-accd732290b7,Front-End Developer / 508 Compliance Specialist,Booker DiMaio,"Annapolis Junction, MD, USA",,,,,,2026-09-04T22:46:57+00:00,2026-09-04T22:43:17+00:00,false,,onsite,full_time,mid,,,,simplify,https://simplify.jobs/p/a333b926-393e-447a-8c6c-accd732290b7,,simplify,"[{""site"": ""simplify"", ""url"": ""https://simplify.jobs/p/a333b926-393e-447a-8c6c-accd732290b7""}]",[],[],"{""location"": [""Annapolis Junction, MD, USA""]}",{},"{""location"": ""array_field""}",{}
https://simplify.jobs/p/3a065d1e-6021-4311-afda-916259c9c236,Frontend Engineer,Lead Allies,"San Francisco, CA, USA",,,,,,2026-09-04T09:15:01+00:00,2026-07-07T09:10:09+00:00,false,,onsite,full_time,mid | senior,,,,simplify,https://simplify.jobs/p/3a065d1e-6021-4311-afda-916259c9c236,,simplify,"[{""site"": ""simplify"", ""url"": ""https://simplify.jobs/p/3a065d1e-6021-4311-afda-916259c9c236""}]",[],[],"{""location"": [""San Francisco, CA, USA""]}",{},"{""location"": ""array_field""}",{}
https://simplify.jobs/p/3c70c72e-4ce1-4279-bd4d-f3cdf190d6f4,Web Developer - Front-End,SA Technologies,"East Chicago, IN, USA",,,,,,2026-09-04T07:24:02+00:00,2026-02-26T07:18:05+00:00,false,,onsite,full_time,mid,,,,simplify,https://simplify.jobs/p/3c70c72e-4ce1-4279-bd4d-f3cdf190d6f4,,simplify,"[{""site"": ""simplify"", ""url"": ""https://simplify.jobs/p/3c70c72e-4ce1-4279-bd4d-f3cdf190d6f4""}]",[],[],"{""location"": [""East Chicago, IN, USA""]}",{},"{""location"": ""array_field""}",{}
https://simplify.jobs/p/8a8a762a-0764-4255-ae80-358cb6c3270d,Senior Frontend Engineer,Octopus Energy,"Barcelona, Spain",,,,,,2026-09-12T10:42:04+00:00,2026-09-11T09:05:13+00:00,false,,hybrid,full_time,senior,,,,simplify,https://simplify.jobs/p/8a8a762a-0764-4255-ae80-358cb6c3270d,,simplify,"[{""site"": ""simplify"", ""url"": ""https://simplify.jobs/p/8a8a762a-0764-4255-ae80-358cb6c3270d""}]",[],[],"{""location"": [""Barcelona, Spain""]}",{},"{""location"": ""array_field""}",{}
https://simplify.jobs/p/d1c0cbfe-c7f8-4c47-901c-f68acb50d379,Senior Frontend Engineer,Weave,Remote; Remote in India,,,,,,2026-09-16T14:21:02+00:00,2026-09-03T03:52:17+00:00,false,,remote,full_time,mid | senior,,,,simplify,https://simplify.jobs/p/d1c0cbfe-c7f8-4c47-901c-f68acb50d379,,simplify,"[{""site"": ""simplify"", ""url"": ""https://simplify.jobs/p/d1c0cbfe-c7f8-4c47-901c-f68acb50d379""}]",[],[],"{""location"": [""Remote; Remote in India""]}",{},"{""location"": ""array_field""}",{}
https://simplify.jobs/p/95dab2cb-f0dc-4ac6-95b8-92bc386456e6,Frontend Engineer,Manex AI,"Munich, Germany",,,,,,2026-09-30T22:36:02+00:00,2026-09-30T22:21:35+00:00,false,,onsite,full_time,mid,,,,simplify,https://simplify.jobs/p/95dab2cb-f0dc-4ac6-95b8-92bc386456e6,,simplify,"[{""site"": ""simplify"", ""url"": ""https://simplify.jobs/p/95dab2cb-f0dc-4ac6-95b8-92bc386456e6""}]",[],[],"{""location"": [""Munich, Germany""]}",{},"{""location"": ""array_field""}",{}
https://simplify.jobs/p/9becf4f4-c6a5-4fa5-86a5-28a5026de3f6,Frontend Developer,Inizio Evoke,"Gurugram, Haryana, India",,,,,,2026-09-04T10:06:01+00:00,2026-07-27T14:21:21+00:00,false,,onsite,full_time,mid,,,,simplify,https://simplify.jobs/p/9becf4f4-c6a5-4fa5-86a5-28a5026de3f6,,simplify,"[{""site"": ""simplify"", ""url"": ""https://simplify.jobs/p/9becf4f4-c6a5-4fa5-86a5-28a5026de3f6""}]",[],[],"{""location"": [""Gurugram, Haryana, India""]}",{},"{""location"": ""array_field""}",{}
https://simplify.jobs/p/dda60048-25a0-428b-a77b-9158cd7039df,Senior Frontend Engineer - Roundel Media Studio,Target,"Brooklyn Park, MN, USA",98000.0,176000.0,USD,,,2026-09-04T12:00:01+00:00,2026-08-17T00:00:00+00:00,false,,hybrid,full_time,senior,,,,simplify,https://simplify.jobs/p/dda60048-25a0-428b-a77b-9158cd7039df,,simplify,"[{""site"": ""simplify"", ""url"": ""https://simplify.jobs/p/dda60048-25a0-428b-a77b-9158cd7039df""}]",[],[],"{""location"": [""Brooklyn Park, MN, USA""]}",{},"{""location"": ""array_field""}",{}
https://simplify.jobs/p/d44e3beb-3af5-4df1-a06b-3e82f2525b0f,Frontend Engineer,Coinflow,"Chicago, IL, USA",150000.0,180000.0,USD,,,2026-09-04T09:54:01+00:00,2026-07-21T22:13:10+00:00,false,,onsite,full_time,mid,,,,simplify,https://simplify.jobs/p/d44e3beb-3af5-4df1-a06b-3e82f2525b0f,,simplify,"[{""site"": ""simplify"", ""url"": ""https://simplify.jobs/p/d44e3beb-3af5-4df1-a06b-3e82f2525b0f""}]",[],[],"{""location"": [""Chicago, IL, USA""]}",{},"{""location"": ""array_field""}",{}
https://simplify.jobs/p/dea71502-06e0-4065-a91c-a427ac5101a6,Senior Front-End Developer - React.js/Next.js,Eventogy,"London, UK",55000.0,60000.0,GBP,,,2026-09-08T16:18:03+00:00,2026-08-11T01:34:10+00:00,false,,hybrid,full_time,senior,,,,simplify,https://simplify.jobs/p/dea71502-06e0-4065-a91c-a427ac5101a6,,simplify,"[{""site"": ""simplify"", ""url"": ""https://simplify.jobs/p/dea71502-06e0-4065-a91c-a427ac5101a6""}]",[],[],"{""location"": [""London, UK""]}",{},"{""location"": ""array_field""}",{}
https://simplify.jobs/p/ad03a2cc-fdf1-475b-85f2-01732d61d1ec,Senior Frontend Engineer,Magentic,"London, UK",120000.0,135000.0,GBP,,,2026-09-04T13:18:01+00:00,2026-09-03T03:52:42+00:00,false,,hybrid,full_time,senior,,,,simplify,https://simplify.jobs/p/ad03a2cc-fdf1-475b-85f2-01732d61d1ec,,simplify,"[{""site"": ""simplify"", ""url"": ""https://simplify.jobs/p/ad03a2cc-fdf1-475b-85f2-01732d61d1ec""}]",[],[],"{""location"": [""London, UK""]}",{},"{""location"": ""array_field""}",{}
https://simplify.jobs/p/e6af8b2b-13a6-4546-a04d-eddba8d66a14,Senior Frontend Engineer,Trading212,"London, UK",,,,,,2026-09-04T12:54:01+00:00,2026-08-25T23:35:06+00:00,false,,hybrid,full_time,senior,,,,simplify,https://simplify.jobs/p/e6af8b2b-13a6-4546-a04d-eddba8d66a14,,simplify,"[{""site"": ""simplify"", ""url"": ""https://simplify.jobs/p/e6af8b2b-13a6-4546-a04d-eddba8d66a14""}]",[],[],"{""location"": [""London, UK""]}",{},"{""location"": ""array_field""}",{}
https://simplify.jobs/p/25c416b9-05b0-457d-a78b-3e327d5ad2be,Frontend Engineer,Hercules,"San Francisco, CA, USA; Remote in USA",100000.0,250000.0,USD,,,2026-09-04T09:42:02+00:00,2026-07-21T01:15:39+00:00,false,,hybrid,full_time,mid | senior,,,,simplify,https://simplify.jobs/p/25c416b9-05b0-457d-a78b-3e327d5ad2be,,simplify,"[{""site"": ""simplify"", ""url"": ""https://simplify.jobs/p/25c416b9-05b0-457d-a78b-3e327d5ad2be""}]",[],[],"{""location"": [""San Francisco, CA, USA; Remote in USA""]}",{},"{""location"": ""array_field""}",{}
https://simplify.jobs/p/9fc82db1-6f47-4660-b7aa-e6188640ac68,Front-End Engineer,HelloGov AI,"Miami, FL, USA",,,,,,2026-09-04T01:39:21+00:00,2026-08-11T01:32:13+00:00,false,,onsite,full_time,mid,,,,simplify,https://simplify.jobs/p/9fc82db1-6f47-4660-b7aa-e6188640ac68,,simplify,"[{""site"": ""simplify"", ""url"": ""https://simplify.jobs/p/9fc82db1-6f47-4660-b7aa-e6188640ac68""}]",[],[],"{""location"": [""Miami, FL, USA""]}",{},"{""location"": ""array_field""}",{}
https://simplify.jobs/p/52c7ec41-289e-48ff-ba4e-cbd5431bb8c6,Frontend Web Developer,Air Apps,"Île-de-France, France",47000.0,58000.0,EUR,,,2026-09-04T07:36:01+00:00,2026-08-29T00:45:00+00:00,false,,onsite,full_time,mid,,,,simplify,https://simplify.jobs/p/52c7ec41-289e-48ff-ba4e-cbd5431bb8c6,,simplify,"[{""site"": ""simplify"", ""url"": ""https://simplify.jobs/p/52c7ec41-289e-48ff-ba4e-cbd5431bb8c6""}]",[],[],"{""location"": [""Île-de-France, France""]}",{},"{""location"": ""array_field""}",{}
https://simplify.jobs/p/89a68372-bcd7-46e5-893e-211aea1ba50a,Senior Front-End Developer 4,Jobsbridge,"Santa Monica, CA, USA",,,,,,2026-09-04T07:24:02+00:00,2026-02-24T07:20:00+00:00,false,,onsite,full_time,senior,,,,simplify,https://simplify.jobs/p/89a68372-bcd7-46e5-893e-211aea1ba50a,,simplify,"[{""site"": ""simplify"", ""url"": ""https://simplify.jobs/p/89a68372-bcd7-46e5-893e-211aea1ba50a""}]",[],[],"{""location"": [""Santa Monica, CA, USA""]}",{},"{""location"": ""array_field""}",{}
https://simplify.jobs/p/65b250b3-6f8f-4753-83f5-3fcad080619a,Junior Front-End Developer,Galileo Global Education,"Paris, France",,,,,,2026-09-03T16:57:18+00:00,2026-02-25T00:00:00+00:00,false,,onsite,full_time,junior,,,,simplify,https://simplify.jobs/p/65b250b3-6f8f-4753-83f5-3fcad080619a,,simplify,"[{""site"": ""simplify"", ""url"": ""https://simplify.jobs/p/65b250b3-6f8f-4753-83f5-3fcad080619a""}]",[],[],"{""location"": [""Paris, France""]}",{},"{""location"": ""array_field""}",{}
https://simplify.jobs/p/bdd08269-7358-4353-84e8-6b575322249a,Frontend Engineer - Editor and Graphics,Slate,Remote; Remote in USA,95000.0,200000.0,USD,,,2026-09-04T09:42:02+00:00,2026-07-21T01:14:55+00:00,false,,remote,full_time,senior,,,,simplify,https://simplify.jobs/p/bdd08269-7358-4353-84e8-6b575322249a,,simplify,"[{""site"": ""simplify"", ""url"": ""https://simplify.jobs/p/bdd08269-7358-4353-84e8-6b575322249a""}]",[],[],"{""location"": [""Remote; Remote in USA""]}",{},"{""location"": ""array_field""}",{}
https://simplify.jobs/p/943276d6-dcfa-42dd-b7ae-ff386984b49f,Frontend Engineer,Drivetrain,Remote; Remote in USA,,,,,,2025-10-31T11:21:41+00:00,2025-10-31T11:21:41+00:00,false,,remote,full_time,junior | mid,,,,simplify,https://simplify.jobs/p/943276d6-dcfa-42dd-b7ae-ff386984b49f,,simplify,"[{""site"": ""simplify"", ""url"": ""https://simplify.jobs/p/943276d6-dcfa-42dd-b7ae-ff386984b49f""}]",[],[],"{""location"": [""Remote; Remote in USA""]}",{},"{""location"": ""array_field""}",{}
https://simplify.jobs/p/adf928df-3652-4eec-8fdf-60d902186022,Senior Frontend Engineer,Merciv,"New York, NY, USA",150000.0,200000.0,USD,,,2026-09-04T09:15:01+00:00,2026-07-07T09:10:10+00:00,false,,onsite,full_time,mid | senior,,,,simplify,https://simplify.jobs/p/adf928df-3652-4eec-8fdf-60d902186022,,simplify,"[{""site"": ""simplify"", ""url"": ""https://simplify.jobs/p/adf928df-3652-4eec-8fdf-60d902186022""}]",[],[],"{""location"": [""New York, NY, USA""]}",{},"{""location"": ""array_field""}",{}
https://simplify.jobs/p/d5b9bd5a-e72d-4e4e-a871-28f9dc9579e1,Senior Frontend Developer - Vue.js,Photon,India,,,,,,2026-09-29T09:16:35+00:00,2026-09-29T09:12:48+00:00,false,,onsite,full_time,senior,,,,simplify,https://simplify.jobs/p/d5b9bd5a-e72d-4e4e-a871-28f9dc9579e1,,simplify,"[{""site"": ""simplify"", ""url"": ""https://simplify.jobs/p/d5b9bd5a-e72d-4e4e-a871-28f9dc9579e1""}]",[],[],"{""location"": [""India""]}",{},"{""location"": ""array_field""}",{}
https://simplify.jobs/p/dd31cc89-bbfb-41ea-978b-40740b5e407b,Frontend Software Engineer Senior - TS Clearance,Solerity,"Denver, CO, USA",,,,,,2026-09-04T00:51:21+00:00,2026-08-06T20:11:04+00:00,false,,onsite,full_time,senior,,,,simplify,https://simplify.jobs/p/dd31cc89-bbfb-41ea-978b-40740b5e407b,,simplify,"[{""site"": ""simplify"", ""url"": ""https://simplify.jobs/p/dd31cc89-bbfb-41ea-978b-40740b5e407b""}]",[],[],"{""location"": [""Denver, CO, USA""]}",{},"{""location"": ""array_field""}",{}
https://simplify.jobs/p/8539d037-3e81-4e65-962c-2a8010429e18,Senior Frontend Software Engineer - Frontend,Courier Health,"New York, NY, USA",175000.0,225000.0,USD,,,2026-09-09T22:46:58+00:00,2026-09-09T22:22:21+00:00,false,,hybrid,full_time,senior,,,,simplify,https://simplify.jobs/p/8539d037-3e81-4e65-962c-2a8010429e18,,simplify,"[{""site"": ""simplify"", ""url"": ""https://simplify.jobs/p/8539d037-3e81-4e65-962c-2a8010429e18""}]",[],[],"{""location"": [""New York, NY, USA""]}",{},"{""location"": ""array_field""}",{}
https://simplify.jobs/p/da02dadd-e6fb-401d-a482-4e7746d218d8,Senior Software Engineer - Frontend,Sigma Computing,"New York, NY, USA",170000.0,240000.0,USD,,,2026-09-04T08:15:01+00:00,2026-06-10T06:13:05+00:00,false,,onsite,full_time,senior,,,,simplify,https://simplify.jobs/p/da02dadd-e6fb-401d-a482-4e7746d218d8,,simplify,"[{""site"": ""simplify"", ""url"": ""https://simplify.jobs/p/da02dadd-e6fb-401d-a482-4e7746d218d8""}]",[],[],"{""location"": [""New York, NY, USA""]}",{},"{""location"": ""array_field""}",{}
https://simplify.jobs/p/6e2a3640-1e42-4940-8ad1-abf6599dbf63,Senior Frontend Engineer,Crogl,"Remote; Los Ranchos De Albuquerque, NM, USA",,,,,,2026-09-04T10:18:01+00:00,2026-07-31T22:26:23+00:00,false,,remote,full_time,mid | senior,,,,simplify,https://simplify.jobs/p/6e2a3640-1e42-4940-8ad1-abf6599dbf63,,simplify,"[{""site"": ""simplify"", ""url"": ""https://simplify.jobs/p/6e2a3640-1e42-4940-8ad1-abf6599dbf63""}]",[],[],"{""location"": [""Remote; Los Ranchos De Albuquerque, NM, USA""]}",{},"{""location"": ""array_field""}",{}
https://simplify.jobs/p/dca2765c-644a-4fb4-ab7e-eb7b8c05efd4,Frontend Software Developer - In-Play,bet365,"Manchester, UK",,,,,,2026-09-16T14:12:03+00:00,2026-08-19T18:44:44+00:00,false,,hybrid,full_time,mid,,,,simplify,https://simplify.jobs/p/dca2765c-644a-4fb4-ab7e-eb7b8c05efd4,,simplify,"[{""site"": ""simplify"", ""url"": ""https://simplify.jobs/p/dca2765c-644a-4fb4-ab7e-eb7b8c05efd4""}]",[],[],"{""location"": [""Manchester, UK""]}",{},"{""location"": ""array_field""}",{}
https://simplify.jobs/p/57d56f40-9047-4179-8140-94e8a7245940,Frontend Software Engineer - Secure Mission Systems,Rackner,"Laurel, MD, USA",,,,,,2026-09-03T19:57:26+00:00,2026-07-23T06:25:01+00:00,false,,hybrid,full_time,mid,,,,simplify,https://simplify.jobs/p/57d56f40-9047-4179-8140-94e8a7245940,,simplify,"[{""site"": ""simplify"", ""url"": ""https://simplify.jobs/p/57d56f40-9047-4179-8140-94e8a7245940""}]",[],[],"{""location"": [""Laurel, MD, USA""]}",{},"{""location"": ""array_field""}",{}
https://simplify.jobs/p/048d3cd5-f408-4563-9bf9-670fed47eec4,Frontend Engineer Angular,Citi,"Jacksonville, FL, USA",96960.0,145440.0,USD,,,2026-09-04T10:06:01+00:00,2026-08-18T06:20:45+00:00,false,,onsite,full_time,senior,,,,simplify,https://simplify.jobs/p/048d3cd5-f408-4563-9bf9-670fed47eec4,,simplify,"[{""site"": ""simplify"", ""url"": ""https://simplify.jobs/p/048d3cd5-f408-4563-9bf9-670fed47eec4""}]",[],[],"{""location"": [""Jacksonville, FL, USA""]}",{},"{""location"": ""array_field""}",{}
https://simplify.jobs/p/bb50427d-d25e-4bbb-9ece-a672a37c75be,Principal Frontend AI Engineer - Cortex Code,Snowflake,"Menlo Park, CA, USA",264000.0,379500.0,USD,,,2026-09-19T10:12:02+00:00,2026-08-13T06:28:58+00:00,false,,hybrid,full_time,,,,,simplify,https://simplify.jobs/p/bb50427d-d25e-4bbb-9ece-a672a37c75be,,simplify,"[{""site"": ""simplify"", ""url"": ""https://simplify.jobs/p/bb50427d-d25e-4bbb-9ece-a672a37c75be""}]",[],[],"{""location"": [""Menlo Park, CA, USA""]}",{},"{""location"": ""array_field""}",{}
https://simplify.jobs/p/5ba7a746-373d-482f-a989-b0115e18840a,Global Banking & Markets Frontend Engineer - Vice President/Associate/Analyst,Goldman Sachs,"London, UK",,,,,,2026-10-02T14:30:01+00:00,2026-09-09T14:17:14+00:00,false,,onsite,full_time,junior | mid | senior,,,,simplify,https://simplify.jobs/p/5ba7a746-373d-482f-a989-b0115e18840a,,simplify,"[{""site"": ""simplify"", ""url"": ""https://simplify.jobs/p/5ba7a746-373d-482f-a989-b0115e18840a""}]",[],[],"{""location"": [""London, UK""]}",{},"{""location"": ""array_field""}",{}
https://simplify.jobs/p/82f236c1-450c-4430-8632-4d4978cd1b25,Front-End Software Engineer,Avant,"Chicago, IL, USA",,,,,,2026-09-03T15:24:12+00:00,2026-08-18T01:15:23+00:00,false,,onsite,full_time,mid,,,,simplify,https://simplify.jobs/p/82f236c1-450c-4430-8632-4d4978cd1b25,,simplify,"[{""site"": ""simplify"", ""url"": ""https://simplify.jobs/p/82f236c1-450c-4430-8632-4d4978cd1b25""}]",[],[],"{""location"": [""Chicago, IL, USA""]}",{},"{""location"": ""array_field""}",{}
https://simplify.jobs/p/51a9ec5b-d64b-4ace-bf57-a37498eb7c73,Senior Frontend Engineer,Perk,"London, UK",,,,,,2026-09-18T09:27:05+00:00,2026-09-04T16:09:00+00:00,false,,hybrid,full_time,senior,,,,simplify,https://simplify.jobs/p/51a9ec5b-d64b-4ace-bf57-a37498eb7c73,,simplify,"[{""site"": ""simplify"", ""url"": ""https://simplify.jobs/p/51a9ec5b-d64b-4ace-bf57-a37498eb7c73""}]",[],[],"{""location"": [""London, UK""]}",{},"{""location"": ""array_field""}",{}
https://simplify.jobs/p/505ea0b6-c7a5-4cc8-9444-dae259587bff,Software Engineer - Frontend - Growth,Ramp,"San Francisco, CA, USA; New York, NY, USA",200000.0,310000.0,USD,,,2026-09-22T01:21:01+00:00,2026-09-22T01:19:57+00:00,false,,hybrid,full_time,senior,,,,simplify,https://simplify.jobs/p/505ea0b6-c7a5-4cc8-9444-dae259587bff,,simplify,"[{""site"": ""simplify"", ""url"": ""https://simplify.jobs/p/505ea0b6-c7a5-4cc8-9444-dae259587bff""}]",[],[],"{""location"": [""San Francisco, CA, USA; New York, NY, USA""]}",{},"{""location"": ""array_field""}",{}
https://simplify.jobs/p/b754983d-94e3-4f1a-8fb3-2a1530d86073,Staff Software Engineer - Frontend,Sigma Computing,"San Francisco, CA, USA",240000.0,270000.0,USD,,,2026-09-04T08:15:01+00:00,2026-06-10T06:13:08+00:00,false,,onsite,full_time,,,,,simplify,https://simplify.jobs/p/b754983d-94e3-4f1a-8fb3-2a1530d86073,,simplify,"[{""site"": ""simplify"", ""url"": ""https://simplify.jobs/p/b754983d-94e3-4f1a-8fb3-2a1530d86073""}]",[],[],"{""location"": [""San Francisco, CA, USA""]}",{},"{""location"": ""array_field""}",{}
https://simplify.jobs/p/c91217fb-4c03-4529-a4bc-e126d7a71f9c,Frontend Engineer - SaaS Maintenance,Marrina Decisions,Remote; Remote in India,,,,,,2026-09-04T12:09:01+00:00,2026-08-18T06:17:44+00:00,false,,remote,full_time,junior | mid,,,,simplify,https://simplify.jobs/p/c91217fb-4c03-4529-a4bc-e126d7a71f9c,,simplify,"[{""site"": ""simplify"", ""url"": ""https://simplify.jobs/p/c91217fb-4c03-4529-a4bc-e126d7a71f9c""}]",[],[],"{""location"": [""Remote; Remote in India""]}",{},"{""location"": ""array_field""}",{}
https://simplify.jobs/p/c9ee3f05-191b-4529-af6f-d0fb2a2bf1a2,Frontend Developer Junior - Web Interactive - Operations & Technology,Lottomatica,"Rome, Metropolitan City of Rome Capital, Italy",32000.0,36000.0,EUR,,,2026-09-03T07:18:06+00:00,2026-08-27T00:00:00+00:00,false,,hybrid,full_time,junior,,,,simplify,https://simplify.jobs/p/c9ee3f05-191b-4529-af6f-d0fb2a2bf1a2,,simplify,"[{""site"": ""simplify"", ""url"": ""https://simplify.jobs/p/c9ee3f05-191b-4529-af6f-d0fb2a2bf1a2""}]",[],[],"{""location"": [""Rome, Metropolitan City of Rome Capital, Italy""]}",{},"{""location"": ""array_field""}",{}
https://simplify.jobs/p/68408124-24e1-46a5-ae00-bd7daccee626,Senior Frontend Engineer - Layla AI,Expedia Group,"Seattle, WA, USA; Austin, TX, USA",184500.0,295000.0,USD,,,2026-10-02T14:51:22+00:00,2026-08-21T00:00:00+00:00,false,,onsite,full_time,senior,,,,simplify,https://simplify.jobs/p/68408124-24e1-46a5-ae00-bd7daccee626,,simplify,"[{""site"": ""simplify"", ""url"": ""https://simplify.jobs/p/68408124-24e1-46a5-ae00-bd7daccee626""}]",[],[],"{""location"": [""Seattle, WA, USA; Austin, TX, USA""]}",{},"{""location"": ""array_field""}",{}
https://simplify.jobs/p/59905194-7a87-4e61-b225-b7ccef23b1de,Senior Software Engineer - Frontend,Circle,"Remote; Salt Lake City, UT, USA; Seattle, WA, USA; Washington, DC, USA; San Francisco, CA, USA; Austin, TX, USA; Tampa, FL, USA; Raleigh, NC, USA; Chicago, IL, USA; New York, NY, USA; Phoenix, AZ, USA; San Diego, CA, USA",152500.0,205000.0,USD,,,2026-10-02T10:49:17+00:00,2026-08-31T00:00:00+00:00,false,,remote,full_time,mid | senior,,,,simplify,https://simplify.jobs/p/59905194-7a87-4e61-b225-b7ccef23b1de,,simplify,"[{""site"": ""simplify"", ""url"": ""https://simplify.jobs/p/59905194-7a87-4e61-b225-b7ccef23b1de""}]",[],[],"{""location"": [""Remote; Salt Lake City, UT, USA; Seattle, WA, USA; Washington, DC, USA; San Francisco, CA, USA; Austin, TX, USA; Tampa, FL, USA; Raleigh, NC, USA; Chicago, IL, USA; New York, NY, USA; Phoenix, AZ, USA; San Diego, CA, USA""]}",{},"{""location"": ""array_field""}",{}
https://simplify.jobs/p/b05ba4c5-016d-48b3-888c-f09fa7f253ad,Frontend Engineer Intern - Global CRM,TikTok,"San Jose, CA, USA",45.0,60.0,USD,,,2026-09-04T10:42:01+00:00,2026-08-04T09:20:12+00:00,true,,onsite,internship,intern,,,,simplify,https://simplify.jobs/p/b05ba4c5-016d-48b3-888c-f09fa7f253ad,,simplify,"[{""site"": ""simplify"", ""url"": ""https://simplify.jobs/p/b05ba4c5-016d-48b3-888c-f09fa7f253ad""}]",[],[],"{""location"": [""San Jose, CA, USA""]}",{},"{""location"": ""array_field""}",{}
https://simplify.jobs/p/80073bca-d032-4758-8ea7-0bb4adc2467b,Software Engineer 1 – Frontend,Netomi,"Remote; Gurugram, Haryana, India",,,,,,2026-09-16T09:34:42+00:00,2026-06-26T09:07:33+00:00,false,,remote,full_time,junior | mid,,,,simplify,https://simplify.jobs/p/80073bca-d032-4758-8ea7-0bb4adc2467b,,simplify,"[{""site"": ""simplify"", ""url"": ""https://simplify.jobs/p/80073bca-d032-4758-8ea7-0bb4adc2467b""}]",[],[],"{""location"": [""Remote; Gurugram, Haryana, India""]}",{},"{""location"": ""array_field""}",{}
https://simplify.jobs/p/de6f1d0e-ae80-498b-8870-ca6d3f811ee3,Front-End Engineer,Zavo,"London, UK",80000.0,120000.0,GBP,,,2026-10-02T11:18:12+00:00,2026-07-21T01:12:03+00:00,false,,hybrid,full_time,mid,,,,simplify,https://simplify.jobs/p/de6f1d0e-ae80-498b-8870-ca6d3f811ee3,,simplify,"[{""site"": ""simplify"", ""url"": ""https://simplify.jobs/p/de6f1d0e-ae80-498b-8870-ca6d3f811ee3""}]",[],[],"{""location"": [""London, UK""]}",{},"{""location"": ""array_field""}",{}
https://simplify.jobs/p/302dd978-4877-42fb-bb06-dfeb095f1d75,Frontend Engineer,General Medicine,"Cambridge, MA, USA; San Francisco, CA, USA",,,,,,2026-09-04T08:15:01+00:00,2026-06-16T19:42:40+00:00,false,,hybrid,full_time,mid,,,,simplify,https://simplify.jobs/p/302dd978-4877-42fb-bb06-dfeb095f1d75,,simplify,"[{""site"": ""simplify"", ""url"": ""https://simplify.jobs/p/302dd978-4877-42fb-bb06-dfeb095f1d75""}]",[],[],"{""location"": [""Cambridge, MA, USA; San Francisco, CA, USA""]}",{},"{""location"": ""array_field""}",{}
https://simplify.jobs/p/29c88193-05df-41c2-9d90-e42c29dbeda9,Senior Front-End Developer,Version 1,"Portlaoise, Co. Laois, Ireland; Dublin, Ireland",,,,,,2026-09-26T08:36:01+00:00,2026-09-17T14:08:38+00:00,false,,hybrid,full_time,senior,,,,simplify,https://simplify.jobs/p/29c88193-05df-41c2-9d90-e42c29dbeda9,,simplify,"[{""site"": ""simplify"", ""url"": ""https://simplify.jobs/p/29c88193-05df-41c2-9d90-e42c29dbeda9""}]",[],[],"{""location"": [""Portlaoise, Co. Laois, Ireland; Dublin, Ireland""]}",{},"{""location"": ""array_field""}",{}
https://simplify.jobs/p/631e05f4-d9bb-44b8-aaa6-23ff74f73b1d,Senior Frontend Engineer,Amboss,"Berlin, Germany",,,,,,2026-10-02T10:30:01+00:00,2026-08-10T19:10:09+00:00,false,,hybrid,full_time,senior,,,,simplify,https://simplify.jobs/p/631e05f4-d9bb-44b8-aaa6-23ff74f73b1d,,simplify,"[{""site"": ""simplify"", ""url"": ""https://simplify.jobs/p/631e05f4-d9bb-44b8-aaa6-23ff74f73b1d""}]",[],[],"{""location"": [""Berlin, Germany""]}",{},"{""location"": ""array_field""}",{}
https://simplify.jobs/p/e6ada888-0a17-4ab7-98b6-33563aa4777e,Senior Frontend Engineer,LSEG,"London, UK",,,,,,2026-09-04T07:36:01+00:00,2026-07-04T11:38:35+00:00,false,,hybrid,full_time,senior,,,,simplify,https://simplify.jobs/p/e6ada888-0a17-4ab7-98b6-33563aa4777e,,simplify,"[{""site"": ""simplify"", ""url"": ""https://simplify.jobs/p/e6ada888-0a17-4ab7-98b6-33563aa4777e""}]",[],[],"{""location"": [""London, UK""]}",{},"{""location"": ""array_field""}",{}
https://simplify.jobs/p/c60e97fe-0715-40c4-82dc-2c564ec39c1f,Frontend Engineer,Sirius,"San Francisco, CA, USA",120000.0,180000.0,USD,,,2026-09-04T09:42:02+00:00,2026-07-21T01:15:05+00:00,false,,onsite,full_time,junior,,,,simplify,https://simplify.jobs/p/c60e97fe-0715-40c4-82dc-2c564ec39c1f,,simplify,"[{""site"": ""simplify"", ""url"": ""https://simplify.jobs/p/c60e97fe-0715-40c4-82dc-2c564ec39c1f""}]",[],[],"{""location"": [""San Francisco, CA, USA""]}",{},"{""location"": ""array_field""}",{}
https://simplify.jobs/p/091aac0a-16e7-4c81-adec-16382c6fc6c1,Web Frontend Engineer - Multiple Teams,Canonical,Remote; Remote in UK,48000.0,70000.0,USD,,,2026-09-04T06:57:01+00:00,2026-03-27T01:18:43+00:00,false,,remote,full_time,,,,,simplify,https://simplify.jobs/p/091aac0a-16e7-4c81-adec-16382c6fc6c1,,simplify,"[{""site"": ""simplify"", ""url"": ""https://simplify.jobs/p/091aac0a-16e7-4c81-adec-16382c6fc6c1""}]",[],[],"{""location"": [""Remote; Remote in UK""]}",{},"{""location"": ""array_field""}",{}
https://simplify.jobs/p/11eb7bce-6c6c-4f45-b793-2b6c3a3f5a68,Software Engineer 3 - Frontend - Storefront,Quince,"Palo Alto, CA, USA",195000.0,235000.0,USD,,,2026-09-23T22:24:37+00:00,2026-07-09T22:31:08+00:00,false,,onsite,full_time,senior,,,,simplify,https://simplify.jobs/p/11eb7bce-6c6c-4f45-b793-2b6c3a3f5a68,,simplify,"[{""site"": ""simplify"", ""url"": ""https://simplify.jobs/p/11eb7bce-6c6c-4f45-b793-2b6c3a3f5a68""}]",[],[],"{""location"": [""Palo Alto, CA, USA""]}",{},"{""location"": ""array_field""}",{}
https://simplify.jobs/p/bc67cb0f-289c-464d-8889-615f3d7e8724,Senior Frontend Engineer,Simple Machines,"London, UK",,,,,,2026-09-04T01:18:24+00:00,2026-08-08T01:18:23+00:00,false,,hybrid,full_time,senior,,,,simplify,https://simplify.jobs/p/bc67cb0f-289c-464d-8889-615f3d7e8724,,simplify,"[{""site"": ""simplify"", ""url"": ""https://simplify.jobs/p/bc67cb0f-289c-464d-8889-615f3d7e8724""}]",[],[],"{""location"": [""London, UK""]}",{},"{""location"": ""array_field""}",{}
https://simplify.jobs/p/58982157-9706-4f29-9548-565873e252c6,Frontend Engineer,Deepslate,"Remote; Remote in Germany; Berlin, Germany",50000.0,70000.0,EUR,,,2026-10-02T10:28:28+00:00,2026-07-21T01:15:24+00:00,false,,remote,full_time,mid,,,,simplify,https://simplify.jobs/p/58982157-9706-4f29-9548-565873e252c6,,simplify,"[{""site"": ""simplify"", ""url"": ""https://simplify.jobs/p/58982157-9706-4f29-9548-565873e252c6""}]",[],[],"{""location"": [""Remote; Remote in Germany; Berlin, Germany""]}",{},"{""location"": ""array_field""}",{}
https://simplify.jobs/p/9b517b46-fba4-4a24-a6f5-1863922530c1,Frontend Engineer - Founding Team,Fabrion,"San Francisco, CA, USA",,,,,,2026-09-04T07:12:12+00:00,2026-02-10T07:13:31+00:00,false,,onsite,full_time,mid | senior,,,,simplify,https://simplify.jobs/p/9b517b46-fba4-4a24-a6f5-1863922530c1,,simplify,"[{""site"": ""simplify"", ""url"": ""https://simplify.jobs/p/9b517b46-fba4-4a24-a6f5-1863922530c1""}]",[],[],"{""location"": [""San Francisco, CA, USA""]}",{},"{""location"": ""array_field""}",{}
https://simplify.jobs/p/6e462a77-4c45-4ae3-b33f-f8e29bfecbf8,Cloud-Native Frontend Developer Intern,SAP Fioneer,"Munich, Germany",,,,,,2026-09-04T00:27:22+00:00,2026-08-06T01:17:35+00:00,true,,hybrid,internship,intern,,,,simplify,https://simplify.jobs/p/6e462a77-4c45-4ae3-b33f-f8e29bfecbf8,,simplify,"[{""site"": ""simplify"", ""url"": ""https://simplify.jobs/p/6e462a77-4c45-4ae3-b33f-f8e29bfecbf8""}]",[],[],"{""location"": [""Munich, Germany""]}",{},"{""location"": ""array_field""}",{}
https://simplify.jobs/p/4057a9d3-dae1-4473-bdb0-8e53b5c0f6af,Software Engineer - Front-end,JFL Consulting,"Springfield, VA, USA",130000.0,220000.0,USD,,,2026-09-22T22:45:01+00:00,2026-08-14T01:00:43+00:00,false,,hybrid,full_time,mid,,,,simplify,https://simplify.jobs/p/4057a9d3-dae1-4473-bdb0-8e53b5c0f6af,,simplify,"[{""site"": ""simplify"", ""url"": ""https://simplify.jobs/p/4057a9d3-dae1-4473-bdb0-8e53b5c0f6af""}]",[],[],"{""location"": [""Springfield, VA, USA""]}",{},"{""location"": ""array_field""}",{}
https://simplify.jobs/p/88de15b9-1e57-4109-84a6-5823fe15963b,Senior Frontend Engineer,Taekus,Remote; Remote in USA,200000.0,230000.0,USD,,,2026-09-25T09:42:01+00:00,2026-08-20T00:54:12+00:00,false,,remote,full_time,senior,,,,simplify,https://simplify.jobs/p/88de15b9-1e57-4109-84a6-5823fe15963b,,simplify,"[{""site"": ""simplify"", ""url"": ""https://simplify.jobs/p/88de15b9-1e57-4109-84a6-5823fe15963b""}]",[],[],"{""location"": [""Remote; Remote in USA""]}",{},"{""location"": ""array_field""}",{}
https://simplify.jobs/p/354a153b-99e7-4996-ae0f-e27b97fd57e3,Front-end Developer,Blueberry Labs,"Hyderabad, Telangana, India",,,,,,2026-09-04T12:00:01+00:00,2026-08-18T01:12:59+00:00,false,,onsite,full_time,junior,,,,simplify,https://simplify.jobs/p/354a153b-99e7-4996-ae0f-e27b97fd57e3,,simplify,"[{""site"": ""simplify"", ""url"": ""https://simplify.jobs/p/354a153b-99e7-4996-ae0f-e27b97fd57e3""}]",[],[],"{""location"": [""Hyderabad, Telangana, India""]}",{},"{""location"": ""array_field""}",{}
https://simplify.jobs/p/0737e0f8-925c-47c7-b048-eb4ffeaef50a,Senior Frontend Developer-Application Development-Backend Development,EXL,"Noida, Uttar Pradesh, India",,,,,,2025-10-31T02:47:31+00:00,2025-10-31T02:47:31+00:00,false,,onsite,full_time,senior,,,,simplify,https://simplify.jobs/p/0737e0f8-925c-47c7-b048-eb4ffeaef50a,,simplify,"[{""site"": ""simplify"", ""url"": ""https://simplify.jobs/p/0737e0f8-925c-47c7-b048-eb4ffeaef50a""}]",[],[],"{""location"": [""Noida, Uttar Pradesh, India""]}",{},"{""location"": ""array_field""}",{}
https://simplify.jobs/p/2f06f96d-60e0-4d30-9e2c-a4b385b07a65,Senior Frontend Engineer,Forma.ai,"Toronto, ON, Canada",150000.0,190000.0,CAD,,,2026-09-04T05:18:01+00:00,2026-05-04T22:07:38+00:00,false,,onsite,full_time,senior,,,,simplify,https://simplify.jobs/p/2f06f96d-60e0-4d30-9e2c-a4b385b07a65,,simplify,"[{""site"": ""simplify"", ""url"": ""https://simplify.jobs/p/2f06f96d-60e0-4d30-9e2c-a4b385b07a65""}]",[],[],"{""location"": [""Toronto, ON, Canada""]}",{},"{""location"": ""array_field""}",{}
https://simplify.jobs/p/92e6a419-164c-4252-9b3c-e8c1ced696c8,Senior Frontend Engineer,ClickUp,Remote; Remote in Ireland; Remote in Canada,,,,,,2026-09-25T09:45:05+00:00,2026-05-19T01:09:31+00:00,false,,remote,full_time,senior,,,,simplify,https://simplify.jobs/p/92e6a419-164c-4252-9b3c-e8c1ced696c8,,simplify,"[{""site"": ""simplify"", ""url"": ""https://simplify.jobs/p/92e6a419-164c-4252-9b3c-e8c1ced696c8""}]",[],[],"{""location"": [""Remote; Remote in Ireland; Remote in Canada""]}",{},"{""location"": ""array_field""}",{}
https://simplify.jobs/p/aead489a-f4ef-4259-880d-1f68e390dfeb,Senior Front-End Agentic AI Engineer,LTS,Remote; Remote in USA,,,,,,2026-10-02T22:09:14+00:00,2026-07-30T22:27:50+00:00,false,,remote,full_time,senior,,,,simplify,https://simplify.jobs/p/aead489a-f4ef-4259-880d-1f68e390dfeb,,simplify,"[{""site"": ""simplify"", ""url"": ""https://simplify.jobs/p/aead489a-f4ef-4259-880d-1f68e390dfeb""}]",[],[],"{""location"": [""Remote; Remote in USA""]}",{},"{""location"": ""array_field""}",{}
https://simplify.jobs/p/51670e1f-0011-45de-9ab9-e4c3c23b1a6d,Software Development Engineer - Frontend,Picton Mahoney Asset Management,"Toronto, ON, Canada",100000.0,130000.0,USD,,,2026-09-10T09:00:02+00:00,2026-08-13T06:23:21+00:00,false,,hybrid,full_time,senior,,,,simplify,https://simplify.jobs/p/51670e1f-0011-45de-9ab9-e4c3c23b1a6d,,simplify,"[{""site"": ""simplify"", ""url"": ""https://simplify.jobs/p/51670e1f-0011-45de-9ab9-e4c3c23b1a6d""}]",[],[],"{""location"": [""Toronto, ON, Canada""]}",{},"{""location"": ""array_field""}",{}
https://simplify.jobs/p/aa37af5c-9648-4f40-8976-a23ef62d36c1,Staff Frontend Engineer,Vendelux,"New York, NY, USA",225000.0,250000.0,USD,,,2026-09-10T22:36:01+00:00,2026-09-10T22:30:36+00:00,false,,hybrid,full_time,senior,,,,simplify,https://simplify.jobs/p/aa37af5c-9648-4f40-8976-a23ef62d36c1,,simplify,"[{""site"": ""simplify"", ""url"": ""https://simplify.jobs/p/aa37af5c-9648-4f40-8976-a23ef62d36c1""}]",[],[],"{""location"": [""New York, NY, USA""]}",{},"{""location"": ""array_field""}",{}
https://simplify.jobs/p/07476e4b-f1b4-4fda-9272-618d23c41dc5,Frontend Developer,Valsoft,"Madrid, Spain",,,,,,2026-10-02T09:15:01+00:00,2026-10-02T09:13:22+00:00,false,,hybrid,full_time,junior,,,,simplify,https://simplify.jobs/p/07476e4b-f1b4-4fda-9272-618d23c41dc5,,simplify,"[{""site"": ""simplify"", ""url"": ""https://simplify.jobs/p/07476e4b-f1b4-4fda-9272-618d23c41dc5""}]",[],[],"{""location"": [""Madrid, Spain""]}",{},"{""location"": ""array_field""}",{}
https://simplify.jobs/p/c8439db9-c0cc-4548-a583-29b69cbb6fdd,Front-End Web Developer,Schweitzer Engineering Laboratories,"Pullman, WA, USA",84200.0,144400.0,USD,,,2026-09-04T09:42:02+00:00,2026-07-17T00:00:00+00:00,false,,onsite,full_time,mid,,,,simplify,https://simplify.jobs/p/c8439db9-c0cc-4548-a583-29b69cbb6fdd,,simplify,"[{""site"": ""simplify"", ""url"": ""https://simplify.jobs/p/c8439db9-c0cc-4548-a583-29b69cbb6fdd""}]",[],[],"{""location"": [""Pullman, WA, USA""]}",{},"{""location"": ""array_field""}",{}
https://simplify.jobs/p/b3fe4cf0-8e62-4167-bd79-8bbb81e06bde,Staff Frontend Engineer,US Mobile,"Montreal, QC, Canada",140000.0,230000.0,CAD,,,2026-09-04T09:30:01+00:00,2026-07-14T22:07:21+00:00,false,,hybrid,full_time,senior,,,,simplify,https://simplify.jobs/p/b3fe4cf0-8e62-4167-bd79-8bbb81e06bde,,simplify,"[{""site"": ""simplify"", ""url"": ""https://simplify.jobs/p/b3fe4cf0-8e62-4167-bd79-8bbb81e06bde""}]",[],[],"{""location"": [""Montreal, QC, Canada""]}",{},"{""location"": ""array_field""}",{}
https://simplify.jobs/p/dbbd44c6-fe20-4f70-9bcb-e0e628e5967a,Frontend Engineer,Ironflow AI,"San Diego, CA, USA",,,,,,2026-09-17T10:21:02+00:00,2026-07-15T14:02:43+00:00,false,,hybrid,full_time,senior,,,,simplify,https://simplify.jobs/p/dbbd44c6-fe20-4f70-9bcb-e0e628e5967a,,simplify,"[{""site"": ""simplify"", ""url"": ""https://simplify.jobs/p/dbbd44c6-fe20-4f70-9bcb-e0e628e5967a""}]",[],[],"{""location"": [""San Diego, CA, USA""]}",{},"{""location"": ""array_field""}",{}
https://simplify.jobs/p/5680593a-2e2a-446d-9a62-91ad0e38940b,Vice President Angular Front-End Engineer - Enterprise Transformation Organization,BNY,"Pittsburgh, PA, USA",,,,,,2026-09-04T05:18:01+00:00,2026-05-11T14:07:22+00:00,false,,onsite,full_time,senior,,,,simplify,https://simplify.jobs/p/5680593a-2e2a-446d-9a62-91ad0e38940b,,simplify,"[{""site"": ""simplify"", ""url"": ""https://simplify.jobs/p/5680593a-2e2a-446d-9a62-91ad0e38940b""}]",[],[],"{""location"": [""Pittsburgh, PA, USA""]}",{},"{""location"": ""array_field""}",{}
https://simplify.jobs/p/ff594262-9637-42f3-9648-7bb3fd4a8ca8,Mobile Application Developer - Front-end,Jobsbridge,"Southlake, TX, USA",,,,,,2026-09-04T07:24:02+00:00,2026-02-24T07:19:49+00:00,false,,onsite,full_time,mid,,,,simplify,https://simplify.jobs/p/ff594262-9637-42f3-9648-7bb3fd4a8ca8,,simplify,"[{""site"": ""simplify"", ""url"": ""https://simplify.jobs/p/ff594262-9637-42f3-9648-7bb3fd4a8ca8""}]",[],[],"{""location"": [""Southlake, TX, USA""]}",{},"{""location"": ""array_field""}",{}
https://simplify.jobs/p/917b7e68-3c7d-4176-9765-7f158e94d728,Frontend Engineer - Banking,OpenFX,"Bengaluru, Karnataka, India",,,,,,2026-09-04T00:27:22+00:00,2026-08-06T14:22:04+00:00,false,,onsite,full_time,senior,,,,simplify,https://simplify.jobs/p/917b7e68-3c7d-4176-9765-7f158e94d728,,simplify,"[{""site"": ""simplify"", ""url"": ""https://simplify.jobs/p/917b7e68-3c7d-4176-9765-7f158e94d728""}]",[],[],"{""location"": [""Bengaluru, Karnataka, India""]}",{},"{""location"": ""array_field""}",{}
https://simplify.jobs/p/fd51b592-d580-420d-9cf9-78df91f6a18c,Frontend Software Engineer - Ads Interface & Platform - Shop Ads,TikTok,"San Jose, CA, USA",162000.0,316800.0,USD,,,2026-09-04T07:12:12+00:00,2026-06-15T06:11:32+00:00,false,,onsite,full_time,mid,,,,simplify,https://simplify.jobs/p/fd51b592-d580-420d-9cf9-78df91f6a18c,,simplify,"[{""site"": ""simplify"", ""url"": ""https://simplify.jobs/p/fd51b592-d580-420d-9cf9-78df91f6a18c""}]",[],[],"{""location"": [""San Jose, CA, USA""]}",{},"{""location"": ""array_field""}",{}
https://simplify.jobs/p/0bf1abbc-b0a2-45fc-acab-09226f0eb6ef,Frontend Engineer,Avelios Medical,"Munich, Germany",,,,,,2026-10-02T09:49:15+00:00,2026-07-21T01:14:42+00:00,false,,onsite,full_time,mid,,,,simplify,https://simplify.jobs/p/0bf1abbc-b0a2-45fc-acab-09226f0eb6ef,,simplify,"[{""site"": ""simplify"", ""url"": ""https://simplify.jobs/p/0bf1abbc-b0a2-45fc-acab-09226f0eb6ef""}]",[],[],"{""location"": [""Munich, Germany""]}",{},"{""location"": ""array_field""}",{}
https://simplify.jobs/p/0f59bfff-a6e3-41a9-9fe5-9e06c0208b9f,Staff Frontend Software Engineer - AI Hub - Machine Learning Engineering,Qualcomm,"Santa Clara, CA, USA",208800.0,313200.0,USD,,,2026-09-18T08:35:49+00:00,2026-08-05T06:15:26+00:00,false,,onsite,full_time,mid | senior,,,,simplify,https://simplify.jobs/p/0f59bfff-a6e3-41a9-9fe5-9e06c0208b9f,,simplify,"[{""site"": ""simplify"", ""url"": ""https://simplify.jobs/p/0f59bfff-a6e3-41a9-9fe5-9e06c0208b9f""}]",[],[],"{""location"": [""Santa Clara, CA, USA""]}",{},"{""location"": ""array_field""}",{}
https://simplify.jobs/p/f03e0368-4bbe-43bd-bf05-897a538faa1b,Senior Software Engineer - Design Systems - Frontend,Faire,"Toronto, ON, Canada; Kitchener-Waterloo, Waterloo Regional Municipality, ON, Canada",160000.0,220000.0,CAD,,,2026-09-18T22:21:02+00:00,2026-08-24T22:07:41+00:00,false,,hybrid,full_time,mid | senior,,,,simplify,https://simplify.jobs/p/f03e0368-4bbe-43bd-bf05-897a538faa1b,,simplify,"[{""site"": ""simplify"", ""url"": ""https://simplify.jobs/p/f03e0368-4bbe-43bd-bf05-897a538faa1b""}]",[],[],"{""location"": [""Toronto, ON, Canada; Kitchener-Waterloo, Waterloo Regional Municipality, ON, Canada""]}",{},"{""location"": ""array_field""}",{}
https://simplify.jobs/p/893674cb-30c9-442d-b2b8-0ec15bb15ff1,Staff Engineer - Frontend,Primer.io,Remote; Remote in UK; Remote in Ireland,,,,,,2026-09-04T01:30:21+00:00,2026-08-10T19:09:57+00:00,false,,remote,full_time,senior,,,,simplify,https://simplify.jobs/p/893674cb-30c9-442d-b2b8-0ec15bb15ff1,,simplify,"[{""site"": ""simplify"", ""url"": ""https://simplify.jobs/p/893674cb-30c9-442d-b2b8-0ec15bb15ff1""}]",[],[],"{""location"": [""Remote; Remote in UK; Remote in Ireland""]}",{},"{""location"": ""array_field""}",{}
https://simplify.jobs/p/aa206575-69cd-4326-b510-cd6a6c04409c,Frontend Engineer,BJAK,"Remote; London, UK; Remote in UK",,,,,,2026-09-04T13:00:41+00:00,2026-08-28T23:01:57+00:00,false,,remote,full_time,mid,,,,simplify,https://simplify.jobs/p/aa206575-69cd-4326-b510-cd6a6c04409c,,simplify,"[{""site"": ""simplify"", ""url"": ""https://simplify.jobs/p/aa206575-69cd-4326-b510-cd6a6c04409c""}]",[],[],"{""location"": [""Remote; London, UK; Remote in UK""]}",{},"{""location"": ""array_field""}",{}
https://simplify.jobs/p/8b103e6f-b735-4287-8d57-89747b7be61f,Senior Frontend Engineer,Socure,"San Francisco, CA, USA",180000.0,210000.0,USD,,,2026-09-04T07:12:12+00:00,2026-01-19T23:14:02+00:00,false,,hybrid,full_time,mid | senior,,,,simplify,https://simplify.jobs/p/8b103e6f-b735-4287-8d57-89747b7be61f,,simplify,"[{""site"": ""simplify"", ""url"": ""https://simplify.jobs/p/8b103e6f-b735-4287-8d57-89747b7be61f""}]",[],[],"{""location"": [""San Francisco, CA, USA""]}",{},"{""location"": ""array_field""}",{}
https://simplify.jobs/p/d37be1cd-86e4-4447-a707-f7c41f7e082f,Senior Front-End Software Engineer,Bask Health,"Remote; Remote in USA; New York, NY, USA",,,,,,2026-09-04T00:51:21+00:00,2026-08-07T06:18:46+00:00,false,,remote,full_time,senior,,,,simplify,https://simplify.jobs/p/d37be1cd-86e4-4447-a707-f7c41f7e082f,,simplify,"[{""site"": ""simplify"", ""url"": ""https://simplify.jobs/p/d37be1cd-86e4-4447-a707-f7c41f7e082f""}]",[],[],"{""location"": [""Remote; Remote in USA; New York, NY, USA""]}",{},"{""location"": ""array_field""}",{}
https://simplify.jobs/p/05c53e5d-e702-4991-99a8-a096794db73b,Engineering Manager - Frontend Platform & Mobile,Zocdoc,Remote; Remote in USA,210000.0,270000.0,USD,,,2026-09-14T19:21:01+00:00,2026-07-14T22:11:51+00:00,false,,remote,full_time,mid | senior,,,,simplify,https://simplify.jobs/p/05c53e5d-e702-4991-99a8-a096794db73b,,simplify,"[{""site"": ""simplify"", ""url"": ""https://simplify.jobs/p/05c53e5d-e702-4991-99a8-a096794db73b""}]",[],[],"{""location"": [""Remote; Remote in USA""]}",{},"{""location"": ""array_field""}",{}
https://simplify.jobs/p/0ca893b9-f192-422d-b1e4-c5483672c352,Senior Android Software Engineer - Global E-commerce Frontend Infrastructure,TikTok,"Seattle, WA, USA",207480.0,368220.0,USD,,,2026-09-04T06:57:01+00:00,2026-03-30T06:12:42+00:00,false,,onsite,full_time,senior,,,,simplify,https://simplify.jobs/p/0ca893b9-f192-422d-b1e4-c5483672c352,,simplify,"[{""site"": ""simplify"", ""url"": ""https://simplify.jobs/p/0ca893b9-f192-422d-b1e4-c5483672c352""}]",[],[],"{""location"": [""Seattle, WA, USA""]}",{},"{""location"": ""array_field""}",{}
https://simplify.jobs/p/a620ce1f-683b-44da-b718-5b89809e34a0,Front-End Implementation - Synthesis - Engineer,Apple,"London, UK",,,,,,2026-09-03T17:24:21+00:00,2025-11-19T01:03:30+00:00,false,,onsite,full_time,mid,,,,simplify,https://simplify.jobs/p/a620ce1f-683b-44da-b718-5b89809e34a0,,simplify,"[{""site"": ""simplify"", ""url"": ""https://simplify.jobs/p/a620ce1f-683b-44da-b718-5b89809e34a0""}]",[],[],"{""location"": [""London, UK""]}",{},"{""location"": ""array_field""}",{}
https://simplify.jobs/p/9e7f69f1-1a01-4e66-a816-f7883561ffae,Senior Full-stack Software Engineer II - Frontend Leaning,Bestow,"Remote; Dallas, TX, USA; Remote in USA",180000.0,200000.0,USD,,,2026-09-26T10:24:01+00:00,2026-07-13T22:11:10+00:00,false,,remote,full_time,senior,,,,simplify,https://simplify.jobs/p/9e7f69f1-1a01-4e66-a816-f7883561ffae,,simplify,"[{""site"": ""simplify"", ""url"": ""https://simplify.jobs/p/9e7f69f1-1a01-4e66-a816-f7883561ffae""}]",[],[],"{""location"": [""Remote; Dallas, TX, USA; Remote in USA""]}",{},"{""location"": ""array_field""}",{}
https://simplify.jobs/p/e56fc6da-b492-42ab-add9-e892db8014bf,Senior Vice President - Front-End Engineer,BNY,"New York, NY, USA",184959.0,246000.0,USD,,,2026-09-04T05:18:01+00:00,2025-10-31T01:38:44+00:00,false,,hybrid,full_time,,,,,simplify,https://simplify.jobs/p/e56fc6da-b492-42ab-add9-e892db8014bf,,simplify,"[{""site"": ""simplify"", ""url"": ""https://simplify.jobs/p/e56fc6da-b492-42ab-add9-e892db8014bf""}]",[],[],"{""location"": [""New York, NY, USA""]}",{},"{""location"": ""array_field""}",{}
https://simplify.jobs/p/1ff88578-2448-40a7-b1a1-9c02e4f0a413,ASIC Front-End Methodology Engineer,AMD,"Hyderabad, Telangana, India",,,,,,2026-09-21T06:09:05+00:00,2026-09-21T06:06:13+00:00,false,,onsite,full_time,senior,,,,simplify,https://simplify.jobs/p/1ff88578-2448-40a7-b1a1-9c02e4f0a413,,simplify,"[{""site"": ""simplify"", ""url"": ""https://simplify.jobs/p/1ff88578-2448-40a7-b1a1-9c02e4f0a413""}]",[],[],"{""location"": [""Hyderabad, Telangana, India""]}",{},"{""location"": ""array_field""}",{}
https://simplify.jobs/p/14096462-853f-4c9c-af75-5abc2899de04,Frontend / UX Engineer,Atira,"Munich, Germany",,,,,,2026-09-03T19:51:22+00:00,2026-07-21T01:14:25+00:00,false,,onsite,full_time,mid,,,,simplify,https://simplify.jobs/p/14096462-853f-4c9c-af75-5abc2899de04,,simplify,"[{""site"": ""simplify"", ""url"": ""https://simplify.jobs/p/14096462-853f-4c9c-af75-5abc2899de04""}]",[],[],"{""location"": [""Munich, Germany""]}",{},"{""location"": ""array_field""}",{}
https://simplify.jobs/p/8d4ca3db-4194-4dd8-997f-7d0b9b5c635d,Frontend Central Process Integration Senior Engineer,Micron Technology,"Boise, ID, USA",,,,,,2026-09-03T18:21:22+00:00,2026-06-20T10:48:04+00:00,false,,onsite,full_time,senior,,,,simplify,https://simplify.jobs/p/8d4ca3db-4194-4dd8-997f-7d0b9b5c635d,,simplify,"[{""site"": ""simplify"", ""url"": ""https://simplify.jobs/p/8d4ca3db-4194-4dd8-997f-7d0b9b5c635d""}]",[],[],"{""location"": [""Boise, ID, USA""]}",{},"{""location"": ""array_field""}",{}
https://simplify.jobs/p/3bfeaa72-0ee5-4094-b488-20b375ae4733,Front-End CAD Engineer,Etched,"Cupertino, CA, USA",,,,,,2026-03-26T14:35:21+00:00,2026-03-26T14:35:21+00:00,false,,onsite,full_time,mid | senior,,,,simplify,https://simplify.jobs/p/3bfeaa72-0ee5-4094-b488-20b375ae4733,,simplify,"[{""site"": ""simplify"", ""url"": ""https://simplify.jobs/p/3bfeaa72-0ee5-4094-b488-20b375ae4733""}]",[],[],"{""location"": [""Cupertino, CA, USA""]}",{},"{""location"": ""array_field""}",{}
https://simplify.jobs/p/03a84543-4200-41a9-8f96-8cf8da59dc80,Camera Frontend Implementation Engineer - ASICS Engineering,Qualcomm,"Vancouver, BC, Canada",90100.0,135100.0,CAD,,,2026-09-04T07:12:12+00:00,2026-08-05T06:16:10+00:00,false,,onsite,full_time,junior | mid,,,,simplify,https://simplify.jobs/p/03a84543-4200-41a9-8f96-8cf8da59dc80,,simplify,"[{""site"": ""simplify"", ""url"": ""https://simplify.jobs/p/03a84543-4200-41a9-8f96-8cf8da59dc80""}]",[],[],"{""location"": [""Vancouver, BC, Canada""]}",{},"{""location"": ""array_field""}",{}
https://simplify.jobs/p/d276d461-39c3-4d54-896a-262121127157,Staff Full Stack Engineer - Frontend - Time Products,Rippling,"Seattle, WA, USA; San Francisco, CA, USA; New York, NY, USA",180000.0,315000.0,USD,,,2026-10-02T11:30:14+00:00,2025-10-31T01:35:36+00:00,false,,hybrid,full_time,senior,,,,simplify,https://simplify.jobs/p/d276d461-39c3-4d54-896a-262121127157,,simplify,"[{""site"": ""simplify"", ""url"": ""https://simplify.jobs/p/d276d461-39c3-4d54-896a-262121127157""}]",[],[],"{""location"": [""Seattle, WA, USA; San Francisco, CA, USA; New York, NY, USA""]}",{},"{""location"": ""array_field""}",{}
https://simplify.jobs/p/07c9cf0b-6ce6-42e9-88dc-9626b84697c1,Front-End Engineer,Apple,"Cupertino, CA, USA",,,,,,2026-10-01T22:31:33+00:00,2026-10-01T22:11:37+00:00,false,,onsite,full_time,mid,Conflicting salary across sites,,,simplify,https://simplify.jobs/p/07c9cf0b-6ce6-42e9-88dc-9626b84697c1 | https://simplify.jobs/p/de1338b3-fbd0-4805-aff8-77a075dd88b8,,simplify,"[{""site"": ""simplify"", ""url"": ""https://simplify.jobs/p/07c9cf0b-6ce6-42e9-88dc-9626b84697c1""}, {""site"": ""simplify"", ""url"": ""https://simplify.jobs/p/de1338b3-fbd0-4805-aff8-77a075dd88b8""}]",[],[],"{""location"": [""Cupertino, CA, USA""]}",{},"{""location"": ""array_field""}",{}
https://simplify.jobs/p/7d487a6c-9949-4694-8478-f9f8e040d4f8,Software Engineer - Frontend Developer Productivity,Palantir,"New York, NY, USA",135000.0,200000.0,USD,,,2026-09-04T05:18:01+00:00,2025-07-25T02:12:19+00:00,false,,hybrid,full_time,junior | mid,,,,simplify,https://simplify.jobs/p/7d487a6c-9949-4694-8478-f9f8e040d4f8,,simplify,"[{""site"": ""simplify"", ""url"": ""https://simplify.jobs/p/7d487a6c-9949-4694-8478-f9f8e040d4f8""}]",[],[],"{""location"": [""New York, NY, USA""]}",{},"{""location"": ""array_field""}",{}
https://simplify.jobs/p/ca1d8d22-e50d-4d41-b759-695e78dd574a,Full Stack Engineer - Frontend & Android Focus,Skild AI,"San Mateo, CA, USA",,,,,,2026-09-04T09:42:02+00:00,2026-07-21T01:32:00+00:00,false,,onsite,full_time,mid,,,,simplify,https://simplify.jobs/p/ca1d8d22-e50d-4d41-b759-695e78dd574a,,simplify,"[{""site"": ""simplify"", ""url"": ""https://simplify.jobs/p/ca1d8d22-e50d-4d41-b759-695e78dd574a""}]",[],[],"{""location"": [""San Mateo, CA, USA""]}",{},"{""location"": ""array_field""}",{}
https://simplify.jobs/p/ce5ec4b5-f23f-4b8b-8c10-85e6bac71291,Engineering Manager Frontend,Safran,"Paris, France",,,,,,2026-09-09T22:36:19+00:00,2026-09-09T22:21:50+00:00,false,,hybrid,full_time,senior,,,,simplify,https://simplify.jobs/p/ce5ec4b5-f23f-4b8b-8c10-85e6bac71291,,simplify,"[{""site"": ""simplify"", ""url"": ""https://simplify.jobs/p/ce5ec4b5-f23f-4b8b-8c10-85e6bac71291""}]",[],[],"{""location"": [""Paris, France""]}",{},"{""location"": ""array_field""}",{}
https://simplify.jobs/p/5befb6b3-235b-4d74-9bee-6ddc1c924f6a,Senior ASIC Front-End Design Engineer,Ethernovia,"San Jose, CA, USA",200000.0,300000.0,USD,,,2026-09-12T22:18:14+00:00,2026-09-12T22:16:28+00:00,false,,hybrid,full_time,senior,,,,simplify,https://simplify.jobs/p/5befb6b3-235b-4d74-9bee-6ddc1c924f6a,,simplify,"[{""site"": ""simplify"", ""url"": ""https://simplify.jobs/p/5befb6b3-235b-4d74-9bee-6ddc1c924f6a""}]",[],[],"{""location"": [""San Jose, CA, USA""]}",{},"{""location"": ""array_field""}",{}
https://simplify.jobs/p/eabc1eec-f560-4bb6-a6b5-f9cc84b703be,Product Software Engineering Manager - Frontend,The Walt Disney Company,"New York, NY, USA",179700.0,241000.0,USD,,,2026-09-09T22:27:45+00:00,2026-09-09T00:00:00+00:00,false,,hybrid,full_time,senior,,,,simplify,https://simplify.jobs/p/eabc1eec-f560-4bb6-a6b5-f9cc84b703be | https://simplify.jobs/p/1aa2810e-55a4-475a-8cac-c70136a9e46b,,simplify,"[{""site"": ""simplify"", ""url"": ""https://simplify.jobs/p/eabc1eec-f560-4bb6-a6b5-f9cc84b703be""}, {""site"": ""simplify"", ""url"": ""https://simplify.jobs/p/1aa2810e-55a4-475a-8cac-c70136a9e46b""}]",[],[],"{""location"": [""New York, NY, USA""]}",{},"{""location"": ""array_field""}",{}
https://simplify.jobs/p/69d90295-6c97-422f-baea-d2c6a71cde46,Staff Software Engineer - Glass Front-End & Back-End,Walmart,"Sunnyvale, CA, USA",143000.0,286000.0,USD,,,2026-10-02T13:06:28+00:00,2026-08-20T00:00:00+00:00,false,,onsite,full_time,mid | senior,,,,simplify,https://simplify.jobs/p/69d90295-6c97-422f-baea-d2c6a71cde46,,simplify,"[{""site"": ""simplify"", ""url"": ""https://simplify.jobs/p/69d90295-6c97-422f-baea-d2c6a71cde46""}]",[],[],"{""location"": [""Sunnyvale, CA, USA""]}",{},"{""location"": ""array_field""}",{}
https://simplify.jobs/p/96f11f30-fe78-4db5-81f2-699789c49f91,Backend / Frontend Developer Intern,Prospect Equities,"Chicago, IL, USA",,,,,,2026-09-04T10:30:02+00:00,2026-08-03T06:22:21+00:00,true,,onsite,internship,intern,,,,simplify,https://simplify.jobs/p/96f11f30-fe78-4db5-81f2-699789c49f91,,simplify,"[{""site"": ""simplify"", ""url"": ""https://simplify.jobs/p/96f11f30-fe78-4db5-81f2-699789c49f91""}]",[],[],"{""location"": [""Chicago, IL, USA""]}",{},"{""location"": ""array_field""}",{}
https://simplify.jobs/p/4164df36-ea8c-4827-9fe0-e221c5bb831c,Fullstack Engineer - Frontend Focus,Inference,"San Francisco, CA, USA",120000.0,180000.0,USD,,,2026-09-04T07:12:12+00:00,2026-02-12T07:14:44+00:00,false,,hybrid,full_time,senior,,,,simplify,https://simplify.jobs/p/4164df36-ea8c-4827-9fe0-e221c5bb831c,,simplify,"[{""site"": ""simplify"", ""url"": ""https://simplify.jobs/p/4164df36-ea8c-4827-9fe0-e221c5bb831c""}]",[],[],"{""location"": [""San Francisco, CA, USA""]}",{},"{""location"": ""array_field""}",{}
https://simplify.jobs/p/b9efc8c4-55ea-4e0f-9282-d26f001f9f81,Senior 2 Frontend Engineer - Engine,Gen Digital,"New York, NY, USA",163500.0,191360.0,USD,,,2026-09-04T08:15:01+00:00,2026-06-10T09:06:17+00:00,false,,hybrid,full_time,senior,,,,simplify,https://simplify.jobs/p/b9efc8c4-55ea-4e0f-9282-d26f001f9f81,,simplify,"[{""site"": ""simplify"", ""url"": ""https://simplify.jobs/p/b9efc8c4-55ea-4e0f-9282-d26f001f9f81""}]",[],[],"{""location"": [""New York, NY, USA""]}",{},"{""location"": ""array_field""}",{}
https://simplify.jobs/p/b01dc716-68a7-42e0-90ed-426e96202e07,Software Systems Engineer - Java Developer with Frontend,AmNet Services,"Warren, NJ, USA",,,,,,2026-09-04T02:06:24+00:00,2026-08-12T06:06:22+00:00,false,,onsite,full_time,senior,,,,simplify,https://simplify.jobs/p/b01dc716-68a7-42e0-90ed-426e96202e07,,simplify,"[{""site"": ""simplify"", ""url"": ""https://simplify.jobs/p/b01dc716-68a7-42e0-90ed-426e96202e07""}]",[],[],"{""location"": [""Warren, NJ, USA""]}",{},"{""location"": ""array_field""}",{}
https://simplify.jobs/p/27ec0493-d16d-4b6b-a373-2bd1c64c8617,Product Engineer - Frontend,Ampersand,"San Francisco, CA, USA",125000.0,288000.0,USD,,,2026-10-02T09:54:11+00:00,2026-06-19T01:09:09+00:00,false,,hybrid,full_time,mid,,,,simplify,https://simplify.jobs/p/27ec0493-d16d-4b6b-a373-2bd1c64c8617,,simplify,"[{""site"": ""simplify"", ""url"": ""https://simplify.jobs/p/27ec0493-d16d-4b6b-a373-2bd1c64c8617""}]",[],[],"{""location"": [""San Francisco, CA, USA""]}",{},"{""location"": ""array_field""}",{}
https://simplify.jobs/p/0366ae86-3b4f-4c73-8330-36ea045c03a5,Frontend Engineer,Brown Brothers Harriman,"Remote; Boston, MA, USA; Jersey City, NJ, USA; New York, NY, USA",85000.0,135000.0,USD,,,2026-09-12T08:33:38+00:00,2026-08-06T00:00:00+00:00,false,,remote,full_time,mid,,,,simplify,https://simplify.jobs/p/0366ae86-3b4f-4c73-8330-36ea045c03a5,,simplify,"[{""site"": ""simplify"", ""url"": ""https://simplify.jobs/p/0366ae86-3b4f-4c73-8330-36ea045c03a5""}]",[],[],"{""location"": [""Remote; Boston, MA, USA; Jersey City, NJ, USA; New York, NY, USA""]}",{},"{""location"": ""array_field""}",{}
https://simplify.jobs/p/de6e8e72-0f9b-46b4-adda-b828079ab2c1,Front-End RTL Infrastructure - CAD Engineer,Apple,"Beaverton, OR, USA; Cupertino, CA, USA",,,,,,2026-09-03T18:48:22+00:00,2026-06-11T22:04:59+00:00,false,,onsite,full_time,mid,,,,simplify,https://simplify.jobs/p/de6e8e72-0f9b-46b4-adda-b828079ab2c1,,simplify,"[{""site"": ""simplify"", ""url"": ""https://simplify.jobs/p/de6e8e72-0f9b-46b4-adda-b828079ab2c1""}]",[],[],"{""location"": [""Beaverton, OR, USA; Cupertino, CA, USA""]}",{},"{""location"": ""array_field""}",{}
https://simplify.jobs/p/9c929a10-6849-4a00-afe6-e27f3e01480a,Graphics Front-End Integration Engineer,Apple,"Austin, TX, USA; Santa Clara, CA, USA",,,,,,2026-09-03T17:03:18+00:00,2026-05-06T14:10:57+00:00,false,,onsite,full_time,mid,,,,simplify,https://simplify.jobs/p/9c929a10-6849-4a00-afe6-e27f3e01480a,,simplify,"[{""site"": ""simplify"", ""url"": ""https://simplify.jobs/p/9c929a10-6849-4a00-afe6-e27f3e01480a""}]",[],[],"{""location"": [""Austin, TX, USA; Santa Clara, CA, USA""]}",{},"{""location"": ""array_field""}",{}
https://simplify.jobs/p/8ea48afd-8740-4e3e-9b2a-0ac0896447e0,"Software Engineer - Fullstack, Backend or Frontend",Faire,"Toronto, ON, Canada; Kitchener-Waterloo, Waterloo Regional Municipality, ON, Canada",129500.0,178000.0,CAD,,,2026-09-04T08:27:01+00:00,2026-06-22T22:10:32+00:00,false,,hybrid,full_time,mid,,,,simplify,https://simplify.jobs/p/8ea48afd-8740-4e3e-9b2a-0ac0896447e0,,simplify,"[{""site"": ""simplify"", ""url"": ""https://simplify.jobs/p/8ea48afd-8740-4e3e-9b2a-0ac0896447e0""}]",[],[],"{""location"": [""Toronto, ON, Canada; Kitchener-Waterloo, Waterloo Regional Municipality, ON, Canada""]}",{},"{""location"": ""array_field""}",{}
https://simplify.jobs/p/1be82213-5795-4379-802d-43707016432e,Full-Stack Engineer - Front-End Leaning,Solve Intelligence,"London, UK",100000.0,220000.0,USD,,,2026-09-03T20:48:22+00:00,2026-07-15T14:12:28+00:00,false,,onsite,full_time,mid,,,,simplify,https://simplify.jobs/p/1be82213-5795-4379-802d-43707016432e,,simplify,"[{""site"": ""simplify"", ""url"": ""https://simplify.jobs/p/1be82213-5795-4379-802d-43707016432e""}]",[],[],"{""location"": [""London, UK""]}",{},"{""location"": ""array_field""}",{}
https://simplify.jobs/p/3ecbb044-c291-403b-97bc-19480e8c2c29,Associate Frontend Developer,EXL,"Noida, Uttar Pradesh, India",,,,,,2026-09-04T03:12:21+00:00,2026-08-05T09:12:19+00:00,false,,onsite,full_time,mid,,,,simplify,https://simplify.jobs/p/3ecbb044-c291-403b-97bc-19480e8c2c29,,simplify,"[{""site"": ""simplify"", ""url"": ""https://simplify.jobs/p/3ecbb044-c291-403b-97bc-19480e8c2c29""}]",[],[],"{""location"": [""Noida, Uttar Pradesh, India""]}",{},"{""location"": ""array_field""}",{}
https://simplify.jobs/p/88d510dc-6055-4edf-b8ee-869bd3f07a07,Front-end Software Development Engineer,Vantor,"Herndon, VA, USA",93000.0,157300.0,USD,,,2026-10-02T12:27:34+00:00,2026-09-24T00:00:00+00:00,false,,hybrid,full_time,senior,,,,simplify,https://simplify.jobs/p/88d510dc-6055-4edf-b8ee-869bd3f07a07,,simplify,"[{""site"": ""simplify"", ""url"": ""https://simplify.jobs/p/88d510dc-6055-4edf-b8ee-869bd3f07a07""}]",[],[],"{""location"": [""Herndon, VA, USA""]}",{},"{""location"": ""array_field""}",{}
https://simplify.jobs/p/81f4e835-c789-43e9-abd0-7e674deff756,Frontend Engineer,Fable,"San Francisco, CA, USA",135000.0,220000.0,USD,,,2026-09-04T06:57:01+00:00,2025-07-29T23:17:41+00:00,false,,hybrid,full_time,mid,,,,simplify,https://simplify.jobs/p/81f4e835-c789-43e9-abd0-7e674deff756,,simplify,"[{""site"": ""simplify"", ""url"": ""https://simplify.jobs/p/81f4e835-c789-43e9-abd0-7e674deff756""}]",[],[],"{""location"": [""San Francisco, CA, USA""]}",{},"{""location"": ""array_field""}",{}
https://simplify.jobs/p/d7f101ad-005f-4359-8787-d855a510cb03,PHP Front-End Developer,Jobsbridge,"Denver, CO, USA",,,,,,2026-09-03T17:55:00+00:00,2026-02-24T07:20:25+00:00,false,,onsite,full_time,senior,,,,simplify,https://simplify.jobs/p/d7f101ad-005f-4359-8787-d855a510cb03,,simplify,"[{""site"": ""simplify"", ""url"": ""https://simplify.jobs/p/d7f101ad-005f-4359-8787-d855a510cb03""}]",[],[],"{""location"": [""Denver, CO, USA""]}",{},"{""location"": ""array_field""}",{}
https://simplify.jobs/p/a4449bf6-34a2-4134-a45c-a68f063e8774,Engineering Manager - Frontend,ClickUp,Remote; Remote in USA,200000.0,250000.0,USD,,,2026-09-03T18:27:21+00:00,2026-05-19T01:09:31+00:00,false,,remote,full_time,senior,,,,simplify,https://simplify.jobs/p/a4449bf6-34a2-4134-a45c-a68f063e8774,,simplify,"[{""site"": ""simplify"", ""url"": ""https://simplify.jobs/p/a4449bf6-34a2-4134-a45c-a68f063e8774""}]",[],[],"{""location"": [""Remote; Remote in USA""]}",{},"{""location"": ""array_field""}",{}
https://simplify.jobs/p/7cfc682a-039c-4944-b1d7-3fdf78cf2c04,Frontend Software Engineer 3 - Mobile,Captain Fresh,"Remote; Bengaluru, Karnataka, India",,,,,,2026-09-03T15:03:13+00:00,2026-08-18T01:36:22+00:00,false,,remote,full_time,mid | senior,,,,simplify,https://simplify.jobs/p/7cfc682a-039c-4944-b1d7-3fdf78cf2c04,,simplify,"[{""site"": ""simplify"", ""url"": ""https://simplify.jobs/p/7cfc682a-039c-4944-b1d7-3fdf78cf2c04""}]",[],[],"{""location"": [""Remote; Bengaluru, Karnataka, India""]}",{},"{""location"": ""array_field""}",{}
https://simplify.jobs/p/03132d80-f154-4e78-92ec-53e93bb422e1,Senior Software Engineer - Fullstack - Backend or Frontend,Faire,"Toronto, ON, Canada; Waterloo, ON, Canada; Kitchener, ON, Canada",156000.0,214500.0,CAD,,,2026-09-04T07:24:02+00:00,2026-03-16T22:18:30+00:00,false,,hybrid,full_time,senior,,,,simplify,https://simplify.jobs/p/03132d80-f154-4e78-92ec-53e93bb422e1,,simplify,"[{""site"": ""simplify"", ""url"": ""https://simplify.jobs/p/03132d80-f154-4e78-92ec-53e93bb422e1""}]",[],[],"{""location"": [""Toronto, ON, Canada; Waterloo, ON, Canada; Kitchener, ON, Canada""]}",{},"{""location"": ""array_field""}",{}
https://simplify.jobs/p/fdb1b7ed-eff3-4404-beb5-5483d6675978,Software Developer - Frontend & Backend - Core Java & Angular,Bosch Home Comfort,"Bengaluru, Karnataka, India",,,,,,2026-09-03T19:12:22+00:00,2026-07-02T03:30:21+00:00,false,,onsite,full_time,mid | senior,,,,simplify,https://simplify.jobs/p/fdb1b7ed-eff3-4404-beb5-5483d6675978,,simplify,"[{""site"": ""simplify"", ""url"": ""https://simplify.jobs/p/fdb1b7ed-eff3-4404-beb5-5483d6675978""}]",[],[],"{""location"": [""Bengaluru, Karnataka, India""]}",{},"{""location"": ""array_field""}",{}
https://simplify.jobs/p/12daa4cb-32a7-44bc-8b0a-67ee7198967a,Front-End Engineering,Apple,"Austin, TX, USA",,,,,,2026-09-17T22:10:35+00:00,2026-09-03T02:24:34+00:00,false,,onsite,full_time,mid,,,,simplify,https://simplify.jobs/p/12daa4cb-32a7-44bc-8b0a-67ee7198967a | https://simplify.jobs/p/c127d3c0-85b9-4504-a75f-983cbc45a3d5,,simplify,"[{""site"": ""simplify"", ""url"": ""https://simplify.jobs/p/12daa4cb-32a7-44bc-8b0a-67ee7198967a""}, {""site"": ""simplify"", ""url"": ""https://simplify.jobs/p/c127d3c0-85b9-4504-a75f-983cbc45a3d5""}]",[],[],"{""location"": [""Austin, TX, USA""]}",{},"{""location"": ""array_field""}",{}
https://simplify.jobs/p/9a219301-428f-47df-87e2-55aeb49bf7a4,Innovation Engineer - Front-End Innovation,Milwaukee Tool,"Milwaukee, WI, USA",,,,,,2026-09-24T12:42:01+00:00,2026-07-22T00:00:00+00:00,false,,onsite,full_time,junior | mid,,,,simplify,https://simplify.jobs/p/9a219301-428f-47df-87e2-55aeb49bf7a4,,simplify,"[{""site"": ""simplify"", ""url"": ""https://simplify.jobs/p/9a219301-428f-47df-87e2-55aeb49bf7a4""}]",[],[],"{""location"": [""Milwaukee, WI, USA""]}",{},"{""location"": ""array_field""}",{}
https://simplify.jobs/p/fe86bc30-683f-4693-9ca3-71829dbe6aad,Full Stack Engineer - Front-End Angular/React & Back-End Java,Accenture,"Ottawa, ON, Canada",69450.0,119450.0,CAD,,,2026-09-04T12:00:01+00:00,2026-08-14T00:00:00+00:00,false,,hybrid,full_time,mid,,,,simplify,https://simplify.jobs/p/fe86bc30-683f-4693-9ca3-71829dbe6aad,,simplify,"[{""site"": ""simplify"", ""url"": ""https://simplify.jobs/p/fe86bc30-683f-4693-9ca3-71829dbe6aad""}]",[],[],"{""location"": [""Ottawa, ON, Canada""]}",{},"{""location"": ""array_field""}",{}
https://simplify.jobs/p/c79f430c-780a-417a-a3f0-8dcf4b1583f7,Front-End Engineering,Apple,"Cupertino, CA, USA",150400.0,225300.0,USD,,,2026-09-17T22:12:02+00:00,2026-09-17T22:03:19+00:00,false,,onsite,full_time,mid,,,,simplify,https://simplify.jobs/p/c79f430c-780a-417a-a3f0-8dcf4b1583f7,,simplify,"[{""site"": ""simplify"", ""url"": ""https://simplify.jobs/p/c79f430c-780a-417a-a3f0-8dcf4b1583f7""}]",[],[],"{""location"": [""Cupertino, CA, USA""]}",{},"{""location"": ""array_field""}",{}
https://simplify.jobs/p/ece3e899-5c30-415a-b307-a4c90058324e,Senior iOS Software Engineer - Global E-commerce Frontend Infrastructure,TikTok,"San Jose, CA, USA",218400.0,387600.0,USD,,,2026-09-04T06:57:01+00:00,2026-06-15T06:11:34+00:00,false,,onsite,full_time,senior,,,,simplify,https://simplify.jobs/p/ece3e899-5c30-415a-b307-a4c90058324e,,simplify,"[{""site"": ""simplify"", ""url"": ""https://simplify.jobs/p/ece3e899-5c30-415a-b307-a4c90058324e""}]",[],[],"{""location"": [""San Jose, CA, USA""]}",{},"{""location"": ""array_field""}",{}
https://simplify.jobs/p/189d5cee-bdd1-417f-94f3-ec59e0bd38f8,Senior Frontend Engineer,Loop AI,"Bengaluru, Karnataka, India",,,,,,2026-09-04T05:18:01+00:00,2025-12-04T23:43:34+00:00,false,,onsite,full_time,senior,,,,simplify,https://simplify.jobs/p/189d5cee-bdd1-417f-94f3-ec59e0bd38f8,,simplify,"[{""site"": ""simplify"", ""url"": ""https://simplify.jobs/p/189d5cee-bdd1-417f-94f3-ec59e0bd38f8""}]",[],[],"{""location"": [""Bengaluru, Karnataka, India""]}",{},"{""location"": ""array_field""}",{}
https://simplify.jobs/p/31b6f351-2d22-41d9-b5fd-434e77aaca84,"Full-Stack Software Engineer - Frontend, Backend & Cloud - Applied & Agentic AI Systems",Roche,"Hyderabad, Telangana, India",,,,,,2026-09-29T06:15:01+00:00,2026-09-13T19:04:01+00:00,false,,onsite,full_time,senior,,,,simplify,https://simplify.jobs/p/31b6f351-2d22-41d9-b5fd-434e77aaca84,,simplify,"[{""site"": ""simplify"", ""url"": ""https://simplify.jobs/p/31b6f351-2d22-41d9-b5fd-434e77aaca84""}]",[],[],"{""location"": [""Hyderabad, Telangana, India""]}",{},"{""location"": ""array_field""}",{}
https://simplify.jobs/p/c521dc27-88b9-424d-ab81-e523a0b09c7e,AI Full-Stack Engineer Graduate - Corporate Service System - Frontend,ByteDance,Dubai - United Arab Emirates,,,,,,2026-09-03T21:45:21+00:00,2026-08-03T09:16:35+00:00,false,,onsite,full_time,,,,,simplify,https://simplify.jobs/p/c521dc27-88b9-424d-ab81-e523a0b09c7e,,simplify,"[{""site"": ""simplify"", ""url"": ""https://simplify.jobs/p/c521dc27-88b9-424d-ab81-e523a0b09c7e""}]",[],[],"{""location"": [""Dubai - United Arab Emirates""]}",{},"{""location"": ""array_field""}",{}
https://simplify.jobs/p/99241df9-142a-4ba1-9516-6119f8d4b0fa,Service Delivery Center - Workflow Platform Frontend Engineer - Analyst,Ernst & Young,"Remote; Dallas, TX, USA; Alpharetta, GA, USA",55400.0,128500.0,USD,,,2026-09-18T22:12:11+00:00,2026-09-11T22:12:53+00:00,false,,remote,full_time,junior | mid,,,,simplify,https://simplify.jobs/p/99241df9-142a-4ba1-9516-6119f8d4b0fa,,simplify,"[{""site"": ""simplify"", ""url"": ""https://simplify.jobs/p/99241df9-142a-4ba1-9516-6119f8d4b0fa""}]",[],[],"{""location"": [""Remote; Dallas, TX, USA; Alpharetta, GA, USA""]}",{},"{""location"": ""array_field""}",{}
https://simplify.jobs/p/43eab927-f5c6-4531-a60f-4f626da51980,Frontend Engineer 3 - Mobile App,Zilch,"London, UK",,,,,,2026-09-24T14:25:58+00:00,2026-09-24T14:21:52+00:00,false,,hybrid,full_time,senior,,,,simplify,https://simplify.jobs/p/43eab927-f5c6-4531-a60f-4f626da51980,,simplify,"[{""site"": ""simplify"", ""url"": ""https://simplify.jobs/p/43eab927-f5c6-4531-a60f-4f626da51980""}]",[],[],"{""location"": [""London, UK""]}",{},"{""location"": ""array_field""}",{}
https://simplify.jobs/p/00885751-4ed8-4752-a80e-64d0a475b614,Staff Software Engineer - Frontend,Databricks,"New York, NY, USA",190900.0,253750.0,USD,,,2026-09-04T07:12:12+00:00,2026-01-21T20:50:32+00:00,false,,onsite,full_time,senior,,,,simplify,https://simplify.jobs/p/00885751-4ed8-4752-a80e-64d0a475b614,,simplify,"[{""site"": ""simplify"", ""url"": ""https://simplify.jobs/p/00885751-4ed8-4752-a80e-64d0a475b614""}]",[],[],"{""location"": [""New York, NY, USA""]}",{},"{""location"": ""array_field""}",{}
https://simplify.jobs/p/f1593138-0c97-40e0-a922-4f60b9196866,Full Stack Engineer - Front-End,Salient,"San Francisco, CA, USA",180000.0,250000.0,USD,,,2026-09-04T07:24:02+00:00,2026-07-13T22:11:20+00:00,false,,onsite,full_time,mid,,,,simplify,https://simplify.jobs/p/f1593138-0c97-40e0-a922-4f60b9196866,,simplify,"[{""site"": ""simplify"", ""url"": ""https://simplify.jobs/p/f1593138-0c97-40e0-a922-4f60b9196866""}]",[],[],"{""location"": [""San Francisco, CA, USA""]}",{},"{""location"": ""array_field""}",{}
https://simplify.jobs/p/831d07e8-2803-41dc-8104-1391a644fefb,Senior Full Stack JavaScript Developer - SSR / Front-End Leaning,Social News Desk,Remote; Remote in USA,,,,,,2026-09-04T09:42:02+00:00,2026-07-21T01:15:55+00:00,false,,remote,full_time,senior,,,,simplify,https://simplify.jobs/p/831d07e8-2803-41dc-8104-1391a644fefb,,simplify,"[{""site"": ""simplify"", ""url"": ""https://simplify.jobs/p/831d07e8-2803-41dc-8104-1391a644fefb""}]",[],[],"{""location"": [""Remote; Remote in USA""]}",{},"{""location"": ""array_field""}",{}
https://simplify.jobs/p/1980240a-8306-45e9-b825-7621794703f5,Technical Consultant - Front-end Development,Veeva Systems,"Remote; Raleigh, NC, USA",75000.0,150000.0,USD,,,2026-09-04T02:51:24+00:00,2026-09-03T22:31:31+00:00,false,,remote,full_time,mid,,,,simplify,https://simplify.jobs/p/1980240a-8306-45e9-b825-7621794703f5,,simplify,"[{""site"": ""simplify"", ""url"": ""https://simplify.jobs/p/1980240a-8306-45e9-b825-7621794703f5""}]",[],[],"{""location"": [""Remote; Raleigh, NC, USA""]}",{},"{""location"": ""array_field""}",{}
https://simplify.jobs/p/c0e7ab82-cc60-4b94-b3b9-b0f8f19050c0,Front-End Engineer,Apple,"Austin, TX, USA",,,,,,2026-10-01T22:24:04+00:00,2026-09-03T02:24:09+00:00,false,,onsite,full_time,mid,,,,simplify,https://simplify.jobs/p/c0e7ab82-cc60-4b94-b3b9-b0f8f19050c0 | https://simplify.jobs/p/7850fcdc-683b-4d7c-ac1c-d30b845fc784 | https://simplify.jobs/p/9c6e6236-e03f-458a-ae3a-acb2b72cd824 | https://simplify.jobs/p/c14d0ddf-783c-4574-aaef-a66be7fbf20c,,simplify,"[{""site"": ""simplify"", ""url"": ""https://simplify.jobs/p/c0e7ab82-cc60-4b94-b3b9-b0f8f19050c0""}, {""site"": ""simplify"", ""url"": ""https://simplify.jobs/p/7850fcdc-683b-4d7c-ac1c-d30b845fc784""}, {""site"": ""simplify"", ""url"": ""https://simplify.jobs/p/9c6e6236-e03f-458a-ae3a-acb2b72cd824""}, {""site"": ""simplify"", ""url"": ""https://simplify.jobs/p/c14d0ddf-783c-4574-aaef-a66be7fbf20c""}]",[],[],"{""location"": [""Austin, TX, USA""]}",{},"{""location"": ""array_field""}",{}
https://simplify.jobs/p/2cd12ae6-328a-40e8-8e17-4086d0867044,Full-Stack Engineer - Front-End Leaning,ElevenLabs,"Remote; Boston, MA, USA; London, UK; Washington, DC, USA; Los Angeles, CA, USA; Remote in UK; Remote in Ireland; New York, NY, USA; Dublin, Ireland",,,,,,2026-10-02T09:51:03+00:00,2025-10-31T02:08:19+00:00,false,,remote,full_time,mid,,,,simplify,https://simplify.jobs/p/2cd12ae6-328a-40e8-8e17-4086d0867044,,simplify,"[{""site"": ""simplify"", ""url"": ""https://simplify.jobs/p/2cd12ae6-328a-40e8-8e17-4086d0867044""}]",[],[],"{""location"": [""Remote; Boston, MA, USA; London, UK; Washington, DC, USA; Los Angeles, CA, USA; Remote in UK; Remote in Ireland; New York, NY, USA; Dublin, Ireland""]}",{},"{""location"": ""array_field""}",{}
https://simplify.jobs/p/ef5c2868-57c6-47b4-890f-23ce4fa7e555,Senior Frontend Engineer - Full-Stack Capable,Orkes,"Santa Clara, CA, USA",180000.0,240000.0,USD,,,2026-09-04T10:42:01+00:00,2026-08-03T22:05:32+00:00,false,,onsite,full_time,senior,,,,simplify,https://simplify.jobs/p/ef5c2868-57c6-47b4-890f-23ce4fa7e555,,simplify,"[{""site"": ""simplify"", ""url"": ""https://simplify.jobs/p/ef5c2868-57c6-47b4-890f-23ce4fa7e555""}]",[],[],"{""location"": [""Santa Clara, CA, USA""]}",{},"{""location"": ""array_field""}",{}
https://simplify.jobs/p/0cbaaf33-2983-474c-9041-93fb17c46dc4,Front-end Developer,Jobs for Humanity,"Remote; Florence, Metropolitan City of Florence, Italy",,,,,,2026-09-04T07:24:02+00:00,2026-02-24T07:25:04+00:00,false,,remote,full_time,mid,,,,simplify,https://simplify.jobs/p/0cbaaf33-2983-474c-9041-93fb17c46dc4,,simplify,"[{""site"": ""simplify"", ""url"": ""https://simplify.jobs/p/0cbaaf33-2983-474c-9041-93fb17c46dc4""}]",[],[],"{""location"": [""Remote; Florence, Metropolitan City of Florence, Italy""]}",{},"{""location"": ""array_field""}",{}
https://simplify.jobs/p/56d7b732-8b5e-430c-9a45-b3a624e08c2b,RTL Front-End Flow Optimization - CAD - Hardware Engineering,Qualcomm,"Bengaluru, Karnataka, India",,,,,,2026-09-07T08:24:01+00:00,2026-09-07T08:21:52+00:00,false,,onsite,full_time,mid | senior,,,,simplify,https://simplify.jobs/p/56d7b732-8b5e-430c-9a45-b3a624e08c2b,,simplify,"[{""site"": ""simplify"", ""url"": ""https://simplify.jobs/p/56d7b732-8b5e-430c-9a45-b3a624e08c2b""}]",[],[],"{""location"": [""Bengaluru, Karnataka, India""]}",{},"{""location"": ""array_field""}",{}
https://simplify.jobs/p/c7bbbc5e-4054-4c41-a670-1963130f48dd,Lead Frontend Engineer,Gen Digital,"New York, NY, USA",218400.0,239200.0,USD,,,2026-09-04T08:15:01+00:00,2026-06-10T09:06:18+00:00,false,,hybrid,full_time,,,,,simplify,https://simplify.jobs/p/c7bbbc5e-4054-4c41-a670-1963130f48dd,,simplify,"[{""site"": ""simplify"", ""url"": ""https://simplify.jobs/p/c7bbbc5e-4054-4c41-a670-1963130f48dd""}]",[],[],"{""location"": [""New York, NY, USA""]}",{},"{""location"": ""array_field""}",{}
https://simplify.jobs/p/87c9315e-4536-47a0-9886-f96612ebd6de,Full Stack Engineer - Frontend Focused,FanDuel,"Edinburgh, UK",,,,,,2026-10-01T14:36:01+00:00,2026-09-21T22:30:11+00:00,false,,onsite,full_time,mid,,,,simplify,https://simplify.jobs/p/87c9315e-4536-47a0-9886-f96612ebd6de,,simplify,"[{""site"": ""simplify"", ""url"": ""https://simplify.jobs/p/87c9315e-4536-47a0-9886-f96612ebd6de""}]",[],[],"{""location"": [""Edinburgh, UK""]}",{},"{""location"": ""array_field""}",{}
https://simplify.jobs/p/7922cc28-df39-42d4-b4e2-df4af06cebf1,Industrial Engineer - Front-End Expansion Planning,Micron Technology,"Boise, ID, USA",,,,,,2026-09-03T18:09:19+00:00,2026-06-13T14:40:36+00:00,false,,onsite,full_time,junior | mid,,,,simplify,https://simplify.jobs/p/7922cc28-df39-42d4-b4e2-df4af06cebf1,,simplify,"[{""site"": ""simplify"", ""url"": ""https://simplify.jobs/p/7922cc28-df39-42d4-b4e2-df4af06cebf1""}]",[],[],"{""location"": [""Boise, ID, USA""]}",{},"{""location"": ""array_field""}",{}
https://simplify.jobs/p/3d44fb45-1306-4b85-a882-b423b3fb3328,Radio Frequency Front-End Cyber Software Engineer,Peraton,"Fort Meade, MD, USA",146000.0,234000.0,USD,,,2026-09-04T07:12:12+00:00,2026-05-29T22:09:12+00:00,false,,onsite,full_time,,,,,simplify,https://simplify.jobs/p/3d44fb45-1306-4b85-a882-b423b3fb3328,,simplify,"[{""site"": ""simplify"", ""url"": ""https://simplify.jobs/p/3d44fb45-1306-4b85-a882-b423b3fb3328""}]",[],[],"{""location"": [""Fort Meade, MD, USA""]}",{},"{""location"": ""array_field""}",{}
https://simplify.jobs/p/c2fec85f-e342-4381-a4e8-c5f0bc5a73c7,Lead Frontend Methodology Engineer,Cadence Design Systems,"Bengaluru, Karnataka, India",,,,,,2026-09-03T17:09:30+00:00,2026-07-04T11:38:13+00:00,false,,onsite,full_time,senior,,,,simplify,https://simplify.jobs/p/c2fec85f-e342-4381-a4e8-c5f0bc5a73c7,,simplify,"[{""site"": ""simplify"", ""url"": ""https://simplify.jobs/p/c2fec85f-e342-4381-a4e8-c5f0bc5a73c7""}]",[],[],"{""location"": [""Bengaluru, Karnataka, India""]}",{},"{""location"": ""array_field""}",{}
https://simplify.jobs/p/2b7ed488-cefd-4466-bed4-16329057b564,Design Verification Engineer - Front-End Verification,Tenstorrent,"Austin, TX, USA; Santa Clara, CA, USA",100000.0,500000.0,USD,,,2026-09-04T14:43:27+00:00,2026-09-04T14:40:08+00:00,false,,hybrid,full_time,mid,,,,simplify,https://simplify.jobs/p/2b7ed488-cefd-4466-bed4-16329057b564,,simplify,"[{""site"": ""simplify"", ""url"": ""https://simplify.jobs/p/2b7ed488-cefd-4466-bed4-16329057b564""}]",[],[],"{""location"": [""Austin, TX, USA; Santa Clara, CA, USA""]}",{},"{""location"": ""array_field""}",{}
https://simplify.jobs/p/32f72e21-6274-44e7-aef3-87d5351a0cb7,Full-Stack Java Frontend Developer,Jobsbridge,"San Mateo, CA, USA",,,,,,2026-09-04T07:24:02+00:00,2026-02-24T07:17:21+00:00,false,,onsite,full_time,senior,,,,simplify,https://simplify.jobs/p/32f72e21-6274-44e7-aef3-87d5351a0cb7 | https://simplify.jobs/p/320b4407-6a5f-4112-83f1-db3993f54fd4,,simplify,"[{""site"": ""simplify"", ""url"": ""https://simplify.jobs/p/32f72e21-6274-44e7-aef3-87d5351a0cb7""}, {""site"": ""simplify"", ""url"": ""https://simplify.jobs/p/320b4407-6a5f-4112-83f1-db3993f54fd4""}]",[],[],"{""location"": [""San Mateo, CA, USA""]}",{},"{""location"": ""array_field""}",{}
https://simplify.jobs/p/f68ea3c4-df3c-4a8e-afd6-c7b7e47176cc,Staff Engineer - GPU Front-End Infrastructure/Methodology,Samsung,"Austin, TX, USA; San Jose, CA, USA",151000.0,226600.0,USD,,,2026-09-03T18:27:21+00:00,2026-07-04T11:38:25+00:00,false,,onsite,full_time,mid | senior,,,,simplify,https://simplify.jobs/p/f68ea3c4-df3c-4a8e-afd6-c7b7e47176cc,,simplify,"[{""site"": ""simplify"", ""url"": ""https://simplify.jobs/p/f68ea3c4-df3c-4a8e-afd6-c7b7e47176cc""}]",[],[],"{""location"": [""Austin, TX, USA; San Jose, CA, USA""]}",{},"{""location"": ""array_field""}",{}
https://simplify.jobs/p/eec1fc14-8b99-48b7-a3c7-2ac7882fef5f,Senior Staff RTL Design Engineer - CPU Frontend,SiFive,"Cambridge, UK; Santa Clara, CA, USA",205740.0,251460.0,USD,,,2026-09-03T22:03:21+00:00,2026-08-04T00:00:00+00:00,false,,onsite,full_time,senior,,,,simplify,https://simplify.jobs/p/eec1fc14-8b99-48b7-a3c7-2ac7882fef5f,,simplify,"[{""site"": ""simplify"", ""url"": ""https://simplify.jobs/p/eec1fc14-8b99-48b7-a3c7-2ac7882fef5f""}]",[],[],"{""location"": [""Cambridge, UK; Santa Clara, CA, USA""]}",{},"{""location"": ""array_field""}",{}
https://simplify.jobs/p/b6092f7f-a9cd-4706-9ffd-79cc090e6bec,Solidity Compiler Frontend Engineer,Certik,Remote; Remote in USA,140000.0,220000.0,USD,,,2026-09-04T13:18:01+00:00,2025-10-31T02:04:12+00:00,false,,remote,full_time,mid | senior,,,,simplify,https://simplify.jobs/p/b6092f7f-a9cd-4706-9ffd-79cc090e6bec,,simplify,"[{""site"": ""simplify"", ""url"": ""https://simplify.jobs/p/b6092f7f-a9cd-4706-9ffd-79cc090e6bec""}]",[],[],"{""location"": [""Remote; Remote in USA""]}",{},"{""location"": ""array_field""}",{}
https://simplify.jobs/p/9b14eb37-6096-4ea0-8ffe-3a8764689096,Informatics Software Engineer - Full‑Stack / Front-End,Abbott,"Milan, Metropolitan City of Milan, Italy",,,,,,2026-09-03T19:24:26+00:00,2026-07-10T00:00:00+00:00,false,,hybrid,full_time,mid,,,,simplify,https://simplify.jobs/p/9b14eb37-6096-4ea0-8ffe-3a8764689096,,simplify,"[{""site"": ""simplify"", ""url"": ""https://simplify.jobs/p/9b14eb37-6096-4ea0-8ffe-3a8764689096""}]",[],[],"{""location"": [""Milan, Metropolitan City of Milan, Italy""]}",{},"{""location"": ""array_field""}",{}
https://simplify.jobs/p/841a6c0f-15cd-4cb5-b654-fa744d83b404,Engineering Manager - Front-End - UI/UX,StackBlitz,Remote; Remote in USA,,,,,,2026-09-03T18:09:19+00:00,2026-03-27T01:25:12+00:00,false,,remote,full_time,mid | senior,,,,simplify,https://simplify.jobs/p/841a6c0f-15cd-4cb5-b654-fa744d83b404,,simplify,"[{""site"": ""simplify"", ""url"": ""https://simplify.jobs/p/841a6c0f-15cd-4cb5-b654-fa744d83b404""}]",[],[],"{""location"": [""Remote; Remote in USA""]}",{},"{""location"": ""array_field""}",{}
https://simplify.jobs/p/0875536e-6816-4c9d-abc7-4ee48e1923cd,Front-End Software Engineer,Bask Health,"New York, NY, USA",,,,,,2026-09-04T00:51:21+00:00,2026-08-07T06:18:33+00:00,false,,hybrid,full_time,senior,,,,simplify,https://simplify.jobs/p/0875536e-6816-4c9d-abc7-4ee48e1923cd,,simplify,"[{""site"": ""simplify"", ""url"": ""https://simplify.jobs/p/0875536e-6816-4c9d-abc7-4ee48e1923cd""}]",[],[],"{""location"": [""New York, NY, USA""]}",{},"{""location"": ""array_field""}",{}
https://simplify.jobs/p/dcd9d73f-d342-4cdf-8f6e-217b1e1be74e,Senior RF Front-End Module Design Engineer - RFIC Engineering,SpaceX,"Redmond, WA, USA",160000.0,225000.0,USD,,,2026-09-04T07:36:01+00:00,2026-04-09T22:18:49+00:00,false,,onsite,full_time,senior,,,,simplify,https://simplify.jobs/p/dcd9d73f-d342-4cdf-8f6e-217b1e1be74e,,simplify,"[{""site"": ""simplify"", ""url"": ""https://simplify.jobs/p/dcd9d73f-d342-4cdf-8f6e-217b1e1be74e""}]",[],[],"{""location"": [""Redmond, WA, USA""]}",{},"{""location"": ""array_field""}",{}
https://simplify.jobs/p/d5fd2fa9-25f6-481d-969a-2fa10400ec8a,SoC Front-End Implementation Engineer,Apple,"Cupertino, CA, USA",,,,,,2026-09-04T07:12:12+00:00,2025-11-19T00:59:15+00:00,false,,onsite,full_time,mid,,,,simplify,https://simplify.jobs/p/d5fd2fa9-25f6-481d-969a-2fa10400ec8a,,simplify,"[{""site"": ""simplify"", ""url"": ""https://simplify.jobs/p/d5fd2fa9-25f6-481d-969a-2fa10400ec8a""}]",[],[],"{""location"": [""Cupertino, CA, USA""]}",{},"{""location"": ""array_field""}",{}
https://simplify.jobs/p/7e20b9ca-4872-407e-b231-db7001b7319e,Front-end Software Engineering Lead & Manager,Citi,"Mississauga, ON, Canada",145100.0,217700.0,CAD,,,2026-09-25T22:33:01+00:00,2026-09-25T00:00:00+00:00,false,,hybrid,full_time,,,,,simplify,https://simplify.jobs/p/7e20b9ca-4872-407e-b231-db7001b7319e,,simplify,"[{""site"": ""simplify"", ""url"": ""https://simplify.jobs/p/7e20b9ca-4872-407e-b231-db7001b7319e""}]",[],[],"{""location"": [""Mississauga, ON, Canada""]}",{},"{""location"": ""array_field""}",{}
https://simplify.jobs/p/563774dd-b83c-4ac8-a742-f949bffac8dc,Front-End Full Stack Developer,Jobsbridge,"Sunnyvale, CA, USA",,,,,,2026-09-04T07:24:02+00:00,2026-02-24T07:20:14+00:00,false,,onsite,full_time,mid | senior,,,,simplify,https://simplify.jobs/p/563774dd-b83c-4ac8-a742-f949bffac8dc,,simplify,"[{""site"": ""simplify"", ""url"": ""https://simplify.jobs/p/563774dd-b83c-4ac8-a742-f949bffac8dc""}]",[],[],"{""location"": [""Sunnyvale, CA, USA""]}",{},"{""location"": ""array_field""}",{}
https://simplify.jobs/p/370c3a3f-9d76-4305-a751-f212a29ae3e2,Full Stack Django Developer - Frontend Focus - Contract,Tayco,"Etobicoke, ON, Canada",65000.0,70000.0,CAD,,,2026-09-11T23:54:01+00:00,2026-09-11T23:51:45+00:00,false,,hybrid,contract,mid,,,,simplify,https://simplify.jobs/p/370c3a3f-9d76-4305-a751-f212a29ae3e2,,simplify,"[{""site"": ""simplify"", ""url"": ""https://simplify.jobs/p/370c3a3f-9d76-4305-a751-f212a29ae3e2""}]",[],[],"{""location"": [""Etobicoke, ON, Canada""]}",{},"{""location"": ""array_field""}",{}
https://simplify.jobs/p/8e07fbb5-f6bf-4a82-b0aa-69824d98d2de,Front-End RTL Infrastructure Engineer - CAD Engineer,Apple,"Beaverton, OR, USA; Cupertino, CA, USA",,,,,,2026-09-03T18:48:22+00:00,2026-06-11T22:04:58+00:00,false,,onsite,full_time,mid,,,,simplify,https://simplify.jobs/p/8e07fbb5-f6bf-4a82-b0aa-69824d98d2de,,simplify,"[{""site"": ""simplify"", ""url"": ""https://simplify.jobs/p/8e07fbb5-f6bf-4a82-b0aa-69824d98d2de""}]",[],[],"{""location"": [""Beaverton, OR, USA; Cupertino, CA, USA""]}",{},"{""location"": ""array_field""}",{}
https://simplify.jobs/p/6968feae-0d71-4360-8127-4de92d3adb0d,Senior RF Front-End Engineer,E-Space,"Santa Clara, CA, USA",160000.0,195000.0,USD,,,2026-09-24T09:52:07+00:00,2026-09-05T10:29:59+00:00,false,,onsite,full_time,mid | senior,,,,simplify,https://simplify.jobs/p/6968feae-0d71-4360-8127-4de92d3adb0d,,simplify,"[{""site"": ""simplify"", ""url"": ""https://simplify.jobs/p/6968feae-0d71-4360-8127-4de92d3adb0d""}]",[],[],"{""location"": [""Santa Clara, CA, USA""]}",{},"{""location"": ""array_field""}",{}
https://simplify.jobs/p/ff567cef-9f78-40a0-bb92-82a8a78c340c,Senior iOS Software Engineer - Global E-commerce Frontend Infrastructure,TikTok,"Seattle, WA, USA",207480.0,368220.0,USD,,,2026-09-04T06:57:01+00:00,2026-06-15T06:11:44+00:00,false,,onsite,full_time,senior,,,,simplify,https://simplify.jobs/p/ff567cef-9f78-40a0-bb92-82a8a78c340c,,simplify,"[{""site"": ""simplify"", ""url"": ""https://simplify.jobs/p/ff567cef-9f78-40a0-bb92-82a8a78c340c""}]",[],[],"{""location"": [""Seattle, WA, USA""]}",{},"{""location"": ""array_field""}",{}
https://simplify.jobs/p/804ed168-2f17-4246-988b-41529ee99f94,Frontend Developer - WPF/XAML,RealDefense,"Remote; Pasadena, CA, USA",,,,,,2026-09-04T07:24:02+00:00,2026-02-26T07:15:25+00:00,false,,remote,full_time,junior,,,,simplify,https://simplify.jobs/p/804ed168-2f17-4246-988b-41529ee99f94,,simplify,"[{""site"": ""simplify"", ""url"": ""https://simplify.jobs/p/804ed168-2f17-4246-988b-41529ee99f94""}]",[],[],"{""location"": [""Remote; Pasadena, CA, USA""]}",{},"{""location"": ""array_field""}",{}
https://simplify.jobs/p/e98a7257-2749-44c9-8cc1-823b692336ce,Full-Stack Engineer - Frontend,algo1,"London, UK",,,,,,2026-09-03T14:06:30+00:00,2026-08-18T22:57:50+00:00,false,,onsite,full_time,mid,,,,simplify,https://simplify.jobs/p/e98a7257-2749-44c9-8cc1-823b692336ce,,simplify,"[{""site"": ""simplify"", ""url"": ""https://simplify.jobs/p/e98a7257-2749-44c9-8cc1-823b692336ce""}]",[],[],"{""location"": [""London, UK""]}",{},"{""location"": ""array_field""}",{}
https://simplify.jobs/p/f3b61e27-65fd-47ec-94e4-5b4c782f06de,Frontend Engineer,Verneek,"New York, NY, USA",80000.0,140000.0,USD,,,2026-09-04T01:18:24+00:00,2026-08-08T01:19:50+00:00,false,,onsite,full_time,mid,,,,simplify,https://simplify.jobs/p/f3b61e27-65fd-47ec-94e4-5b4c782f06de,,simplify,"[{""site"": ""simplify"", ""url"": ""https://simplify.jobs/p/f3b61e27-65fd-47ec-94e4-5b4c782f06de""}]",[],[],"{""location"": [""New York, NY, USA""]}",{},"{""location"": ""array_field""}",{}
https://simplify.jobs/p/d5950b95-26bd-42c5-9ba5-e1b1da440e3b,Front-End Engineer,Apple,"Cupertino, CA, USA",150400.0,225300.0,USD,,,2026-09-17T22:12:02+00:00,2026-09-17T22:03:19+00:00,false,,onsite,full_time,junior | mid,,,,simplify,https://simplify.jobs/p/d5950b95-26bd-42c5-9ba5-e1b1da440e3b,,simplify,"[{""site"": ""simplify"", ""url"": ""https://simplify.jobs/p/d5950b95-26bd-42c5-9ba5-e1b1da440e3b""}]",[],[],"{""location"": [""Cupertino, CA, USA""]}",{},"{""location"": ""array_field""}",{}
https://simplify.jobs/p/461740ef-269b-4a96-898d-7181a96a97ce,Senior Software Engineer - Frontend Major,Back Market,"New York, NY, USA",160000.0,200000.0,USD,,,2026-09-09T10:39:29+00:00,2026-09-04T12:17:24+00:00,false,,hybrid,full_time,senior,,,,simplify,https://simplify.jobs/p/461740ef-269b-4a96-898d-7181a96a97ce,,simplify,"[{""site"": ""simplify"", ""url"": ""https://simplify.jobs/p/461740ef-269b-4a96-898d-7181a96a97ce""}]",[],[],"{""location"": [""New York, NY, USA""]}",{},"{""location"": ""array_field""}",{}
https://simplify.jobs/p/3a334e23-c6a0-4f36-a96b-5ab16ab613fb,Engineering Manager - Front-end background,Pigment,"Paris, France",90000.0,140000.0,EUR,,,2026-09-08T09:33:02+00:00,2026-09-01T09:30:57+00:00,false,,hybrid,full_time,mid | senior,,,,simplify,https://simplify.jobs/p/3a334e23-c6a0-4f36-a96b-5ab16ab613fb,,simplify,"[{""site"": ""simplify"", ""url"": ""https://simplify.jobs/p/3a334e23-c6a0-4f36-a96b-5ab16ab613fb""}]",[],[],"{""location"": [""Paris, France""]}",{},"{""location"": ""array_field""}",{}
https://simplify.jobs/p/2ac81173-86b5-4dbd-a7a9-260847c259cc,Software Engineer Intern - Front-End or Fullstack,Criteo,"Grenoble, France; Paris, France",,,,,,2026-09-22T09:42:01+00:00,2026-06-13T09:49:13+00:00,true,,hybrid,internship,intern,,,,simplify,https://simplify.jobs/p/2ac81173-86b5-4dbd-a7a9-260847c259cc,,simplify,"[{""site"": ""simplify"", ""url"": ""https://simplify.jobs/p/2ac81173-86b5-4dbd-a7a9-260847c259cc""}]",[],[],"{""location"": [""Grenoble, France; Paris, France""]}",{},"{""location"": ""array_field""}",{}
https://simplify.jobs/p/8c16a29c-5760-48f0-b73a-ee1fd738dec8,ASIC front-end verification engineer,Hewlett Packard Enterprise,"Bengaluru, Karnataka, India",,,,,,2026-09-04T08:27:01+00:00,2026-06-20T10:37:33+00:00,false,,onsite,full_time,mid,,,,simplify,https://simplify.jobs/p/8c16a29c-5760-48f0-b73a-ee1fd738dec8,,simplify,"[{""site"": ""simplify"", ""url"": ""https://simplify.jobs/p/8c16a29c-5760-48f0-b73a-ee1fd738dec8""}]",[],[],"{""location"": [""Bengaluru, Karnataka, India""]}",{},"{""location"": ""array_field""}",{}
https://simplify.jobs/p/16c00c11-998e-43c9-9659-3b326f14f0ae,AEM Frontend and Backend Senior Developer,NTT Data,"Bengaluru, Karnataka, India",,,,,,2026-09-03T15:39:14+00:00,2026-08-17T14:33:20+00:00,false,,onsite,full_time,senior,,,,simplify,https://simplify.jobs/p/16c00c11-998e-43c9-9659-3b326f14f0ae,,simplify,"[{""site"": ""simplify"", ""url"": ""https://simplify.jobs/p/16c00c11-998e-43c9-9659-3b326f14f0ae""}]",[],[],"{""location"": [""Bengaluru, Karnataka, India""]}",{},"{""location"": ""array_field""}",{}
https://simplify.jobs/p/2b02b8ad-6997-4b4c-ac85-caf3812c05fd,Senior RTL Design Engineer - CPU Frontend,SiFive,"Cambridge, UK; Santa Clara, CA, USA",158760.0,194040.0,USD,,,2026-09-04T07:36:01+00:00,2026-06-13T14:38:24+00:00,false,,onsite,full_time,mid,,,,simplify,https://simplify.jobs/p/2b02b8ad-6997-4b4c-ac85-caf3812c05fd,,simplify,"[{""site"": ""simplify"", ""url"": ""https://simplify.jobs/p/2b02b8ad-6997-4b4c-ac85-caf3812c05fd""}]",[],[],"{""location"": [""Cambridge, UK; Santa Clara, CA, USA""]}",{},"{""location"": ""array_field""}",{}
https://simplify.jobs/p/2f9b7f38-47b3-4077-b1c5-c3662866851c,Senior Frontend Engineer - Vehicle Software Integrity,General Motors,"Austin, TX, USA; Milford, MI, USA; Mountain View, CA, USA; Warren, MI, USA",,,,,,2026-10-02T15:25:07+00:00,2026-09-15T00:00:00+00:00,false,,hybrid,full_time,mid | senior,,,,simplify,https://simplify.jobs/p/2f9b7f38-47b3-4077-b1c5-c3662866851c,,simplify,"[{""site"": ""simplify"", ""url"": ""https://simplify.jobs/p/2f9b7f38-47b3-4077-b1c5-c3662866851c""}]",[],[],"{""location"": [""Austin, TX, USA; Milford, MI, USA; Mountain View, CA, USA; Warren, MI, USA""]}",{},"{""location"": ""array_field""}",{}
https://simplify.jobs/p/9a8cbadb-09d9-4e82-8f60-b62c879bb9e6,Engineering Lead - Frontend,Fever Up,Spain,,,,,,2026-09-16T22:45:02+00:00,2026-09-16T22:35:40+00:00,false,,onsite,full_time,mid,,,,simplify,https://simplify.jobs/p/9a8cbadb-09d9-4e82-8f60-b62c879bb9e6,,simplify,"[{""site"": ""simplify"", ""url"": ""https://simplify.jobs/p/9a8cbadb-09d9-4e82-8f60-b62c879bb9e6""}]",[],[],"{""location"": [""Spain""]}",{},"{""location"": ""array_field""}",{}
https://simplify.jobs/p/478d5b37-fee2-44d1-8b26-59fb1520cb3b,Mobile Engineer - Frontend,Glomopay,"Bengaluru, Karnataka, India",,,,,,2026-09-11T10:09:01+00:00,2026-08-11T06:15:59+00:00,false,,hybrid,full_time,mid,,,,simplify,https://simplify.jobs/p/478d5b37-fee2-44d1-8b26-59fb1520cb3b,,simplify,"[{""site"": ""simplify"", ""url"": ""https://simplify.jobs/p/478d5b37-fee2-44d1-8b26-59fb1520cb3b""}]",[],[],"{""location"": [""Bengaluru, Karnataka, India""]}",{},"{""location"": ""array_field""}",{}
https://simplify.jobs/p/0c0167e8-d75f-4678-8361-c8c27919844f,Frontend Engineer - React Native,Tempo,Remote; Remote in India,40000.0,60000.0,USD,,,2026-09-04T07:24:02+00:00,2026-03-05T15:21:03+00:00,false,,remote,full_time,mid,,,,simplify,https://simplify.jobs/p/0c0167e8-d75f-4678-8361-c8c27919844f,,simplify,"[{""site"": ""simplify"", ""url"": ""https://simplify.jobs/p/0c0167e8-d75f-4678-8361-c8c27919844f""}]",[],[],"{""location"": [""Remote; Remote in India""]}",{},"{""location"": ""array_field""}",{}
https://simplify.jobs/p/2ae32e70-fa70-4fde-b32f-79304cbee2fc,Senior Software Engineer - Frontend with Node JS,NEC Software Solutions,"Bengaluru, Karnataka, India",,,,,,2026-09-04T09:54:01+00:00,2026-07-24T14:04:44+00:00,false,,onsite,full_time,senior,,,,simplify,https://simplify.jobs/p/2ae32e70-fa70-4fde-b32f-79304cbee2fc,,simplify,"[{""site"": ""simplify"", ""url"": ""https://simplify.jobs/p/2ae32e70-fa70-4fde-b32f-79304cbee2fc""}]",[],[],"{""location"": [""Bengaluru, Karnataka, India""]}",{},"{""location"": ""array_field""}",{}
https://simplify.jobs/p/be8aefde-0ffe-4855-b7ce-5ffd9ff71183,Full Stack Engineer - Front-end Focus,ZOE,Remote; Remote in Germany; Remote in UK; Remote in Ireland; Remote in Spain,,,,,,2026-09-25T14:21:01+00:00,2026-09-25T14:19:46+00:00,false,,remote,full_time,mid,,,,simplify,https://simplify.jobs/p/be8aefde-0ffe-4855-b7ce-5ffd9ff71183,,simplify,"[{""site"": ""simplify"", ""url"": ""https://simplify.jobs/p/be8aefde-0ffe-4855-b7ce-5ffd9ff71183""}]",[],[],"{""location"": [""Remote; Remote in Germany; Remote in UK; Remote in Ireland; Remote in Spain""]}",{},"{""location"": ""array_field""}",{}
https://simplify.jobs/p/5abc44f0-96bc-4d92-a2cd-2c2e99aa1cd8,Senior Frontend Developer,ManTech,"Ashburn, VA, USA",114600.0,190200.0,USD,,,2026-09-04T03:12:21+00:00,2026-08-04T22:27:16+00:00,false,,hybrid,full_time,senior,,,,simplify,https://simplify.jobs/p/5abc44f0-96bc-4d92-a2cd-2c2e99aa1cd8,,simplify,"[{""site"": ""simplify"", ""url"": ""https://simplify.jobs/p/5abc44f0-96bc-4d92-a2cd-2c2e99aa1cd8""}]",[],[],"{""location"": [""Ashburn, VA, USA""]}",{},"{""location"": ""array_field""}",{}
https://simplify.jobs/p/086d3910-8105-4920-872d-c0e517e29dc1,Senior Frontend Software Engineer - Consumer Engineering,Reddit,Remote; Remote in USA,190800.0,267100.0,USD,,,2026-09-17T22:54:01+00:00,2026-09-17T22:30:25+00:00,false,,remote,full_time,senior,,,,simplify,https://simplify.jobs/p/086d3910-8105-4920-872d-c0e517e29dc1,,simplify,"[{""site"": ""simplify"", ""url"": ""https://simplify.jobs/p/086d3910-8105-4920-872d-c0e517e29dc1""}]",[],[],"{""location"": [""Remote; Remote in USA""]}",{},"{""location"": ""array_field""}",{}
https://simplify.jobs/p/98024197-7d62-4c84-8405-32795c5dbbaa,Senior Software Engineer - Frontend,Sardine,Remote; Remote in USA,145000.0,195000.0,USD,,,2026-09-28T10:39:02+00:00,2026-09-23T22:27:43+00:00,false,,remote,full_time,senior,,,,simplify,https://simplify.jobs/p/98024197-7d62-4c84-8405-32795c5dbbaa,,simplify,"[{""site"": ""simplify"", ""url"": ""https://simplify.jobs/p/98024197-7d62-4c84-8405-32795c5dbbaa""}]",[],[],"{""location"": [""Remote; Remote in USA""]}",{},"{""location"": ""array_field""}",{}
https://simplify.jobs/p/b3cf24e3-e342-4ffc-97b9-a63b6cfce86e,Frontend / Full-Stack Engineer - Senior or Staff,Finvari,"Seattle, WA, USA",180000.0,245000.0,USD,,,2026-09-03T06:30:06+00:00,2026-08-27T23:38:09+00:00,false,,hybrid,full_time,senior,,,,simplify,https://simplify.jobs/p/b3cf24e3-e342-4ffc-97b9-a63b6cfce86e,,simplify,"[{""site"": ""simplify"", ""url"": ""https://simplify.jobs/p/b3cf24e3-e342-4ffc-97b9-a63b6cfce86e""}]",[],[],"{""location"": [""Seattle, WA, USA""]}",{},"{""location"": ""array_field""}",{}
https://simplify.jobs/p/896525b7-d11a-42ab-981b-40c07470e902,Senior Digital Design Engineer - Synthesis & Front-End Implementation,NXP Semiconductors,"Pune, Maharashtra, India",,,,,,2026-09-04T07:12:12+00:00,2026-08-27T13:33:17+00:00,false,,onsite,full_time,senior,,,,simplify,https://simplify.jobs/p/896525b7-d11a-42ab-981b-40c07470e902,,simplify,"[{""site"": ""simplify"", ""url"": ""https://simplify.jobs/p/896525b7-d11a-42ab-981b-40c07470e902""}]",[],[],"{""location"": [""Pune, Maharashtra, India""]}",{},"{""location"": ""array_field""}",{}
https://simplify.jobs/p/b07b25bc-47d3-4490-8342-0dce2ca37cd5,Senior Flutter Frontend Developer,RWS,"London, UK; Norwich, UK",,,,,,2026-09-16T10:07:44+00:00,2026-09-08T16:03:50+00:00,false,,hybrid,full_time,senior,,,,simplify,https://simplify.jobs/p/b07b25bc-47d3-4490-8342-0dce2ca37cd5,,simplify,"[{""site"": ""simplify"", ""url"": ""https://simplify.jobs/p/b07b25bc-47d3-4490-8342-0dce2ca37cd5""}]",[],[],"{""location"": [""London, UK; Norwich, UK""]}",{},"{""location"": ""array_field""}",{}
https://simplify.jobs/p/ce303fb3-0876-4b61-bee6-66e538389113,Technical Consultant - Front-end Development,Veeva Systems,"Remote; Washington, DC, USA",75000.0,150000.0,USD,,,2026-09-04T02:51:24+00:00,2026-09-03T22:31:31+00:00,false,,remote,full_time,mid,,,,simplify,https://simplify.jobs/p/ce303fb3-0876-4b61-bee6-66e538389113,,simplify,"[{""site"": ""simplify"", ""url"": ""https://simplify.jobs/p/ce303fb3-0876-4b61-bee6-66e538389113""}]",[],[],"{""location"": [""Remote; Washington, DC, USA""]}",{},"{""location"": ""array_field""}",{}
https://simplify.jobs/p/8f40f43d-7d20-48b5-ac8a-a41e28545d0b,Product Engineer - Frontend Leaning,Alma,"Palo Alto, CA, USA; San Francisco, CA, USA",150000.0,250000.0,USD,,,2026-09-04T12:33:01+00:00,2026-08-22T02:36:44+00:00,false,,onsite,full_time,junior,,,,simplify,https://simplify.jobs/p/8f40f43d-7d20-48b5-ac8a-a41e28545d0b,,simplify,"[{""site"": ""simplify"", ""url"": ""https://simplify.jobs/p/8f40f43d-7d20-48b5-ac8a-a41e28545d0b""}]",[],[],"{""location"": [""Palo Alto, CA, USA; San Francisco, CA, USA""]}",{},"{""location"": ""array_field""}",{}
https://simplify.jobs/p/6c3e1229-6e0d-410e-a0e8-7253d5be0e2b,Principal Front-End Network Engineer - AI Infrastructure,Nscale,"Seattle, WA, USA; Houston, TX, USA; San Francisco, CA, USA; New York, NY, USA",,,,,,2026-09-17T09:12:01+00:00,2026-09-17T09:12:01+00:00,false,,onsite,full_time,,,,,simplify,https://simplify.jobs/p/6c3e1229-6e0d-410e-a0e8-7253d5be0e2b,,simplify,"[{""site"": ""simplify"", ""url"": ""https://simplify.jobs/p/6c3e1229-6e0d-410e-a0e8-7253d5be0e2b""}]",[],[],"{""location"": [""Seattle, WA, USA; Houston, TX, USA; San Francisco, CA, USA; New York, NY, USA""]}",{},"{""location"": ""array_field""}",{}
https://simplify.jobs/p/889be2c9-affd-4b6b-b986-6b46e83d7f54,Senior Frontend Developer - React Native,Hello Fresh,"Toronto, ON, Canada",120000.0,150000.0,CAD,,,2026-10-02T09:33:13+00:00,2026-09-25T22:17:58+00:00,false,,hybrid,full_time,senior,,,,simplify,https://simplify.jobs/p/889be2c9-affd-4b6b-b986-6b46e83d7f54 | https://simplify.jobs/p/13e05014-6885-4df1-a0f6-66e29878a27b,,simplify,"[{""site"": ""simplify"", ""url"": ""https://simplify.jobs/p/889be2c9-affd-4b6b-b986-6b46e83d7f54""}, {""site"": ""simplify"", ""url"": ""https://simplify.jobs/p/13e05014-6885-4df1-a0f6-66e29878a27b""}]",[],[],"{""location"": [""Toronto, ON, Canada""]}",{},"{""location"": ""array_field""}",{}
https://simplify.jobs/p/8f11d1ec-e4b0-4ffe-adb8-f0c85068c152,Lead Software Engineer - Frontend - Backend - Full Stack,Accenture,"Manchester, UK",,,,,,2026-09-25T10:15:01+00:00,2026-09-25T10:12:19+00:00,false,,hybrid,full_time,senior,,,,simplify,https://simplify.jobs/p/8f11d1ec-e4b0-4ffe-adb8-f0c85068c152,,simplify,"[{""site"": ""simplify"", ""url"": ""https://simplify.jobs/p/8f11d1ec-e4b0-4ffe-adb8-f0c85068c152""}]",[],[],"{""location"": [""Manchester, UK""]}",{},"{""location"": ""array_field""}",{}
https://simplify.jobs/p/ffdf44a5-32a2-438a-a5cf-687660067180,Software Engineer - Frontend,Mistral AI,"Île-de-France, France",,,,,,2026-09-14T17:33:01+00:00,2026-07-21T01:18:44+00:00,false,,hybrid,full_time,mid,,,,simplify,https://simplify.jobs/p/ffdf44a5-32a2-438a-a5cf-687660067180,,simplify,"[{""site"": ""simplify"", ""url"": ""https://simplify.jobs/p/ffdf44a5-32a2-438a-a5cf-687660067180""}]",[],[],"{""location"": [""Île-de-France, France""]}",{},"{""location"": ""array_field""}",{}
https://simplify.jobs/p/731fe177-2833-4b52-90ef-3307baeda22b,Cellular SoC Frontend STA Engineer,Apple,"Munich, Germany",,,,,,2026-09-03T17:24:21+00:00,2025-11-21T14:34:38+00:00,false,,onsite,full_time,mid | senior,,,,simplify,https://simplify.jobs/p/731fe177-2833-4b52-90ef-3307baeda22b,,simplify,"[{""site"": ""simplify"", ""url"": ""https://simplify.jobs/p/731fe177-2833-4b52-90ef-3307baeda22b""}]",[],[],"{""location"": [""Munich, Germany""]}",{},"{""location"": ""array_field""}",{}
https://simplify.jobs/p/b2a9f2bc-88cf-4b4a-90bb-38e0ba9bb916,Senior Engineering Manager - Frontend,Faraday Future,"Gardena, CA, USA",160000.0,200000.0,USD,,,2026-09-04T06:57:01+00:00,2025-11-07T16:45:59+00:00,false,,onsite,full_time,,,,,simplify,https://simplify.jobs/p/b2a9f2bc-88cf-4b4a-90bb-38e0ba9bb916,,simplify,"[{""site"": ""simplify"", ""url"": ""https://simplify.jobs/p/b2a9f2bc-88cf-4b4a-90bb-38e0ba9bb916""}]",[],[],"{""location"": [""Gardena, CA, USA""]}",{},"{""location"": ""array_field""}",{}
https://simplify.jobs/p/ccaf72f3-af3c-44d7-9453-e04509cb3015,Senior Fullstack Developer - Frontend,Ströer,"Remote; Düsseldorf, Germany",,,,,,2026-09-04T13:18:01+00:00,2026-09-03T14:06:37+00:00,false,,remote,full_time,senior,,,,simplify,https://simplify.jobs/p/ccaf72f3-af3c-44d7-9453-e04509cb3015,,simplify,"[{""site"": ""simplify"", ""url"": ""https://simplify.jobs/p/ccaf72f3-af3c-44d7-9453-e04509cb3015""}]",[],[],"{""location"": [""Remote; Düsseldorf, Germany""]}",{},"{""location"": ""array_field""}",{}
https://simplify.jobs/p/f65657ff-9f42-4256-ac69-c3a4b36628ea,Software Engineer - Desktop Frontend Developer - C#/Winforms,Virtu Financial,"New York, NY, USA",150000.0,200000.0,USD,,,2026-09-04T07:51:01+00:00,2026-05-04T22:11:23+00:00,false,,onsite,full_time,,,,,simplify,https://simplify.jobs/p/f65657ff-9f42-4256-ac69-c3a4b36628ea,,simplify,"[{""site"": ""simplify"", ""url"": ""https://simplify.jobs/p/f65657ff-9f42-4256-ac69-c3a4b36628ea""}]",[],[],"{""location"": [""New York, NY, USA""]}",{},"{""location"": ""array_field""}",{}
https://simplify.jobs/p/e83a8c05-3d41-49ed-9eeb-f7f66313ddf8,AEM Lead - Frontend Development - Edge Delivery Services,Infosys,"Sydney NSW, Australia",,,,,,2026-09-04T03:12:21+00:00,2026-08-05T01:17:05+00:00,false,,hybrid,full_time,senior,,,,simplify,https://simplify.jobs/p/e83a8c05-3d41-49ed-9eeb-f7f66313ddf8,,simplify,"[{""site"": ""simplify"", ""url"": ""https://simplify.jobs/p/e83a8c05-3d41-49ed-9eeb-f7f66313ddf8""}]",[],[],"{""location"": [""Sydney NSW, Australia""]}",{},"{""location"": ""array_field""}",{}
https://simplify.jobs/p/89f594f1-36b8-4da1-a6b7-4c345fc51e0b,Frontend Engineer Project Intern - Tiktok Multimedia Arch - 2026 - BS/MS,TikTok,"San Jose, CA, USA",45.0,45.0,USD,,,2026-09-04T07:12:12+00:00,2026-06-15T06:12:05+00:00,true,,onsite,internship,intern,,,,simplify,https://simplify.jobs/p/89f594f1-36b8-4da1-a6b7-4c345fc51e0b,,simplify,"[{""site"": ""simplify"", ""url"": ""https://simplify.jobs/p/89f594f1-36b8-4da1-a6b7-4c345fc51e0b""}]",[],[],"{""location"": [""San Jose, CA, USA""]}",{},"{""location"": ""array_field""}",{}
https://simplify.jobs/p/e18b8c83-6076-491b-9e54-eb329c4ada4b,Front-End Implementation Engineer - Staff - ASICS Engineering,Qualcomm,"Cork, Ireland",,,,,,2026-09-03T02:12:09+00:00,2026-09-01T19:39:37+00:00,false,,onsite,full_time,mid | senior,,,,simplify,https://simplify.jobs/p/e18b8c83-6076-491b-9e54-eb329c4ada4b,,simplify,"[{""site"": ""simplify"", ""url"": ""https://simplify.jobs/p/e18b8c83-6076-491b-9e54-eb329c4ada4b""}]",[],[],"{""location"": [""Cork, Ireland""]}",{},"{""location"": ""array_field""}",{}
https://simplify.jobs/p/53160aef-853d-472d-bc3f-48f09a86f31b,Front-End / Full-Stack Developer,Metacake,"Franklin, TN, USA",,,,,,2026-09-03T15:30:12+00:00,2026-08-18T01:10:24+00:00,false,,onsite,full_time,mid,,,,simplify,https://simplify.jobs/p/53160aef-853d-472d-bc3f-48f09a86f31b,,simplify,"[{""site"": ""simplify"", ""url"": ""https://simplify.jobs/p/53160aef-853d-472d-bc3f-48f09a86f31b""}]",[],[],"{""location"": [""Franklin, TN, USA""]}",{},"{""location"": ""array_field""}",{}
https://simplify.jobs/p/f51bb6ff-8eff-4987-8b46-214179e5c1b5,Senior Software Engineering Manager - Frontend and API,Ford Motor Company,Remote; Remote in USA,141700.0,281700.0,USD,,,2026-09-03T12:09:01+00:00,2026-08-21T22:11:50+00:00,false,,remote,full_time,senior,,,,simplify,https://simplify.jobs/p/f51bb6ff-8eff-4987-8b46-214179e5c1b5,,simplify,"[{""site"": ""simplify"", ""url"": ""https://simplify.jobs/p/f51bb6ff-8eff-4987-8b46-214179e5c1b5""}]",[],[],"{""location"": [""Remote; Remote in USA""]}",{},"{""location"": ""array_field""}",{}
https://simplify.jobs/p/3f0add4a-de0f-471a-b225-a3d3e1dbef00,SAP BW Frontend Developer,Atria Group,"Dallas, TX, USA",,,,,,2026-09-04T07:24:02+00:00,2026-02-19T07:14:10+00:00,false,,onsite,full_time,senior,,,,simplify,https://simplify.jobs/p/3f0add4a-de0f-471a-b225-a3d3e1dbef00,,simplify,"[{""site"": ""simplify"", ""url"": ""https://simplify.jobs/p/3f0add4a-de0f-471a-b225-a3d3e1dbef00""}]",[],[],"{""location"": [""Dallas, TX, USA""]}",{},"{""location"": ""array_field""}",{}
https://simplify.jobs/p/05af5282-3a1b-45ed-a9f6-22a0f05ae281,Principal Design Verification Engineer - CPU Core Frontend,SiFive,"Austin, TX, USA; Santa Clara, CA, USA",,,,,,2026-09-03T19:51:22+00:00,2026-07-19T00:00:00+00:00,false,,onsite,full_time,,,,,simplify,https://simplify.jobs/p/05af5282-3a1b-45ed-a9f6-22a0f05ae281,,simplify,"[{""site"": ""simplify"", ""url"": ""https://simplify.jobs/p/05af5282-3a1b-45ed-a9f6-22a0f05ae281""}]",[],[],"{""location"": [""Austin, TX, USA; Santa Clara, CA, USA""]}",{},"{""location"": ""array_field""}",{}
https://simplify.jobs/p/742af664-bd3e-42f4-9a4a-c4090ceb87c7,Senior Front-End Leaning Full-Stack Software Developer - Reactjs + GraphQL,Stoke Space,"Kent, WA, USA",154350.0,289380.0,USD,,,2026-09-04T06:57:01+00:00,2026-02-24T07:45:20+00:00,false,,onsite,full_time,senior,,,,simplify,https://simplify.jobs/p/742af664-bd3e-42f4-9a4a-c4090ceb87c7,,simplify,"[{""site"": ""simplify"", ""url"": ""https://simplify.jobs/p/742af664-bd3e-42f4-9a4a-c4090ceb87c7""}]",[],[],"{""location"": [""Kent, WA, USA""]}",{},"{""location"": ""array_field""}",{}
https://simplify.jobs/p/7995f4e6-e8a0-49a4-b38a-bb31eec02b09,Senior Front-End Engineer,The Trade Desk,"Ventura, CA, USA",174782.0,249700.0,USD,,,2026-09-12T00:01:27+00:00,2026-07-27T22:32:22+00:00,false,,hybrid,full_time,mid,,,,simplify,https://simplify.jobs/p/7995f4e6-e8a0-49a4-b38a-bb31eec02b09,,simplify,"[{""site"": ""simplify"", ""url"": ""https://simplify.jobs/p/7995f4e6-e8a0-49a4-b38a-bb31eec02b09""}]",[],[],"{""location"": [""Ventura, CA, USA""]}",{},"{""location"": ""array_field""}",{}
https://simplify.jobs/p/3e3f9be0-6a15-4389-b0f2-5863dabff938,Senior Frontend Engineer - Inference Console,Cerebras,"Toronto, ON, Canada; Sunnyvale, CA, USA",,,,,,2026-09-15T22:59:25+00:00,2026-09-15T22:24:23+00:00,false,,hybrid,full_time,senior,,,,simplify,https://simplify.jobs/p/3e3f9be0-6a15-4389-b0f2-5863dabff938,,simplify,"[{""site"": ""simplify"", ""url"": ""https://simplify.jobs/p/3e3f9be0-6a15-4389-b0f2-5863dabff938""}]",[],[],"{""location"": [""Toronto, ON, Canada; Sunnyvale, CA, USA""]}",{},"{""location"": ""array_field""}",{}
https://simplify.jobs/p/95dbeef8-5a16-4092-acb3-b84f1f4bfde4,SoC Front-End Implementation Engineer,Apple,"Cupertino, CA, USA",,,,,,2026-09-04T06:57:01+00:00,2025-11-19T01:05:07+00:00,false,,onsite,full_time,,,,,simplify,https://simplify.jobs/p/95dbeef8-5a16-4092-acb3-b84f1f4bfde4,,simplify,"[{""site"": ""simplify"", ""url"": ""https://simplify.jobs/p/95dbeef8-5a16-4092-acb3-b84f1f4bfde4""}]",[],[],"{""location"": [""Cupertino, CA, USA""]}",{},"{""location"": ""array_field""}",{}
https://simplify.jobs/p/d3c55e2a-133d-4172-b79f-7ddbc87522bc,Senior Software Engineer - Frontend,Harvey,"San Francisco, CA, USA; New York, NY, USA",193400.0,290000.0,USD,,,2026-10-02T11:12:10+00:00,2026-06-25T01:10:03+00:00,false,,hybrid,full_time,senior,,,,simplify,https://simplify.jobs/p/d3c55e2a-133d-4172-b79f-7ddbc87522bc,,simplify,"[{""site"": ""simplify"", ""url"": ""https://simplify.jobs/p/d3c55e2a-133d-4172-b79f-7ddbc87522bc""}]",[],[],"{""location"": [""San Francisco, CA, USA; New York, NY, USA""]}",{},"{""location"": ""array_field""}",{}
https://simplify.jobs/p/d432cc9c-4d7e-4d4e-a1e2-88df6fd4ffa2,Emulation Front-End Infrastructure Engineer,NVIDIA,"Santa Clara, CA, USA",136000.0,264500.0,USD,,,2026-09-04T06:18:01+00:00,2026-08-10T00:00:00+00:00,false,,onsite,full_time,mid | senior,,,,simplify,https://simplify.jobs/p/d432cc9c-4d7e-4d4e-a1e2-88df6fd4ffa2,,simplify,"[{""site"": ""simplify"", ""url"": ""https://simplify.jobs/p/d432cc9c-4d7e-4d4e-a1e2-88df6fd4ffa2""}]",[],[],"{""location"": [""Santa Clara, CA, USA""]}",{},"{""location"": ""array_field""}",{}
https://simplify.jobs/p/121716ab-1c37-4d2b-a476-7367cb81498f,Full Stack Engineering Manager - Front-End Angular/React & Back-End Java,Accenture,"Ottawa, ON, Canada",99450.0,209900.0,CAD,,,2026-09-09T14:54:02+00:00,2026-09-09T00:00:00+00:00,false,,hybrid,full_time,mid | senior,,,,simplify,https://simplify.jobs/p/121716ab-1c37-4d2b-a476-7367cb81498f,,simplify,"[{""site"": ""simplify"", ""url"": ""https://simplify.jobs/p/121716ab-1c37-4d2b-a476-7367cb81498f""}]",[],[],"{""location"": [""Ottawa, ON, Canada""]}",{},"{""location"": ""array_field""}",{}
https://simplify.jobs/p/bba25f90-3b3f-44c4-8702-98aa2add1d45,Software Engineer - Magnet One - Front-end - Back-end - Or full-stack opportunities,Magnet Forensics,"Kitchener, ON, Canada",90000.0,140000.0,CAD,,,2026-09-03T19:45:19+00:00,2026-07-16T22:05:57+00:00,false,,hybrid,full_time,mid,,,,simplify,https://simplify.jobs/p/bba25f90-3b3f-44c4-8702-98aa2add1d45,,simplify,"[{""site"": ""simplify"", ""url"": ""https://simplify.jobs/p/bba25f90-3b3f-44c4-8702-98aa2add1d45""}]",[],[],"{""location"": [""Kitchener, ON, Canada""]}",{},"{""location"": ""array_field""}",{}
https://simplify.jobs/p/dfba5e0d-9b4b-4f4a-99bf-0197f3fa1d2d,Senior Radio Frequency Front-End Design Engineer,Zipline,"South San Francisco, CA, USA",160000.0,250000.0,USD,,,2026-09-04T09:30:01+00:00,2026-07-14T06:05:37+00:00,false,,onsite,full_time,senior,,,,simplify,https://simplify.jobs/p/dfba5e0d-9b4b-4f4a-99bf-0197f3fa1d2d,,simplify,"[{""site"": ""simplify"", ""url"": ""https://simplify.jobs/p/dfba5e0d-9b4b-4f4a-99bf-0197f3fa1d2d""}]",[],[],"{""location"": [""South San Francisco, CA, USA""]}",{},"{""location"": ""array_field""}",{}
https://simplify.jobs/p/20e8390a-7220-4074-872e-d961dea3144c,Engineering Manager - Frontend,Wrapbook,Remote; Remote in USA; Remote in Canada,,,,,,2026-10-02T11:00:01+00:00,2026-06-08T14:08:06+00:00,false,,remote,full_time,mid,,,,simplify,https://simplify.jobs/p/20e8390a-7220-4074-872e-d961dea3144c,,simplify,"[{""site"": ""simplify"", ""url"": ""https://simplify.jobs/p/20e8390a-7220-4074-872e-d961dea3144c""}]",[],[],"{""location"": [""Remote; Remote in USA; Remote in Canada""]}",{},"{""location"": ""array_field""}",{}
https://simplify.jobs/p/45a30de5-4acc-4051-8256-e8ba40a10e39,Senior Android Software Engineer - Global E-commerce Frontend Infrastructure,TikTok,"San Jose, CA, USA",218400.0,387600.0,USD,,,2026-09-04T06:57:01+00:00,2026-06-05T06:11:32+00:00,false,,onsite,full_time,senior,,,,simplify,https://simplify.jobs/p/45a30de5-4acc-4051-8256-e8ba40a10e39,,simplify,"[{""site"": ""simplify"", ""url"": ""https://simplify.jobs/p/45a30de5-4acc-4051-8256-e8ba40a10e39""}]",[],[],"{""location"": [""San Jose, CA, USA""]}",{},"{""location"": ""array_field""}",{}
https://simplify.jobs/p/ed32415a-dd50-43b1-b896-5fabf03f7edd,Lead Software Engineer - Frontend Engineering - React Native,JP Morgan Chase,"London, UK",,,,,,2026-09-27T11:00:01+00:00,2026-06-05T14:07:59+00:00,false,,onsite,full_time,,,,,simplify,https://simplify.jobs/p/ed32415a-dd50-43b1-b896-5fabf03f7edd,,simplify,"[{""site"": ""simplify"", ""url"": ""https://simplify.jobs/p/ed32415a-dd50-43b1-b896-5fabf03f7edd""}]",[],[],"{""location"": [""London, UK""]}",{},"{""location"": ""array_field""}",{}
https://simplify.jobs/p/663604d6-09ac-4e5c-8a77-6ea33521fb59,Front-End Web-Based Java Developer - Openings,Atria Group,"Dallas, TX, USA",,,,,,2026-09-03T17:50:33+00:00,2026-02-19T07:14:17+00:00,false,,onsite,full_time,mid | senior,,,,simplify,https://simplify.jobs/p/663604d6-09ac-4e5c-8a77-6ea33521fb59,,simplify,"[{""site"": ""simplify"", ""url"": ""https://simplify.jobs/p/663604d6-09ac-4e5c-8a77-6ea33521fb59""}]",[],[],"{""location"": [""Dallas, TX, USA""]}",{},"{""location"": ""array_field""}",{}
https://simplify.jobs/p/c6d770cf-ece1-4ec5-a16b-ca4c10e09c6d,SCADA Front-End Engineer,Divcon,Remote; Remote in USA,,,,,,2026-10-02T11:09:15+00:00,2026-07-22T22:13:48+00:00,false,,remote,full_time,mid,,,,simplify,https://simplify.jobs/p/c6d770cf-ece1-4ec5-a16b-ca4c10e09c6d,,simplify,"[{""site"": ""simplify"", ""url"": ""https://simplify.jobs/p/c6d770cf-ece1-4ec5-a16b-ca4c10e09c6d""}]",[],[],"{""location"": [""Remote; Remote in USA""]}",{},"{""location"": ""array_field""}",{}
https://simplify.jobs/p/d3d6d0e4-8966-4bd8-937a-e0683f2d6e08,Senior RF Front-End Module Design Engineer - Radio Frequency IC Engineering,SpaceX,"Sunnyvale, CA, USA",170000.0,235000.0,USD,,,2026-09-04T05:18:01+00:00,2026-05-22T22:10:22+00:00,false,,onsite,full_time,senior,,,,simplify,https://simplify.jobs/p/d3d6d0e4-8966-4bd8-937a-e0683f2d6e08,,simplify,"[{""site"": ""simplify"", ""url"": ""https://simplify.jobs/p/d3d6d0e4-8966-4bd8-937a-e0683f2d6e08""}]",[],[],"{""location"": [""Sunnyvale, CA, USA""]}",{},"{""location"": ""array_field""}",{}
https://simplify.jobs/p/626173b6-ca88-42e4-8f57-51ab594a6d85,Compiler Engineer - Frontend,Persimmons.ai,"San Jose, CA, USA",,,,,,2026-09-04T01:39:21+00:00,2026-08-11T01:34:09+00:00,false,,onsite,full_time,senior,,,,simplify,https://simplify.jobs/p/626173b6-ca88-42e4-8f57-51ab594a6d85,,simplify,"[{""site"": ""simplify"", ""url"": ""https://simplify.jobs/p/626173b6-ca88-42e4-8f57-51ab594a6d85""}]",[],[],"{""location"": [""San Jose, CA, USA""]}",{},"{""location"": ""array_field""}",{}
https://simplify.jobs/p/4f787b2a-3dc1-4a0e-9d60-0b53b244dd38,Engineering Manager - Front-end background,Pigment,"Remote; London, UK",90000.0,140000.0,GBP,,,2026-09-08T09:51:02+00:00,2026-09-01T09:30:20+00:00,false,,remote,full_time,mid | senior,,,,simplify,https://simplify.jobs/p/4f787b2a-3dc1-4a0e-9d60-0b53b244dd38,,simplify,"[{""site"": ""simplify"", ""url"": ""https://simplify.jobs/p/4f787b2a-3dc1-4a0e-9d60-0b53b244dd38""}]",[],[],"{""location"": [""Remote; London, UK""]}",{},"{""location"": ""array_field""}",{}
https://simplify.jobs/p/e3be4411-8863-44de-8de0-ebfa3f7f5fd1,Senior Software Engineer - Frontend,Auctane,"Madrid, Spain",47000.0,68000.0,EUR,,,2026-10-02T14:33:24+00:00,2026-08-17T22:50:37+00:00,false,,hybrid,full_time,senior,,,,simplify,https://simplify.jobs/p/e3be4411-8863-44de-8de0-ebfa3f7f5fd1,,simplify,"[{""site"": ""simplify"", ""url"": ""https://simplify.jobs/p/e3be4411-8863-44de-8de0-ebfa3f7f5fd1""}]",[],[],"{""location"": [""Madrid, Spain""]}",{},"{""location"": ""array_field""}",{}
https://simplify.jobs/p/2cfbcf21-ee51-4e40-bf1e-357a47e649e2,Senior Full Stack Engineer - Frontend Architecture - Admanager,Vibe,"Île-de-France, France",99000.0,133000.0,EUR,,,2026-10-01T09:51:02+00:00,2026-07-21T09:15:07+00:00,false,,hybrid,full_time,senior,,,,simplify,https://simplify.jobs/p/2cfbcf21-ee51-4e40-bf1e-357a47e649e2,,simplify,"[{""site"": ""simplify"", ""url"": ""https://simplify.jobs/p/2cfbcf21-ee51-4e40-bf1e-357a47e649e2""}]",[],[],"{""location"": [""Île-de-France, France""]}",{},"{""location"": ""array_field""}",{}
https://simplify.jobs/p/448f20ac-2f8f-4d67-a86b-03def0f664b7,RTL Integration Engineer - Frontend,EdgeCortix,"Hyderabad, Telangana, India",,,,,,2026-09-04T02:24:21+00:00,2026-08-13T06:24:31+00:00,false,,onsite,full_time,mid,,,,simplify,https://simplify.jobs/p/448f20ac-2f8f-4d67-a86b-03def0f664b7,,simplify,"[{""site"": ""simplify"", ""url"": ""https://simplify.jobs/p/448f20ac-2f8f-4d67-a86b-03def0f664b7""}]",[],[],"{""location"": [""Hyderabad, Telangana, India""]}",{},"{""location"": ""array_field""}",{}
https://simplify.jobs/p/70d9775d-dbea-4773-8fda-2a30fd37b029,Frontend Software Engineer - Data Platform - Svelte + Rust,Stoke Space,"Kent, WA, USA",154350.0,289380.0,USD,,,2026-09-04T09:54:01+00:00,2025-11-18T08:28:12+00:00,false,,onsite,full_time,mid,,,,simplify,https://simplify.jobs/p/70d9775d-dbea-4773-8fda-2a30fd37b029,,simplify,"[{""site"": ""simplify"", ""url"": ""https://simplify.jobs/p/70d9775d-dbea-4773-8fda-2a30fd37b029""}]",[],[],"{""location"": [""Kent, WA, USA""]}",{},"{""location"": ""array_field""}",{}
https://simplify.jobs/p/111a3047-58c8-44c4-a1a0-29d8f1459309,Full-Stack Developer - Frontend Explorer,CHECK24,"Erfurt, Germany",,,,,,2026-09-04T02:24:21+00:00,2026-08-13T06:13:33+00:00,false,,hybrid,full_time,mid,,,,simplify,https://simplify.jobs/p/111a3047-58c8-44c4-a1a0-29d8f1459309,,simplify,"[{""site"": ""simplify"", ""url"": ""https://simplify.jobs/p/111a3047-58c8-44c4-a1a0-29d8f1459309""}]",[],[],"{""location"": [""Erfurt, Germany""]}",{},"{""location"": ""array_field""}",{}
https://simplify.jobs/p/7bad15f9-8f5f-4d41-bdeb-8110ae6121bd,ASIC Front-end Design Engineer,Hewlett Packard Enterprise,"Kolkata, West Bengal, India; Bengaluru, Karnataka, India",,,,,,2026-09-16T10:16:00+00:00,2026-07-31T09:40:47+00:00,false,,onsite,full_time,mid,,,,simplify,https://simplify.jobs/p/7bad15f9-8f5f-4d41-bdeb-8110ae6121bd,,simplify,"[{""site"": ""simplify"", ""url"": ""https://simplify.jobs/p/7bad15f9-8f5f-4d41-bdeb-8110ae6121bd""}]",[],[],"{""location"": [""Kolkata, West Bengal, India; Bengaluru, Karnataka, India""]}",{},"{""location"": ""array_field""}",{}
https://simplify.jobs/p/5e94cfe1-b27a-43a9-b093-4998ebf874f5,Senior Software Engineer - Frontend,Sardine,Remote; Remote in Canada,160000.0,210000.0,CAD,,,2026-09-28T10:27:06+00:00,2026-06-16T19:43:06+00:00,false,,remote,full_time,senior,,,,simplify,https://simplify.jobs/p/5e94cfe1-b27a-43a9-b093-4998ebf874f5,,simplify,"[{""site"": ""simplify"", ""url"": ""https://simplify.jobs/p/5e94cfe1-b27a-43a9-b093-4998ebf874f5""}]",[],[],"{""location"": [""Remote; Remote in Canada""]}",{},"{""location"": ""array_field""}",{}
https://simplify.jobs/p/2a745f2f-1d07-4ae7-a311-de3a34912bce,Senior Frontend Engineer - AI Product,Snowflake,"Menlo Park, CA, USA",200000.0,287500.0,USD,,,2026-09-04T07:51:01+00:00,2026-05-04T22:08:54+00:00,false,,onsite,full_time,mid | senior,,,,simplify,https://simplify.jobs/p/2a745f2f-1d07-4ae7-a311-de3a34912bce,,simplify,"[{""site"": ""simplify"", ""url"": ""https://simplify.jobs/p/2a745f2f-1d07-4ae7-a311-de3a34912bce""}]",[],[],"{""location"": [""Menlo Park, CA, USA""]}",{},"{""location"": ""array_field""}",{}
https://simplify.jobs/p/96b34b50-77e0-4e4b-af41-d260b29dfa94,Front-End Integration Engineer - NIC Silicon,NVIDIA,"Bengaluru, Karnataka, India",,,,,,2026-09-03T07:33:06+00:00,2026-08-27T00:00:00+00:00,false,,onsite,full_time,junior,,,,simplify,https://simplify.jobs/p/96b34b50-77e0-4e4b-af41-d260b29dfa94,,simplify,"[{""site"": ""simplify"", ""url"": ""https://simplify.jobs/p/96b34b50-77e0-4e4b-af41-d260b29dfa94""}]",[],[],"{""location"": [""Bengaluru, Karnataka, India""]}",{},"{""location"": ""array_field""}",{}
https://simplify.jobs/p/05843b7a-1209-4c74-aba4-4f462950daeb,Staff Software Engineer - Frontend,Harvey,"San Francisco, CA, USA; New York, NY, USA",231000.0,340000.0,USD,,,2026-10-02T09:42:46+00:00,2026-06-25T01:10:03+00:00,false,,hybrid,full_time,senior,,,,simplify,https://simplify.jobs/p/05843b7a-1209-4c74-aba4-4f462950daeb,,simplify,"[{""site"": ""simplify"", ""url"": ""https://simplify.jobs/p/05843b7a-1209-4c74-aba4-4f462950daeb""}]",[],[],"{""location"": [""San Francisco, CA, USA; New York, NY, USA""]}",{},"{""location"": ""array_field""}",{}
https://simplify.jobs/p/7723da22-02b9-4a90-8aa3-7f4f9e062255,Technical Consultant - Front-end Development,Veeva Systems,"Remote; Princeton, NJ, USA",75000.0,150000.0,USD,,,2026-09-04T03:00:35+00:00,2026-09-03T22:31:32+00:00,false,,remote,full_time,mid,,,,simplify,https://simplify.jobs/p/7723da22-02b9-4a90-8aa3-7f4f9e062255,,simplify,"[{""site"": ""simplify"", ""url"": ""https://simplify.jobs/p/7723da22-02b9-4a90-8aa3-7f4f9e062255""}]",[],[],"{""location"": [""Remote; Princeton, NJ, USA""]}",{},"{""location"": ""array_field""}",{}
https://simplify.jobs/p/43933c9f-ae35-4655-b2a6-54a1e0d6b422,Frontend Engineer - AI Products,Herald,"New York, NY, USA",140000.0,200000.0,USD,,,2026-10-02T22:09:14+00:00,2025-10-22T21:18:46+00:00,false,,onsite,full_time,junior,,,,simplify,https://simplify.jobs/p/43933c9f-ae35-4655-b2a6-54a1e0d6b422,,simplify,"[{""site"": ""simplify"", ""url"": ""https://simplify.jobs/p/43933c9f-ae35-4655-b2a6-54a1e0d6b422""}]",[],[],"{""location"": [""New York, NY, USA""]}",{},"{""location"": ""array_field""}",{}
https://simplify.jobs/p/bdf4bd1c-97b5-4c64-99c9-a979a8711a99,Senior Frontend Developer - WordPress,Bitlane,"Berlin, Germany",,,,,,2026-09-04T12:09:01+00:00,2026-08-18T01:13:49+00:00,false,,onsite,full_time,junior | mid | senior,,,,simplify,https://simplify.jobs/p/bdf4bd1c-97b5-4c64-99c9-a979a8711a99,,simplify,"[{""site"": ""simplify"", ""url"": ""https://simplify.jobs/p/bdf4bd1c-97b5-4c64-99c9-a979a8711a99""}]",[],[],"{""location"": [""Berlin, Germany""]}",{},"{""location"": ""array_field""}",{}
https://simplify.jobs/p/d3430cc1-fc53-406f-bcec-6c1b40a18c64,Full Stack Front-End Developer,Information Technology Partners,"Remote; Chicago, IL, USA",75000.0,100000.0,USD,,,2026-09-04T02:15:20+00:00,2026-08-13T06:09:54+00:00,false,,remote,full_time,senior,,,,simplify,https://simplify.jobs/p/d3430cc1-fc53-406f-bcec-6c1b40a18c64,,simplify,"[{""site"": ""simplify"", ""url"": ""https://simplify.jobs/p/d3430cc1-fc53-406f-bcec-6c1b40a18c64""}]",[],[],"{""location"": [""Remote; Chicago, IL, USA""]}",{},"{""location"": ""array_field""}",{}
https://simplify.jobs/p/8ab6a2f0-3108-43e5-b630-c7d7ca53fcf7,Frontend Developer - React Native,Photon,"Chennai, Tamil Nadu, India",,,,,,2025-11-12T04:53:35+00:00,2025-10-31T07:53:09+00:00,false,,onsite,full_time,mid,,,,simplify,https://simplify.jobs/p/8ab6a2f0-3108-43e5-b630-c7d7ca53fcf7,,simplify,"[{""site"": ""simplify"", ""url"": ""https://simplify.jobs/p/8ab6a2f0-3108-43e5-b630-c7d7ca53fcf7""}]",[],[],"{""location"": [""Chennai, Tamil Nadu, India""]}",{},"{""location"": ""array_field""}",{}
https://simplify.jobs/p/c5e8c92a-bfd5-4025-9140-4d6d66654236,Frontend Engineer - React Native - Expo / JSI,"Ando Technologies, Inc",Remote; South America,28.0,58.0,USD,,,2026-09-04T09:42:02+00:00,2026-08-16T23:20:27+00:00,false,,remote,contract,mid,,,,simplify,https://simplify.jobs/p/c5e8c92a-bfd5-4025-9140-4d6d66654236,,simplify,"[{""site"": ""simplify"", ""url"": ""https://simplify.jobs/p/c5e8c92a-bfd5-4025-9140-4d6d66654236""}]",[],[],"{""location"": [""Remote; South America""]}",{},"{""location"": ""array_field""}",{}
https://simplify.jobs/p/807f10ac-4bf1-4621-a280-9d583243a470,Full Stack Engineer - .NET + Front-End,NetSpeek,Remote; Remote in USA,,,,,,2026-09-04T01:39:21+00:00,2026-08-11T01:32:01+00:00,false,,remote,full_time,mid | senior,,,,simplify,https://simplify.jobs/p/807f10ac-4bf1-4621-a280-9d583243a470,,simplify,"[{""site"": ""simplify"", ""url"": ""https://simplify.jobs/p/807f10ac-4bf1-4621-a280-9d583243a470""}]",[],[],"{""location"": [""Remote; Remote in USA""]}",{},"{""location"": ""array_field""}",{}
https://simplify.jobs/p/80917afd-1055-4cf7-ae5d-3e6c6fe864f7,Frontend Engineer,Boson Ai,"Santa Clara, CA, USA",,,,,,2026-09-04T06:57:01+00:00,2025-10-31T08:38:54+00:00,false,,onsite,full_time,mid,,,,simplify,https://simplify.jobs/p/80917afd-1055-4cf7-ae5d-3e6c6fe864f7,,simplify,"[{""site"": ""simplify"", ""url"": ""https://simplify.jobs/p/80917afd-1055-4cf7-ae5d-3e6c6fe864f7""}]",[],[],"{""location"": [""Santa Clara, CA, USA""]}",{},"{""location"": ""array_field""}",{}
https://simplify.jobs/p/af09ef1b-ad6c-446f-ad64-9180d23bda39,Back-End for Front-End Developer - Modern Application Development,VISEO,"Grenoble, France",,,,,,2026-09-03T20:15:22+00:00,2026-07-23T09:16:02+00:00,false,,hybrid,full_time,mid,,,,simplify,https://simplify.jobs/p/af09ef1b-ad6c-446f-ad64-9180d23bda39,,simplify,"[{""site"": ""simplify"", ""url"": ""https://simplify.jobs/p/af09ef1b-ad6c-446f-ad64-9180d23bda39""}]",[],[],"{""location"": [""Grenoble, France""]}",{},"{""location"": ""array_field""}",{}
https://simplify.jobs/p/e1085a54-ca6a-4807-9139-1f90905d2a46,Front-End CAD Methodology Engineer - Design/DV Interface,Apple,"San Francisco, CA, USA",,,,,,2026-09-03T17:03:18+00:00,2026-05-06T14:13:35+00:00,false,,onsite,full_time,,,,,simplify,https://simplify.jobs/p/e1085a54-ca6a-4807-9139-1f90905d2a46,,simplify,"[{""site"": ""simplify"", ""url"": ""https://simplify.jobs/p/e1085a54-ca6a-4807-9139-1f90905d2a46""}]",[],[],"{""location"": [""San Francisco, CA, USA""]}",{},"{""location"": ""array_field""}",{}
https://simplify.jobs/p/9bf272ff-e502-4795-9421-f27c5d64b68e,IC/RTL Design Engineer - Front-End Engineer,Lumilens,"San Jose, CA, USA",,,,,,2026-09-03T21:51:21+00:00,2026-07-06T22:11:39+00:00,false,,onsite,full_time,mid,,,,simplify,https://simplify.jobs/p/9bf272ff-e502-4795-9421-f27c5d64b68e,,simplify,"[{""site"": ""simplify"", ""url"": ""https://simplify.jobs/p/9bf272ff-e502-4795-9421-f27c5d64b68e""}]",[],[],"{""location"": [""San Jose, CA, USA""]}",{},"{""location"": ""array_field""}",{}
https://simplify.jobs/p/51859e39-2877-4caa-9b60-9eb462bf8b5f,Frontend Engineer - Mobile,betr,Remote; Remote in Canada,,,,,,2026-09-04T07:12:12+00:00,2026-04-22T22:05:20+00:00,false,,remote,full_time,mid,,,,simplify,https://simplify.jobs/p/51859e39-2877-4caa-9b60-9eb462bf8b5f,,simplify,"[{""site"": ""simplify"", ""url"": ""https://simplify.jobs/p/51859e39-2877-4caa-9b60-9eb462bf8b5f""}]",[],[],"{""location"": [""Remote; Remote in Canada""]}",{},"{""location"": ""array_field""}",{}
https://simplify.jobs/p/84b26636-e0df-4cc1-9f2b-122dca968b43,Director Frontend Engineering,Fidelity Investments,"Westlake, TX, USA",,,,,,2026-10-02T12:00:18+00:00,2026-08-31T00:00:00+00:00,false,,onsite,full_time,,,,,simplify,https://simplify.jobs/p/84b26636-e0df-4cc1-9f2b-122dca968b43,,simplify,"[{""site"": ""simplify"", ""url"": ""https://simplify.jobs/p/84b26636-e0df-4cc1-9f2b-122dca968b43""}]",[],[],"{""location"": [""Westlake, TX, USA""]}",{},"{""location"": ""array_field""}",{}
https://simplify.jobs/p/e0e9206d-afcd-4ffc-9676-fc732e8f04b0,Senior RF Front-End Module Design Engineer - Radio Frequency IC Engineering,SpaceX,"Irvine, CA, USA",160000.0,225000.0,USD,,,2026-09-04T05:18:01+00:00,2026-05-22T22:10:22+00:00,false,,onsite,full_time,senior,,,,simplify,https://simplify.jobs/p/e0e9206d-afcd-4ffc-9676-fc732e8f04b0,,simplify,"[{""site"": ""simplify"", ""url"": ""https://simplify.jobs/p/e0e9206d-afcd-4ffc-9676-fc732e8f04b0""}]",[],[],"{""location"": [""Irvine, CA, USA""]}",{},"{""location"": ""array_field""}",{}
https://simplify.jobs/p/a8d9863c-9e3a-4cd6-b7b3-c4c791fa46aa,Electrical Engineer - Front-End,Apple,"Cupertino, CA, USA",148987.0,194700.0,USD,,,2026-09-17T22:11:07+00:00,2026-09-17T22:03:43+00:00,false,,onsite,full_time,mid,,,,simplify,https://simplify.jobs/p/a8d9863c-9e3a-4cd6-b7b3-c4c791fa46aa,,simplify,"[{""site"": ""simplify"", ""url"": ""https://simplify.jobs/p/a8d9863c-9e3a-4cd6-b7b3-c4c791fa46aa""}]",[],[],"{""location"": [""Cupertino, CA, USA""]}",{},"{""location"": ""array_field""}",{}
https://simplify.jobs/p/11468f43-f1e1-43d8-9484-2f843cb80547,Frontend React Software Developer,Inetum,"Bilbao, Biscay, Spain",,,,,,2026-09-04T04:42:01+00:00,2026-09-02T14:07:59+00:00,false,,hybrid,full_time,senior,,,,simplify,https://simplify.jobs/p/11468f43-f1e1-43d8-9484-2f843cb80547,,simplify,"[{""site"": ""simplify"", ""url"": ""https://simplify.jobs/p/11468f43-f1e1-43d8-9484-2f843cb80547""}]",[],[],"{""location"": [""Bilbao, Biscay, Spain""]}",{},"{""location"": ""array_field""}",{}
https://simplify.jobs/p/305008f4-5aee-4b9f-94fd-9821dce1d8d6,Engineering Manager - Frontend - Krak,Kraken,Remote; Remote in Canada,,,,,,2026-09-22T08:57:02+00:00,2026-09-01T00:50:12+00:00,false,,remote,full_time,mid,,,,simplify,https://simplify.jobs/p/305008f4-5aee-4b9f-94fd-9821dce1d8d6,,simplify,"[{""site"": ""simplify"", ""url"": ""https://simplify.jobs/p/305008f4-5aee-4b9f-94fd-9821dce1d8d6""}]",[],[],"{""location"": [""Remote; Remote in Canada""]}",{},"{""location"": ""array_field""}",{}
https://simplify.jobs/p/8107680a-d8a6-40bd-a3c0-2f494700cbea,Staff Frontend Engineer,Databricks,"San Francisco, CA, USA",192000.0,260000.0,USD,,,2026-09-04T06:57:01+00:00,2025-04-09T07:22:00+00:00,false,,onsite,full_time,senior,,,,simplify,https://simplify.jobs/p/8107680a-d8a6-40bd-a3c0-2f494700cbea,,simplify,"[{""site"": ""simplify"", ""url"": ""https://simplify.jobs/p/8107680a-d8a6-40bd-a3c0-2f494700cbea""}]",[],[],"{""location"": [""San Francisco, CA, USA""]}",{},"{""location"": ""array_field""}",{}
https://simplify.jobs/p/3dd2da13-f68a-42ec-8531-45d5ec29c979,Senior Frontend PHY IC Design Engineer - DSP focus,Morse Micro,"Sydney NSW, Australia",,,,,,2026-09-03T19:39:23+00:00,2026-07-15T14:11:31+00:00,false,,onsite,full_time,senior,,,,simplify,https://simplify.jobs/p/3dd2da13-f68a-42ec-8531-45d5ec29c979,,simplify,"[{""site"": ""simplify"", ""url"": ""https://simplify.jobs/p/3dd2da13-f68a-42ec-8531-45d5ec29c979""}]",[],[],"{""location"": [""Sydney NSW, Australia""]}",{},"{""location"": ""array_field""}",{}
https://simplify.jobs/p/9e14112f-c823-4364-9763-d2c0a995d854,Senior Frontend Engineer - Marketing Website,Synthesia,"London, UK",,,,,,2026-09-04T00:39:22+00:00,2026-08-06T22:18:11+00:00,false,,hybrid,full_time,senior,,,,simplify,https://simplify.jobs/p/9e14112f-c823-4364-9763-d2c0a995d854,,simplify,"[{""site"": ""simplify"", ""url"": ""https://simplify.jobs/p/9e14112f-c823-4364-9763-d2c0a995d854""}]",[],[],"{""location"": [""London, UK""]}",{},"{""location"": ""array_field""}",{}
https://simplify.jobs/p/4a0b39d9-fb03-4a64-87e9-73b7fe99d90b,Front-End Developer - React Native,Photon,Remote; India,,,,,,2026-09-04T07:36:01+00:00,2026-04-01T14:06:40+00:00,false,,remote,full_time,mid | senior,,,,simplify,https://simplify.jobs/p/4a0b39d9-fb03-4a64-87e9-73b7fe99d90b,,simplify,"[{""site"": ""simplify"", ""url"": ""https://simplify.jobs/p/4a0b39d9-fb03-4a64-87e9-73b7fe99d90b""}]",[],[],"{""location"": [""Remote; India""]}",{},"{""location"": ""array_field""}",{}
https://simplify.jobs/p/0e248749-6b98-4c8c-afb2-2f36ba1a2e71,Frontend / Full Stack Engineer,Moment,"New York, NY, USA",200000.0,400000.0,USD,,,2026-09-04T08:57:01+00:00,2026-07-04T14:08:33+00:00,false,,onsite,full_time,mid,,,,simplify,https://simplify.jobs/p/0e248749-6b98-4c8c-afb2-2f36ba1a2e71,,simplify,"[{""site"": ""simplify"", ""url"": ""https://simplify.jobs/p/0e248749-6b98-4c8c-afb2-2f36ba1a2e71""}]",[],[],"{""location"": [""New York, NY, USA""]}",{},"{""location"": ""array_field""}",{}
https://simplify.jobs/p/565645f7-1e21-41ef-ae18-5383c706d557,Senior Lead Frontend Engineer,Accenture,"Kochi, Kerala, India",,,,,,2026-09-18T22:43:11+00:00,2026-09-18T00:00:00+00:00,false,,onsite,full_time,senior,,,,simplify,https://simplify.jobs/p/565645f7-1e21-41ef-ae18-5383c706d557,,simplify,"[{""site"": ""simplify"", ""url"": ""https://simplify.jobs/p/565645f7-1e21-41ef-ae18-5383c706d557""}]",[],[],"{""location"": [""Kochi, Kerala, India""]}",{},"{""location"": ""array_field""}",{}
https://simplify.jobs/p/b105f858-e64f-4aef-888d-d50e28ec7c12,Network Front-End Engineer - AI Infrastructure Operations,Nscale,United States,,,,,,2026-09-17T09:15:01+00:00,2026-09-17T09:12:00+00:00,false,,onsite,full_time,mid,,,,simplify,https://simplify.jobs/p/b105f858-e64f-4aef-888d-d50e28ec7c12,,simplify,"[{""site"": ""simplify"", ""url"": ""https://simplify.jobs/p/b105f858-e64f-4aef-888d-d50e28ec7c12""}]",[],[],"{""location"": [""United States""]}",{},"{""location"": ""array_field""}",{}
https://simplify.jobs/p/92d1bd16-2572-44a8-a12f-1814984572fd,Platform Technologies Language & Frontend Design Engineer,SiFive,"Boston, MA, USA; Santa Clara, CA, USA; Berkeley, CA, USA",139752.0,170808.0,USD,,,2026-09-03T18:15:29+00:00,2026-06-20T10:46:04+00:00,false,,onsite,full_time,mid,,,,simplify,https://simplify.jobs/p/92d1bd16-2572-44a8-a12f-1814984572fd,,simplify,"[{""site"": ""simplify"", ""url"": ""https://simplify.jobs/p/92d1bd16-2572-44a8-a12f-1814984572fd""}]",[],[],"{""location"": [""Boston, MA, USA; Santa Clara, CA, USA; Berkeley, CA, USA""]}",{},"{""location"": ""array_field""}",{}
https://simplify.jobs/p/1ebc8fd3-b84f-4a8c-9dfc-f9fcb77a9edb,Software Development Engineer II - Frontend / Full Stack,Poppulo,"Bengaluru, Karnataka, India",,,,,,2026-09-19T09:30:01+00:00,2026-08-25T15:10:33+00:00,false,,hybrid,full_time,senior,,,,simplify,https://simplify.jobs/p/1ebc8fd3-b84f-4a8c-9dfc-f9fcb77a9edb,,simplify,"[{""site"": ""simplify"", ""url"": ""https://simplify.jobs/p/1ebc8fd3-b84f-4a8c-9dfc-f9fcb77a9edb""}]",[],[],"{""location"": [""Bengaluru, Karnataka, India""]}",{},"{""location"": ""array_field""}",{}
https://simplify.jobs/p/54944d27-b7c9-472e-ada3-ffd047501227,Front-End Software Engineer,Bask Health,Remote; Remote in USA,,,,,,2026-09-04T00:51:21+00:00,2026-08-07T06:18:31+00:00,false,,remote,full_time,senior,,,,simplify,https://simplify.jobs/p/54944d27-b7c9-472e-ada3-ffd047501227,,simplify,"[{""site"": ""simplify"", ""url"": ""https://simplify.jobs/p/54944d27-b7c9-472e-ada3-ffd047501227""}]",[],[],"{""location"": [""Remote; Remote in USA""]}",{},"{""location"": ""array_field""}",{}
https://simplify.jobs/p/1bddca7a-f524-4313-a962-0eb66271b54f,Senior Front-End Mobile Engineer - Energy,Tesla,"Fremont, CA, USA",,,,,,2026-09-18T08:39:41+00:00,2026-07-31T06:14:18+00:00,false,,onsite,full_time,senior,,,,simplify,https://simplify.jobs/p/1bddca7a-f524-4313-a962-0eb66271b54f,,simplify,"[{""site"": ""simplify"", ""url"": ""https://simplify.jobs/p/1bddca7a-f524-4313-a962-0eb66271b54f""}]",[],[],"{""location"": [""Fremont, CA, USA""]}",{},"{""location"": ""array_field""}",{}
https://simplify.jobs/p/9c975acb-fea9-48c4-b98a-1219c17335de,Full-Stack Web Developer - Frontend,Wabtec,"Québec City, QC, Canada",,,,,,2026-09-16T22:19:23+00:00,2026-09-16T22:07:30+00:00,false,,hybrid,full_time,senior,,,,simplify,https://simplify.jobs/p/9c975acb-fea9-48c4-b98a-1219c17335de,,simplify,"[{""site"": ""simplify"", ""url"": ""https://simplify.jobs/p/9c975acb-fea9-48c4-b98a-1219c17335de""}]",[],[],"{""location"": [""Québec City, QC, Canada""]}",{},"{""location"": ""array_field""}",{}
https://simplify.jobs/p/3e68679a-b4cb-4e73-a8a3-509b980e9a74,Senior Software Engineer - Frontend,Toyota,"Plano, TX, USA",,,,,,2026-09-08T22:39:27+00:00,2026-08-19T00:00:00+00:00,false,,onsite,full_time,senior,,,,simplify,https://simplify.jobs/p/3e68679a-b4cb-4e73-a8a3-509b980e9a74,,simplify,"[{""site"": ""simplify"", ""url"": ""https://simplify.jobs/p/3e68679a-b4cb-4e73-a8a3-509b980e9a74""}]",[],[],"{""location"": [""Plano, TX, USA""]}",{},"{""location"": ""array_field""}",{}
https://simplify.jobs/p/23fa147b-1bb2-4884-98bd-c70d48d36aa5,Senior Vice President Front-End Engineer - Front-End Engineer,BNY,"New York, NY, USA",202500.0,210000.0,USD,,,2026-09-04T08:27:01+00:00,2026-06-24T22:26:46+00:00,false,,hybrid,full_time,,,,,simplify,https://simplify.jobs/p/23fa147b-1bb2-4884-98bd-c70d48d36aa5,,simplify,"[{""site"": ""simplify"", ""url"": ""https://simplify.jobs/p/23fa147b-1bb2-4884-98bd-c70d48d36aa5""}]",[],[],"{""location"": [""New York, NY, USA""]}",{},"{""location"": ""array_field""}",{}
https://simplify.jobs/p/965e8dba-a414-4d6b-aca8-a0e4172fd76a,Software Engineer Frontend - Monetization Platforms,Zeiss,"Bengaluru, Karnataka, India",,,,,,2026-09-16T11:21:28+00:00,2026-09-16T11:19:22+00:00,false,,hybrid,full_time,mid,,,,simplify,https://simplify.jobs/p/965e8dba-a414-4d6b-aca8-a0e4172fd76a,,simplify,"[{""site"": ""simplify"", ""url"": ""https://simplify.jobs/p/965e8dba-a414-4d6b-aca8-a0e4172fd76a""}]",[],[],"{""location"": [""Bengaluru, Karnataka, India""]}",{},"{""location"": ""array_field""}",{}
https://simplify.jobs/p/32944f3a-6175-4a83-87f5-116e3a5610ab,Central Quality Assurance Engineer/Senior Engineer - Global Quality Front-End - Remote Operation Control,Micron Technology,"Hyderabad, Telangana, India",,,,,,2026-09-03T23:39:21+00:00,2026-08-05T00:00:00+00:00,false,,onsite,full_time,mid,,,,simplify,https://simplify.jobs/p/32944f3a-6175-4a83-87f5-116e3a5610ab,,simplify,"[{""site"": ""simplify"", ""url"": ""https://simplify.jobs/p/32944f3a-6175-4a83-87f5-116e3a5610ab""}]",[],[],"{""location"": [""Hyderabad, Telangana, India""]}",{},"{""location"": ""array_field""}",{}
https://simplify.jobs/p/2da6ba6a-a3d6-4e57-a4b5-2daf2739f08b,Project Director - Planning & Front-End Development - Aviation,AECOM,"Dublin, Ireland",,,,,,2026-09-03T11:42:23+00:00,2026-08-20T14:07:03+00:00,false,,hybrid,full_time,,,,,simplify,https://simplify.jobs/p/2da6ba6a-a3d6-4e57-a4b5-2daf2739f08b,,simplify,"[{""site"": ""simplify"", ""url"": ""https://simplify.jobs/p/2da6ba6a-a3d6-4e57-a4b5-2daf2739f08b""}]",[],[],"{""location"": [""Dublin, Ireland""]}",{},"{""location"": ""array_field""}",{}
https://simplify.jobs/p/8bdefcad-3370-4ff7-8773-558207e48a7e,Developer - Full Stack / Frontend - Operational Portal and Dashboards,TEHORA,"Remote; Remote in Canada; Québec City, QC, Canada",,,,,,2026-09-04T10:42:01+00:00,2026-08-04T06:19:16+00:00,false,,remote,full_time,senior,,,,simplify,https://simplify.jobs/p/8bdefcad-3370-4ff7-8773-558207e48a7e,,simplify,"[{""site"": ""simplify"", ""url"": ""https://simplify.jobs/p/8bdefcad-3370-4ff7-8773-558207e48a7e""}]",[],[],"{""location"": [""Remote; Remote in Canada; Québec City, QC, Canada""]}",{},"{""location"": ""array_field""}",{}
https://simplify.jobs/p/444abbd8-0db2-4d66-ab6d-1580345ca421,Software Engineer 2 - Frontend,Microsoft,"Hyderabad, Telangana, India",,,,,,2026-09-30T09:13:53+00:00,2026-09-30T09:11:06+00:00,false,,onsite,full_time,mid,,,,simplify,https://simplify.jobs/p/444abbd8-0db2-4d66-ab6d-1580345ca421,,simplify,"[{""site"": ""simplify"", ""url"": ""https://simplify.jobs/p/444abbd8-0db2-4d66-ab6d-1580345ca421""}]",[],[],"{""location"": [""Hyderabad, Telangana, India""]}",{},"{""location"": ""array_field""}",{}
https://simplify.jobs/p/fd506aa3-7aa6-4a2b-bb78-4ddeaaedae13,Software Engineer - Frontend and Mobile,Bree,"Toronto, ON, Canada",170000.0,230000.0,CAD,,,2026-09-22T11:00:01+00:00,2025-11-07T17:35:59+00:00,false,,hybrid,full_time,mid,,,,simplify,https://simplify.jobs/p/fd506aa3-7aa6-4a2b-bb78-4ddeaaedae13,,simplify,"[{""site"": ""simplify"", ""url"": ""https://simplify.jobs/p/fd506aa3-7aa6-4a2b-bb78-4ddeaaedae13""}]",[],[],"{""location"": [""Toronto, ON, Canada""]}",{},"{""location"": ""array_field""}",{}
https://simplify.jobs/p/9a378917-eca2-454d-bdb1-1b6fad78b958,Senior Front End UI/UX Developer,Jobsbridge,"San Jose, CA, USA",,,,,,2026-09-03T17:54:20+00:00,2026-02-24T07:19:24+00:00,false,,onsite,full_time,mid | senior,,,,simplify,https://simplify.jobs/p/9a378917-eca2-454d-bdb1-1b6fad78b958,,simplify,"[{""site"": ""simplify"", ""url"": ""https://simplify.jobs/p/9a378917-eca2-454d-bdb1-1b6fad78b958""}]",[],[],"{""location"": [""San Jose, CA, USA""]}",{},"{""location"": ""array_field""}",{}
https://simplify.jobs/p/6461856c-ec07-4b65-93cd-5af4255059d4,Staff Software Engineer - Front End - Transaction Journey,Compass,"Boston, MA, USA",228000.0,240000.0,USD,,,2026-09-03T04:12:07+00:00,2026-08-31T23:03:05+00:00,false,,onsite,full_time,,,,,simplify,https://simplify.jobs/p/6461856c-ec07-4b65-93cd-5af4255059d4,,simplify,"[{""site"": ""simplify"", ""url"": ""https://simplify.jobs/p/6461856c-ec07-4b65-93cd-5af4255059d4""}]",[],[],"{""location"": [""Boston, MA, USA""]}",{},"{""location"": ""array_field""}",{}
https://simplify.jobs/p/771b085a-5a1f-4af1-9b6d-8aa9b62cfabf,Front End Engineer,Cohesity,"Bengaluru, Karnataka, India",,,,,,2026-09-10T14:09:01+00:00,2026-09-10T00:00:00+00:00,false,,hybrid,full_time,mid,,,,simplify,https://simplify.jobs/p/771b085a-5a1f-4af1-9b6d-8aa9b62cfabf,,simplify,"[{""site"": ""simplify"", ""url"": ""https://simplify.jobs/p/771b085a-5a1f-4af1-9b6d-8aa9b62cfabf""}]",[],[],"{""location"": [""Bengaluru, Karnataka, India""]}",{},"{""location"": ""array_field""}",{}
https://simplify.jobs/p/a79b55b8-4e74-4044-9406-10322d1be6bd,Front End Developer - Drupal - AngularJS,STEM Xpert,"Woodbury, NY, USA",,,,,,2026-09-04T07:24:02+00:00,2026-02-27T07:13:24+00:00,false,,onsite,full_time,mid,,,,simplify,https://simplify.jobs/p/a79b55b8-4e74-4044-9406-10322d1be6bd,,simplify,"[{""site"": ""simplify"", ""url"": ""https://simplify.jobs/p/a79b55b8-4e74-4044-9406-10322d1be6bd""}]",[],[],"{""location"": [""Woodbury, NY, USA""]}",{},"{""location"": ""array_field""}",{}
https://simplify.jobs/p/54f25e2d-3d97-4ec1-bb11-f2c2b9e16878,Fullstack / Front End Developer,Jobsbridge,"Mesa, AZ, USA",,,,,,2026-09-04T07:24:02+00:00,2026-02-24T07:17:10+00:00,false,,onsite,full_time,mid,,,,simplify,https://simplify.jobs/p/54f25e2d-3d97-4ec1-bb11-f2c2b9e16878,,simplify,"[{""site"": ""simplify"", ""url"": ""https://simplify.jobs/p/54f25e2d-3d97-4ec1-bb11-f2c2b9e16878""}]",[],[],"{""location"": [""Mesa, AZ, USA""]}",{},"{""location"": ""array_field""}",{}
https://simplify.jobs/p/fc114ce9-993a-4c14-b9b6-ee787289f00e,.Net Front End Developer,SA Technologies,"Columbus, OH, USA",,,,,,2026-09-04T07:24:02+00:00,2026-02-26T07:18:11+00:00,false,,onsite,full_time,mid,,,,simplify,https://simplify.jobs/p/fc114ce9-993a-4c14-b9b6-ee787289f00e,,simplify,"[{""site"": ""simplify"", ""url"": ""https://simplify.jobs/p/fc114ce9-993a-4c14-b9b6-ee787289f00e""}]",[],[],"{""location"": [""Columbus, OH, USA""]}",{},"{""location"": ""array_field""}",{}
https://simplify.jobs/p/1ecca0e1-9ecc-4729-8c35-3099ba13f2a3,Front End Engineer - AWS Agentic AI Automated Reasoning - AR,Amazon,"Seattle, WA, USA; New York, NY, USA",143700.0,213800.0,USD,,,2026-09-04T12:54:01+00:00,2026-08-26T00:08:49+00:00,false,,onsite,full_time,junior | mid,,,,simplify,https://simplify.jobs/p/1ecca0e1-9ecc-4729-8c35-3099ba13f2a3,,simplify,"[{""site"": ""simplify"", ""url"": ""https://simplify.jobs/p/1ecca0e1-9ecc-4729-8c35-3099ba13f2a3""}]",[],[],"{""location"": [""Seattle, WA, USA; New York, NY, USA""]}",{},"{""location"": ""array_field""}",{}
https://simplify.jobs/p/7d190f31-d64f-40b4-9b93-745498867bdd,Front End Developer - Angular React - Assistant Vice President,Citi,"Pune, Maharashtra, India",,,,,,2026-09-04T13:18:01+00:00,2026-09-02T00:00:00+00:00,false,,hybrid,full_time,senior,,,,simplify,https://simplify.jobs/p/7d190f31-d64f-40b4-9b93-745498867bdd | https://simplify.jobs/p/83898970-bb4e-4ae3-869c-f56c22d4b3ac,,simplify,"[{""site"": ""simplify"", ""url"": ""https://simplify.jobs/p/7d190f31-d64f-40b4-9b93-745498867bdd""}, {""site"": ""simplify"", ""url"": ""https://simplify.jobs/p/83898970-bb4e-4ae3-869c-f56c22d4b3ac""}]",[],[],"{""location"": [""Pune, Maharashtra, India""]}",{},"{""location"": ""array_field""}",{}
https://simplify.jobs/p/4ee38a25-0d7a-42f1-a9bc-dca3b37f4b2f,Senior Software Engineer - Front End,Learnosity,"Dublin, Ireland",,,,,,2026-09-18T01:24:01+00:00,2026-09-18T01:18:40+00:00,false,,hybrid,full_time,senior,,,,simplify,https://simplify.jobs/p/4ee38a25-0d7a-42f1-a9bc-dca3b37f4b2f,,simplify,"[{""site"": ""simplify"", ""url"": ""https://simplify.jobs/p/4ee38a25-0d7a-42f1-a9bc-dca3b37f4b2f""}]",[],[],"{""location"": [""Dublin, Ireland""]}",{},"{""location"": ""array_field""}",{}
https://simplify.jobs/p/5d0a4c7a-5b63-4c6d-b0bf-9a918475ae3c,Front End/Web Developer,Jobsbridge,"Remote; San Francisco, CA, USA",,,,,,2026-09-04T07:24:02+00:00,2026-02-24T07:20:38+00:00,false,,remote,full_time,mid,,,,simplify,https://simplify.jobs/p/5d0a4c7a-5b63-4c6d-b0bf-9a918475ae3c,,simplify,"[{""site"": ""simplify"", ""url"": ""https://simplify.jobs/p/5d0a4c7a-5b63-4c6d-b0bf-9a918475ae3c""}]",[],[],"{""location"": [""Remote; San Francisco, CA, USA""]}",{},"{""location"": ""array_field""}",{}
https://simplify.jobs/p/6427c785-e963-4326-90d0-87f479e79a31,Senior Front End UI Engineer,Jobsbridge,"Santa Clara, CA, USA",,,,,,2026-09-03T17:54:20+00:00,2026-02-24T07:19:43+00:00,false,,onsite,full_time,senior,,,,simplify,https://simplify.jobs/p/6427c785-e963-4326-90d0-87f479e79a31 | https://simplify.jobs/p/a276a185-10f2-4430-9e6e-ff95a3b9bf4d,,simplify,"[{""site"": ""simplify"", ""url"": ""https://simplify.jobs/p/6427c785-e963-4326-90d0-87f479e79a31""}, {""site"": ""simplify"", ""url"": ""https://simplify.jobs/p/a276a185-10f2-4430-9e6e-ff95a3b9bf4d""}]",[],[],"{""location"": [""Santa Clara, CA, USA""]}",{},"{""location"": ""array_field""}",{}
https://simplify.jobs/p/1191650e-dd8b-42f2-b1ed-3cc004d5000d,Front End Engineer / UX Developer - Fee/UX,World Wide Technology,"Denver, CO, USA",,,,,,2026-09-04T12:09:01+00:00,2026-08-18T01:13:48+00:00,false,,onsite,full_time,senior,,,,simplify,https://simplify.jobs/p/1191650e-dd8b-42f2-b1ed-3cc004d5000d,,simplify,"[{""site"": ""simplify"", ""url"": ""https://simplify.jobs/p/1191650e-dd8b-42f2-b1ed-3cc004d5000d""}]",[],[],"{""location"": [""Denver, CO, USA""]}",{},"{""location"": ""array_field""}",{}
https://simplify.jobs/p/ba2fc0ea-54d2-41c8-8af5-55f9b55a209c,Senior Front End Software Engineer - React,Anduril,"Remote; Arlington County, Arlington, VA, USA",191000.0,253000.0,USD,,,2026-09-15T01:15:01+00:00,2026-09-15T01:06:02+00:00,false,,remote,full_time,mid | senior,,,,simplify,https://simplify.jobs/p/ba2fc0ea-54d2-41c8-8af5-55f9b55a209c,,simplify,"[{""site"": ""simplify"", ""url"": ""https://simplify.jobs/p/ba2fc0ea-54d2-41c8-8af5-55f9b55a209c""}]",[],[],"{""location"": [""Remote; Arlington County, Arlington, VA, USA""]}",{},"{""location"": ""array_field""}",{}
https://simplify.jobs/p/f818280f-d324-42bc-8e3e-23235122883c,Software Engineer - Front End,Anduril,"Reston, VA, USA",166000.0,220000.0,USD,,,2026-09-04T08:42:09+00:00,2026-07-01T22:20:08+00:00,false,,onsite,full_time,junior | mid,,,,simplify,https://simplify.jobs/p/f818280f-d324-42bc-8e3e-23235122883c,,simplify,"[{""site"": ""simplify"", ""url"": ""https://simplify.jobs/p/f818280f-d324-42bc-8e3e-23235122883c""}]",[],[],"{""location"": [""Reston, VA, USA""]}",{},"{""location"": ""array_field""}",{}
https://simplify.jobs/p/b9bbeebd-a342-479b-a1dd-5e144a822290,Front End Developer,Photon,"North Carolina, USA",33000.0,116000.0,USD,,,2026-09-04T08:03:01+00:00,2026-05-28T22:06:46+00:00,false,,onsite,full_time,mid,,,,simplify,https://simplify.jobs/p/b9bbeebd-a342-479b-a1dd-5e144a822290,,simplify,"[{""site"": ""simplify"", ""url"": ""https://simplify.jobs/p/b9bbeebd-a342-479b-a1dd-5e144a822290""}]",[],[],"{""location"": [""North Carolina, USA""]}",{},"{""location"": ""array_field""}",{}
https://simplify.jobs/p/2f5010d7-a869-4e82-b895-71f1ea663f84,Java Front End Developer,Jobsbridge,"Chicago, IL, USA",,,,,,2026-09-04T07:24:02+00:00,2026-02-24T07:18:20+00:00,false,,onsite,full_time,senior,,,,simplify,https://simplify.jobs/p/2f5010d7-a869-4e82-b895-71f1ea663f84 | https://simplify.jobs/p/d66ecd7b-5f30-45ba-bd69-9c2008d42c69 | https://simplify.jobs/p/1004e06d-e353-4d96-a7a4-e2d3371a1b0e,,simplify,"[{""site"": ""simplify"", ""url"": ""https://simplify.jobs/p/2f5010d7-a869-4e82-b895-71f1ea663f84""}, {""site"": ""simplify"", ""url"": ""https://simplify.jobs/p/d66ecd7b-5f30-45ba-bd69-9c2008d42c69""}, {""site"": ""simplify"", ""url"": ""https://simplify.jobs/p/1004e06d-e353-4d96-a7a4-e2d3371a1b0e""}]",[],[],"{""location"": [""Chicago, IL, USA""]}",{},"{""location"": ""array_field""}",{}
https://simplify.jobs/p/4201dc4e-bc6c-4551-9561-0f0f38012d2d,Front End Engineer,EventMobi,"Remote; Bengaluru, Karnataka, India",40000.0,65000.0,CAD,,,2026-09-30T09:28:14+00:00,2026-08-13T06:24:11+00:00,false,,remote,full_time,mid | senior,,,,simplify,https://simplify.jobs/p/4201dc4e-bc6c-4551-9561-0f0f38012d2d,,simplify,"[{""site"": ""simplify"", ""url"": ""https://simplify.jobs/p/4201dc4e-bc6c-4551-9561-0f0f38012d2d""}]",[],[],"{""location"": [""Remote; Bengaluru, Karnataka, India""]}",{},"{""location"": ""array_field""}",{}
https://simplify.jobs/p/0043e1ac-4b51-4e44-abdb-6aac16a9766f,Senior Front End Software Engineer - Application Development,Palantir,"New York, NY, USA",135000.0,200000.0,USD,,,2026-09-04T05:18:01+00:00,2025-10-31T08:53:20+00:00,false,,hybrid,full_time,senior,,,,simplify,https://simplify.jobs/p/0043e1ac-4b51-4e44-abdb-6aac16a9766f,,simplify,"[{""site"": ""simplify"", ""url"": ""https://simplify.jobs/p/0043e1ac-4b51-4e44-abdb-6aac16a9766f""}]",[],[],"{""location"": [""New York, NY, USA""]}",{},"{""location"": ""array_field""}",{}
https://simplify.jobs/p/1dd2f1c5-6542-4b96-b558-aa9a5857d349,Web Front End Developer,STEM Xpert,"Woodbury, NY, USA",,,,,,2026-09-04T07:24:02+00:00,2026-02-27T07:13:27+00:00,false,,onsite,full_time,mid,,,,simplify,https://simplify.jobs/p/1dd2f1c5-6542-4b96-b558-aa9a5857d349,,simplify,"[{""site"": ""simplify"", ""url"": ""https://simplify.jobs/p/1dd2f1c5-6542-4b96-b558-aa9a5857d349""}]",[],[],"{""location"": [""Woodbury, NY, USA""]}",{},"{""location"": ""array_field""}",{}
https://simplify.jobs/p/78071d3a-fc62-4f1d-b875-c9e55c63d0ed,Staff Software Engineer - Front End - Transaction Journey,Compass,"Seattle, WA, USA",228000.0,240000.0,USD,,,2026-09-04T07:51:01+00:00,2026-08-26T22:24:21+00:00,false,,onsite,full_time,,,,,simplify,https://simplify.jobs/p/78071d3a-fc62-4f1d-b875-c9e55c63d0ed,,simplify,"[{""site"": ""simplify"", ""url"": ""https://simplify.jobs/p/78071d3a-fc62-4f1d-b875-c9e55c63d0ed""}]",[],[],"{""location"": [""Seattle, WA, USA""]}",{},"{""location"": ""array_field""}",{}
https://simplify.jobs/p/4c9e1721-8d52-46d6-b798-e8c721a13b74,Senior Developer - Front End,Photon,"Chennai, Tamil Nadu, India",,,,,,2026-03-05T02:17:14+00:00,2026-03-05T02:17:14+00:00,false,,onsite,full_time,senior,,,,simplify,https://simplify.jobs/p/4c9e1721-8d52-46d6-b798-e8c721a13b74,,simplify,"[{""site"": ""simplify"", ""url"": ""https://simplify.jobs/p/4c9e1721-8d52-46d6-b798-e8c721a13b74""}]",[],[],"{""location"": [""Chennai, Tamil Nadu, India""]}",{},"{""location"": ""array_field""}",{}
https://simplify.jobs/p/214f2fe3-2b2c-4a40-904d-fa0ed21c4801,Staff Front End Engineer - Web Visualization Tooling,Motional,"Boston, MA, USA; Las Vegas, NV, USA; Remote in USA; Pittsburgh, PA, USA",172000.0,229000.0,USD,,,2026-10-01T10:02:43+00:00,2026-07-20T22:15:48+00:00,false,,hybrid,full_time,senior,,,,simplify,https://simplify.jobs/p/214f2fe3-2b2c-4a40-904d-fa0ed21c4801,,simplify,"[{""site"": ""simplify"", ""url"": ""https://simplify.jobs/p/214f2fe3-2b2c-4a40-904d-fa0ed21c4801""}]",[],[],"{""location"": [""Boston, MA, USA; Las Vegas, NV, USA; Remote in USA; Pittsburgh, PA, USA""]}",{},"{""location"": ""array_field""}",{}
https://simplify.jobs/p/f017d8a6-f38a-495e-9ff4-fd2c6763b821,Front End Web Developer,Atria Group,"Sunnyvale, CA, USA",,,,,,2026-09-04T07:24:02+00:00,2026-02-19T07:13:08+00:00,false,,onsite,full_time,senior,,,,simplify,https://simplify.jobs/p/f017d8a6-f38a-495e-9ff4-fd2c6763b821,,simplify,"[{""site"": ""simplify"", ""url"": ""https://simplify.jobs/p/f017d8a6-f38a-495e-9ff4-fd2c6763b821""}]",[],[],"{""location"": [""Sunnyvale, CA, USA""]}",{},"{""location"": ""array_field""}",{}
https://simplify.jobs/p/78ac7dfd-359e-4b9e-a68e-970cd092f787,Lead Front End Engineer,Two Six Technologies,"Arlington County, Arlington, VA, USA",140000.0,200000.0,USD,,,2026-09-15T22:36:01+00:00,2026-09-11T22:25:30+00:00,false,,onsite,full_time,mid | senior,,,,simplify,https://simplify.jobs/p/78ac7dfd-359e-4b9e-a68e-970cd092f787,,simplify,"[{""site"": ""simplify"", ""url"": ""https://simplify.jobs/p/78ac7dfd-359e-4b9e-a68e-970cd092f787""}]",[],[],"{""location"": [""Arlington County, Arlington, VA, USA""]}",{},"{""location"": ""array_field""}",{}
https://simplify.jobs/p/59a5d1ad-df1c-4738-bbcc-bde153c65f62,Senior Software Engineer - Front End / React,Walmart,"Bellevue, WA, USA",108000.0,216000.0,USD,,,2026-10-02T13:00:34+00:00,2026-09-07T00:00:00+00:00,false,,onsite,full_time,mid | senior,,,,simplify,https://simplify.jobs/p/59a5d1ad-df1c-4738-bbcc-bde153c65f62,,simplify,"[{""site"": ""simplify"", ""url"": ""https://simplify.jobs/p/59a5d1ad-df1c-4738-bbcc-bde153c65f62""}]",[],[],"{""location"": [""Bellevue, WA, USA""]}",{},"{""location"": ""array_field""}",{}
https://simplify.jobs/p/31fc01e0-3abb-49bc-809d-1da7af65f95e,Front End Engineer,NTT Data,"Bengaluru, Karnataka, India",,,,,,2026-09-04T07:51:01+00:00,2026-05-18T06:03:01+00:00,false,,onsite,full_time,senior,,,,simplify,https://simplify.jobs/p/31fc01e0-3abb-49bc-809d-1da7af65f95e,,simplify,"[{""site"": ""simplify"", ""url"": ""https://simplify.jobs/p/31fc01e0-3abb-49bc-809d-1da7af65f95e""}]",[],[],"{""location"": [""Bengaluru, Karnataka, India""]}",{},"{""location"": ""array_field""}",{}
https://simplify.jobs/p/2efd642e-11e4-418c-af77-61e3c031442f,Principal Software Engineer - Front End Web UI Platform,GitHub,Remote; Remote in USA,160200.0,425000.0,USD,,,2026-09-03T20:48:22+00:00,2026-07-14T22:09:35+00:00,false,,remote,full_time,,,,,simplify,https://simplify.jobs/p/2efd642e-11e4-418c-af77-61e3c031442f,,simplify,"[{""site"": ""simplify"", ""url"": ""https://simplify.jobs/p/2efd642e-11e4-418c-af77-61e3c031442f""}]",[],[],"{""location"": [""Remote; Remote in USA""]}",{},"{""location"": ""array_field""}",{}
https://simplify.jobs/p/dc9e37b2-c95a-4404-b917-19114bcf4d6f,Lead UI Developer - Front end development - High end SA / M,Atria Group,"Cleveland, OH, USA",,,,,,2026-09-03T17:45:23+00:00,2026-02-19T07:12:15+00:00,false,,onsite,full_time,senior,,,,simplify,https://simplify.jobs/p/dc9e37b2-c95a-4404-b917-19114bcf4d6f,,simplify,"[{""site"": ""simplify"", ""url"": ""https://simplify.jobs/p/dc9e37b2-c95a-4404-b917-19114bcf4d6f""}]",[],[],"{""location"": [""Cleveland, OH, USA""]}",{},"{""location"": ""array_field""}",{}
https://simplify.jobs/p/0fd7d7b4-9187-4773-829a-dd7379d90572,Front End Web Developer,Growth By Design,"Duluth, GA, USA",,,,,,2026-09-04T12:09:01+00:00,2026-08-18T01:13:50+00:00,false,,onsite,full_time,mid,,,,simplify,https://simplify.jobs/p/0fd7d7b4-9187-4773-829a-dd7379d90572,,simplify,"[{""site"": ""simplify"", ""url"": ""https://simplify.jobs/p/0fd7d7b4-9187-4773-829a-dd7379d90572""}]",[],[],"{""location"": [""Duluth, GA, USA""]}",{},"{""location"": ""array_field""}",{}
https://simplify.jobs/p/e5335bea-a5fe-4499-9661-bd1832428ed0,Front End Developer,STEM Xpert,"Florham Park, NJ, USA",,,,,,2026-09-04T07:24:02+00:00,2026-02-27T07:12:23+00:00,false,,onsite,full_time,mid,,,,simplify,https://simplify.jobs/p/e5335bea-a5fe-4499-9661-bd1832428ed0,,simplify,"[{""site"": ""simplify"", ""url"": ""https://simplify.jobs/p/e5335bea-a5fe-4499-9661-bd1832428ed0""}]",[],[],"{""location"": [""Florham Park, NJ, USA""]}",{},"{""location"": ""array_field""}",{}
https://simplify.jobs/p/9ffe4827-2e9f-4b54-ab74-5ee6ea7afcd8,Front End Software Engineer - Angular,Leading Path Consulting,"Chantilly, VA, USA",,,,,,2026-09-04T01:18:24+00:00,2026-08-08T01:17:53+00:00,false,,onsite,full_time,senior,,,,simplify,https://simplify.jobs/p/9ffe4827-2e9f-4b54-ab74-5ee6ea7afcd8,,simplify,"[{""site"": ""simplify"", ""url"": ""https://simplify.jobs/p/9ffe4827-2e9f-4b54-ab74-5ee6ea7afcd8""}]",[],[],"{""location"": [""Chantilly, VA, USA""]}",{},"{""location"": ""array_field""}",{}
https://simplify.jobs/p/2ca0c53d-73ab-4cf5-865a-c0bcc36f40dc,Front End Developer,STEM Xpert,"Fort Worth, TX, USA",,,,,,2026-09-04T07:24:02+00:00,2026-02-27T07:12:19+00:00,false,,onsite,full_time,senior,,,,simplify,https://simplify.jobs/p/2ca0c53d-73ab-4cf5-865a-c0bcc36f40dc,,simplify,"[{""site"": ""simplify"", ""url"": ""https://simplify.jobs/p/2ca0c53d-73ab-4cf5-865a-c0bcc36f40dc""}]",[],[],"{""location"": [""Fort Worth, TX, USA""]}",{},"{""location"": ""array_field""}",{}
https://simplify.jobs/p/7efd30ac-6f1d-413d-b47c-f62594ea90a4,Senior Front End Developer,Intercontinental Exchange,"Hyderabad, Telangana, India",,,,,,2026-09-23T14:15:01+00:00,2026-09-23T14:09:11+00:00,false,,onsite,full_time,senior,,,,simplify,https://simplify.jobs/p/7efd30ac-6f1d-413d-b47c-f62594ea90a4,,simplify,"[{""site"": ""simplify"", ""url"": ""https://simplify.jobs/p/7efd30ac-6f1d-413d-b47c-f62594ea90a4""}]",[],[],"{""location"": [""Hyderabad, Telangana, India""]}",{},"{""location"": ""array_field""}",{}
https://simplify.jobs/p/a92dfb7e-28b5-4114-be5e-47c3185abdcc,Front End Developer,STEM Xpert,"Charlotte, NC, USA",,,,,,2026-09-04T07:24:02+00:00,2026-02-27T07:12:28+00:00,false,,onsite,full_time,senior,,,,simplify,https://simplify.jobs/p/a92dfb7e-28b5-4114-be5e-47c3185abdcc | https://simplify.jobs/p/c40fa79e-8f3f-4549-a444-4ec347e4c231,,simplify,"[{""site"": ""simplify"", ""url"": ""https://simplify.jobs/p/a92dfb7e-28b5-4114-be5e-47c3185abdcc""}, {""site"": ""simplify"", ""url"": ""https://simplify.jobs/p/c40fa79e-8f3f-4549-a444-4ec347e4c231""}]",[],[],"{""location"": [""Charlotte, NC, USA""]}",{},"{""location"": ""array_field""}",{}
https://simplify.jobs/p/a7157048-51a2-4949-b133-14f14f1b9b75,Fullstack / Front End Developer,Jobsbridge,"New York, NY, USA",,,,,,2026-09-04T07:24:02+00:00,2026-02-24T07:17:22+00:00,false,,onsite,full_time,mid,,,,simplify,https://simplify.jobs/p/a7157048-51a2-4949-b133-14f14f1b9b75,,simplify,"[{""site"": ""simplify"", ""url"": ""https://simplify.jobs/p/a7157048-51a2-4949-b133-14f14f1b9b75""}]",[],[],"{""location"": [""New York, NY, USA""]}",{},"{""location"": ""array_field""}",{}
https://simplify.jobs/p/1612adce-ad94-4931-a4dd-a8d599b08d94,Front End Developer - With an Eye for Design,LendingTree,"Charlotte, NC, USA",,,,,,2026-09-04T12:09:01+00:00,2026-08-18T01:17:52+00:00,false,,onsite,full_time,mid,,,,simplify,https://simplify.jobs/p/1612adce-ad94-4931-a4dd-a8d599b08d94,,simplify,"[{""site"": ""simplify"", ""url"": ""https://simplify.jobs/p/1612adce-ad94-4931-a4dd-a8d599b08d94""}]",[],[],"{""location"": [""Charlotte, NC, USA""]}",{},"{""location"": ""array_field""}",{}
https://simplify.jobs/p/51bc26d1-ff30-4bf2-a372-c50ad449085a,Senior Front End Engineer,One Stop Halal,"Walnut, CA, USA",,,,,,2026-09-04T00:27:22+00:00,2026-08-06T01:05:44+00:00,false,,onsite,full_time,senior,,,,simplify,https://simplify.jobs/p/51bc26d1-ff30-4bf2-a372-c50ad449085a,,simplify,"[{""site"": ""simplify"", ""url"": ""https://simplify.jobs/p/51bc26d1-ff30-4bf2-a372-c50ad449085a""}]",[],[],"{""location"": [""Walnut, CA, USA""]}",{},"{""location"": ""array_field""}",{}
https://simplify.jobs/p/b20f7f1d-5dc9-4764-b2d0-e4782096ccb3,Front End Developer Intern,Simon Property Group,"Indianapolis, IN, USA",,,,,,2026-09-04T14:52:11+00:00,2026-09-04T00:00:00+00:00,true,,onsite,internship,intern,,,,simplify,https://simplify.jobs/p/b20f7f1d-5dc9-4764-b2d0-e4782096ccb3,,simplify,"[{""site"": ""simplify"", ""url"": ""https://simplify.jobs/p/b20f7f1d-5dc9-4764-b2d0-e4782096ccb3""}]",[],[],"{""location"": [""Indianapolis, IN, USA""]}",{},"{""location"": ""array_field""}",{}
https://simplify.jobs/p/99d23f47-2d2c-44d3-bc83-c134aef1bfcc,Product Engineer - Front End,Flux,"San Francisco, CA, USA",183000.0,250000.0,USD,,,2026-09-04T07:12:12+00:00,2025-12-18T16:13:43+00:00,false,,onsite,full_time,mid | senior,,,,simplify,https://simplify.jobs/p/99d23f47-2d2c-44d3-bc83-c134aef1bfcc,,simplify,"[{""site"": ""simplify"", ""url"": ""https://simplify.jobs/p/99d23f47-2d2c-44d3-bc83-c134aef1bfcc""}]",[],[],"{""location"": [""San Francisco, CA, USA""]}",{},"{""location"": ""array_field""}",{}
https://simplify.jobs/p/a4381161-8660-4f30-8375-1299b8faea5c,Front End/UI Web Developer,Jobsbridge,"Washington, DC, USA",,,,,,2026-09-04T07:24:02+00:00,2026-02-24T07:19:32+00:00,false,,onsite,full_time,mid,,,,simplify,https://simplify.jobs/p/a4381161-8660-4f30-8375-1299b8faea5c,,simplify,"[{""site"": ""simplify"", ""url"": ""https://simplify.jobs/p/a4381161-8660-4f30-8375-1299b8faea5c""}]",[],[],"{""location"": [""Washington, DC, USA""]}",{},"{""location"": ""array_field""}",{}
https://simplify.jobs/p/bac1815a-d26c-4648-86dc-9d68076e0ed4,Front End Developer,ManTech,"Annapolis Junction, MD, USA",91600.0,153800.0,USD,,,2026-09-04T13:00:41+00:00,2026-08-28T14:32:05+00:00,false,,onsite,full_time,mid,,,,simplify,https://simplify.jobs/p/bac1815a-d26c-4648-86dc-9d68076e0ed4,,simplify,"[{""site"": ""simplify"", ""url"": ""https://simplify.jobs/p/bac1815a-d26c-4648-86dc-9d68076e0ed4""}]",[],[],"{""location"": [""Annapolis Junction, MD, USA""]}",{},"{""location"": ""array_field""}",{}
https://simplify.jobs/p/16860eed-8309-4466-ac41-5dee63f75f5e,Front End Engineer,Ministry Brands,"Galway, Ireland",,,,,,2026-09-26T08:51:01+00:00,2026-08-28T00:00:00+00:00,false,,hybrid,full_time,mid,,,,simplify,https://simplify.jobs/p/16860eed-8309-4466-ac41-5dee63f75f5e,,simplify,"[{""site"": ""simplify"", ""url"": ""https://simplify.jobs/p/16860eed-8309-4466-ac41-5dee63f75f5e""}]",[],[],"{""location"": [""Galway, Ireland""]}",{},"{""location"": ""array_field""}",{}
https://simplify.jobs/p/a0f9993d-f04c-40d7-8e22-6252f4b3ec39,Design Engineer Lead - UX/UI & Front End - AI,Landytech,"London, UK",,,,,,2026-09-11T23:58:15+00:00,2026-09-11T23:51:17+00:00,false,,hybrid,full_time,senior,,,,simplify,https://simplify.jobs/p/a0f9993d-f04c-40d7-8e22-6252f4b3ec39,,simplify,"[{""site"": ""simplify"", ""url"": ""https://simplify.jobs/p/a0f9993d-f04c-40d7-8e22-6252f4b3ec39""}]",[],[],"{""location"": [""London, UK""]}",{},"{""location"": ""array_field""}",{}
https://simplify.jobs/p/15acff14-3985-4347-b42c-9e36c2224f12,Lead Front End Engineer - Senior,Sutherland,"San Francisco, CA, USA",,,,,,2026-09-04T12:09:01+00:00,2026-08-18T01:16:37+00:00,false,,onsite,full_time,mid | senior,,,,simplify,https://simplify.jobs/p/15acff14-3985-4347-b42c-9e36c2224f12,,simplify,"[{""site"": ""simplify"", ""url"": ""https://simplify.jobs/p/15acff14-3985-4347-b42c-9e36c2224f12""}]",[],[],"{""location"": [""San Francisco, CA, USA""]}",{},"{""location"": ""array_field""}",{}
https://simplify.jobs/p/230aebe1-d55a-401f-a66f-eeccb5917667,Staff Software Engineer - Front End,Intuit,"New York, NY, USA",202500.0,274000.0,USD,,,2026-09-04T09:06:02+00:00,2026-08-18T23:00:14+00:00,false,,onsite,full_time,senior,,,,simplify,https://simplify.jobs/p/230aebe1-d55a-401f-a66f-eeccb5917667,,simplify,"[{""site"": ""simplify"", ""url"": ""https://simplify.jobs/p/230aebe1-d55a-401f-a66f-eeccb5917667""}]",[],[],"{""location"": [""New York, NY, USA""]}",{},"{""location"": ""array_field""}",{}
https://simplify.jobs/p/fc1a718d-85d0-47d8-8819-621c5e3de27d,Senior Front End Web Developer,Jobsbridge,"Burlington, MA, USA",,,,,,2026-09-04T07:24:02+00:00,2026-02-24T07:17:16+00:00,false,,onsite,full_time,mid | senior,,,,simplify,https://simplify.jobs/p/fc1a718d-85d0-47d8-8819-621c5e3de27d | https://simplify.jobs/p/c092cbea-f771-418f-9dfd-659be77b5153,,simplify,"[{""site"": ""simplify"", ""url"": ""https://simplify.jobs/p/fc1a718d-85d0-47d8-8819-621c5e3de27d""}, {""site"": ""simplify"", ""url"": ""https://simplify.jobs/p/c092cbea-f771-418f-9dfd-659be77b5153""}]",[],[],"{""location"": [""Burlington, MA, USA""]}",{},"{""location"": ""array_field""}",{}
https://simplify.jobs/p/6730ce54-9b6f-421f-a595-8a5d5cc4ce89,Front-End/Web Developer - Backbone.js,Jobsbridge,"San Francisco, CA, USA",,,,,,2026-09-04T07:24:02+00:00,2026-02-24T07:21:16+00:00,false,,onsite,full_time,mid,,,,simplify,https://simplify.jobs/p/6730ce54-9b6f-421f-a595-8a5d5cc4ce89,,simplify,"[{""site"": ""simplify"", ""url"": ""https://simplify.jobs/p/6730ce54-9b6f-421f-a595-8a5d5cc4ce89""}]",[],[],"{""location"": [""San Francisco, CA, USA""]}",{},"{""location"": ""array_field""}",{}
https://simplify.jobs/p/2d60eebe-fbb9-45a5-8b0e-cba58f0afedc,Front End Developer - React,Webtellect,"Remote; Seattle, WA, USA",,,,,,2026-09-03T17:54:20+00:00,2026-03-02T07:04:40+00:00,false,,remote,full_time,senior,,,,simplify,https://simplify.jobs/p/2d60eebe-fbb9-45a5-8b0e-cba58f0afedc,,simplify,"[{""site"": ""simplify"", ""url"": ""https://simplify.jobs/p/2d60eebe-fbb9-45a5-8b0e-cba58f0afedc""}]",[],[],"{""location"": [""Remote; Seattle, WA, USA""]}",{},"{""location"": ""array_field""}",{}
https://simplify.jobs/p/61eb875b-3019-4ad7-9556-ce694f65a3d3,Software Engineer - Front End - Retail and Marcom Engineering,Apple,"Austin, TX, USA",,,,,,2026-09-03T18:48:22+00:00,2026-06-11T22:05:35+00:00,false,,onsite,full_time,mid,,,,simplify,https://simplify.jobs/p/61eb875b-3019-4ad7-9556-ce694f65a3d3,,simplify,"[{""site"": ""simplify"", ""url"": ""https://simplify.jobs/p/61eb875b-3019-4ad7-9556-ce694f65a3d3""}]",[],[],"{""location"": [""Austin, TX, USA""]}",{},"{""location"": ""array_field""}",{}
https://simplify.jobs/p/d7dea4e6-3295-4c3d-8075-c496707952c5,Angular Front End Developer,Capgemini,"New York, NY, USA",100000.0,118665.0,USD,,,2026-09-04T10:30:02+00:00,2026-08-03T06:07:06+00:00,false,,onsite,full_time,,,,,simplify,https://simplify.jobs/p/d7dea4e6-3295-4c3d-8075-c496707952c5,,simplify,"[{""site"": ""simplify"", ""url"": ""https://simplify.jobs/p/d7dea4e6-3295-4c3d-8075-c496707952c5""}]",[],[],"{""location"": [""New York, NY, USA""]}",{},"{""location"": ""array_field""}",{}
https://simplify.jobs/p/2600dffd-0a1c-4ad1-9da5-684153f953c1,Senior Front End Developer,Owens & Minor,India,,,,,,2026-09-04T08:03:01+00:00,2026-06-13T14:30:38+00:00,false,,onsite,full_time,senior,,,,simplify,https://simplify.jobs/p/2600dffd-0a1c-4ad1-9da5-684153f953c1,,simplify,"[{""site"": ""simplify"", ""url"": ""https://simplify.jobs/p/2600dffd-0a1c-4ad1-9da5-684153f953c1""}]",[],[],"{""location"": [""India""]}",{},"{""location"": ""array_field""}",{}
https://simplify.jobs/p/186afa9a-4b2b-4079-be86-de3cef817053,Senior Front End Developer,Anomali,"Redwood City, CA, USA",,,,,,2026-09-04T02:24:21+00:00,2026-08-13T06:19:53+00:00,false,,onsite,full_time,senior,,,,simplify,https://simplify.jobs/p/186afa9a-4b2b-4079-be86-de3cef817053,,simplify,"[{""site"": ""simplify"", ""url"": ""https://simplify.jobs/p/186afa9a-4b2b-4079-be86-de3cef817053""}]",[],[],"{""location"": [""Redwood City, CA, USA""]}",{},"{""location"": ""array_field""}",{}
https://simplify.jobs/p/10b5ca33-ac65-4749-a616-ae5526af2927,Software Engineer 2 - Front End,Compass,"New York, NY, USA",126990.0,141100.0,USD,,,2026-09-03T02:12:09+00:00,2026-09-01T19:13:37+00:00,false,,onsite,full_time,junior | mid,,,,simplify,https://simplify.jobs/p/10b5ca33-ac65-4749-a616-ae5526af2927,,simplify,"[{""site"": ""simplify"", ""url"": ""https://simplify.jobs/p/10b5ca33-ac65-4749-a616-ae5526af2927""}]",[],[],"{""location"": [""New York, NY, USA""]}",{},"{""location"": ""array_field""}",{}
https://simplify.jobs/p/cd4f1a65-e591-4f04-a567-679c06564787,Front End UI Developer,Jobsbridge,"Chicago, IL, USA",,,,,,2026-09-03T17:54:20+00:00,2026-02-24T07:19:47+00:00,false,,onsite,full_time,mid,,,,simplify,https://simplify.jobs/p/cd4f1a65-e591-4f04-a567-679c06564787,,simplify,"[{""site"": ""simplify"", ""url"": ""https://simplify.jobs/p/cd4f1a65-e591-4f04-a567-679c06564787""}]",[],[],"{""location"": [""Chicago, IL, USA""]}",{},"{""location"": ""array_field""}",{}
https://simplify.jobs/p/811a7da7-58ff-4c27-8ee9-c9073d442fa4,Front End Engineer - SalonBiz,EverCommerce,Remote; Remote in USA,78000.0,100000.0,USD,,,2026-09-24T09:33:17+00:00,2026-09-24T00:00:00+00:00,false,,remote,full_time,mid,,,,simplify,https://simplify.jobs/p/811a7da7-58ff-4c27-8ee9-c9073d442fa4,,simplify,"[{""site"": ""simplify"", ""url"": ""https://simplify.jobs/p/811a7da7-58ff-4c27-8ee9-c9073d442fa4""}]",[],[],"{""location"": [""Remote; Remote in USA""]}",{},"{""location"": ""array_field""}",{}
https://simplify.jobs/p/9d8313c9-9288-4346-ab59-501b3198fd86,Front End Developer,Jobsbridge,"Atlanta, GA, USA",,,,,,2026-09-04T07:24:02+00:00,2026-02-24T07:18:28+00:00,false,,onsite,full_time,mid,,,,simplify,https://simplify.jobs/p/9d8313c9-9288-4346-ab59-501b3198fd86,,simplify,"[{""site"": ""simplify"", ""url"": ""https://simplify.jobs/p/9d8313c9-9288-4346-ab59-501b3198fd86""}]",[],[],"{""location"": [""Atlanta, GA, USA""]}",{},"{""location"": ""array_field""}",{}
https://simplify.jobs/p/6cae19fb-02f5-4bfa-b22a-b55fb4516619,Software Development Engineer 3 - Front End,Blue Origin,"Space Coast, FL, USA",,,,,,2026-09-16T10:15:04+00:00,2026-06-20T11:13:43+00:00,false,,onsite,full_time,senior,,,,simplify,https://simplify.jobs/p/6cae19fb-02f5-4bfa-b22a-b55fb4516619,,simplify,"[{""site"": ""simplify"", ""url"": ""https://simplify.jobs/p/6cae19fb-02f5-4bfa-b22a-b55fb4516619""}]",[],[],"{""location"": [""Space Coast, FL, USA""]}",{},"{""location"": ""array_field""}",{}
https://simplify.jobs/p/7c54cf9b-c63b-4d23-abc7-ab2fe6de14f4,Front End User Interface Designer/Developer,Idexcel,"Herndon, VA, USA",,,,,,2026-09-04T07:24:02+00:00,2026-02-24T02:13:23+00:00,false,,onsite,full_time,mid,,,,simplify,https://simplify.jobs/p/7c54cf9b-c63b-4d23-abc7-ab2fe6de14f4,,simplify,"[{""site"": ""simplify"", ""url"": ""https://simplify.jobs/p/7c54cf9b-c63b-4d23-abc7-ab2fe6de14f4""}]",[],[],"{""location"": [""Herndon, VA, USA""]}",{},"{""location"": ""array_field""}",{}
https://simplify.jobs/p/f7b5388c-8934-47ca-8f2f-a76e9e0b109c,Senior Front End Developer - UI/UX,Intercontinental Exchange,"Hyderabad, Telangana, India",,,,,,2026-09-18T14:09:01+00:00,2026-09-18T14:07:24+00:00,false,,onsite,full_time,senior,,,,simplify,https://simplify.jobs/p/f7b5388c-8934-47ca-8f2f-a76e9e0b109c,,simplify,"[{""site"": ""simplify"", ""url"": ""https://simplify.jobs/p/f7b5388c-8934-47ca-8f2f-a76e9e0b109c""}]",[],[],"{""location"": [""Hyderabad, Telangana, India""]}",{},"{""location"": ""array_field""}",{}
https://simplify.jobs/p/1734694a-9cca-4fe9-b0c0-1374957798de,Fullstack / Front End Developer,Jobsbridge,"Remote; San Jose, CA, USA",,,,,,2026-09-04T07:24:02+00:00,2026-02-24T07:17:48+00:00,false,,remote,full_time,mid,,,,simplify,https://simplify.jobs/p/1734694a-9cca-4fe9-b0c0-1374957798de,,simplify,"[{""site"": ""simplify"", ""url"": ""https://simplify.jobs/p/1734694a-9cca-4fe9-b0c0-1374957798de""}]",[],[],"{""location"": [""Remote; San Jose, CA, USA""]}",{},"{""location"": ""array_field""}",{}
https://simplify.jobs/p/db4a1c01-2a5e-42b6-9eff-c98842b67638,Front End .NET Developer,Atria Group,"Dallas, TX, USA",,,,,,2026-09-04T07:24:02+00:00,2026-02-19T07:12:22+00:00,false,,onsite,full_time,mid,,,,simplify,https://simplify.jobs/p/db4a1c01-2a5e-42b6-9eff-c98842b67638,,simplify,"[{""site"": ""simplify"", ""url"": ""https://simplify.jobs/p/db4a1c01-2a5e-42b6-9eff-c98842b67638""}]",[],[],"{""location"": [""Dallas, TX, USA""]}",{},"{""location"": ""array_field""}",{}
https://simplify.jobs/p/899a3f0d-a1a2-4f60-ad47-245853feee33,Front End Web Developer,SA Technologies,"Ottawa, ON, Canada",,,,,,2026-09-04T07:24:02+00:00,2026-02-26T07:18:33+00:00,false,,onsite,full_time,mid,,,,simplify,https://simplify.jobs/p/899a3f0d-a1a2-4f60-ad47-245853feee33,,simplify,"[{""site"": ""simplify"", ""url"": ""https://simplify.jobs/p/899a3f0d-a1a2-4f60-ad47-245853feee33""}]",[],[],"{""location"": [""Ottawa, ON, Canada""]}",{},"{""location"": ""array_field""}",{}
https://simplify.jobs/p/6e0b471b-eaab-4f4a-b011-12869994d637,Web Front End Developer,Jobsbridge,"San Jose, CA, USA",,,,,,2026-09-04T07:24:02+00:00,2026-02-24T07:20:57+00:00,false,,onsite,full_time,senior,,,,simplify,https://simplify.jobs/p/6e0b471b-eaab-4f4a-b011-12869994d637 | https://simplify.jobs/p/966f4e54-cf42-4388-9561-1f4b2722a1b0 | https://simplify.jobs/p/411b0ee9-7f9e-478d-8393-b35719401e48,,simplify,"[{""site"": ""simplify"", ""url"": ""https://simplify.jobs/p/6e0b471b-eaab-4f4a-b011-12869994d637""}, {""site"": ""simplify"", ""url"": ""https://simplify.jobs/p/966f4e54-cf42-4388-9561-1f4b2722a1b0""}, {""site"": ""simplify"", ""url"": ""https://simplify.jobs/p/411b0ee9-7f9e-478d-8393-b35719401e48""}]",[],[],"{""location"": [""San Jose, CA, USA""]}",{},"{""location"": ""array_field""}",{}
https://simplify.jobs/p/6ac0c2e5-5e74-4b9e-aeb3-66fd04eda666,Senior Product Software Engineer - Front End,The Walt Disney Company,"Glendale, CA, USA",141900.0,190300.0,USD,,,2026-09-21T22:27:04+00:00,2026-09-21T00:00:00+00:00,false,,onsite,full_time,senior,,,,simplify,https://simplify.jobs/p/6ac0c2e5-5e74-4b9e-aeb3-66fd04eda666,,simplify,"[{""site"": ""simplify"", ""url"": ""https://simplify.jobs/p/6ac0c2e5-5e74-4b9e-aeb3-66fd04eda666""}]",[],[],"{""location"": [""Glendale, CA, USA""]}",{},"{""location"": ""array_field""}",{}
https://simplify.jobs/p/b9068f91-90ef-44cf-958e-14b3bf70ba9e,Staff Front End Engineer - Web Conference/Screen Sharing,Mozilla,Remote; Remote in Canada,145000.0,170800.0,CAD,,,2026-09-22T22:32:42+00:00,2026-09-22T22:13:20+00:00,false,,remote,full_time,mid | senior,,,,simplify,https://simplify.jobs/p/b9068f91-90ef-44cf-958e-14b3bf70ba9e,,simplify,"[{""site"": ""simplify"", ""url"": ""https://simplify.jobs/p/b9068f91-90ef-44cf-958e-14b3bf70ba9e""}]",[],[],"{""location"": [""Remote; Remote in Canada""]}",{},"{""location"": ""array_field""}",{}
https://simplify.jobs/p/7843b0f1-fcc1-4652-8073-94c2e8b733b0,Front End Engineer,Amazon,"Austin, TX, USA",143700.0,194400.0,USD,,,2026-09-18T22:06:02+00:00,2026-09-18T22:05:39+00:00,false,,onsite,full_time,junior | mid,,,,simplify,https://simplify.jobs/p/7843b0f1-fcc1-4652-8073-94c2e8b733b0,,simplify,"[{""site"": ""simplify"", ""url"": ""https://simplify.jobs/p/7843b0f1-fcc1-4652-8073-94c2e8b733b0""}]",[],[],"{""location"": [""Austin, TX, USA""]}",{},"{""location"": ""array_field""}",{}
https://simplify.jobs/p/5c18ffef-57ac-4e27-849d-030969127484,Front End JavaScript Splunk AngularJS Developer - Visualization and Analytics,Trigyn Technologies,"Montreal, QC, Canada",,,,,,2026-09-03T17:59:44+00:00,2026-02-27T15:11:49+00:00,false,,onsite,full_time,mid,,,,simplify,https://simplify.jobs/p/5c18ffef-57ac-4e27-849d-030969127484,,simplify,"[{""site"": ""simplify"", ""url"": ""https://simplify.jobs/p/5c18ffef-57ac-4e27-849d-030969127484""}]",[],[],"{""location"": [""Montreal, QC, Canada""]}",{},"{""location"": ""array_field""}",{}
https://simplify.jobs/p/57a157e8-98c7-4347-9942-9a6cbf90f955,UI Front End Developer,Jobsbridge,"San Jose, CA, USA",,,,,,2026-09-04T07:24:02+00:00,2026-02-24T07:21:43+00:00,false,,onsite,full_time,senior,,,,simplify,https://simplify.jobs/p/57a157e8-98c7-4347-9942-9a6cbf90f955,,simplify,"[{""site"": ""simplify"", ""url"": ""https://simplify.jobs/p/57a157e8-98c7-4347-9942-9a6cbf90f955""}]",[],[],"{""location"": [""San Jose, CA, USA""]}",{},"{""location"": ""array_field""}",{}
https://simplify.jobs/p/d9b0980d-f59e-4201-a7d1-54ac6c3857c0,Front End Software Engineer,Cascadia Global Security,"Tempe, AZ, USA",,,,,,2026-09-03T21:39:22+00:00,2026-08-03T06:12:57+00:00,false,,onsite,full_time,mid,,,,simplify,https://simplify.jobs/p/d9b0980d-f59e-4201-a7d1-54ac6c3857c0,,simplify,"[{""site"": ""simplify"", ""url"": ""https://simplify.jobs/p/d9b0980d-f59e-4201-a7d1-54ac6c3857c0""}]",[],[],"{""location"": [""Tempe, AZ, USA""]}",{},"{""location"": ""array_field""}",{}
https://simplify.jobs/p/78e1001c-ac11-4553-8d51-1f5644c2580a,Front End Developer,Dotzoe,"Los Angeles, CA, USA",,,,,,2026-09-04T12:00:01+00:00,2026-08-18T01:11:13+00:00,false,,onsite,full_time,mid,,,,simplify,https://simplify.jobs/p/78e1001c-ac11-4553-8d51-1f5644c2580a,,simplify,"[{""site"": ""simplify"", ""url"": ""https://simplify.jobs/p/78e1001c-ac11-4553-8d51-1f5644c2580a""}]",[],[],"{""location"": [""Los Angeles, CA, USA""]}",{},"{""location"": ""array_field""}",{}
https://simplify.jobs/p/83fd92f8-fc5b-4145-beff-cae9a131f0ce,Software Engineer - Front End,Google,"New York, NY, USA; Mountain View, CA, USA",147000.0,210000.0,USD,,,2026-09-30T09:45:05+00:00,2026-09-16T22:14:19+00:00,false,,onsite,full_time,mid,,,,simplify,https://simplify.jobs/p/83fd92f8-fc5b-4145-beff-cae9a131f0ce,,simplify,"[{""site"": ""simplify"", ""url"": ""https://simplify.jobs/p/83fd92f8-fc5b-4145-beff-cae9a131f0ce""}]",[],[],"{""location"": [""New York, NY, USA; Mountain View, CA, USA""]}",{},"{""location"": ""array_field""}",{}
https://simplify.jobs/p/7bc77413-a6c4-4e0e-87ce-5cc5f337e517,Software Engineer 2 - Front End,Compass,"Boston, MA, USA",126990.0,141100.0,USD,,,2026-09-03T02:12:09+00:00,2026-09-01T19:13:37+00:00,false,,onsite,full_time,mid,,,,simplify,https://simplify.jobs/p/7bc77413-a6c4-4e0e-87ce-5cc5f337e517,,simplify,"[{""site"": ""simplify"", ""url"": ""https://simplify.jobs/p/7bc77413-a6c4-4e0e-87ce-5cc5f337e517""}]",[],[],"{""location"": [""Boston, MA, USA""]}",{},"{""location"": ""array_field""}",{}
https://simplify.jobs/p/4673c032-93e2-4a68-9f4e-63c0307d9dd3,Front End Developer,Jobsbridge,"Durham, NC, USA",,,,,,2026-09-04T07:24:02+00:00,2026-02-24T07:17:54+00:00,false,,onsite,full_time,mid,,,,simplify,https://simplify.jobs/p/4673c032-93e2-4a68-9f4e-63c0307d9dd3 | https://simplify.jobs/p/67df31b5-14b6-4711-9c46-5a79aea55117,,simplify,"[{""site"": ""simplify"", ""url"": ""https://simplify.jobs/p/4673c032-93e2-4a68-9f4e-63c0307d9dd3""}, {""site"": ""simplify"", ""url"": ""https://simplify.jobs/p/67df31b5-14b6-4711-9c46-5a79aea55117""}]",[],[],"{""location"": [""Durham, NC, USA""]}",{},"{""location"": ""array_field""}",{}
https://simplify.jobs/p/e2eb9d07-e1a6-425d-aa5f-e4e3bd906c2a,Principal Software Engineer - Front End Web UI Platform,GitHub,Remote; Remote in Canada,,,,,,2026-09-03T15:24:12+00:00,2026-08-18T01:17:46+00:00,false,,remote,full_time,,,,,simplify,https://simplify.jobs/p/e2eb9d07-e1a6-425d-aa5f-e4e3bd906c2a | https://simplify.jobs/p/0652d45c-19e4-403a-a2e6-b22480233501,,simplify,"[{""site"": ""simplify"", ""url"": ""https://simplify.jobs/p/e2eb9d07-e1a6-425d-aa5f-e4e3bd906c2a""}, {""site"": ""simplify"", ""url"": ""https://simplify.jobs/p/0652d45c-19e4-403a-a2e6-b22480233501""}]",[],[],"{""location"": [""Remote; Remote in Canada""]}",{},"{""location"": ""array_field""}",{}
https://simplify.jobs/p/75becc16-b2c6-453e-832e-84ec95631b53,Front End Web Developer 3,Jobsbridge,"San Jose, CA, USA",,,,,,2026-09-04T07:24:02+00:00,2026-02-24T07:21:16+00:00,false,,onsite,full_time,senior,,,,simplify,https://simplify.jobs/p/75becc16-b2c6-453e-832e-84ec95631b53,,simplify,"[{""site"": ""simplify"", ""url"": ""https://simplify.jobs/p/75becc16-b2c6-453e-832e-84ec95631b53""}]",[],[],"{""location"": [""San Jose, CA, USA""]}",{},"{""location"": ""array_field""}",{}
https://simplify.jobs/p/ebcf07d3-55a4-44b8-99a1-eeda1443456f,Front End React Developer,General Dynamics Information Technology,"Annapolis Junction, MD, USA",110500.0,149500.0,USD,,,2026-09-23T22:18:35+00:00,2026-09-23T00:00:00+00:00,false,,onsite,full_time,junior,,,,simplify,https://simplify.jobs/p/ebcf07d3-55a4-44b8-99a1-eeda1443456f,,simplify,"[{""site"": ""simplify"", ""url"": ""https://simplify.jobs/p/ebcf07d3-55a4-44b8-99a1-eeda1443456f""}]",[],[],"{""location"": [""Annapolis Junction, MD, USA""]}",{},"{""location"": ""array_field""}",{}
https://simplify.jobs/p/dda979e8-107b-4ec7-a5f1-3fe1bfa3af94,Java Front End Developer,Implify,"Bothell, WA, USA; Richardson, TX, USA",,,,,,2026-09-04T07:24:02+00:00,2026-02-24T02:09:57+00:00,false,,onsite,full_time,senior,,,,simplify,https://simplify.jobs/p/dda979e8-107b-4ec7-a5f1-3fe1bfa3af94,,simplify,"[{""site"": ""simplify"", ""url"": ""https://simplify.jobs/p/dda979e8-107b-4ec7-a5f1-3fe1bfa3af94""}]",[],[],"{""location"": [""Bothell, WA, USA; Richardson, TX, USA""]}",{},"{""location"": ""array_field""}",{}
https://simplify.jobs/p/4bb1c673-8aa7-4877-9743-298b356b8daf,Senior Software Engineer - Front End,Jobsbridge,"San Francisco, CA, USA",,,,,,2026-09-03T17:54:20+00:00,2026-02-24T07:21:34+00:00,false,,onsite,full_time,senior,,,,simplify,https://simplify.jobs/p/4bb1c673-8aa7-4877-9743-298b356b8daf,,simplify,"[{""site"": ""simplify"", ""url"": ""https://simplify.jobs/p/4bb1c673-8aa7-4877-9743-298b356b8daf""}]",[],[],"{""location"": [""San Francisco, CA, USA""]}",{},"{""location"": ""array_field""}",{}
https://simplify.jobs/p/ea34294a-ac9e-400a-9603-18200005cf64,Front End Development Lead,Jobsbridge,"New York, NY, USA",,,,,,2026-09-03T17:54:20+00:00,2026-02-24T07:20:00+00:00,false,,onsite,full_time,senior,,,,simplify,https://simplify.jobs/p/ea34294a-ac9e-400a-9603-18200005cf64,,simplify,"[{""site"": ""simplify"", ""url"": ""https://simplify.jobs/p/ea34294a-ac9e-400a-9603-18200005cf64""}]",[],[],"{""location"": [""New York, NY, USA""]}",{},"{""location"": ""array_field""}",{}
https://simplify.jobs/p/1821edcc-0573-4936-8d56-d4ae2f038498,Senior Front End Engineer,SuiteSpot,"Toronto, ON, Canada",,,,,,2026-09-04T02:15:20+00:00,2026-08-12T22:43:19+00:00,false,,hybrid,full_time,senior,,,,simplify,https://simplify.jobs/p/1821edcc-0573-4936-8d56-d4ae2f038498,,simplify,"[{""site"": ""simplify"", ""url"": ""https://simplify.jobs/p/1821edcc-0573-4936-8d56-d4ae2f038498""}]",[],[],"{""location"": [""Toronto, ON, Canada""]}",{},"{""location"": ""array_field""}",{}
https://simplify.jobs/p/0c0dce4c-90fe-4152-9f1c-f230a7b5d8e8,Front End Developer - Multiple Teams,Webtellect,"Seattle, WA, USA",,,,,,2026-09-03T17:54:20+00:00,2026-03-02T07:04:27+00:00,false,,onsite,full_time,mid,,,,simplify,https://simplify.jobs/p/0c0dce4c-90fe-4152-9f1c-f230a7b5d8e8,,simplify,"[{""site"": ""simplify"", ""url"": ""https://simplify.jobs/p/0c0dce4c-90fe-4152-9f1c-f230a7b5d8e8""}]",[],[],"{""location"": [""Seattle, WA, USA""]}",{},"{""location"": ""array_field""}",{}
https://simplify.jobs/p/9f33af9e-cc47-4d63-8b99-0c250ba19cbb,Front End Developer,Deegit,"Carlsbad, CA, USA",,,,,,2026-09-03T17:51:05+00:00,2026-02-20T15:09:56+00:00,false,,onsite,full_time,senior,,,,simplify,https://simplify.jobs/p/9f33af9e-cc47-4d63-8b99-0c250ba19cbb,,simplify,"[{""site"": ""simplify"", ""url"": ""https://simplify.jobs/p/9f33af9e-cc47-4d63-8b99-0c250ba19cbb""}]",[],[],"{""location"": [""Carlsbad, CA, USA""]}",{},"{""location"": ""array_field""}",{}
https://simplify.jobs/p/a19e7695-59ad-49c0-8947-e992e6f76ea0,Front End Software Engineer,MORSE Corp,"Cambridge, MA, USA",90000.0,210000.0,USD,,,2026-09-04T07:12:12+00:00,2026-02-05T07:38:45+00:00,false,,onsite,full_time,senior,,,,simplify,https://simplify.jobs/p/a19e7695-59ad-49c0-8947-e992e6f76ea0,,simplify,"[{""site"": ""simplify"", ""url"": ""https://simplify.jobs/p/a19e7695-59ad-49c0-8947-e992e6f76ea0""}]",[],[],"{""location"": [""Cambridge, MA, USA""]}",{},"{""location"": ""array_field""}",{}
https://simplify.jobs/p/225bf2d6-b007-4ed1-8e77-d4f17e728a99,Front End Developer,PingWind,"Huntsville, AL, USA",115000.0,160000.0,USD,,,2026-10-01T01:15:01+00:00,2026-10-01T01:13:25+00:00,false,,hybrid,full_time,mid,,,,simplify,https://simplify.jobs/p/225bf2d6-b007-4ed1-8e77-d4f17e728a99,,simplify,"[{""site"": ""simplify"", ""url"": ""https://simplify.jobs/p/225bf2d6-b007-4ed1-8e77-d4f17e728a99""}]",[],[],"{""location"": [""Huntsville, AL, USA""]}",{},"{""location"": ""array_field""}",{}
https://simplify.jobs/p/fba53844-a833-4897-95b6-f81857cb9261,Software Development Engineer - Front End,United Talent Agency,"Los Angeles, CA, USA",150000.0,160000.0,USD,,,2026-09-03T07:18:06+00:00,2026-08-27T16:38:07+00:00,false,,onsite,full_time,senior,,,,simplify,https://simplify.jobs/p/fba53844-a833-4897-95b6-f81857cb9261,,simplify,"[{""site"": ""simplify"", ""url"": ""https://simplify.jobs/p/fba53844-a833-4897-95b6-f81857cb9261""}]",[],[],"{""location"": [""Los Angeles, CA, USA""]}",{},"{""location"": ""array_field""}",{}
https://simplify.jobs/p/a2cdc712-fcab-439e-b3fd-a81511eeeff8,Front End Developer,Experis,"Westlake, TX, USA",,,,,,2026-09-04T07:24:02+00:00,2026-02-23T07:09:38+00:00,false,,onsite,full_time,mid,,,,simplify,https://simplify.jobs/p/a2cdc712-fcab-439e-b3fd-a81511eeeff8 | https://simplify.jobs/p/b34766f2-d646-491d-829b-591d64ebc6b3,,simplify,"[{""site"": ""simplify"", ""url"": ""https://simplify.jobs/p/a2cdc712-fcab-439e-b3fd-a81511eeeff8""}, {""site"": ""simplify"", ""url"": ""https://simplify.jobs/p/b34766f2-d646-491d-829b-591d64ebc6b3""}]",[],[],"{""location"": [""Westlake, TX, USA""]}",{},"{""location"": ""array_field""}",{}
https://simplify.jobs/p/8e110ced-8c33-4c46-873d-ee3076407c70,Architect – Front-End/Client Engineering,Roku,"San Jose, CA, USA",246500.0,486100.0,USD,,,2026-09-03T19:12:22+00:00,2026-07-02T14:04:58+00:00,false,,hybrid,full_time,,,,,simplify,https://simplify.jobs/p/8e110ced-8c33-4c46-873d-ee3076407c70,,simplify,"[{""site"": ""simplify"", ""url"": ""https://simplify.jobs/p/8e110ced-8c33-4c46-873d-ee3076407c70""}]",[],[],"{""location"": [""San Jose, CA, USA""]}",{},"{""location"": ""array_field""}",{}
https://simplify.jobs/p/92f3fb4d-3d65-4966-8816-53e813ea1e51,Senior Front End Developer,Infojini,"Woodlawn, MD, USA",,,,,,2026-09-04T07:24:02+00:00,2026-02-24T07:14:44+00:00,false,,onsite,full_time,senior,,,,simplify,https://simplify.jobs/p/92f3fb4d-3d65-4966-8816-53e813ea1e51,,simplify,"[{""site"": ""simplify"", ""url"": ""https://simplify.jobs/p/92f3fb4d-3d65-4966-8816-53e813ea1e51""}]",[],[],"{""location"": [""Woodlawn, MD, USA""]}",{},"{""location"": ""array_field""}",{}
https://simplify.jobs/p/e358fc5c-4f7e-42a8-a05f-5d9095a5ad1b,Front End Developer - Angular,Photon,"Bengaluru, Karnataka, India",,,,,,2025-07-21T15:15:51+00:00,2025-07-21T15:15:51+00:00,false,,onsite,full_time,mid | senior,,,,simplify,https://simplify.jobs/p/e358fc5c-4f7e-42a8-a05f-5d9095a5ad1b,,simplify,"[{""site"": ""simplify"", ""url"": ""https://simplify.jobs/p/e358fc5c-4f7e-42a8-a05f-5d9095a5ad1b""}]",[],[],"{""location"": [""Bengaluru, Karnataka, India""]}",{},"{""location"": ""array_field""}",{}
https://simplify.jobs/p/8b6ef3d1-b045-4c3a-b7db-a525105cc73a,Front End Web Developer,Jobsbridge,"New York, NY, USA",,,,,,2026-09-04T07:24:02+00:00,2026-02-24T07:18:13+00:00,false,,onsite,full_time,mid,,,,simplify,https://simplify.jobs/p/8b6ef3d1-b045-4c3a-b7db-a525105cc73a,,simplify,"[{""site"": ""simplify"", ""url"": ""https://simplify.jobs/p/8b6ef3d1-b045-4c3a-b7db-a525105cc73a""}]",[],[],"{""location"": [""New York, NY, USA""]}",{},"{""location"": ""array_field""}",{}
https://simplify.jobs/p/d269d94e-3416-4c94-8c4c-374f1a6be451,Front End UI/UX Web Developer,Jobsbridge,"Walnut Creek, CA, USA",,,,,,2026-09-04T07:24:02+00:00,2026-02-24T07:30:01+00:00,false,,onsite,full_time,mid,,,,simplify,https://simplify.jobs/p/d269d94e-3416-4c94-8c4c-374f1a6be451,,simplify,"[{""site"": ""simplify"", ""url"": ""https://simplify.jobs/p/d269d94e-3416-4c94-8c4c-374f1a6be451""}]",[],[],"{""location"": [""Walnut Creek, CA, USA""]}",{},"{""location"": ""array_field""}",{}
https://simplify.jobs/p/9a05d4e3-8c3a-4fa6-9a20-7ae1d8bba317,Java Front End Lead Developer,Jobsbridge,"Bothell, WA, USA",,,,,,2026-09-03T17:53:47+00:00,2026-02-24T07:18:14+00:00,false,,onsite,full_time,mid,,,,simplify,https://simplify.jobs/p/9a05d4e3-8c3a-4fa6-9a20-7ae1d8bba317,,simplify,"[{""site"": ""simplify"", ""url"": ""https://simplify.jobs/p/9a05d4e3-8c3a-4fa6-9a20-7ae1d8bba317""}]",[],[],"{""location"": [""Bothell, WA, USA""]}",{},"{""location"": ""array_field""}",{}
https://simplify.jobs/p/0c25570d-e1eb-4d32-a8a1-88b0f4eac451,Staff Software Engineer - Front End,Parkade,"Remote; San Francisco, CA, USA",180000.0,200000.0,USD,,,2026-09-26T08:24:01+00:00,2026-08-07T22:17:56+00:00,false,,remote,full_time,senior,,,,simplify,https://simplify.jobs/p/0c25570d-e1eb-4d32-a8a1-88b0f4eac451,,simplify,"[{""site"": ""simplify"", ""url"": ""https://simplify.jobs/p/0c25570d-e1eb-4d32-a8a1-88b0f4eac451""}]",[],[],"{""location"": [""Remote; San Francisco, CA, USA""]}",{},"{""location"": ""array_field""}",{}
https://simplify.jobs/p/dee6b395-216a-46b1-94c1-a08cf364e9f4,Front End JavaScript Developer,Jobsbridge,"Chicago, IL, USA",,,,,,2026-09-04T07:24:02+00:00,2026-02-24T07:19:51+00:00,false,,onsite,full_time,mid,,,,simplify,https://simplify.jobs/p/dee6b395-216a-46b1-94c1-a08cf364e9f4,,simplify,"[{""site"": ""simplify"", ""url"": ""https://simplify.jobs/p/dee6b395-216a-46b1-94c1-a08cf364e9f4""}]",[],[],"{""location"": [""Chicago, IL, USA""]}",{},"{""location"": ""array_field""}",{}
https://simplify.jobs/p/ac9a2bf4-2594-43b0-b7b1-3e160f1f7e25,Staff Software Engineer - Front end,Walmart,"Bengaluru, Karnataka, India",,,,,,2026-10-02T13:57:04+00:00,2026-08-26T13:50:54+00:00,false,,onsite,full_time,,,,,simplify,https://simplify.jobs/p/ac9a2bf4-2594-43b0-b7b1-3e160f1f7e25,,simplify,"[{""site"": ""simplify"", ""url"": ""https://simplify.jobs/p/ac9a2bf4-2594-43b0-b7b1-3e160f1f7e25""}]",[],[],"{""location"": [""Bengaluru, Karnataka, India""]}",{},"{""location"": ""array_field""}",{}
https://simplify.jobs/p/c5f3ca67-dda1-4628-9426-d48887b37e51,Front End Engineer,Outpatient App,Remote; Remote in USA,,,,,,2026-09-04T09:54:01+00:00,2026-07-23T06:18:05+00:00,false,,remote,full_time,mid,,,,simplify,https://simplify.jobs/p/c5f3ca67-dda1-4628-9426-d48887b37e51,,simplify,"[{""site"": ""simplify"", ""url"": ""https://simplify.jobs/p/c5f3ca67-dda1-4628-9426-d48887b37e51""}]",[],[],"{""location"": [""Remote; Remote in USA""]}",{},"{""location"": ""array_field""}",{}
https://simplify.jobs/p/6471523e-bff7-496d-a78e-43fa0b796e53,Front End UI/UX Developer,Jobsbridge,"San Jose, CA, USA",,,,,,2026-09-03T17:45:23+00:00,2026-02-24T07:17:49+00:00,false,,onsite,full_time,senior,,,,simplify,https://simplify.jobs/p/6471523e-bff7-496d-a78e-43fa0b796e53,,simplify,"[{""site"": ""simplify"", ""url"": ""https://simplify.jobs/p/6471523e-bff7-496d-a78e-43fa0b796e53""}]",[],[],"{""location"": [""San Jose, CA, USA""]}",{},"{""location"": ""array_field""}",{}
https://simplify.jobs/p/286a8841-5247-4fe5-a470-056293ca27c3,Senior Front End Web Developer,Thorium Digital,"East Brunswick, NJ, USA",83000.0,124000.0,USD,,,2026-09-04T09:54:01+00:00,2026-07-23T06:14:21+00:00,false,,onsite,full_time,senior,,,,simplify,https://simplify.jobs/p/286a8841-5247-4fe5-a470-056293ca27c3,,simplify,"[{""site"": ""simplify"", ""url"": ""https://simplify.jobs/p/286a8841-5247-4fe5-a470-056293ca27c3""}]",[],[],"{""location"": [""East Brunswick, NJ, USA""]}",{},"{""location"": ""array_field""}",{}
https://simplify.jobs/p/7c2f97f6-e7c4-43af-97d9-f5454e053396,Staff Software Engineer - Front End,Compass,"Manhattan, New York, NY, USA; New York, NY, USA",228000.0,240000.0,USD,,,2026-09-09T22:45:10+00:00,2026-09-09T22:38:34+00:00,false,,onsite,full_time,senior,,,,simplify,https://simplify.jobs/p/7c2f97f6-e7c4-43af-97d9-f5454e053396,,simplify,"[{""site"": ""simplify"", ""url"": ""https://simplify.jobs/p/7c2f97f6-e7c4-43af-97d9-f5454e053396""}]",[],[],"{""location"": [""Manhattan, New York, NY, USA; New York, NY, USA""]}",{},"{""location"": ""array_field""}",{}
https://simplify.jobs/p/f8930401-07fd-419e-ad09-58986aa927b7,Front End/Angular Developer,Jobsbridge,"Sunnyvale, CA, USA",,,,,,2026-09-04T07:24:02+00:00,2026-02-24T07:18:59+00:00,false,,onsite,full_time,mid,,,,simplify,https://simplify.jobs/p/f8930401-07fd-419e-ad09-58986aa927b7,,simplify,"[{""site"": ""simplify"", ""url"": ""https://simplify.jobs/p/f8930401-07fd-419e-ad09-58986aa927b7""}]",[],[],"{""location"": [""Sunnyvale, CA, USA""]}",{},"{""location"": ""array_field""}",{}
https://simplify.jobs/p/53e2dd96-5e98-4631-9796-fdfeb624c794,Front End Developer,Jobsbridge,"San Jose, CA, USA",,,,,,2026-09-04T07:24:02+00:00,2026-02-24T07:20:39+00:00,false,,onsite,full_time,senior,,,,simplify,https://simplify.jobs/p/53e2dd96-5e98-4631-9796-fdfeb624c794 | https://simplify.jobs/p/65848ad7-7cbd-4db2-a6f2-07bf8c288eb3 | https://simplify.jobs/p/cf137d64-76db-41c0-8676-56e03a4b35bb,,simplify,"[{""site"": ""simplify"", ""url"": ""https://simplify.jobs/p/53e2dd96-5e98-4631-9796-fdfeb624c794""}, {""site"": ""simplify"", ""url"": ""https://simplify.jobs/p/65848ad7-7cbd-4db2-a6f2-07bf8c288eb3""}, {""site"": ""simplify"", ""url"": ""https://simplify.jobs/p/cf137d64-76db-41c0-8676-56e03a4b35bb""}]",[],[],"{""location"": [""San Jose, CA, USA""]}",{},"{""location"": ""array_field""}",{}
https://simplify.jobs/p/74594b1f-4b0a-4fbb-939f-c0ba27267dd0,AEM Front End Developer,Capgemini,"New York, NY, USA",67733.0,108811.0,USD,,,2026-09-04T10:42:01+00:00,2026-08-03T06:10:41+00:00,false,,onsite,full_time,senior,,,,simplify,https://simplify.jobs/p/74594b1f-4b0a-4fbb-939f-c0ba27267dd0,,simplify,"[{""site"": ""simplify"", ""url"": ""https://simplify.jobs/p/74594b1f-4b0a-4fbb-939f-c0ba27267dd0""}]",[],[],"{""location"": [""New York, NY, USA""]}",{},"{""location"": ""array_field""}",{}
https://simplify.jobs/p/abdd460f-c815-4dba-962a-ad42278dad4d,Front End Engineer 2,Amazon,"Redmond, WA, USA",143700.0,194400.0,USD,,,2026-09-08T22:25:47+00:00,2026-09-08T22:10:59+00:00,false,,onsite,full_time,junior | mid,,,,simplify,https://simplify.jobs/p/abdd460f-c815-4dba-962a-ad42278dad4d,,simplify,"[{""site"": ""simplify"", ""url"": ""https://simplify.jobs/p/abdd460f-c815-4dba-962a-ad42278dad4d""}]",[],[],"{""location"": [""Redmond, WA, USA""]}",{},"{""location"": ""array_field""}",{}
https://simplify.jobs/p/e8fa4a9f-3d14-42d5-bfaf-83a79fb75a02,Front End Developer,Accenture,"Washington, DC, USA",91300.0,184900.0,USD,,,2026-09-29T01:27:01+00:00,2026-07-12T22:18:42+00:00,false,,onsite,full_time,senior,,,,simplify,https://simplify.jobs/p/e8fa4a9f-3d14-42d5-bfaf-83a79fb75a02,,simplify,"[{""site"": ""simplify"", ""url"": ""https://simplify.jobs/p/e8fa4a9f-3d14-42d5-bfaf-83a79fb75a02""}]",[],[],"{""location"": [""Washington, DC, USA""]}",{},"{""location"": ""array_field""}",{}
https://simplify.jobs/p/279eff70-e514-4f77-acbd-9c4a98f045c8,"Senior Front End Engineer - AngularJS, React, Node and more",AND Digital,"London, UK",,,,,,2026-09-04T12:09:01+00:00,2026-08-18T01:16:07+00:00,false,,onsite,full_time,senior,,,,simplify,https://simplify.jobs/p/279eff70-e514-4f77-acbd-9c4a98f045c8,,simplify,"[{""site"": ""simplify"", ""url"": ""https://simplify.jobs/p/279eff70-e514-4f77-acbd-9c4a98f045c8""}]",[],[],"{""location"": [""London, UK""]}",{},"{""location"": ""array_field""}",{}
https://simplify.jobs/p/72534aa5-11e8-460b-a157-d07a6e90eb06,Front End Web Developer,Radiant Info Systems,"San Ramon, CA, USA",,,,,,2026-09-04T07:24:02+00:00,2026-02-26T07:15:27+00:00,false,,onsite,full_time,mid,,,,simplify,https://simplify.jobs/p/72534aa5-11e8-460b-a157-d07a6e90eb06,,simplify,"[{""site"": ""simplify"", ""url"": ""https://simplify.jobs/p/72534aa5-11e8-460b-a157-d07a6e90eb06""}]",[],[],"{""location"": [""San Ramon, CA, USA""]}",{},"{""location"": ""array_field""}",{}
https://simplify.jobs/p/9ae32a74-c4fa-4f06-b9f7-6ef13520861b,Front End/UI Developer,Jobsbridge,"Austin, TX, USA",,,,,,2026-09-03T17:45:23+00:00,2026-02-24T07:17:36+00:00,false,,onsite,full_time,mid,,,,simplify,https://simplify.jobs/p/9ae32a74-c4fa-4f06-b9f7-6ef13520861b,,simplify,"[{""site"": ""simplify"", ""url"": ""https://simplify.jobs/p/9ae32a74-c4fa-4f06-b9f7-6ef13520861b""}]",[],[],"{""location"": [""Austin, TX, USA""]}",{},"{""location"": ""array_field""}",{}
https://simplify.jobs/p/223ecdb3-1c44-42a5-94a8-9c337ec71a37,Senior Staff Principal Software Engineer (Frontend/Fullstack),Voltaiq,Remote; Remote in USA,120000.0,180000.0,USD,,,2025-11-12T01:56:37+00:00,2025-10-31T12:03:44+00:00,false,,remote,full_time,mid | senior,,,,simplify,https://simplify.jobs/p/223ecdb3-1c44-42a5-94a8-9c337ec71a37,,simplify,"[{""site"": ""simplify"", ""url"": ""https://simplify.jobs/p/223ecdb3-1c44-42a5-94a8-9c337ec71a37""}]",[],[],"{""location"": [""Remote; Remote in USA""]}",{},"{""location"": ""array_field""}",{}
https://simplify.jobs/p/b05cb8bd-168e-4ada-86e8-b5b871438697,Front End Engineer Senior,General Dynamics Information Technology,"Annapolis Junction, MD, USA",121975.0,165025.0,USD,,,2026-09-04T09:15:01+00:00,2026-07-07T22:13:50+00:00,false,,onsite,full_time,senior,,,,simplify,https://simplify.jobs/p/b05cb8bd-168e-4ada-86e8-b5b871438697,,simplify,"[{""site"": ""simplify"", ""url"": ""https://simplify.jobs/p/b05cb8bd-168e-4ada-86e8-b5b871438697""}]",[],[],"{""location"": [""Annapolis Junction, MD, USA""]}",{},"{""location"": ""array_field""}",{}
https://simplify.jobs/p/f781d873-98d4-4169-96c5-5b19c07ba79d,Front End Developer,Jobsbridge,"Boston, MA, USA",,,,,,2026-09-04T07:24:02+00:00,2026-02-24T07:20:11+00:00,false,,onsite,full_time,junior,,,,simplify,https://simplify.jobs/p/f781d873-98d4-4169-96c5-5b19c07ba79d,,simplify,"[{""site"": ""simplify"", ""url"": ""https://simplify.jobs/p/f781d873-98d4-4169-96c5-5b19c07ba79d""}]",[],[],"{""location"": [""Boston, MA, USA""]}",{},"{""location"": ""array_field""}",{}
https://simplify.jobs/p/9b15d749-e598-46a7-a539-9adaae90bd81,Site core front end developer,Ecolab,"Bengaluru, Karnataka, India",,,,,,2026-09-04T08:15:01+00:00,2026-06-20T10:12:30+00:00,false,,onsite,full_time,mid,,,,simplify,https://simplify.jobs/p/9b15d749-e598-46a7-a539-9adaae90bd81,,simplify,"[{""site"": ""simplify"", ""url"": ""https://simplify.jobs/p/9b15d749-e598-46a7-a539-9adaae90bd81""}]",[],[],"{""location"": [""Bengaluru, Karnataka, India""]}",{},"{""location"": ""array_field""}",{}
https://simplify.jobs/p/ba26dbbb-60e9-4637-afb1-7a685e58c9ec,Front End Web Developer - Global Expansion,Jobsbridge,"San Francisco, CA, USA",,,,,,2026-09-04T07:24:02+00:00,2026-02-24T07:19:11+00:00,false,,onsite,full_time,mid,,,,simplify,https://simplify.jobs/p/ba26dbbb-60e9-4637-afb1-7a685e58c9ec,,simplify,"[{""site"": ""simplify"", ""url"": ""https://simplify.jobs/p/ba26dbbb-60e9-4637-afb1-7a685e58c9ec""}]",[],[],"{""location"": [""San Francisco, CA, USA""]}",{},"{""location"": ""array_field""}",{}
https://simplify.jobs/p/689b4964-c0c0-41b5-ad85-fe9a97661229,Front End Developer,InvoiceCloud,"Hyderabad, Telangana, India",,,,,,2026-02-26T10:49:55+00:00,2026-01-06T09:36:02+00:00,false,,onsite,full_time,senior,,,,simplify,https://simplify.jobs/p/689b4964-c0c0-41b5-ad85-fe9a97661229,,simplify,"[{""site"": ""simplify"", ""url"": ""https://simplify.jobs/p/689b4964-c0c0-41b5-ad85-fe9a97661229""}]",[],[],"{""location"": [""Hyderabad, Telangana, India""]}",{},"{""location"": ""array_field""}",{}
https://simplify.jobs/p/e1cff045-dc73-4cf1-9470-7e61a0c332be,Front End UI Developer,Jobsbridge,"San Francisco, CA, USA",,,,,,2026-09-03T17:45:23+00:00,2026-02-24T07:18:11+00:00,false,,onsite,full_time,senior,,,,simplify,https://simplify.jobs/p/e1cff045-dc73-4cf1-9470-7e61a0c332be | https://simplify.jobs/p/e790cd01-320e-4a2b-8691-68019a6fd026,,simplify,"[{""site"": ""simplify"", ""url"": ""https://simplify.jobs/p/e1cff045-dc73-4cf1-9470-7e61a0c332be""}, {""site"": ""simplify"", ""url"": ""https://simplify.jobs/p/e790cd01-320e-4a2b-8691-68019a6fd026""}]",[],[],"{""location"": [""San Francisco, CA, USA""]}",{},"{""location"": ""array_field""}",{}
https://simplify.jobs/p/4885a0d3-d353-45f8-a7fd-e0d7ddff6289,ASP.NET Front End Developer,SA Technologies,"Everett, WA, USA",,,,,,2026-09-04T07:24:02+00:00,2026-02-26T07:18:00+00:00,false,,onsite,full_time,mid,,,,simplify,https://simplify.jobs/p/4885a0d3-d353-45f8-a7fd-e0d7ddff6289,,simplify,"[{""site"": ""simplify"", ""url"": ""https://simplify.jobs/p/4885a0d3-d353-45f8-a7fd-e0d7ddff6289""}]",[],[],"{""location"": [""Everett, WA, USA""]}",{},"{""location"": ""array_field""}",{}
https://simplify.jobs/p/126ddebd-4c03-4fd4-93ca-b62f16157996,Junior Front End Developer,Jobsbridge,"New York, NY, USA",,,,,,2026-09-04T07:24:02+00:00,2026-02-24T07:20:17+00:00,false,,onsite,full_time,junior | mid,,,,simplify,https://simplify.jobs/p/126ddebd-4c03-4fd4-93ca-b62f16157996,,simplify,"[{""site"": ""simplify"", ""url"": ""https://simplify.jobs/p/126ddebd-4c03-4fd4-93ca-b62f16157996""}]",[],[],"{""location"": [""New York, NY, USA""]}",{},"{""location"": ""array_field""}",{}
https://simplify.jobs/p/7c54c41c-29eb-4f31-950f-8350b5b14446,Front End Developer,Meyer Distributing,"Indianapolis, IN, USA",75000.0,95000.0,USD,,,2026-09-04T01:39:21+00:00,2026-06-05T03:13:27+00:00,false,,onsite,full_time,mid,,,,simplify,https://simplify.jobs/p/7c54c41c-29eb-4f31-950f-8350b5b14446,,simplify,"[{""site"": ""simplify"", ""url"": ""https://simplify.jobs/p/7c54c41c-29eb-4f31-950f-8350b5b14446""}]",[],[],"{""location"": [""Indianapolis, IN, USA""]}",{},"{""location"": ""array_field""}",{}
https://simplify.jobs/p/3d280be8-c40c-40d0-973e-ce454b062430,Front End Web Engineer - Apps and Games Engineering,Apple,"Seattle, WA, USA",,,,,,2026-09-04T02:06:24+00:00,2026-08-12T03:33:23+00:00,false,,onsite,full_time,mid,,,,simplify,https://simplify.jobs/p/3d280be8-c40c-40d0-973e-ce454b062430,,simplify,"[{""site"": ""simplify"", ""url"": ""https://simplify.jobs/p/3d280be8-c40c-40d0-973e-ce454b062430""}]",[],[],"{""location"": [""Seattle, WA, USA""]}",{},"{""location"": ""array_field""}",{}
https://simplify.jobs/p/8af96c06-4200-4a2e-8a41-ccc9f31e117c,Front End Web Developer - Lead roles,xFusion Technologies,"Sacramento, CA, USA",,,,,,2026-09-04T12:00:01+00:00,2026-08-18T01:10:27+00:00,false,,onsite,full_time,junior | mid,,,,simplify,https://simplify.jobs/p/8af96c06-4200-4a2e-8a41-ccc9f31e117c,,simplify,"[{""site"": ""simplify"", ""url"": ""https://simplify.jobs/p/8af96c06-4200-4a2e-8a41-ccc9f31e117c""}]",[],[],"{""location"": [""Sacramento, CA, USA""]}",{},"{""location"": ""array_field""}",{}
https://simplify.jobs/p/66e65102-0a75-4538-9493-81ca5b2fa845,.NET Front End Developer,Jobsbridge,"Los Angeles, CA, USA",,,,,,2026-09-04T07:24:02+00:00,2026-02-24T07:18:58+00:00,false,,onsite,full_time,mid,,,,simplify,https://simplify.jobs/p/66e65102-0a75-4538-9493-81ca5b2fa845,,simplify,"[{""site"": ""simplify"", ""url"": ""https://simplify.jobs/p/66e65102-0a75-4538-9493-81ca5b2fa845""}]",[],[],"{""location"": [""Los Angeles, CA, USA""]}",{},"{""location"": ""array_field""}",{}
https://simplify.jobs/p/feae6b35-1f93-4235-b91d-14215de144ac,Front End Engineer,Meritis,"Montpellier, France",,,,,,2026-09-05T12:03:01+00:00,2026-08-18T01:33:12+00:00,false,,hybrid,full_time,mid,,,,simplify,https://simplify.jobs/p/feae6b35-1f93-4235-b91d-14215de144ac,,simplify,"[{""site"": ""simplify"", ""url"": ""https://simplify.jobs/p/feae6b35-1f93-4235-b91d-14215de144ac""}]",[],[],"{""location"": [""Montpellier, France""]}",{},"{""location"": ""array_field""}",{}
https://simplify.jobs/p/736ab9ff-6e4f-41c0-85b9-e65819ad6404,Senior Front End Engineer,Blitzy,"Pune, Maharashtra, India",,,,,,2026-09-29T22:39:02+00:00,2026-09-29T22:28:42+00:00,false,,onsite,full_time,,,,,simplify,https://simplify.jobs/p/736ab9ff-6e4f-41c0-85b9-e65819ad6404,,simplify,"[{""site"": ""simplify"", ""url"": ""https://simplify.jobs/p/736ab9ff-6e4f-41c0-85b9-e65819ad6404""}]",[],[],"{""location"": [""Pune, Maharashtra, India""]}",{},"{""location"": ""array_field""}",{}
https://simplify.jobs/p/8329942b-1545-4dd7-9382-f791fffd7e6e,Front End Developer,Alpha Numero,"Irvine, CA, USA",,,,,,2026-09-04T12:09:01+00:00,2026-08-18T01:14:23+00:00,false,,onsite,full_time,mid,,,,simplify,https://simplify.jobs/p/8329942b-1545-4dd7-9382-f791fffd7e6e,,simplify,"[{""site"": ""simplify"", ""url"": ""https://simplify.jobs/p/8329942b-1545-4dd7-9382-f791fffd7e6e""}]",[],[],"{""location"": [""Irvine, CA, USA""]}",{},"{""location"": ""array_field""}",{}
https://simplify.jobs/p/b3fd826c-5466-4022-813c-096afde35b98,Senior Software Development Engineer - Front End - Evisort AI,Workday,"Vancouver, BC, Canada",140000.0,210000.0,CAD,,,2026-09-23T22:18:35+00:00,2026-07-27T00:00:00+00:00,false,,hybrid,full_time,senior,,,,simplify,https://simplify.jobs/p/b3fd826c-5466-4022-813c-096afde35b98,,simplify,"[{""site"": ""simplify"", ""url"": ""https://simplify.jobs/p/b3fd826c-5466-4022-813c-096afde35b98""}]",[],[],"{""location"": [""Vancouver, BC, Canada""]}",{},"{""location"": ""array_field""}",{}
https://simplify.jobs/p/f339ecd1-f274-4dd4-b80d-5ec1d2e6a540,Front End Developer,MUFG,"Bengaluru, Karnataka, India",,,,,,2026-09-15T14:12:01+00:00,2026-09-15T00:00:00+00:00,false,,onsite,full_time,senior,,,,simplify,https://simplify.jobs/p/f339ecd1-f274-4dd4-b80d-5ec1d2e6a540,,simplify,"[{""site"": ""simplify"", ""url"": ""https://simplify.jobs/p/f339ecd1-f274-4dd4-b80d-5ec1d2e6a540""}]",[],[],"{""location"": [""Bengaluru, Karnataka, India""]}",{},"{""location"": ""array_field""}",{}
https://simplify.jobs/p/8d953552-4e6f-4b96-b472-7ea5889fc4fb,Front End Developer,Jobsbridge,"San Francisco, CA, USA",,,,,,2026-09-04T07:24:02+00:00,2026-02-24T07:18:22+00:00,false,,onsite,full_time,mid,,,,simplify,https://simplify.jobs/p/8d953552-4e6f-4b96-b472-7ea5889fc4fb,,simplify,"[{""site"": ""simplify"", ""url"": ""https://simplify.jobs/p/8d953552-4e6f-4b96-b472-7ea5889fc4fb""}]",[],[],"{""location"": [""San Francisco, CA, USA""]}",{},"{""location"": ""array_field""}",{}
https://simplify.jobs/p/ff31f530-ea1a-4bb5-8dd5-fcf509111807,Junior Front End Engineer,Jobsbridge,"Braintree, MA, USA",,,,,,2026-09-04T07:24:02+00:00,2026-02-24T07:20:16+00:00,false,,onsite,full_time,junior,,,,simplify,https://simplify.jobs/p/ff31f530-ea1a-4bb5-8dd5-fcf509111807,,simplify,"[{""site"": ""simplify"", ""url"": ""https://simplify.jobs/p/ff31f530-ea1a-4bb5-8dd5-fcf509111807""}]",[],[],"{""location"": [""Braintree, MA, USA""]}",{},"{""location"": ""array_field""}",{}
https://simplify.jobs/p/df517da2-0205-4ad5-a822-693bbdcf4043,Senior Front End Developer,Perr&Knight,"Boca Raton, FL, USA; Newark, NJ, USA; Charlotte, NC, USA",120000.0,160000.0,USD,,,2026-09-04T08:27:01+00:00,2026-06-22T22:06:45+00:00,false,,hybrid,full_time,senior,,,,simplify,https://simplify.jobs/p/df517da2-0205-4ad5-a822-693bbdcf4043,,simplify,"[{""site"": ""simplify"", ""url"": ""https://simplify.jobs/p/df517da2-0205-4ad5-a822-693bbdcf4043""}]",[],[],"{""location"": [""Boca Raton, FL, USA; Newark, NJ, USA; Charlotte, NC, USA""]}",{},"{""location"": ""array_field""}",{}
https://simplify.jobs/p/88c58deb-2cfd-4721-b337-f38f6df0febc,Lead Software Engineer - Front End Rearchitecture,Athena Health,"Boston, MA, USA",143000.0,243000.0,USD,,,2026-09-30T22:18:38+00:00,2026-09-30T00:00:00+00:00,false,,hybrid,full_time,senior,,,,simplify,https://simplify.jobs/p/88c58deb-2cfd-4721-b337-f38f6df0febc,,simplify,"[{""site"": ""simplify"", ""url"": ""https://simplify.jobs/p/88c58deb-2cfd-4721-b337-f38f6df0febc""}]",[],[],"{""location"": [""Boston, MA, USA""]}",{},"{""location"": ""array_field""}",{}
https://simplify.jobs/p/a591f84a-697e-4778-8914-d47382671a7b,Java Front End Developer,Jobsbridge,"New York, NY, USA",,,,,,2026-09-04T07:24:02+00:00,2026-02-24T07:18:22+00:00,false,,onsite,full_time,senior,,,,simplify,https://simplify.jobs/p/a591f84a-697e-4778-8914-d47382671a7b,,simplify,"[{""site"": ""simplify"", ""url"": ""https://simplify.jobs/p/a591f84a-697e-4778-8914-d47382671a7b""}]",[],[],"{""location"": [""New York, NY, USA""]}",{},"{""location"": ""array_field""}",{}
https://simplify.jobs/p/64cc5ebc-69f3-4e90-a0ab-e99f2cefdf3d,Senior UI/Frontend Engineer - AI,Pragmatike,"Cambridge, MA, USA; Boston, MA, USA; San Francisco, CA, USA; New York, NY, USA; New Jersey, USA",,,,,,2026-09-04T09:15:01+00:00,2026-07-06T22:10:59+00:00,false,,hybrid,full_time,senior,,,,simplify,https://simplify.jobs/p/64cc5ebc-69f3-4e90-a0ab-e99f2cefdf3d,,simplify,"[{""site"": ""simplify"", ""url"": ""https://simplify.jobs/p/64cc5ebc-69f3-4e90-a0ab-e99f2cefdf3d""}]",[],[],"{""location"": [""Cambridge, MA, USA; Boston, MA, USA; San Francisco, CA, USA; New York, NY, USA; New Jersey, USA""]}",{},"{""location"": ""array_field""}",{}
https://simplify.jobs/p/a66b9af3-91f6-402c-88d6-fe5f1ca19da4,Front End Developer,YourCause,"Plano, TX, USA",,,,,,2026-09-04T12:09:01+00:00,2026-08-18T01:34:28+00:00,false,,onsite,full_time,mid,,,,simplify,https://simplify.jobs/p/a66b9af3-91f6-402c-88d6-fe5f1ca19da4,,simplify,"[{""site"": ""simplify"", ""url"": ""https://simplify.jobs/p/a66b9af3-91f6-402c-88d6-fe5f1ca19da4""}]",[],[],"{""location"": [""Plano, TX, USA""]}",{},"{""location"": ""array_field""}",{}
https://simplify.jobs/p/6b875ac9-b6cb-45fb-be0b-7e8c0cab1af8,Software Engineer 2 - Front End - Transaction Journey,Compass,"Seattle, WA, USA",126990.0,141100.0,USD,,,2026-09-03T02:12:09+00:00,2026-09-01T19:13:37+00:00,false,,onsite,full_time,junior | mid,,,,simplify,https://simplify.jobs/p/6b875ac9-b6cb-45fb-be0b-7e8c0cab1af8,,simplify,"[{""site"": ""simplify"", ""url"": ""https://simplify.jobs/p/6b875ac9-b6cb-45fb-be0b-7e8c0cab1af8""}]",[],[],"{""location"": [""Seattle, WA, USA""]}",{},"{""location"": ""array_field""}",{}
https://simplify.jobs/p/4e540b15-775e-4a31-b249-70ab47c5d88b,Front End Engineer - Multiple Teams,AND Digital,"London, UK",,,,,,2026-09-04T12:09:01+00:00,2026-08-18T01:16:08+00:00,false,,onsite,full_time,mid,,,,simplify,https://simplify.jobs/p/4e540b15-775e-4a31-b249-70ab47c5d88b,,simplify,"[{""site"": ""simplify"", ""url"": ""https://simplify.jobs/p/4e540b15-775e-4a31-b249-70ab47c5d88b""}]",[],[],"{""location"": [""London, UK""]}",{},"{""location"": ""array_field""}",{}
https://simplify.jobs/p/230c7d80-96f8-4cb3-a3b3-9045d68e02eb,Front End Engineer - Internal Audit - Analyst / Associate,Goldman Sachs,"Birmingham, UK",,,,,,2026-09-04T08:27:01+00:00,2026-06-19T22:08:32+00:00,false,,onsite,full_time,junior | mid,,,,simplify,https://simplify.jobs/p/230c7d80-96f8-4cb3-a3b3-9045d68e02eb,,simplify,"[{""site"": ""simplify"", ""url"": ""https://simplify.jobs/p/230c7d80-96f8-4cb3-a3b3-9045d68e02eb""}]",[],[],"{""location"": [""Birmingham, UK""]}",{},"{""location"": ""array_field""}",{}
https://simplify.jobs/p/434a8293-45df-4768-8a20-8a2cfcdffcf1,Senior Software Engineer - Front End,Axle Health,"Santa Monica, CA, USA",170000.0,200000.0,USD,,,2026-09-04T00:27:22+00:00,2026-08-06T01:14:29+00:00,false,,onsite,full_time,senior,,,,simplify,https://simplify.jobs/p/434a8293-45df-4768-8a20-8a2cfcdffcf1,,simplify,"[{""site"": ""simplify"", ""url"": ""https://simplify.jobs/p/434a8293-45df-4768-8a20-8a2cfcdffcf1""}]",[],[],"{""location"": [""Santa Monica, CA, USA""]}",{},"{""location"": ""array_field""}",{}
https://simplify.jobs/p/f7d4706d-b6b1-4745-88c5-1e61f29776c3,UI Front End Developer,Jobsbridge,"Long Beach, CA, USA",,,,,,2026-09-04T07:24:02+00:00,2026-02-24T07:18:44+00:00,false,,onsite,full_time,mid,,,,simplify,https://simplify.jobs/p/f7d4706d-b6b1-4745-88c5-1e61f29776c3,,simplify,"[{""site"": ""simplify"", ""url"": ""https://simplify.jobs/p/f7d4706d-b6b1-4745-88c5-1e61f29776c3""}]",[],[],"{""location"": [""Long Beach, CA, USA""]}",{},"{""location"": ""array_field""}",{}
https://simplify.jobs/p/217c5022-a65d-4d90-8e38-823b832492ec,Front End Java Developer,Jobsbridge,"San Francisco, CA, USA",,,,,,2026-09-03T17:55:18+00:00,2026-02-24T07:21:16+00:00,false,,onsite,full_time,,,,,simplify,https://simplify.jobs/p/217c5022-a65d-4d90-8e38-823b832492ec,,simplify,"[{""site"": ""simplify"", ""url"": ""https://simplify.jobs/p/217c5022-a65d-4d90-8e38-823b832492ec""}]",[],[],"{""location"": [""San Francisco, CA, USA""]}",{},"{""location"": ""array_field""}",{}
https://simplify.jobs/p/94b406e2-f31b-4303-b276-e99f3781da36,Mobile Front End Developer,Capgemini,"Dallas, TX, USA",43984.0,105600.0,USD,,,2026-10-01T22:29:19+00:00,2026-10-01T22:16:02+00:00,false,,hybrid,full_time,junior,,,,simplify,https://simplify.jobs/p/94b406e2-f31b-4303-b276-e99f3781da36,,simplify,"[{""site"": ""simplify"", ""url"": ""https://simplify.jobs/p/94b406e2-f31b-4303-b276-e99f3781da36""}]",[],[],"{""location"": [""Dallas, TX, USA""]}",{},"{""location"": ""array_field""}",{}
https://simplify.jobs/p/ae4ac75d-c7b9-4d1f-8db3-bf32559edbbd,Front End UI Developer,Jobsbridge,"San Francisco, CA, USA",,,,,,2026-09-03T17:54:20+00:00,2026-02-24T07:18:22+00:00,false,,onsite,full_time,mid,,,,simplify,https://simplify.jobs/p/ae4ac75d-c7b9-4d1f-8db3-bf32559edbbd | https://simplify.jobs/p/ac34c67d-ff97-41c1-969d-9913d80a825e,,simplify,"[{""site"": ""simplify"", ""url"": ""https://simplify.jobs/p/ae4ac75d-c7b9-4d1f-8db3-bf32559edbbd""}, {""site"": ""simplify"", ""url"": ""https://simplify.jobs/p/ac34c67d-ff97-41c1-969d-9913d80a825e""}]",[],[],"{""location"": [""San Francisco, CA, USA""]}",{},"{""location"": ""array_field""}",{}
https://simplify.jobs/p/d070bbd0-1a38-4e5c-9558-eb8bc5c3d206,Senior Front End Developer,Palo Alto Networks,"Bengaluru, Karnataka, India",,,,,,2026-09-04T09:15:01+00:00,2026-07-04T11:08:07+00:00,false,,onsite,full_time,senior,,,,simplify,https://simplify.jobs/p/d070bbd0-1a38-4e5c-9558-eb8bc5c3d206,,simplify,"[{""site"": ""simplify"", ""url"": ""https://simplify.jobs/p/d070bbd0-1a38-4e5c-9558-eb8bc5c3d206""}]",[],[],"{""location"": [""Bengaluru, Karnataka, India""]}",{},"{""location"": ""array_field""}",{}
https://simplify.jobs/p/e92fd224-bdd3-496e-ac68-56749d7a240d,Front End Developer,Two Six Technologies,"Arlington County, Arlington, VA, USA",120209.0,180314.0,USD,,,2026-09-04T09:30:01+00:00,2026-07-14T22:27:56+00:00,false,,onsite,full_time,mid,,,,simplify,https://simplify.jobs/p/e92fd224-bdd3-496e-ac68-56749d7a240d,,simplify,"[{""site"": ""simplify"", ""url"": ""https://simplify.jobs/p/e92fd224-bdd3-496e-ac68-56749d7a240d""}]",[],[],"{""location"": [""Arlington County, Arlington, VA, USA""]}",{},"{""location"": ""array_field""}",{}
https://simplify.jobs/p/4ea71bcc-415e-4279-8547-49d71b9f14da,Front End Developer,STEM Xpert,"Fort Worth, TX, USA",,,,,,2026-09-04T07:24:02+00:00,2026-02-27T07:12:33+00:00,false,,onsite,full_time,mid,,,,simplify,https://simplify.jobs/p/4ea71bcc-415e-4279-8547-49d71b9f14da,,simplify,"[{""site"": ""simplify"", ""url"": ""https://simplify.jobs/p/4ea71bcc-415e-4279-8547-49d71b9f14da""}]",[],[],"{""location"": [""Fort Worth, TX, USA""]}",{},"{""location"": ""array_field""}",{}
https://simplify.jobs/p/598ba714-b040-4ddf-9bc3-d9f56b180ef0,Front End Developer,Booz Allen,"McLean, VA, USA; Fort Belvoir, VA, USA",86800.0,198000.0,USD,,,2026-10-02T14:33:32+00:00,2026-09-16T00:00:00+00:00,false,,onsite,full_time,senior,,,,simplify,https://simplify.jobs/p/598ba714-b040-4ddf-9bc3-d9f56b180ef0,,simplify,"[{""site"": ""simplify"", ""url"": ""https://simplify.jobs/p/598ba714-b040-4ddf-9bc3-d9f56b180ef0""}]",[],[],"{""location"": [""McLean, VA, USA; Fort Belvoir, VA, USA""]}",{},"{""location"": ""array_field""}",{}
https://simplify.jobs/p/02e1e522-9072-457d-8ccd-60d3920cc4a4,Front End Engineer,Lever,"San Diego, CA, USA",,,,,,2026-01-14T02:13:29+00:00,2026-01-14T02:13:29+00:00,false,,onsite,full_time,junior | mid,,,,simplify,https://simplify.jobs/p/02e1e522-9072-457d-8ccd-60d3920cc4a4,,simplify,"[{""site"": ""simplify"", ""url"": ""https://simplify.jobs/p/02e1e522-9072-457d-8ccd-60d3920cc4a4""}]",[],[],"{""location"": [""San Diego, CA, USA""]}",{},"{""location"": ""array_field""}",{}
https://simplify.jobs/p/ecdcfd8d-2956-43b5-8849-3f48cd3f9c2b,Front End Developer,Jobsbridge,"New York, NY, USA",,,,,,2026-09-04T07:24:02+00:00,2026-02-24T07:19:07+00:00,false,,onsite,full_time,mid,,,,simplify,https://simplify.jobs/p/ecdcfd8d-2956-43b5-8849-3f48cd3f9c2b | https://simplify.jobs/p/02c2f9dc-191c-45f5-9a52-50855726399c | https://simplify.jobs/p/9ab72c07-a8f9-42d2-b662-7f15e980efd9,,simplify,"[{""site"": ""simplify"", ""url"": ""https://simplify.jobs/p/ecdcfd8d-2956-43b5-8849-3f48cd3f9c2b""}, {""site"": ""simplify"", ""url"": ""https://simplify.jobs/p/02c2f9dc-191c-45f5-9a52-50855726399c""}, {""site"": ""simplify"", ""url"": ""https://simplify.jobs/p/9ab72c07-a8f9-42d2-b662-7f15e980efd9""}]",[],[],"{""location"": [""New York, NY, USA""]}",{},"{""location"": ""array_field""}",{}
https://simplify.jobs/p/e1ca74e5-4663-4e37-a41b-dfa2e31fb537,Front End Developer / Customizer,BarmeniaGothaer,"Cologne, Germany",,,,,,2026-09-03T12:36:02+00:00,2026-08-25T14:08:27+00:00,false,,hybrid,full_time,mid,,,,simplify,https://simplify.jobs/p/e1ca74e5-4663-4e37-a41b-dfa2e31fb537,,simplify,"[{""site"": ""simplify"", ""url"": ""https://simplify.jobs/p/e1ca74e5-4663-4e37-a41b-dfa2e31fb537""}]",[],[],"{""location"": [""Cologne, Germany""]}",{},"{""location"": ""array_field""}",{}
https://simplify.jobs/p/e36b9355-7f01-421f-93b6-6861f36be734,Junior Front End Web Developer - Global Expansion,Jobsbridge,"San Francisco, CA, USA",,,,,,2026-09-04T07:24:02+00:00,2026-02-24T07:18:25+00:00,false,,onsite,full_time,junior,,,,simplify,https://simplify.jobs/p/e36b9355-7f01-421f-93b6-6861f36be734,,simplify,"[{""site"": ""simplify"", ""url"": ""https://simplify.jobs/p/e36b9355-7f01-421f-93b6-6861f36be734""}]",[],[],"{""location"": [""San Francisco, CA, USA""]}",{},"{""location"": ""array_field""}",{}
https://simplify.jobs/p/50010523-1705-46b1-886f-490d5f1bf968,Front End Developer,Jobsbridge,"Los Angeles, CA, USA",,,,,,2026-09-04T07:24:02+00:00,2026-04-08T09:04:05+00:00,false,,onsite,full_time,mid,,,,simplify,https://simplify.jobs/p/50010523-1705-46b1-886f-490d5f1bf968,,simplify,"[{""site"": ""simplify"", ""url"": ""https://simplify.jobs/p/50010523-1705-46b1-886f-490d5f1bf968""}]",[],[],"{""location"": [""Los Angeles, CA, USA""]}",{},"{""location"": ""array_field""}",{}
https://simplify.jobs/p/79a961b1-7ab9-478b-8fd5-f979fecb5943,Front End Engineer,Evidation Health,"Menlo Park, CA, USA",,,,,,2026-09-04T10:18:01+00:00,2026-07-31T22:05:31+00:00,false,,onsite,full_time,mid,,,,simplify,https://simplify.jobs/p/79a961b1-7ab9-478b-8fd5-f979fecb5943,,simplify,"[{""site"": ""simplify"", ""url"": ""https://simplify.jobs/p/79a961b1-7ab9-478b-8fd5-f979fecb5943""}]",[],[],"{""location"": [""Menlo Park, CA, USA""]}",{},"{""location"": ""array_field""}",{}
https://simplify.jobs/p/39e4a987-7013-44b2-ba23-5906a7b3c5a6,Front End Software Developer,J5 Consulting,"McLean, VA, USA",,,,,,2026-09-03T20:21:27+00:00,2026-07-23T06:13:33+00:00,false,,onsite,full_time,mid,,,,simplify,https://simplify.jobs/p/39e4a987-7013-44b2-ba23-5906a7b3c5a6,,simplify,"[{""site"": ""simplify"", ""url"": ""https://simplify.jobs/p/39e4a987-7013-44b2-ba23-5906a7b3c5a6""}]",[],[],"{""location"": [""McLean, VA, USA""]}",{},"{""location"": ""array_field""}",{}
https://simplify.jobs/p/9ffdbd8a-6ff9-4e70-9040-d59341f5e71c,Principal Front End Engineer,General Dynamics Information Technology,Remote; Remote in USA,147292.0,199278.0,USD,,,2026-09-22T22:09:10+00:00,2026-08-21T00:00:00+00:00,false,,remote,full_time,,,,,simplify,https://simplify.jobs/p/9ffdbd8a-6ff9-4e70-9040-d59341f5e71c,,simplify,"[{""site"": ""simplify"", ""url"": ""https://simplify.jobs/p/9ffdbd8a-6ff9-4e70-9040-d59341f5e71c""}]",[],[],"{""location"": [""Remote; Remote in USA""]}",{},"{""location"": ""array_field""}",{}
https://simplify.jobs/p/dcae2373-a5c4-4460-96d7-b564626a64c9,Front End Developer,Alpha Nexus Group,"New York, NY, USA",,,,,,2026-09-04T12:00:01+00:00,2026-08-18T01:10:03+00:00,false,,onsite,full_time,mid,,,,simplify,https://simplify.jobs/p/dcae2373-a5c4-4460-96d7-b564626a64c9,,simplify,"[{""site"": ""simplify"", ""url"": ""https://simplify.jobs/p/dcae2373-a5c4-4460-96d7-b564626a64c9""}]",[],[],"{""location"": [""New York, NY, USA""]}",{},"{""location"": ""array_field""}",{}
https://simplify.jobs/p/3975a833-570a-4c3b-bbe6-af2ed466f0f7,Software Engineer Intern - JavaScript/Frontend Developer,Copart,"Dallas, TX, USA",,,,,,2026-10-02T14:15:01+00:00,2026-09-02T00:00:00+00:00,true,,onsite,internship,intern,,,,simplify,https://simplify.jobs/p/3975a833-570a-4c3b-bbe6-af2ed466f0f7,,simplify,"[{""site"": ""simplify"", ""url"": ""https://simplify.jobs/p/3975a833-570a-4c3b-bbe6-af2ed466f0f7""}]",[],[],"{""location"": [""Dallas, TX, USA""]}",{},"{""location"": ""array_field""}",{}
https://simplify.jobs/p/bb56b19c-a51f-4ad5-8635-7e0624fab826,Front End Software Engineer - Consumer Engineering,Reddit,Remote; Remote in USA,164200.0,229900.0,USD,,,2026-09-17T22:27:09+00:00,2026-09-17T22:13:18+00:00,false,,remote,full_time,senior,,,,simplify,https://simplify.jobs/p/bb56b19c-a51f-4ad5-8635-7e0624fab826,,simplify,"[{""site"": ""simplify"", ""url"": ""https://simplify.jobs/p/bb56b19c-a51f-4ad5-8635-7e0624fab826""}]",[],[],"{""location"": [""Remote; Remote in USA""]}",{},"{""location"": ""array_field""}",{}
https://simplify.jobs/p/d364e1e4-967a-4977-a063-5017b4a39078,Front End Lead Software Engineer,JP Morgan Chase,"Columbus, OH, USA",,,,,,2026-09-30T22:30:01+00:00,2026-09-30T22:10:37+00:00,false,,onsite,full_time,senior,,,,simplify,https://simplify.jobs/p/d364e1e4-967a-4977-a063-5017b4a39078,,simplify,"[{""site"": ""simplify"", ""url"": ""https://simplify.jobs/p/d364e1e4-967a-4977-a063-5017b4a39078""}]",[],[],"{""location"": [""Columbus, OH, USA""]}",{},"{""location"": ""array_field""}",{}
https://simplify.jobs/p/4e7b1d68-41e2-4fdd-baba-cde6d2b9545f,Senior Lead Software Engineer-Front end and React,JP Morgan Chase,"Jersey City, NJ, USA",175750.0,260000.0,USD,,,2026-09-28T09:48:01+00:00,2026-08-14T05:02:28+00:00,false,,onsite,full_time,senior,,,,simplify,https://simplify.jobs/p/4e7b1d68-41e2-4fdd-baba-cde6d2b9545f,,simplify,"[{""site"": ""simplify"", ""url"": ""https://simplify.jobs/p/4e7b1d68-41e2-4fdd-baba-cde6d2b9545f""}]",[],[],"{""location"": [""Jersey City, NJ, USA""]}",{},"{""location"": ""array_field""}",{}
https://simplify.jobs/p/730c5755-082b-41df-8826-99949d16ca43,Front End Web Developer,Mangtas,United States,,,,,,2026-09-04T09:54:01+00:00,2026-07-23T06:27:51+00:00,false,,onsite,full_time,mid,,,,simplify,https://simplify.jobs/p/730c5755-082b-41df-8826-99949d16ca43,,simplify,"[{""site"": ""simplify"", ""url"": ""https://simplify.jobs/p/730c5755-082b-41df-8826-99949d16ca43""}]",[],[],"{""location"": [""United States""]}",{},"{""location"": ""array_field""}",{}
https://simplify.jobs/p/2c7d98ac-136d-445a-901b-8111d1faaeac,Software Engineer - Frontend/Web App,Beacon AI,"San Carlos, CA, USA",135000.0,225000.0,USD,,,2026-09-30T01:18:01+00:00,2026-09-30T01:17:51+00:00,false,,hybrid,full_time,junior,,,,simplify,https://simplify.jobs/p/2c7d98ac-136d-445a-901b-8111d1faaeac,,simplify,"[{""site"": ""simplify"", ""url"": ""https://simplify.jobs/p/2c7d98ac-136d-445a-901b-8111d1faaeac""}]",[],[],"{""location"": [""San Carlos, CA, USA""]}",{},"{""location"": ""array_field""}",{}
https://simplify.jobs/p/4dcd77de-cf9a-4efa-a7e4-c8316bb3fdc6,UI Front End Developer,Technogen,"Knoxville, TN, USA",,,,,,2026-09-04T01:57:21+00:00,2026-08-12T01:08:28+00:00,false,,onsite,full_time,senior,,,,simplify,https://simplify.jobs/p/4dcd77de-cf9a-4efa-a7e4-c8316bb3fdc6,,simplify,"[{""site"": ""simplify"", ""url"": ""https://simplify.jobs/p/4dcd77de-cf9a-4efa-a7e4-c8316bb3fdc6""}]",[],[],"{""location"": [""Knoxville, TN, USA""]}",{},"{""location"": ""array_field""}",{}
https://simplify.jobs/p/ae83115a-b9c1-451b-a66c-b1dd3a3a885e,AEM Front End Developer,LabCorp,"Mumbai, Maharashtra, India; Bengaluru, Karnataka, India",,,,,,2026-10-01T15:18:01+00:00,2026-10-01T00:00:00+00:00,false,,hybrid,full_time,senior,,,,simplify,https://simplify.jobs/p/ae83115a-b9c1-451b-a66c-b1dd3a3a885e,,simplify,"[{""site"": ""simplify"", ""url"": ""https://simplify.jobs/p/ae83115a-b9c1-451b-a66c-b1dd3a3a885e""}]",[],[],"{""location"": [""Mumbai, Maharashtra, India; Bengaluru, Karnataka, India""]}",{},"{""location"": ""array_field""}",{}
https://simplify.jobs/p/9c21a43c-dfdb-4837-ac1f-a05c494d4177,Salesforce Commerce Cloud Front End PWA Developer,PVH,India,,,,,,2026-09-03T18:03:18+00:00,2026-06-20T10:44:32+00:00,false,,onsite,full_time,senior,,,,simplify,https://simplify.jobs/p/9c21a43c-dfdb-4837-ac1f-a05c494d4177,,simplify,"[{""site"": ""simplify"", ""url"": ""https://simplify.jobs/p/9c21a43c-dfdb-4837-ac1f-a05c494d4177""}]",[],[],"{""location"": [""India""]}",{},"{""location"": ""array_field""}",{}
https://simplify.jobs/p/74c9f0e4-41d4-4501-b287-013b9b5afba9,Front End Web Developer,BLN24,"McLean, VA, USA",,,,,,2026-09-23T22:45:01+00:00,2026-09-23T22:25:13+00:00,false,,onsite,full_time,mid,,,,simplify,https://simplify.jobs/p/74c9f0e4-41d4-4501-b287-013b9b5afba9,,simplify,"[{""site"": ""simplify"", ""url"": ""https://simplify.jobs/p/74c9f0e4-41d4-4501-b287-013b9b5afba9""}]",[],[],"{""location"": [""McLean, VA, USA""]}",{},"{""location"": ""array_field""}",{}
https://simplify.jobs/p/212b76ca-d970-46d4-904f-5a92435184b4,Staff Front End Engineer,Blitzy,"Cambridge, MA, USA",215000.0,290000.0,USD,,,2026-10-02T09:45:01+00:00,2026-06-26T14:07:28+00:00,false,,onsite,full_time,senior,,,,simplify,https://simplify.jobs/p/212b76ca-d970-46d4-904f-5a92435184b4,,simplify,"[{""site"": ""simplify"", ""url"": ""https://simplify.jobs/p/212b76ca-d970-46d4-904f-5a92435184b4""}]",[],[],"{""location"": [""Cambridge, MA, USA""]}",{},"{""location"": ""array_field""}",{}
https://simplify.jobs/p/58e2f7e3-61f3-4eba-ab1b-38f6a51d275f,Front End Software Engineer,GliaCell Technologies,"Columbia, MD, USA",115000.0,190000.0,USD,,,2026-09-03T21:39:22+00:00,2026-08-03T06:11:37+00:00,false,,onsite,full_time,senior,,,,simplify,https://simplify.jobs/p/58e2f7e3-61f3-4eba-ab1b-38f6a51d275f,,simplify,"[{""site"": ""simplify"", ""url"": ""https://simplify.jobs/p/58e2f7e3-61f3-4eba-ab1b-38f6a51d275f""}]",[],[],"{""location"": [""Columbia, MD, USA""]}",{},"{""location"": ""array_field""}",{}
https://simplify.jobs/p/43a4e003-b8c2-4782-8bd9-b4f3bcbf7a97,Front End Developer,Corizona,"Menlo Park, CA, USA",,,,,,2026-09-04T12:00:01+00:00,2026-08-18T01:08:28+00:00,false,,onsite,full_time,junior,,,,simplify,https://simplify.jobs/p/43a4e003-b8c2-4782-8bd9-b4f3bcbf7a97,,simplify,"[{""site"": ""simplify"", ""url"": ""https://simplify.jobs/p/43a4e003-b8c2-4782-8bd9-b4f3bcbf7a97""}]",[],[],"{""location"": [""Menlo Park, CA, USA""]}",{},"{""location"": ""array_field""}",{}
https://simplify.jobs/p/1a6e94d1-3c49-47da-8427-c2f869af2392,Senior Front End Developer,Jobsbridge,"Atlanta, GA, USA",,,,,,2026-09-04T07:24:02+00:00,2026-02-24T07:20:02+00:00,false,,onsite,full_time,mid | senior,,,,simplify,https://simplify.jobs/p/1a6e94d1-3c49-47da-8427-c2f869af2392,,simplify,"[{""site"": ""simplify"", ""url"": ""https://simplify.jobs/p/1a6e94d1-3c49-47da-8427-c2f869af2392""}]",[],[],"{""location"": [""Atlanta, GA, USA""]}",{},"{""location"": ""array_field""}",{}
https://simplify.jobs/p/7ea4ed21-223a-4b94-9a7e-c5be80cdf4f1,Front End Web Applications Developer - Mid-Level,SMX,Remote; Remote in USA,96400.0,160600.0,USD,,,2026-09-21T22:55:39+00:00,2026-09-21T22:28:19+00:00,false,,remote,full_time,senior,,,,simplify,https://simplify.jobs/p/7ea4ed21-223a-4b94-9a7e-c5be80cdf4f1,,simplify,"[{""site"": ""simplify"", ""url"": ""https://simplify.jobs/p/7ea4ed21-223a-4b94-9a7e-c5be80cdf4f1""}]",[],[],"{""location"": [""Remote; Remote in USA""]}",{},"{""location"": ""array_field""}",{}
https://simplify.jobs/p/fb10ae31-92da-410b-b9fa-8d811043b532,UI Front End Developer,Jobsbridge,"San Francisco, CA, USA",,,,,,2026-09-04T07:24:02+00:00,2026-02-24T07:17:58+00:00,false,,onsite,full_time,mid,,,,simplify,https://simplify.jobs/p/fb10ae31-92da-410b-b9fa-8d811043b532,,simplify,"[{""site"": ""simplify"", ""url"": ""https://simplify.jobs/p/fb10ae31-92da-410b-b9fa-8d811043b532""}]",[],[],"{""location"": [""San Francisco, CA, USA""]}",{},"{""location"": ""array_field""}",{}
https://simplify.jobs/p/179165cf-553b-4cba-95ec-8d50c15ad8d9,Lead Software Engineer - Front End UI - React,JP Morgan Chase,"Plano, TX, USA",,,,,,2026-09-27T08:48:01+00:00,2026-08-18T22:20:07+00:00,false,,onsite,full_time,mid | senior,,,,simplify,https://simplify.jobs/p/179165cf-553b-4cba-95ec-8d50c15ad8d9,,simplify,"[{""site"": ""simplify"", ""url"": ""https://simplify.jobs/p/179165cf-553b-4cba-95ec-8d50c15ad8d9""}]",[],[],"{""location"": [""Plano, TX, USA""]}",{},"{""location"": ""array_field""}",{}
https://simplify.jobs/p/84f80468-b078-4e8e-83af-5eb3b045c803,Front End / Web UI HTML5 Developer,Jobsbridge,"Edison, NJ, USA",,,,,,2026-09-03T17:55:02+00:00,2026-02-24T07:20:23+00:00,false,,onsite,full_time,junior,,,,simplify,https://simplify.jobs/p/84f80468-b078-4e8e-83af-5eb3b045c803,,simplify,"[{""site"": ""simplify"", ""url"": ""https://simplify.jobs/p/84f80468-b078-4e8e-83af-5eb3b045c803""}]",[],[],"{""location"": [""Edison, NJ, USA""]}",{},"{""location"": ""array_field""}",{}
https://simplify.jobs/p/76b07c54-d287-42df-acc4-d167344fa2b8,Senior Software Engineer - Front End,Qantas Group,"Adelaide SA, Australia",,,,,,2026-09-16T06:09:01+00:00,2026-09-16T06:06:48+00:00,false,,hybrid,full_time,senior,,,,simplify,https://simplify.jobs/p/76b07c54-d287-42df-acc4-d167344fa2b8,,simplify,"[{""site"": ""simplify"", ""url"": ""https://simplify.jobs/p/76b07c54-d287-42df-acc4-d167344fa2b8""}]",[],[],"{""location"": [""Adelaide SA, Australia""]}",{},"{""location"": ""array_field""}",{}
https://simplify.jobs/p/bf2aaf61-7a3f-4ea2-aa66-0b1b9e8794da,Front End Engineer,Jobsbridge,"San Francisco, CA, USA",,,,,,2026-09-04T07:24:02+00:00,2026-02-24T07:21:24+00:00,false,,onsite,full_time,,,,,simplify,https://simplify.jobs/p/bf2aaf61-7a3f-4ea2-aa66-0b1b9e8794da,,simplify,"[{""site"": ""simplify"", ""url"": ""https://simplify.jobs/p/bf2aaf61-7a3f-4ea2-aa66-0b1b9e8794da""}]",[],[],"{""location"": [""San Francisco, CA, USA""]}",{},"{""location"": ""array_field""}",{}
https://simplify.jobs/p/b605eaf0-6b81-4e38-9307-a5c8953dd376,Front End Developer,Jobsbridge,"Chevy Chase, MD, USA",,,,,,2026-09-04T07:24:02+00:00,2026-02-24T07:20:04+00:00,false,,onsite,full_time,junior,,,,simplify,https://simplify.jobs/p/b605eaf0-6b81-4e38-9307-a5c8953dd376,,simplify,"[{""site"": ""simplify"", ""url"": ""https://simplify.jobs/p/b605eaf0-6b81-4e38-9307-a5c8953dd376""}]",[],[],"{""location"": [""Chevy Chase, MD, USA""]}",{},"{""location"": ""array_field""}",{}
https://simplify.jobs/p/f09cee94-7425-427f-bc42-40c437a3981c,Software Engineer - Front End - React,Pearson,India,,,,,,2026-03-12T14:20:00+00:00,2026-03-12T14:20:00+00:00,false,,onsite,full_time,senior,,,,simplify,https://simplify.jobs/p/f09cee94-7425-427f-bc42-40c437a3981c,,simplify,"[{""site"": ""simplify"", ""url"": ""https://simplify.jobs/p/f09cee94-7425-427f-bc42-40c437a3981c""}]",[],[],"{""location"": [""India""]}",{},"{""location"": ""array_field""}",{}
https://simplify.jobs/p/c5f50f7a-24b6-4d9f-9859-f1da16bae089,Senior Front End Engineer,Knotch,Remote; Remote in Canada,135000.0,175000.0,CAD,,,2026-10-02T11:09:52+00:00,2026-09-23T22:25:24+00:00,false,,remote,full_time,senior,,,,simplify,https://simplify.jobs/p/c5f50f7a-24b6-4d9f-9859-f1da16bae089,,simplify,"[{""site"": ""simplify"", ""url"": ""https://simplify.jobs/p/c5f50f7a-24b6-4d9f-9859-f1da16bae089""}]",[],[],"{""location"": [""Remote; Remote in Canada""]}",{},"{""location"": ""array_field""}",{}
https://simplify.jobs/p/1fdc3736-2fd9-4049-8f6a-416f13e5b740,Three.js Front End Engineer,Bask Health,Remote; Remote in USA,,,,,,2026-09-04T12:21:02+00:00,2026-08-20T00:53:56+00:00,false,,remote,full_time,mid,,,,simplify,https://simplify.jobs/p/1fdc3736-2fd9-4049-8f6a-416f13e5b740,,simplify,"[{""site"": ""simplify"", ""url"": ""https://simplify.jobs/p/1fdc3736-2fd9-4049-8f6a-416f13e5b740""}]",[],[],"{""location"": [""Remote; Remote in USA""]}",{},"{""location"": ""array_field""}",{}
https://simplify.jobs/p/096c09c8-6101-4486-9cfb-92d37c176a6a,Front End Software Engineer,Pointer Technologies,"Annapolis Junction, MD, USA",,,,,,2026-09-03T20:21:27+00:00,2026-07-23T06:14:02+00:00,false,,onsite,full_time,mid,,,,simplify,https://simplify.jobs/p/096c09c8-6101-4486-9cfb-92d37c176a6a,,simplify,"[{""site"": ""simplify"", ""url"": ""https://simplify.jobs/p/096c09c8-6101-4486-9cfb-92d37c176a6a""}]",[],[],"{""location"": [""Annapolis Junction, MD, USA""]}",{},"{""location"": ""array_field""}",{}
https://simplify.jobs/p/ebc01b51-2c9a-421a-84a9-b7b70152b6af,UI/UX Front End Developer,Greenberg Traurig,"Salt Lake City, UT, USA; Houston, TX, USA; Delaware, USA; Austin, TX, USA; Miami, FL, USA; Dallas, TX, USA; Philadelphia, PA, USA; Charlotte, NC, USA; Miramar, FL, USA; Phoenix, AZ, USA; Atlanta, GA, USA",,,,,,2026-09-08T15:03:01+00:00,2026-07-04T12:06:48+00:00,false,,hybrid,full_time,senior,,,,simplify,https://simplify.jobs/p/ebc01b51-2c9a-421a-84a9-b7b70152b6af,,simplify,"[{""site"": ""simplify"", ""url"": ""https://simplify.jobs/p/ebc01b51-2c9a-421a-84a9-b7b70152b6af""}]",[],[],"{""location"": [""Salt Lake City, UT, USA; Houston, TX, USA; Delaware, USA; Austin, TX, USA; Miami, FL, USA; Dallas, TX, USA; Philadelphia, PA, USA; Charlotte, NC, USA; Miramar, FL, USA; Phoenix, AZ, USA; Atlanta, GA, USA""]}",{},"{""location"": ""array_field""}",{}
https://simplify.jobs/p/6ea6fb78-275d-4b10-8568-64080ebd34ac,UI/UX Front End Engineer,Lynker,"Remote; Boulder, CO, USA",78000.0,117000.0,USD,,,2026-09-04T12:21:02+00:00,2026-08-18T23:00:01+00:00,false,,remote,full_time,senior,,,,simplify,https://simplify.jobs/p/6ea6fb78-275d-4b10-8568-64080ebd34ac,,simplify,"[{""site"": ""simplify"", ""url"": ""https://simplify.jobs/p/6ea6fb78-275d-4b10-8568-64080ebd34ac""}]",[],[],"{""location"": [""Remote; Boulder, CO, USA""]}",{},"{""location"": ""array_field""}",{}
https://simplify.jobs/p/7798a505-fd08-4b50-9361-7a9dec3f4f84,Senior Front End Application Developer - Multiple Teams,Digital Forge Cyber Assurance Group,"Remote; Lehi, UT, USA",,,,,,2026-09-04T07:24:02+00:00,2026-02-20T15:07:26+00:00,false,,remote,full_time,senior,,,,simplify,https://simplify.jobs/p/7798a505-fd08-4b50-9361-7a9dec3f4f84,,simplify,"[{""site"": ""simplify"", ""url"": ""https://simplify.jobs/p/7798a505-fd08-4b50-9361-7a9dec3f4f84""}]",[],[],"{""location"": [""Remote; Lehi, UT, USA""]}",{},"{""location"": ""array_field""}",{}
https://simplify.jobs/p/419600dd-bc2d-43e0-8e41-284686ccf5ec,Front End Developer,BayRock Labs,"Bengaluru, Karnataka, India",20.0,25.0,INR,,,2026-03-18T22:10:43+00:00,2026-03-18T22:10:43+00:00,false,,hybrid,full_time,junior | mid,,,,simplify,https://simplify.jobs/p/419600dd-bc2d-43e0-8e41-284686ccf5ec,,simplify,"[{""site"": ""simplify"", ""url"": ""https://simplify.jobs/p/419600dd-bc2d-43e0-8e41-284686ccf5ec""}]",[],[],"{""location"": [""Bengaluru, Karnataka, India""]}",{},"{""location"": ""array_field""}",{}
https://simplify.jobs/p/d732f33a-f031-465f-95d2-5c18fd794d1a,Lead Front End Engineer,Evismart,"Vancouver, BC, Canada",145000.0,160000.0,CAD,,,2026-09-04T07:36:01+00:00,2026-04-17T22:15:13+00:00,false,,onsite,full_time,mid | senior,,,,simplify,https://simplify.jobs/p/d732f33a-f031-465f-95d2-5c18fd794d1a,,simplify,"[{""site"": ""simplify"", ""url"": ""https://simplify.jobs/p/d732f33a-f031-465f-95d2-5c18fd794d1a""}]",[],[],"{""location"": [""Vancouver, BC, Canada""]}",{},"{""location"": ""array_field""}",{}
https://simplify.jobs/p/0dfb6948-7993-41de-88ed-d437a43b1079,Front End Engineer,ether.fi,"New York, NY, USA; Denver, CO, USA",130000.0,160000.0,USD,,,2026-10-01T09:27:02+00:00,2026-02-10T07:17:19+00:00,false,,onsite,full_time,junior | mid,,,,simplify,https://simplify.jobs/p/0dfb6948-7993-41de-88ed-d437a43b1079,,simplify,"[{""site"": ""simplify"", ""url"": ""https://simplify.jobs/p/0dfb6948-7993-41de-88ed-d437a43b1079""}]",[],[],"{""location"": [""New York, NY, USA; Denver, CO, USA""]}",{},"{""location"": ""array_field""}",{}
https://simplify.jobs/p/2646f9de-e827-4b3b-b907-9cb245d46ca1,Senior Front End Software Engineer - Application Development,Palantir,"London, UK",,,,,,2026-09-04T05:18:01+00:00,2025-10-31T10:46:33+00:00,false,,hybrid,full_time,mid | senior,,,,simplify,https://simplify.jobs/p/2646f9de-e827-4b3b-b907-9cb245d46ca1,,simplify,"[{""site"": ""simplify"", ""url"": ""https://simplify.jobs/p/2646f9de-e827-4b3b-b907-9cb245d46ca1""}]",[],[],"{""location"": [""London, UK""]}",{},"{""location"": ""array_field""}",{}
https://simplify.jobs/p/237dc5c4-f558-4bbb-90ca-1eecede347bf,Front End Software Developer - Mission Management Systems - UI TypeScript,CACI,"Aurora, CO, USA; Dulles, VA, USA",82100.0,172400.0,USD,,,2026-09-03T16:57:18+00:00,2026-07-28T00:00:00+00:00,false,,onsite,full_time,senior,,,,simplify,https://simplify.jobs/p/237dc5c4-f558-4bbb-90ca-1eecede347bf,,simplify,"[{""site"": ""simplify"", ""url"": ""https://simplify.jobs/p/237dc5c4-f558-4bbb-90ca-1eecede347bf""}]",[],[],"{""location"": [""Aurora, CO, USA; Dulles, VA, USA""]}",{},"{""location"": ""array_field""}",{}
https://simplify.jobs/p/b622d618-d466-483b-8e9b-c4800c911503,Web Designer/Front End Developer,vTech Solution,"Columbus, OH, USA",,,,,,2026-09-04T07:24:02+00:00,2026-03-02T02:23:19+00:00,false,,onsite,full_time,senior,,,,simplify,https://simplify.jobs/p/b622d618-d466-483b-8e9b-c4800c911503,,simplify,"[{""site"": ""simplify"", ""url"": ""https://simplify.jobs/p/b622d618-d466-483b-8e9b-c4800c911503""}]",[],[],"{""location"": [""Columbus, OH, USA""]}",{},"{""location"": ""array_field""}",{}
https://simplify.jobs/p/fdb466f5-7933-429e-afb5-f76e00ffc76d,Marketing Engineer - Front End,EUNA Solutions,"Oakville, ON, Canada",80000.0,100000.0,CAD,,,2026-09-24T14:24:01+00:00,2026-09-24T14:22:08+00:00,false,,hybrid,full_time,mid,,,,simplify,https://simplify.jobs/p/fdb466f5-7933-429e-afb5-f76e00ffc76d,,simplify,"[{""site"": ""simplify"", ""url"": ""https://simplify.jobs/p/fdb466f5-7933-429e-afb5-f76e00ffc76d""}]",[],[],"{""location"": [""Oakville, ON, Canada""]}",{},"{""location"": ""array_field""}",{}
https://simplify.jobs/p/70ed2b63-979a-4540-8610-f09a871e260d,Front End Web Developer-HP Wolf Security,Hewlett Packard,"Cambridge, UK",,,,,,2026-09-04T07:12:12+00:00,2026-06-20T11:14:11+00:00,false,,hybrid,full_time,mid,,,,simplify,https://simplify.jobs/p/70ed2b63-979a-4540-8610-f09a871e260d,,simplify,"[{""site"": ""simplify"", ""url"": ""https://simplify.jobs/p/70ed2b63-979a-4540-8610-f09a871e260d""}]",[],[],"{""location"": [""Cambridge, UK""]}",{},"{""location"": ""array_field""}",{}
https://simplify.jobs/p/2528109f-019c-4732-ac00-12596861f771,Junior Front End Developer Intern,Inbulks,"Remote; Long Island City, Queens, NY, USA",,,,,,2026-09-04T02:24:21+00:00,2026-08-13T06:13:36+00:00,true,,remote,internship,intern,,,,simplify,https://simplify.jobs/p/2528109f-019c-4732-ac00-12596861f771,,simplify,"[{""site"": ""simplify"", ""url"": ""https://simplify.jobs/p/2528109f-019c-4732-ac00-12596861f771""}]",[],[],"{""location"": [""Remote; Long Island City, Queens, NY, USA""]}",{},"{""location"": ""array_field""}",{}
https://simplify.jobs/p/fb991413-af5d-42a1-a482-a6ba9dc0d04b,Front End UI Developer,Jobsbridge,"Sunnyvale, CA, USA",,,,,,2026-09-03T17:54:20+00:00,2026-02-24T07:19:40+00:00,false,,onsite,full_time,senior,,,,simplify,https://simplify.jobs/p/fb991413-af5d-42a1-a482-a6ba9dc0d04b,,simplify,"[{""site"": ""simplify"", ""url"": ""https://simplify.jobs/p/fb991413-af5d-42a1-a482-a6ba9dc0d04b""}]",[],[],"{""location"": [""Sunnyvale, CA, USA""]}",{},"{""location"": ""array_field""}",{}
https://simplify.jobs/p/a6395f03-e388-4b19-8b07-d9cd54881407,Software Engineer Front End - Angular,Sensia,"Pune, Maharashtra, India",,,,,,2026-09-04T02:24:21+00:00,2026-08-13T06:14:06+00:00,false,,onsite,full_time,mid,,,,simplify,https://simplify.jobs/p/a6395f03-e388-4b19-8b07-d9cd54881407,,simplify,"[{""site"": ""simplify"", ""url"": ""https://simplify.jobs/p/a6395f03-e388-4b19-8b07-d9cd54881407""}]",[],[],"{""location"": [""Pune, Maharashtra, India""]}",{},"{""location"": ""array_field""}",{}
https://simplify.jobs/p/c7f9bfe3-2744-4a8d-aa03-22c648d3db65,Senior Software Engineer - Front End Onstar,General Motors,"Austin, TX, USA; Warren, MI, USA",,,,,,2026-10-02T15:30:12+00:00,2026-06-20T10:20:44+00:00,false,,hybrid,full_time,mid | senior,,,,simplify,https://simplify.jobs/p/c7f9bfe3-2744-4a8d-aa03-22c648d3db65,,simplify,"[{""site"": ""simplify"", ""url"": ""https://simplify.jobs/p/c7f9bfe3-2744-4a8d-aa03-22c648d3db65""}]",[],[],"{""location"": [""Austin, TX, USA; Warren, MI, USA""]}",{},"{""location"": ""array_field""}",{}
https://simplify.jobs/p/d7b507c0-bb45-40b2-97e2-575198d7b5c7,Front End Software Engineer Co-op - Graduate,Meridian Partners,"Cambridge, MA, USA",28.0,37.0,USD,,,2026-09-03T12:27:02+00:00,2026-08-25T06:19:44+00:00,true,,onsite,internship,intern,,,,simplify,https://simplify.jobs/p/d7b507c0-bb45-40b2-97e2-575198d7b5c7,,simplify,"[{""site"": ""simplify"", ""url"": ""https://simplify.jobs/p/d7b507c0-bb45-40b2-97e2-575198d7b5c7""}]",[],[],"{""location"": [""Cambridge, MA, USA""]}",{},"{""location"": ""array_field""}",{}
https://simplify.jobs/p/0a3c1cbb-24c5-4593-a1dd-bbb9aaa387ff,Senior Front End Software Engineer - React,Anduril,"Washington, DC, USA",191000.0,253000.0,USD,,,2026-09-04T08:15:01+00:00,2026-06-16T19:49:22+00:00,false,,hybrid,full_time,senior,,,,simplify,https://simplify.jobs/p/0a3c1cbb-24c5-4593-a1dd-bbb9aaa387ff,,simplify,"[{""site"": ""simplify"", ""url"": ""https://simplify.jobs/p/0a3c1cbb-24c5-4593-a1dd-bbb9aaa387ff""}]",[],[],"{""location"": [""Washington, DC, USA""]}",{},"{""location"": ""array_field""}",{}
https://simplify.jobs/p/4217ef74-a57b-448c-abf0-5b8f7287f917,Senior Front End Engineer,Applied Information Sciences,"Washington, DC, USA",117000.0,177000.0,USD,,,2026-10-02T14:15:01+00:00,2026-08-27T00:00:00+00:00,false,,hybrid,full_time,senior,,,,simplify,https://simplify.jobs/p/4217ef74-a57b-448c-abf0-5b8f7287f917,,simplify,"[{""site"": ""simplify"", ""url"": ""https://simplify.jobs/p/4217ef74-a57b-448c-abf0-5b8f7287f917""}]",[],[],"{""location"": [""Washington, DC, USA""]}",{},"{""location"": ""array_field""}",{}
https://simplify.jobs/p/7a1b2d0b-fb4d-450e-9f60-44a50b914ab1,Front End Developer Intern,RegDesk,"Philadelphia, PA, USA",,,,,,2026-09-04T12:00:01+00:00,2026-08-18T01:12:15+00:00,true,,onsite,internship,intern,,,,simplify,https://simplify.jobs/p/7a1b2d0b-fb4d-450e-9f60-44a50b914ab1,,simplify,"[{""site"": ""simplify"", ""url"": ""https://simplify.jobs/p/7a1b2d0b-fb4d-450e-9f60-44a50b914ab1""}]",[],[],"{""location"": [""Philadelphia, PA, USA""]}",{},"{""location"": ""array_field""}",{}
https://simplify.jobs/p/87965345-51e2-475c-9fda-af494084505d,Lead Front End Engineer,Two Six Technologies,"Austin, TX, USA",140000.0,180000.0,USD,,,2026-09-15T22:36:01+00:00,2026-09-11T22:25:30+00:00,false,,onsite,full_time,mid | senior,,,,simplify,https://simplify.jobs/p/87965345-51e2-475c-9fda-af494084505d,,simplify,"[{""site"": ""simplify"", ""url"": ""https://simplify.jobs/p/87965345-51e2-475c-9fda-af494084505d""}]",[],[],"{""location"": [""Austin, TX, USA""]}",{},"{""location"": ""array_field""}",{}
https://simplify.jobs/p/20067202-77bc-4969-a8fe-e6213a76fa87,Front End Developer,Jobsbridge,"San Francisco, CA, USA",,,,,,2026-09-04T07:24:02+00:00,2026-02-24T07:21:31+00:00,false,,onsite,full_time,senior,,,,simplify,https://simplify.jobs/p/20067202-77bc-4969-a8fe-e6213a76fa87,,simplify,"[{""site"": ""simplify"", ""url"": ""https://simplify.jobs/p/20067202-77bc-4969-a8fe-e6213a76fa87""}]",[],[],"{""location"": [""San Francisco, CA, USA""]}",{},"{""location"": ""array_field""}",{}
https://simplify.jobs/p/36d7dca0-292c-4152-a25a-e77f0edd9700,Front End Developer,Jobsbridge,"Oakland, CA, USA",,,,,,2026-09-04T07:24:02+00:00,2026-04-08T09:04:35+00:00,false,,onsite,full_time,mid,,,,simplify,https://simplify.jobs/p/36d7dca0-292c-4152-a25a-e77f0edd9700,,simplify,"[{""site"": ""simplify"", ""url"": ""https://simplify.jobs/p/36d7dca0-292c-4152-a25a-e77f0edd9700""}]",[],[],"{""location"": [""Oakland, CA, USA""]}",{},"{""location"": ""array_field""}",{}
https://simplify.jobs/p/f47acc07-72a3-4043-b99f-0df4cc0228b0,Digital Developer - Front End,Hastings Direct,"Leicester, UK; Bexhill, Bexhill-on-Sea, UK",,,,,,2026-09-03T19:57:26+00:00,2026-07-20T00:00:00+00:00,false,,hybrid,full_time,mid,,,,simplify,https://simplify.jobs/p/f47acc07-72a3-4043-b99f-0df4cc0228b0,,simplify,"[{""site"": ""simplify"", ""url"": ""https://simplify.jobs/p/f47acc07-72a3-4043-b99f-0df4cc0228b0""}]",[],[],"{""location"": [""Leicester, UK; Bexhill, Bexhill-on-Sea, UK""]}",{},"{""location"": ""array_field""}",{}
https://simplify.jobs/p/04121e46-26b1-4128-b65e-553263254a91,Senior Front End Engineer,EventMobi,"Remote; Bengaluru, Karnataka, India",50000.0,85000.0,CAD,,,2026-09-30T08:36:01+00:00,2026-08-13T06:24:17+00:00,false,,remote,full_time,senior,,,,simplify,https://simplify.jobs/p/04121e46-26b1-4128-b65e-553263254a91,,simplify,"[{""site"": ""simplify"", ""url"": ""https://simplify.jobs/p/04121e46-26b1-4128-b65e-553263254a91""}]",[],[],"{""location"": [""Remote; Bengaluru, Karnataka, India""]}",{},"{""location"": ""array_field""}",{}
https://simplify.jobs/p/a16498d0-419f-4059-a4d4-be8f35e1536b,Lead Front End Developer,Nextgen Technologies,"Plano, TX, USA",,,,,,2026-09-04T12:00:01+00:00,2026-08-18T01:13:22+00:00,false,,onsite,full_time,senior,,,,simplify,https://simplify.jobs/p/a16498d0-419f-4059-a4d4-be8f35e1536b,,simplify,"[{""site"": ""simplify"", ""url"": ""https://simplify.jobs/p/a16498d0-419f-4059-a4d4-be8f35e1536b""}]",[],[],"{""location"": [""Plano, TX, USA""]}",{},"{""location"": ""array_field""}",{}
https://simplify.jobs/p/d194dc58-2135-44e5-a482-d896f8a3f00b,Front End Software Engineer,Jane Street,"London, UK",,,,,,2025-07-10T00:22:34+00:00,2025-07-10T00:22:34+00:00,false,,onsite,full_time,mid,,,,simplify,https://simplify.jobs/p/d194dc58-2135-44e5-a482-d896f8a3f00b,,simplify,"[{""site"": ""simplify"", ""url"": ""https://simplify.jobs/p/d194dc58-2135-44e5-a482-d896f8a3f00b""}]",[],[],"{""location"": [""London, UK""]}",{},"{""location"": ""array_field""}",{}
https://simplify.jobs/p/e8ba980b-e1db-408a-892b-51b480e4eeb6,Front End Web Applications Developer,SMX,"Remote; Washington, DC, USA",73000.0,122700.0,USD,,,2026-09-23T14:27:02+00:00,2026-09-21T22:28:22+00:00,false,,remote,full_time,junior,,,,simplify,https://simplify.jobs/p/e8ba980b-e1db-408a-892b-51b480e4eeb6 | https://simplify.jobs/p/fee8b385-e9ab-4389-9498-c87745abc442,,simplify,"[{""site"": ""simplify"", ""url"": ""https://simplify.jobs/p/e8ba980b-e1db-408a-892b-51b480e4eeb6""}, {""site"": ""simplify"", ""url"": ""https://simplify.jobs/p/fee8b385-e9ab-4389-9498-c87745abc442""}]",[],[],"{""location"": [""Remote; Washington, DC, USA""]}",{},"{""location"": ""array_field""}",{}
https://simplify.jobs/p/1c9c04fe-8548-4346-8799-617029309f7d,Software Engineer 2 - Front End,Compass,"Boca Raton, FL, USA",126990.0,141100.0,USD,,,2026-09-16T08:39:01+00:00,2026-09-01T19:13:37+00:00,false,,onsite,full_time,mid,,,,simplify,https://simplify.jobs/p/1c9c04fe-8548-4346-8799-617029309f7d,,simplify,"[{""site"": ""simplify"", ""url"": ""https://simplify.jobs/p/1c9c04fe-8548-4346-8799-617029309f7d""}]",[],[],"{""location"": [""Boca Raton, FL, USA""]}",{},"{""location"": ""array_field""}",{}
https://simplify.jobs/p/72319c16-6c81-4686-a9ba-36ed56d9f722,Front End Developer,Callaway Golf,"Austin, TX, USA",,,,,,2026-09-04T10:06:01+00:00,2026-07-27T00:00:00+00:00,false,,hybrid,full_time,mid,,,,simplify,https://simplify.jobs/p/72319c16-6c81-4686-a9ba-36ed56d9f722,,simplify,"[{""site"": ""simplify"", ""url"": ""https://simplify.jobs/p/72319c16-6c81-4686-a9ba-36ed56d9f722""}]",[],[],"{""location"": [""Austin, TX, USA""]}",{},"{""location"": ""array_field""}",{}
https://simplify.jobs/p/1696a423-53a4-480d-9ac0-ac361c1c149d,Front End Engineer - Marketing,Anthropic,"San Francisco, CA, USA; New York, NY, USA",300000.0,320000.0,USD,,,2026-09-04T12:21:02+00:00,2026-08-19T01:15:16+00:00,false,,hybrid,full_time,mid,,,,simplify,https://simplify.jobs/p/1696a423-53a4-480d-9ac0-ac361c1c149d,,simplify,"[{""site"": ""simplify"", ""url"": ""https://simplify.jobs/p/1696a423-53a4-480d-9ac0-ac361c1c149d""}]",[],[],"{""location"": [""San Francisco, CA, USA; New York, NY, USA""]}",{},"{""location"": ""array_field""}",{}
https://simplify.jobs/p/7c4ff9b7-251b-467b-878d-cf6002d5d510,UI Front End Developer,Atria Group,"Albany, NY, USA",50.0,50.0,USD,,,2026-09-04T07:24:02+00:00,2026-02-19T07:11:27+00:00,false,,onsite,full_time,senior,,,,simplify,https://simplify.jobs/p/7c4ff9b7-251b-467b-878d-cf6002d5d510,,simplify,"[{""site"": ""simplify"", ""url"": ""https://simplify.jobs/p/7c4ff9b7-251b-467b-878d-cf6002d5d510""}]",[],[],"{""location"": [""Albany, NY, USA""]}",{},"{""location"": ""array_field""}",{}
https://simplify.jobs/p/faa53f8e-ea4d-4906-8174-63b0f72bee60,Software Engineer – Experienced or Senior - Front End Developer,Boeing,"Albuquerque, NM, USA; El Segundo, CA, USA",126650.0,232300.0,USD,,,2026-09-29T22:18:02+00:00,2026-08-13T00:00:00+00:00,false,,onsite,full_time,mid | senior,,,,simplify,https://simplify.jobs/p/faa53f8e-ea4d-4906-8174-63b0f72bee60,,simplify,"[{""site"": ""simplify"", ""url"": ""https://simplify.jobs/p/faa53f8e-ea4d-4906-8174-63b0f72bee60""}]",[],[],"{""location"": [""Albuquerque, NM, USA; El Segundo, CA, USA""]}",{},"{""location"": ""array_field""}",{}
https://simplify.jobs/p/3e0a10f8-885b-4db4-af70-ce614bb97d22,Creative Front End Developer,Garmin,"Olathe, KS, USA",,,,,,2026-09-04T12:33:01+00:00,2026-08-21T19:44:17+00:00,false,,onsite,full_time,junior,,,,simplify,https://simplify.jobs/p/3e0a10f8-885b-4db4-af70-ce614bb97d22,,simplify,"[{""site"": ""simplify"", ""url"": ""https://simplify.jobs/p/3e0a10f8-885b-4db4-af70-ce614bb97d22""}]",[],[],"{""location"": [""Olathe, KS, USA""]}",{},"{""location"": ""array_field""}",{}
https://simplify.jobs/p/60ea49aa-65fa-4bd3-be02-9564637e2ef9,Front End Engineer,Jobsbridge,"San Francisco, CA, USA",,,,,,2026-09-04T07:24:02+00:00,2026-02-24T07:21:25+00:00,false,,onsite,full_time,senior,,,,simplify,https://simplify.jobs/p/60ea49aa-65fa-4bd3-be02-9564637e2ef9,,simplify,"[{""site"": ""simplify"", ""url"": ""https://simplify.jobs/p/60ea49aa-65fa-4bd3-be02-9564637e2ef9""}]",[],[],"{""location"": [""San Francisco, CA, USA""]}",{},"{""location"": ""array_field""}",{}
https://simplify.jobs/p/e1b3e1a1-56bb-4337-b22c-57061aa2a9e4,Front End Developer,Medable,"Remote; Bengaluru, Karnataka, India",,,,,,2026-09-04T05:18:01+00:00,2026-05-16T14:27:57+00:00,false,,remote,full_time,junior | mid,,,,simplify,https://simplify.jobs/p/e1b3e1a1-56bb-4337-b22c-57061aa2a9e4,,simplify,"[{""site"": ""simplify"", ""url"": ""https://simplify.jobs/p/e1b3e1a1-56bb-4337-b22c-57061aa2a9e4""}]",[],[],"{""location"": [""Remote; Bengaluru, Karnataka, India""]}",{},"{""location"": ""array_field""}",{}
https://simplify.jobs/p/d11dd12f-b71b-4bf9-85a6-833915ef76b2,Software Engineer - Front End,Qantas Group,"Adelaide SA, Australia",,,,,,2026-09-16T06:09:01+00:00,2026-09-16T06:06:53+00:00,false,,hybrid,full_time,mid,,,,simplify,https://simplify.jobs/p/d11dd12f-b71b-4bf9-85a6-833915ef76b2,,simplify,"[{""site"": ""simplify"", ""url"": ""https://simplify.jobs/p/d11dd12f-b71b-4bf9-85a6-833915ef76b2""}]",[],[],"{""location"": [""Adelaide SA, Australia""]}",{},"{""location"": ""array_field""}",{}
https://simplify.jobs/p/502913ba-ccde-4359-af98-7647e0a57dd9,Senior Software Engineer - Front end,NexHealth,"San Francisco, CA, USA",165000.0,230000.0,USD,,,2026-09-04T00:51:21+00:00,2026-08-07T06:14:58+00:00,false,,onsite,full_time,senior,,,,simplify,https://simplify.jobs/p/502913ba-ccde-4359-af98-7647e0a57dd9,,simplify,"[{""site"": ""simplify"", ""url"": ""https://simplify.jobs/p/502913ba-ccde-4359-af98-7647e0a57dd9""}]",[],[],"{""location"": [""San Francisco, CA, USA""]}",{},"{""location"": ""array_field""}",{}
https://simplify.jobs/p/1182557c-20e7-4ba0-9e51-022079508938,Senior Front End Engineer,Mejuri,"Toronto, ON, Canada",120000.0,145000.0,USD,,,2026-09-29T22:48:01+00:00,2026-09-29T22:37:01+00:00,false,,hybrid,full_time,senior,,,,simplify,https://simplify.jobs/p/1182557c-20e7-4ba0-9e51-022079508938,,simplify,"[{""site"": ""simplify"", ""url"": ""https://simplify.jobs/p/1182557c-20e7-4ba0-9e51-022079508938""}]",[],[],"{""location"": [""Toronto, ON, Canada""]}",{},"{""location"": ""array_field""}",{}
https://simplify.jobs/p/0ff9e23c-063f-4cef-b956-cccdfc659f5d,Front End Angular Software Engineer - Front End Angular,Maania Consultancy Services,"Herndon, VA, USA",,,,,,2026-09-04T01:03:21+00:00,2026-08-07T22:16:16+00:00,false,,onsite,full_time,junior | mid,,,,simplify,https://simplify.jobs/p/0ff9e23c-063f-4cef-b956-cccdfc659f5d,,simplify,"[{""site"": ""simplify"", ""url"": ""https://simplify.jobs/p/0ff9e23c-063f-4cef-b956-cccdfc659f5d""}]",[],[],"{""location"": [""Herndon, VA, USA""]}",{},"{""location"": ""array_field""}",{}
https://simplify.jobs/p/15291ca9-0867-4ed2-aece-c2d9362d0e23,Cloud Engineer - Frontend-leaning - Remote - Full-Time - AS315,Smart Working Solutions,Remote; Remote in India,,,,,,2026-09-22T06:15:01+00:00,2026-08-24T14:25:17+00:00,false,,remote,full_time,mid | senior,,,,simplify,https://simplify.jobs/p/15291ca9-0867-4ed2-aece-c2d9362d0e23,,simplify,"[{""site"": ""simplify"", ""url"": ""https://simplify.jobs/p/15291ca9-0867-4ed2-aece-c2d9362d0e23""}]",[],[],"{""location"": [""Remote; Remote in India""]}",{},"{""location"": ""array_field""}",{}
https://simplify.jobs/p/73d4d804-cef6-4026-bb28-fb3ccca87b7f,Front End React Commerce Developer - Commerce,Deloitte,"Bari, Metropolitan City of Bari, Italy",35500.0,44000.0,EUR,,,2026-09-19T09:38:06+00:00,2026-09-11T23:54:10+00:00,false,,hybrid,full_time,senior,,,,simplify,https://simplify.jobs/p/73d4d804-cef6-4026-bb28-fb3ccca87b7f,,simplify,"[{""site"": ""simplify"", ""url"": ""https://simplify.jobs/p/73d4d804-cef6-4026-bb28-fb3ccca87b7f""}]",[],[],"{""location"": [""Bari, Metropolitan City of Bari, Italy""]}",{},"{""location"": ""array_field""}",{}
https://simplify.jobs/p/e2934a19-eb2e-4a78-9a78-317231845de6,Front End Infrastructure Software Engineer - AP Performance Google Ads,Google,"Mountain View, CA, USA",147000.0,210000.0,USD,,,2026-09-04T13:18:01+00:00,2026-09-03T14:08:25+00:00,false,,onsite,full_time,junior | mid,,,,simplify,https://simplify.jobs/p/e2934a19-eb2e-4a78-9a78-317231845de6,,simplify,"[{""site"": ""simplify"", ""url"": ""https://simplify.jobs/p/e2934a19-eb2e-4a78-9a78-317231845de6""}]",[],[],"{""location"": [""Mountain View, CA, USA""]}",{},"{""location"": ""array_field""}",{}
https://simplify.jobs/p/b8c7ee2c-c6d3-4942-9a33-45db957b753e,Front End Software Developer,CACI,"Sterling, VA, USA",72700.0,149200.0,USD,,,2026-09-30T22:35:11+00:00,2026-09-30T00:00:00+00:00,false,,hybrid,full_time,senior,,,,simplify,https://simplify.jobs/p/b8c7ee2c-c6d3-4942-9a33-45db957b753e,,simplify,"[{""site"": ""simplify"", ""url"": ""https://simplify.jobs/p/b8c7ee2c-c6d3-4942-9a33-45db957b753e""}]",[],[],"{""location"": [""Sterling, VA, USA""]}",{},"{""location"": ""array_field""}",{}
https://simplify.jobs/p/b40c7886-f112-444e-9a58-7334db01fc49,Software Engineer 2 - Web Front End,Velo3D,"Fremont, CA, USA",120000.0,150000.0,USD,,,2026-09-04T02:06:24+00:00,2026-08-12T22:05:26+00:00,false,,hybrid,full_time,mid,,,,simplify,https://simplify.jobs/p/b40c7886-f112-444e-9a58-7334db01fc49,,simplify,"[{""site"": ""simplify"", ""url"": ""https://simplify.jobs/p/b40c7886-f112-444e-9a58-7334db01fc49""}]",[],[],"{""location"": [""Fremont, CA, USA""]}",{},"{""location"": ""array_field""}",{}
https://simplify.jobs/p/a685ff4d-f4ad-40ba-bf08-2dfc973697f3,Senior Front End Developer Lead,Jobsbridge,"Nashville, TN, USA",,,,,,2026-09-04T07:24:02+00:00,2026-02-24T07:20:01+00:00,false,,onsite,full_time,senior,,,,simplify,https://simplify.jobs/p/a685ff4d-f4ad-40ba-bf08-2dfc973697f3,,simplify,"[{""site"": ""simplify"", ""url"": ""https://simplify.jobs/p/a685ff4d-f4ad-40ba-bf08-2dfc973697f3""}]",[],[],"{""location"": [""Nashville, TN, USA""]}",{},"{""location"": ""array_field""}",{}
https://simplify.jobs/p/afb133d1-e91b-4a67-adc8-c99f849a84fd,UX/UI Front End Engineer Intern,Nelnet,"Madison, WI, USA; Lincoln, NE, USA",21.0,25.0,USD,,,2026-09-29T16:37:22+00:00,2026-09-15T00:00:00+00:00,true,,onsite,internship,intern,,,,simplify,https://simplify.jobs/p/afb133d1-e91b-4a67-adc8-c99f849a84fd,,simplify,"[{""site"": ""simplify"", ""url"": ""https://simplify.jobs/p/afb133d1-e91b-4a67-adc8-c99f849a84fd""}]",[],[],"{""location"": [""Madison, WI, USA; Lincoln, NE, USA""]}",{},"{""location"": ""array_field""}",{}
https://simplify.jobs/p/76f2f8d0-941e-4181-9a9d-75112a0e2856,Front End Developer,Jobsbridge,"Plano, TX, USA",,,,,,2026-09-04T07:24:02+00:00,2026-04-08T09:04:24+00:00,false,,onsite,full_time,senior,,,,simplify,https://simplify.jobs/p/76f2f8d0-941e-4181-9a9d-75112a0e2856,,simplify,"[{""site"": ""simplify"", ""url"": ""https://simplify.jobs/p/76f2f8d0-941e-4181-9a9d-75112a0e2856""}]",[],[],"{""location"": [""Plano, TX, USA""]}",{},"{""location"": ""array_field""}",{}
https://simplify.jobs/p/977bbc60-691e-45e9-82c7-a8d4482baead,Software Engineer III-Front End-Web-JPM Personal Investing-Mid Level,JP Morgan Chase,"London, UK",,,,,,2026-09-04T14:09:01+00:00,2026-09-04T14:08:09+00:00,false,,onsite,full_time,mid,,,,simplify,https://simplify.jobs/p/977bbc60-691e-45e9-82c7-a8d4482baead,,simplify,"[{""site"": ""simplify"", ""url"": ""https://simplify.jobs/p/977bbc60-691e-45e9-82c7-a8d4482baead""}]",[],[],"{""location"": [""London, UK""]}",{},"{""location"": ""array_field""}",{}
https://simplify.jobs/p/e0650ef3-d9c2-419a-8efa-11a708af1ea8,Front End Application Developer,Leidos,"Suitland-Silver Hill, MD, USA",73450.0,132775.0,USD,,,2026-10-02T15:28:48+00:00,2026-08-14T00:00:00+00:00,false,,,full_time,mid | senior,Conflicting workplace across sites,,,simplify,https://simplify.jobs/p/e0650ef3-d9c2-419a-8efa-11a708af1ea8 | https://simplify.jobs/p/db504097-eb69-4e27-b9c9-627134933c30,,simplify,"[{""site"": ""simplify"", ""url"": ""https://simplify.jobs/p/e0650ef3-d9c2-419a-8efa-11a708af1ea8""}, {""site"": ""simplify"", ""url"": ""https://simplify.jobs/p/db504097-eb69-4e27-b9c9-627134933c30""}]",[],[],"{""location"": [""Suitland-Silver Hill, MD, USA""]}",{},"{""location"": ""array_field""}",{}
https://simplify.jobs/p/601818bb-809e-465c-aa11-36c7b29dfc0b,UI Front End Developer,Infojini,"Knoxville, TN, USA",,,,,,2026-09-04T07:24:02+00:00,2026-02-24T07:14:21+00:00,false,,onsite,full_time,senior,,,,simplify,https://simplify.jobs/p/601818bb-809e-465c-aa11-36c7b29dfc0b,,simplify,"[{""site"": ""simplify"", ""url"": ""https://simplify.jobs/p/601818bb-809e-465c-aa11-36c7b29dfc0b""}]",[],[],"{""location"": [""Knoxville, TN, USA""]}",{},"{""location"": ""array_field""}",{}
https://simplify.jobs/p/75ee4aef-5750-47fb-859c-7bb82a7e62f9,Software Engineer - Front End,NOV,"Houston, TX, USA",,,,,,2026-09-04T05:18:01+00:00,2026-08-11T22:16:23+00:00,false,,onsite,full_time,senior,,,,simplify,https://simplify.jobs/p/75ee4aef-5750-47fb-859c-7bb82a7e62f9,,simplify,"[{""site"": ""simplify"", ""url"": ""https://simplify.jobs/p/75ee4aef-5750-47fb-859c-7bb82a7e62f9""}]",[],[],"{""location"": [""Houston, TX, USA""]}",{},"{""location"": ""array_field""}",{}
https://simplify.jobs/p/5c283c5e-9ec2-47f5-9a79-ef5118e25eab,Senior Front End Engineer,Spare Labs,"Vancouver, BC, Canada",151000.0,208000.0,CAD,,,2026-10-01T22:33:33+00:00,2026-10-01T22:22:12+00:00,false,,hybrid,full_time,senior,,,,simplify,https://simplify.jobs/p/5c283c5e-9ec2-47f5-9a79-ef5118e25eab,,simplify,"[{""site"": ""simplify"", ""url"": ""https://simplify.jobs/p/5c283c5e-9ec2-47f5-9a79-ef5118e25eab""}]",[],[],"{""location"": [""Vancouver, BC, Canada""]}",{},"{""location"": ""array_field""}",{}
https://simplify.jobs/p/b739e943-8b11-4138-8f95-e9ec291b64cc,Front End Developer,Alipes,"Remote; Boston, MA, USA",,,,,,2026-09-04T02:15:20+00:00,2026-08-13T06:04:16+00:00,false,,remote,full_time,mid,,,,simplify,https://simplify.jobs/p/b739e943-8b11-4138-8f95-e9ec291b64cc,,simplify,"[{""site"": ""simplify"", ""url"": ""https://simplify.jobs/p/b739e943-8b11-4138-8f95-e9ec291b64cc""}]",[],[],"{""location"": [""Remote; Boston, MA, USA""]}",{},"{""location"": ""array_field""}",{}
https://simplify.jobs/p/b6132ac2-9368-4e6a-aa27-567060ba3f3f,Front End Software Engineer Co-op,Meridian Partners,"Cambridge, MA, USA",28.0,33.0,USD,,,2026-09-03T09:15:09+00:00,2026-08-25T06:19:44+00:00,true,,onsite,internship,intern,,,,simplify,https://simplify.jobs/p/b6132ac2-9368-4e6a-aa27-567060ba3f3f,,simplify,"[{""site"": ""simplify"", ""url"": ""https://simplify.jobs/p/b6132ac2-9368-4e6a-aa27-567060ba3f3f""}]",[],[],"{""location"": [""Cambridge, MA, USA""]}",{},"{""location"": ""array_field""}",{}
https://simplify.jobs/p/f95c5dad-6eb7-4f29-9487-a88fd0db7c68,Senior Front End Developer,Jobsbridge,"Torrance, CA, USA",,,,,,2026-09-04T07:24:02+00:00,2026-02-24T07:19:42+00:00,false,,onsite,full_time,mid,,,,simplify,https://simplify.jobs/p/f95c5dad-6eb7-4f29-9487-a88fd0db7c68,,simplify,"[{""site"": ""simplify"", ""url"": ""https://simplify.jobs/p/f95c5dad-6eb7-4f29-9487-a88fd0db7c68""}]",[],[],"{""location"": [""Torrance, CA, USA""]}",{},"{""location"": ""array_field""}",{}
https://simplify.jobs/p/fa68b17c-f3f0-4831-ad04-8e1a6fd21584,Senior Staff Engineer - Fullstack/Frontend,hims & hers,Remote; Remote in USA,240000.0,280000.0,USD,,,2026-09-04T09:42:02+00:00,2026-07-15T22:10:17+00:00,false,,remote,full_time,,,,,simplify,https://simplify.jobs/p/fa68b17c-f3f0-4831-ad04-8e1a6fd21584,,simplify,"[{""site"": ""simplify"", ""url"": ""https://simplify.jobs/p/fa68b17c-f3f0-4831-ad04-8e1a6fd21584""}]",[],[],"{""location"": [""Remote; Remote in USA""]}",{},"{""location"": ""array_field""}",{}
https://simplify.jobs/p/886de8e8-0263-43a7-9067-c4af69f280d5,Senior Front End Engineer,Populate,"Remote in USA; New York, NY, USA",,,,,,2025-11-18T09:11:45+00:00,2025-11-18T09:11:45+00:00,false,,hybrid,full_time,senior,,,,simplify,https://simplify.jobs/p/886de8e8-0263-43a7-9067-c4af69f280d5,,simplify,"[{""site"": ""simplify"", ""url"": ""https://simplify.jobs/p/886de8e8-0263-43a7-9067-c4af69f280d5""}]",[],[],"{""location"": [""Remote in USA; New York, NY, USA""]}",{},"{""location"": ""array_field""}",{}
https://simplify.jobs/p/daf56d6e-3294-4906-b021-4d7327afc4f0,Senior Front end Engineer I,Checkout.com,"London, UK",,,,,,2026-09-28T09:33:01+00:00,2026-09-23T14:20:55+00:00,false,,hybrid,full_time,senior,,,,simplify,https://simplify.jobs/p/daf56d6e-3294-4906-b021-4d7327afc4f0,,simplify,"[{""site"": ""simplify"", ""url"": ""https://simplify.jobs/p/daf56d6e-3294-4906-b021-4d7327afc4f0""}]",[],[],"{""location"": [""London, UK""]}",{},"{""location"": ""array_field""}",{}
https://simplify.jobs/p/783052e2-3859-454e-8b83-fcb42811c5a0,Front End Developer,Testing Xperts,"Carlsbad, CA, USA",,,,,,2026-09-04T07:24:02+00:00,2026-02-27T07:09:32+00:00,false,,onsite,full_time,senior,,,,simplify,https://simplify.jobs/p/783052e2-3859-454e-8b83-fcb42811c5a0,,simplify,"[{""site"": ""simplify"", ""url"": ""https://simplify.jobs/p/783052e2-3859-454e-8b83-fcb42811c5a0""}]",[],[],"{""location"": [""Carlsbad, CA, USA""]}",{},"{""location"": ""array_field""}",{}
https://simplify.jobs/p/9482f12e-d141-458d-8d45-02772414d7c9,Front End Software Engineer,Jane Street,"New York, NY, USA",300000.0,300000.0,USD,,,2026-09-04T06:57:01+00:00,2024-06-20T00:59:03+00:00,false,,onsite,full_time,mid,,,,simplify,https://simplify.jobs/p/9482f12e-d141-458d-8d45-02772414d7c9,,simplify,"[{""site"": ""simplify"", ""url"": ""https://simplify.jobs/p/9482f12e-d141-458d-8d45-02772414d7c9""}]",[],[],"{""location"": [""New York, NY, USA""]}",{},"{""location"": ""array_field""}",{}
https://simplify.jobs/p/2672b533-c84b-4a5e-b3f7-8c79ad4bdc60,Front End Software Engineer,Game Plan Tech,"Washington, DC, USA",,,,,,2026-09-03T19:06:23+00:00,2026-07-01T22:11:17+00:00,false,,onsite,full_time,mid,,,,simplify,https://simplify.jobs/p/2672b533-c84b-4a5e-b3f7-8c79ad4bdc60,,simplify,"[{""site"": ""simplify"", ""url"": ""https://simplify.jobs/p/2672b533-c84b-4a5e-b3f7-8c79ad4bdc60""}]",[],[],"{""location"": [""Washington, DC, USA""]}",{},"{""location"": ""array_field""}",{}
https://simplify.jobs/p/7d4431a4-b20b-4bf9-874e-d8ad4e8350f6,Front End and Digital Experience Engineer,DecisionPoint,Remote; Remote in USA,,,,,,2026-10-01T22:15:11+00:00,2026-10-01T22:05:35+00:00,false,,remote,full_time,senior,,,,simplify,https://simplify.jobs/p/7d4431a4-b20b-4bf9-874e-d8ad4e8350f6,,simplify,"[{""site"": ""simplify"", ""url"": ""https://simplify.jobs/p/7d4431a4-b20b-4bf9-874e-d8ad4e8350f6""}]",[],[],"{""location"": [""Remote; Remote in USA""]}",{},"{""location"": ""array_field""}",{}
https://simplify.jobs/p/79ae382d-8a55-4bde-9e96-0eeaa2a261f9,Staff Software Engineer - Front End,Google,"Hyderabad, Telangana, India",,,,,,2026-10-01T14:27:01+00:00,2026-10-01T14:25:36+00:00,false,,onsite,full_time,senior,,,,simplify,https://simplify.jobs/p/79ae382d-8a55-4bde-9e96-0eeaa2a261f9,,simplify,"[{""site"": ""simplify"", ""url"": ""https://simplify.jobs/p/79ae382d-8a55-4bde-9e96-0eeaa2a261f9""}]",[],[],"{""location"": [""Hyderabad, Telangana, India""]}",{},"{""location"": ""array_field""}",{}
https://simplify.jobs/p/735944a4-6b04-4e38-9a23-dc9c7db84a42,Front End Java Engineer - Backbone JS,Jobsbridge,"San Francisco, CA, USA",,,,,,2026-09-03T17:55:03+00:00,2026-02-24T07:20:32+00:00,false,,onsite,full_time,senior,,,,simplify,https://simplify.jobs/p/735944a4-6b04-4e38-9a23-dc9c7db84a42,,simplify,"[{""site"": ""simplify"", ""url"": ""https://simplify.jobs/p/735944a4-6b04-4e38-9a23-dc9c7db84a42""}]",[],[],"{""location"": [""San Francisco, CA, USA""]}",{},"{""location"": ""array_field""}",{}
https://simplify.jobs/p/c5119384-e2ea-49d2-986c-e25cd4f6033a,Front End Developer - React/Vue,TC Transcontinental,"Mississauga, ON, Canada",100000.0,110000.0,CAD,,,2026-09-04T12:54:01+00:00,2026-08-26T13:41:25+00:00,false,,hybrid,full_time,senior,,,,simplify,https://simplify.jobs/p/c5119384-e2ea-49d2-986c-e25cd4f6033a,,simplify,"[{""site"": ""simplify"", ""url"": ""https://simplify.jobs/p/c5119384-e2ea-49d2-986c-e25cd4f6033a""}]",[],[],"{""location"": [""Mississauga, ON, Canada""]}",{},"{""location"": ""array_field""}",{}
https://simplify.jobs/p/43f1ae72-bf67-4cb4-9f8b-cfeb2895490b,Front End Developer,Helios WorldWide,Remote; Remote in USA,,,,,,2026-09-04T10:30:02+00:00,2026-08-03T06:11:49+00:00,false,,remote,full_time,senior,,,,simplify,https://simplify.jobs/p/43f1ae72-bf67-4cb4-9f8b-cfeb2895490b,,simplify,"[{""site"": ""simplify"", ""url"": ""https://simplify.jobs/p/43f1ae72-bf67-4cb4-9f8b-cfeb2895490b""}]",[],[],"{""location"": [""Remote; Remote in USA""]}",{},"{""location"": ""array_field""}",{}
https://simplify.jobs/p/397f7493-9c58-41fc-882a-8a7c733144de,Front End Developer - React,Pelmorex,"Oakville, ON, Canada",,,,,,2026-09-22T22:33:01+00:00,2026-09-22T22:18:12+00:00,false,,hybrid,contract,mid,,,,simplify,https://simplify.jobs/p/397f7493-9c58-41fc-882a-8a7c733144de,,simplify,"[{""site"": ""simplify"", ""url"": ""https://simplify.jobs/p/397f7493-9c58-41fc-882a-8a7c733144de""}]",[],[],"{""location"": [""Oakville, ON, Canada""]}",{},"{""location"": ""array_field""}",{}
https://simplify.jobs/p/12c49edf-e2f8-43d9-aa8b-18dff77d0a77,Front End Developer Associate,PricewaterhouseCoopers (PwC),"Bengaluru, Karnataka, India",,,,,,2026-09-04T12:21:02+00:00,2026-08-20T00:00:00+00:00,false,,onsite,full_time,junior,,,,simplify,https://simplify.jobs/p/12c49edf-e2f8-43d9-aa8b-18dff77d0a77,,simplify,"[{""site"": ""simplify"", ""url"": ""https://simplify.jobs/p/12c49edf-e2f8-43d9-aa8b-18dff77d0a77""}]",[],[],"{""location"": [""Bengaluru, Karnataka, India""]}",{},"{""location"": ""array_field""}",{}
https://simplify.jobs/p/58506350-d27d-42b1-9a55-682a82b00563,Senior Software Engineer 2 - Front End,Walgreens,"Deerfield, IL, USA",100000.0,175000.0,USD,,,2026-09-16T09:31:45+00:00,2026-08-03T02:03:05+00:00,false,,hybrid,full_time,mid | senior,,,,simplify,https://simplify.jobs/p/58506350-d27d-42b1-9a55-682a82b00563,,simplify,"[{""site"": ""simplify"", ""url"": ""https://simplify.jobs/p/58506350-d27d-42b1-9a55-682a82b00563""}]",[],[],"{""location"": [""Deerfield, IL, USA""]}",{},"{""location"": ""array_field""}",{}
https://simplify.jobs/p/8940b790-e431-4736-9536-310b198948f3,Front End Contentful CMS Developer,BayRock Labs,"Remote; Newark, CA, USA",85.0,95.0,USD,,,2026-02-02T23:20:00+00:00,2026-02-02T23:20:00+00:00,false,,remote,full_time,senior,,,,simplify,https://simplify.jobs/p/8940b790-e431-4736-9536-310b198948f3,,simplify,"[{""site"": ""simplify"", ""url"": ""https://simplify.jobs/p/8940b790-e431-4736-9536-310b198948f3""}]",[],[],"{""location"": [""Remote; Newark, CA, USA""]}",{},"{""location"": ""array_field""}",{}
https://simplify.jobs/p/c57eedee-e197-442a-a38b-93f7b5ba0096,Front End Developer / Compliance Specialist - Section 508 Accessibility Compliance,Booker DiMaio,"Annapolis Junction, MD, USA",,,,,,2026-09-04T10:54:01+00:00,2026-08-14T03:50:44+00:00,false,,hybrid,full_time,mid,,,,simplify,https://simplify.jobs/p/c57eedee-e197-442a-a38b-93f7b5ba0096,,simplify,"[{""site"": ""simplify"", ""url"": ""https://simplify.jobs/p/c57eedee-e197-442a-a38b-93f7b5ba0096""}]",[],[],"{""location"": [""Annapolis Junction, MD, USA""]}",{},"{""location"": ""array_field""}",{}
https://simplify.jobs/p/3faf4abc-824c-4827-a68e-bc89ae1d191a,Senior Email Front End Developer,Verizon Communications,"Alpharetta, GA, USA; Irving, TX, USA; Basking Ridge, Bernards, NJ, USA",120500.0,231000.0,USD,,,2026-09-04T22:18:02+00:00,2026-09-04T00:00:00+00:00,false,,hybrid,full_time,senior,,,,simplify,https://simplify.jobs/p/3faf4abc-824c-4827-a68e-bc89ae1d191a,,simplify,"[{""site"": ""simplify"", ""url"": ""https://simplify.jobs/p/3faf4abc-824c-4827-a68e-bc89ae1d191a""}]",[],[],"{""location"": [""Alpharetta, GA, USA; Irving, TX, USA; Basking Ridge, Bernards, NJ, USA""]}",{},"{""location"": ""array_field""}",{}
https://simplify.jobs/p/8e0652f8-a3c1-448e-9815-c599449a65cc,Lead Front End Engineer - Adobe Edge Delivery Services,Blue Acorn iCi,Remote; Remote in USA,150000.0,180000.0,USD,,,2026-09-03T23:39:21+00:00,2026-08-05T22:16:54+00:00,false,,remote,full_time,mid,,,,simplify,https://simplify.jobs/p/8e0652f8-a3c1-448e-9815-c599449a65cc,,simplify,"[{""site"": ""simplify"", ""url"": ""https://simplify.jobs/p/8e0652f8-a3c1-448e-9815-c599449a65cc""}]",[],[],"{""location"": [""Remote; Remote in USA""]}",{},"{""location"": ""array_field""}",{}
https://simplify.jobs/p/99de13db-567e-4df8-b71c-95e723fe6de3,Front End Developer,Steampunk,"McLean, VA, USA",85000.0,170000.0,USD,,,2026-09-24T22:18:01+00:00,2026-09-24T22:03:09+00:00,false,,onsite,full_time,mid | senior,,,,simplify,https://simplify.jobs/p/99de13db-567e-4df8-b71c-95e723fe6de3,,simplify,"[{""site"": ""simplify"", ""url"": ""https://simplify.jobs/p/99de13db-567e-4df8-b71c-95e723fe6de3""}]",[],[],"{""location"": [""McLean, VA, USA""]}",{},"{""location"": ""array_field""}",{}
https://simplify.jobs/p/91556736-7736-466b-a324-2c14bb59f5eb,Java Front End UI Developer / Lead / Architect,Implify,"Bothell, WA, USA; Atlanta, GA, USA; Richardson, TX, USA",,,,,,2026-09-03T17:45:23+00:00,2026-06-03T14:04:11+00:00,false,,onsite,full_time,,,,,simplify,https://simplify.jobs/p/91556736-7736-466b-a324-2c14bb59f5eb,,simplify,"[{""site"": ""simplify"", ""url"": ""https://simplify.jobs/p/91556736-7736-466b-a324-2c14bb59f5eb""}]",[],[],"{""location"": [""Bothell, WA, USA; Atlanta, GA, USA; Richardson, TX, USA""]}",{},"{""location"": ""array_field""}",{}
https://simplify.jobs/p/f73c842d-a1b3-4751-ad05-71473e181bbe,Front End Software Developer,CACI,"Sterling, VA, USA; Denver, CO, USA; Sarasota, FL, USA",82100.0,172400.0,USD,,,2026-09-04T01:03:21+00:00,2026-08-07T00:00:00+00:00,false,,onsite,full_time,senior,,,,simplify,https://simplify.jobs/p/f73c842d-a1b3-4751-ad05-71473e181bbe,,simplify,"[{""site"": ""simplify"", ""url"": ""https://simplify.jobs/p/f73c842d-a1b3-4751-ad05-71473e181bbe""}]",[],[],"{""location"": [""Sterling, VA, USA; Denver, CO, USA; Sarasota, FL, USA""]}",{},"{""location"": ""array_field""}",{}
https://simplify.jobs/p/9dfe6d28-68c5-40f9-abde-747e9bf84ad6,Software Engineer 2 - Front End - Google Cloud,Google,"Pune, Maharashtra, India",,,,,,2026-09-29T17:27:02+00:00,2026-09-29T14:17:19+00:00,false,,onsite,full_time,junior,,,,simplify,https://simplify.jobs/p/9dfe6d28-68c5-40f9-abde-747e9bf84ad6,,simplify,"[{""site"": ""simplify"", ""url"": ""https://simplify.jobs/p/9dfe6d28-68c5-40f9-abde-747e9bf84ad6""}]",[],[],"{""location"": [""Pune, Maharashtra, India""]}",{},"{""location"": ""array_field""}",{}
https://simplify.jobs/p/86c04743-b4e2-4f1d-8e61-912a802becb7,Front End Developer,Atria Group,"Carmel, IN, USA",,,,,,2026-09-04T07:24:02+00:00,2026-02-19T07:12:04+00:00,false,,onsite,full_time,mid,,,,simplify,https://simplify.jobs/p/86c04743-b4e2-4f1d-8e61-912a802becb7,,simplify,"[{""site"": ""simplify"", ""url"": ""https://simplify.jobs/p/86c04743-b4e2-4f1d-8e61-912a802becb7""}]",[],[],"{""location"": [""Carmel, IN, USA""]}",{},"{""location"": ""array_field""}",{}
https://simplify.jobs/p/37377271-d269-49d5-afa9-798290512cee,Staff Full Stack Software Engineer - Frontend-Focused,Axon,"Boston, MA, USA",168750.0,270000.0,USD,,,2026-10-02T14:18:12+00:00,2026-06-24T22:10:04+00:00,false,,hybrid,full_time,senior,,,,simplify,https://simplify.jobs/p/37377271-d269-49d5-afa9-798290512cee,,simplify,"[{""site"": ""simplify"", ""url"": ""https://simplify.jobs/p/37377271-d269-49d5-afa9-798290512cee""}]",[],[],"{""location"": [""Boston, MA, USA""]}",{},"{""location"": ""array_field""}",{}
https://simplify.jobs/p/312cf000-6a77-4acc-8334-1fbe5fb4bf85,Software Engineer - Front End/Automation Tools,Miovision,"Pittsburgh, PA, USA",,,,,,2026-09-03T15:24:12+00:00,2026-08-18T01:15:17+00:00,false,,onsite,full_time,senior,,,,simplify,https://simplify.jobs/p/312cf000-6a77-4acc-8334-1fbe5fb4bf85,,simplify,"[{""site"": ""simplify"", ""url"": ""https://simplify.jobs/p/312cf000-6a77-4acc-8334-1fbe5fb4bf85""}]",[],[],"{""location"": [""Pittsburgh, PA, USA""]}",{},"{""location"": ""array_field""}",{}
https://simplify.jobs/p/c8b985e2-a665-4a45-87a0-2f52a957a5e1,Front End Angular JS Developer,Jobsbridge,"Englewood, CO, USA",,,,,,2026-09-03T17:55:06+00:00,2026-02-24T07:20:56+00:00,false,,onsite,full_time,senior,,,,simplify,https://simplify.jobs/p/c8b985e2-a665-4a45-87a0-2f52a957a5e1,,simplify,"[{""site"": ""simplify"", ""url"": ""https://simplify.jobs/p/c8b985e2-a665-4a45-87a0-2f52a957a5e1""}]",[],[],"{""location"": [""Englewood, CO, USA""]}",{},"{""location"": ""array_field""}",{}
https://simplify.jobs/p/116c4604-5f5a-41f9-93bd-e91456a11c16,Senior Front End Developer - Application Programmer,Sensiple,"Charlotte, NC, USA",,,,,,2026-09-04T07:24:02+00:00,2026-02-23T07:06:07+00:00,false,,onsite,full_time,senior,,,,simplify,https://simplify.jobs/p/116c4604-5f5a-41f9-93bd-e91456a11c16,,simplify,"[{""site"": ""simplify"", ""url"": ""https://simplify.jobs/p/116c4604-5f5a-41f9-93bd-e91456a11c16""}]",[],[],"{""location"": [""Charlotte, NC, USA""]}",{},"{""location"": ""array_field""}",{}
https://simplify.jobs/p/0ba3cff4-2e88-4338-b25e-ba2567cd8f50,Lead Front End Software Engineer,Techstra Solutions,"Birmingham, AL, USA",,,,,,2026-09-18T22:33:01+00:00,2026-09-18T22:23:03+00:00,false,,onsite,full_time,senior,,,,simplify,https://simplify.jobs/p/0ba3cff4-2e88-4338-b25e-ba2567cd8f50,,simplify,"[{""site"": ""simplify"", ""url"": ""https://simplify.jobs/p/0ba3cff4-2e88-4338-b25e-ba2567cd8f50""}]",[],[],"{""location"": [""Birmingham, AL, USA""]}",{},"{""location"": ""array_field""}",{}
https://simplify.jobs/p/cad2be63-7782-44ae-8e00-761dd7290203,Junior Front End Developer,Black Box,"Mumbai, Maharashtra, India",,,,,,2026-03-17T06:10:05+00:00,2026-03-17T06:10:05+00:00,false,,onsite,full_time,junior,,,,simplify,https://simplify.jobs/p/cad2be63-7782-44ae-8e00-761dd7290203,,simplify,"[{""site"": ""simplify"", ""url"": ""https://simplify.jobs/p/cad2be63-7782-44ae-8e00-761dd7290203""}]",[],[],"{""location"": [""Mumbai, Maharashtra, India""]}",{},"{""location"": ""array_field""}",{}
https://simplify.jobs/p/aa2d53c5-23d2-4d9a-9a4c-08da1cf138c4,UI/UX Front End Developer Junior Level,Jobsbridge,"San Diego, CA, USA",,,,,,2026-09-04T07:24:02+00:00,2026-02-24T07:18:35+00:00,false,,onsite,full_time,junior | mid,,,,simplify,https://simplify.jobs/p/aa2d53c5-23d2-4d9a-9a4c-08da1cf138c4,,simplify,"[{""site"": ""simplify"", ""url"": ""https://simplify.jobs/p/aa2d53c5-23d2-4d9a-9a4c-08da1cf138c4""}]",[],[],"{""location"": [""San Diego, CA, USA""]}",{},"{""location"": ""array_field""}",{}
https://simplify.jobs/p/21f04966-aa99-4130-8d1c-ab7023a52ec5,Front End Developer,Jobsbridge,"Sunnyvale, CA, USA",,,,,,2026-09-04T07:24:02+00:00,2026-02-24T07:21:18+00:00,false,,onsite,full_time,mid,,,,simplify,https://simplify.jobs/p/21f04966-aa99-4130-8d1c-ab7023a52ec5,,simplify,"[{""site"": ""simplify"", ""url"": ""https://simplify.jobs/p/21f04966-aa99-4130-8d1c-ab7023a52ec5""}]",[],[],"{""location"": [""Sunnyvale, CA, USA""]}",{},"{""location"": ""array_field""}",{}
https://simplify.jobs/p/fe148996-f126-4541-99c0-2839697416fd,Front End AI Engineer,Outmarket AI,Remote; Remote in India; Remote in USA,,,,,,2026-09-03T19:06:23+00:00,2026-06-26T22:08:00+00:00,false,,remote,full_time,junior,,,,simplify,https://simplify.jobs/p/fe148996-f126-4541-99c0-2839697416fd,,simplify,"[{""site"": ""simplify"", ""url"": ""https://simplify.jobs/p/fe148996-f126-4541-99c0-2839697416fd""}]",[],[],"{""location"": [""Remote; Remote in India; Remote in USA""]}",{},"{""location"": ""array_field""}",{}
https://simplify.jobs/p/495382fa-accf-4fae-b2b8-ad76d864bb68,Front End Engineer - Retail - Marcom,Apple,"Sunnyvale, CA, USA",,,,,,2026-09-25T01:09:09+00:00,2026-09-25T01:06:44+00:00,false,,onsite,full_time,mid,,,,simplify,https://simplify.jobs/p/495382fa-accf-4fae-b2b8-ad76d864bb68,,simplify,"[{""site"": ""simplify"", ""url"": ""https://simplify.jobs/p/495382fa-accf-4fae-b2b8-ad76d864bb68""}]",[],[],"{""location"": [""Sunnyvale, CA, USA""]}",{},"{""location"": ""array_field""}",{}
https://simplify.jobs/p/0e2b9810-e7fd-45d4-b1e2-0001e116f523,Front End Software Engineer,Candid Health,"New York, USA; Denver, CO, USA",150000.0,200000.0,USD,,,2026-09-03T17:09:30+00:00,2026-06-16T19:42:15+00:00,false,,onsite,full_time,mid,,,,simplify,https://simplify.jobs/p/0e2b9810-e7fd-45d4-b1e2-0001e116f523,,simplify,"[{""site"": ""simplify"", ""url"": ""https://simplify.jobs/p/0e2b9810-e7fd-45d4-b1e2-0001e116f523""}]",[],[],"{""location"": [""New York, USA; Denver, CO, USA""]}",{},"{""location"": ""array_field""}",{}
https://simplify.jobs/p/cf32b733-bf9e-4c9d-ab7b-17d55d3e39d6,Software Engineer - Front End,Edra,"New York, NY, USA",200000.0,300000.0,USD,,,2026-09-03T16:57:18+00:00,2026-07-28T22:21:22+00:00,false,,onsite,full_time,mid,,,,simplify,https://simplify.jobs/p/cf32b733-bf9e-4c9d-ab7b-17d55d3e39d6,,simplify,"[{""site"": ""simplify"", ""url"": ""https://simplify.jobs/p/cf32b733-bf9e-4c9d-ab7b-17d55d3e39d6""}]",[],[],"{""location"": [""New York, NY, USA""]}",{},"{""location"": ""array_field""}",{}
https://simplify.jobs/p/1c0fb4f0-4eb3-40b9-b027-2a39633d8a6c,Front End Design Engineer,Seamflow,"London, UK",,,,,,2026-09-17T22:36:03+00:00,2026-09-17T22:20:09+00:00,false,,onsite,full_time,mid,,,,simplify,https://simplify.jobs/p/1c0fb4f0-4eb3-40b9-b027-2a39633d8a6c,,simplify,"[{""site"": ""simplify"", ""url"": ""https://simplify.jobs/p/1c0fb4f0-4eb3-40b9-b027-2a39633d8a6c""}]",[],[],"{""location"": [""London, UK""]}",{},"{""location"": ""array_field""}",{}
https://simplify.jobs/p/219eb981-a8d7-4869-8d3b-9d0513ced3c6,Front End Software Engineer,GliaCell Technologies,"Columbia, MD, USA",170000.0,260000.0,USD,,,2026-09-03T21:39:22+00:00,2026-08-03T06:11:40+00:00,false,,onsite,full_time,,,,,simplify,https://simplify.jobs/p/219eb981-a8d7-4869-8d3b-9d0513ced3c6,,simplify,"[{""site"": ""simplify"", ""url"": ""https://simplify.jobs/p/219eb981-a8d7-4869-8d3b-9d0513ced3c6""}]",[],[],"{""location"": [""Columbia, MD, USA""]}",{},"{""location"": ""array_field""}",{}
https://simplify.jobs/p/57a501a3-a16d-4d26-ad73-287235d073fc,Front End Web Developer - React.js/ Angular.js exp,Infojini,"Woodlawn, MD, USA",,,,,,2026-09-04T07:36:01+00:00,2026-03-27T01:09:20+00:00,false,,onsite,full_time,mid,,,,simplify,https://simplify.jobs/p/57a501a3-a16d-4d26-ad73-287235d073fc,,simplify,"[{""site"": ""simplify"", ""url"": ""https://simplify.jobs/p/57a501a3-a16d-4d26-ad73-287235d073fc""}]",[],[],"{""location"": [""Woodlawn, MD, USA""]}",{},"{""location"": ""array_field""}",{}
https://simplify.jobs/p/0fc687e1-a34d-4b45-ae01-4d4e7c0b6294,Software Engineer - Front End,Edra,"London, UK",,,,,,2026-09-03T19:51:22+00:00,2026-07-21T01:13:23+00:00,false,,onsite,full_time,mid,,,,simplify,https://simplify.jobs/p/0fc687e1-a34d-4b45-ae01-4d4e7c0b6294,,simplify,"[{""site"": ""simplify"", ""url"": ""https://simplify.jobs/p/0fc687e1-a34d-4b45-ae01-4d4e7c0b6294""}]",[],[],"{""location"": [""London, UK""]}",{},"{""location"": ""array_field""}",{}
https://simplify.jobs/p/f2f29a8f-b4e8-4550-8afb-b2caf3d43daa,Front End Developer,Lingaro,Remote; Remote in India,,,,,,2026-09-29T10:42:01+00:00,2026-08-01T01:09:32+00:00,false,,remote,full_time,senior,,,,simplify,https://simplify.jobs/p/f2f29a8f-b4e8-4550-8afb-b2caf3d43daa,,simplify,"[{""site"": ""simplify"", ""url"": ""https://simplify.jobs/p/f2f29a8f-b4e8-4550-8afb-b2caf3d43daa""}]",[],[],"{""location"": [""Remote; Remote in India""]}",{},"{""location"": ""array_field""}",{}
https://simplify.jobs/p/452c607b-c2a8-4bee-8e65-237fd446b21a,Front End Developer,Varsity Brands,"Remote; Kansas, USA; Texas, USA; Indiana, USA",,,,,,2026-09-25T22:33:01+00:00,2026-09-25T22:20:01+00:00,false,,remote,full_time,,,,,simplify,https://simplify.jobs/p/452c607b-c2a8-4bee-8e65-237fd446b21a,,simplify,"[{""site"": ""simplify"", ""url"": ""https://simplify.jobs/p/452c607b-c2a8-4bee-8e65-237fd446b21a""}]",[],[],"{""location"": [""Remote; Kansas, USA; Texas, USA; Indiana, USA""]}",{},"{""location"": ""array_field""}",{}
https://simplify.jobs/p/5fbedcee-648f-4c6b-a121-cb66300aa08c,Front End Developer,The Altip Group,"Washington, DC, USA",,,,,,2026-09-04T07:24:02+00:00,2026-02-27T07:08:11+00:00,false,,onsite,full_time,mid,,,,simplify,https://simplify.jobs/p/5fbedcee-648f-4c6b-a121-cb66300aa08c,,simplify,"[{""site"": ""simplify"", ""url"": ""https://simplify.jobs/p/5fbedcee-648f-4c6b-a121-cb66300aa08c""}]",[],[],"{""location"": [""Washington, DC, USA""]}",{},"{""location"": ""array_field""}",{}
https://simplify.jobs/p/14ba5a39-726b-4d16-a4e8-caf3b484db49,Front End Software Engineer,Booz Allen,"Chantilly, VA, USA",55200.0,126000.0,USD,,,2026-09-04T01:30:21+00:00,2026-08-10T00:00:00+00:00,false,,onsite,full_time,junior,,,,simplify,https://simplify.jobs/p/14ba5a39-726b-4d16-a4e8-caf3b484db49,,simplify,"[{""site"": ""simplify"", ""url"": ""https://simplify.jobs/p/14ba5a39-726b-4d16-a4e8-caf3b484db49""}]",[],[],"{""location"": [""Chantilly, VA, USA""]}",{},"{""location"": ""array_field""}",{}
https://simplify.jobs/p/77dcb54e-d4e6-41cd-aeb8-298c509f5ec3,Senior Front End Design Engineer,Salesforce,"San Francisco, CA, USA",148500.0,246000.0,USD,,,2026-10-02T15:18:35+00:00,2026-09-22T00:00:00+00:00,false,,hybrid,full_time,mid,,,,simplify,https://simplify.jobs/p/77dcb54e-d4e6-41cd-aeb8-298c509f5ec3,,simplify,"[{""site"": ""simplify"", ""url"": ""https://simplify.jobs/p/77dcb54e-d4e6-41cd-aeb8-298c509f5ec3""}]",[],[],"{""location"": [""San Francisco, CA, USA""]}",{},"{""location"": ""array_field""}",{}
https://simplify.jobs/p/5da29201-836e-49fb-a3b9-31e75b36f48f,Front End Developer,iFLIP4,"Remote; East Hanover, NJ, USA",,,,,,2026-09-04T12:00:01+00:00,2026-08-18T01:11:38+00:00,false,,remote,full_time,junior,,,,simplify,https://simplify.jobs/p/5da29201-836e-49fb-a3b9-31e75b36f48f,,simplify,"[{""site"": ""simplify"", ""url"": ""https://simplify.jobs/p/5da29201-836e-49fb-a3b9-31e75b36f48f""}]",[],[],"{""location"": [""Remote; East Hanover, NJ, USA""]}",{},"{""location"": ""array_field""}",{}
https://simplify.jobs/p/0fd44e25-8133-464c-906f-a0313021e345,Senior Front End Engineer,IonQ,"Santa Clara, CA, USA",124000.0,186000.0,USD,,,2026-09-29T22:12:05+00:00,2026-09-29T22:10:28+00:00,false,,hybrid,full_time,senior,,,,simplify,https://simplify.jobs/p/0fd44e25-8133-464c-906f-a0313021e345,,simplify,"[{""site"": ""simplify"", ""url"": ""https://simplify.jobs/p/0fd44e25-8133-464c-906f-a0313021e345""}]",[],[],"{""location"": [""Santa Clara, CA, USA""]}",{},"{""location"": ""array_field""}",{}
https://simplify.jobs/p/c45141ed-0bac-4603-abe5-7cf821c53cf0,Junior UI/UX Front End Developer,Jobsbridge,"San Francisco, CA, USA",,,,,,2026-09-04T07:24:02+00:00,2026-02-24T07:18:33+00:00,false,,onsite,full_time,junior,,,,simplify,https://simplify.jobs/p/c45141ed-0bac-4603-abe5-7cf821c53cf0,,simplify,"[{""site"": ""simplify"", ""url"": ""https://simplify.jobs/p/c45141ed-0bac-4603-abe5-7cf821c53cf0""}]",[],[],"{""location"": [""San Francisco, CA, USA""]}",{},"{""location"": ""array_field""}",{}
https://simplify.jobs/p/7f04cfc8-2aba-441c-8956-12dfc9db85b4,Front End Developer,Saxon Global,"Paterson, NJ, USA",,,,,,2026-09-04T07:24:02+00:00,2026-02-26T07:16:46+00:00,false,,onsite,full_time,senior,,,,simplify,https://simplify.jobs/p/7f04cfc8-2aba-441c-8956-12dfc9db85b4,,simplify,"[{""site"": ""simplify"", ""url"": ""https://simplify.jobs/p/7f04cfc8-2aba-441c-8956-12dfc9db85b4""}]",[],[],"{""location"": [""Paterson, NJ, USA""]}",{},"{""location"": ""array_field""}",{}
https://simplify.jobs/p/644579ca-43aa-4b7f-a056-68832e4f7a5a,UI Developer / Front End Engineer,Jobsbridge,"Englewood, CO, USA",,,,,,2026-09-04T07:24:02+00:00,2026-02-24T07:20:38+00:00,false,,onsite,full_time,senior,,,,simplify,https://simplify.jobs/p/644579ca-43aa-4b7f-a056-68832e4f7a5a,,simplify,"[{""site"": ""simplify"", ""url"": ""https://simplify.jobs/p/644579ca-43aa-4b7f-a056-68832e4f7a5a""}]",[],[],"{""location"": [""Englewood, CO, USA""]}",{},"{""location"": ""array_field""}",{}
https://simplify.jobs/p/dbbe86e4-353f-4642-8886-28aac000d229,Front End Developer - .NET,Jobsbridge,"Sunnyvale, CA, USA",,,,,,2026-09-04T07:24:02+00:00,2026-02-24T07:18:18+00:00,false,,onsite,full_time,mid,,,,simplify,https://simplify.jobs/p/dbbe86e4-353f-4642-8886-28aac000d229,,simplify,"[{""site"": ""simplify"", ""url"": ""https://simplify.jobs/p/dbbe86e4-353f-4642-8886-28aac000d229""}]",[],[],"{""location"": [""Sunnyvale, CA, USA""]}",{},"{""location"": ""array_field""}",{}
https://simplify.jobs/p/4cca7b3c-6656-40ec-9da9-c0cda8039cf0,Junior Front End Developer,Jobsbridge,"Orlando, FL, USA",,,,,,2026-09-04T07:24:02+00:00,2026-02-24T07:20:19+00:00,false,,onsite,full_time,junior,,,,simplify,https://simplify.jobs/p/4cca7b3c-6656-40ec-9da9-c0cda8039cf0,,simplify,"[{""site"": ""simplify"", ""url"": ""https://simplify.jobs/p/4cca7b3c-6656-40ec-9da9-c0cda8039cf0""}]",[],[],"{""location"": [""Orlando, FL, USA""]}",{},"{""location"": ""array_field""}",{}
https://simplify.jobs/p/e143ef2b-dd4c-4945-b1c6-1da953fee110,Senior Front End Software Engineer - Autofill,Bitwarden,Remote; Remote in USA,140000.0,200000.0,USD,,,2026-09-30T10:36:03+00:00,2026-09-25T14:34:49+00:00,false,,remote,full_time,senior,,,,simplify,https://simplify.jobs/p/e143ef2b-dd4c-4945-b1c6-1da953fee110,,simplify,"[{""site"": ""simplify"", ""url"": ""https://simplify.jobs/p/e143ef2b-dd4c-4945-b1c6-1da953fee110""}]",[],[],"{""location"": [""Remote; Remote in USA""]}",{},"{""location"": ""array_field""}",{}
https://simplify.jobs/p/f48c3ec7-2c58-454e-b6dd-7f6709a98d2d,Front End Developer,Jobsbridge,"Boston, MA, USA",,,,,,2026-09-04T07:24:02+00:00,2026-02-24T07:20:12+00:00,false,,onsite,full_time,mid,,,,simplify,https://simplify.jobs/p/f48c3ec7-2c58-454e-b6dd-7f6709a98d2d,,simplify,"[{""site"": ""simplify"", ""url"": ""https://simplify.jobs/p/f48c3ec7-2c58-454e-b6dd-7f6709a98d2d""}]",[],[],"{""location"": [""Boston, MA, USA""]}",{},"{""location"": ""array_field""}",{}
https://simplify.jobs/p/5c930b22-a332-4aa0-a7b6-7470bc6bd9f4,Senior Front End Engineer,Gametime,Remote; Remote in USA,170925.0,240000.0,USD,,,2026-09-30T22:18:38+00:00,2026-06-18T22:12:09+00:00,false,,remote,full_time,senior,,,,simplify,https://simplify.jobs/p/5c930b22-a332-4aa0-a7b6-7470bc6bd9f4,,simplify,"[{""site"": ""simplify"", ""url"": ""https://simplify.jobs/p/5c930b22-a332-4aa0-a7b6-7470bc6bd9f4""}]",[],[],"{""location"": [""Remote; Remote in USA""]}",{},"{""location"": ""array_field""}",{}
https://simplify.jobs/p/a1f5ec89-cd61-4993-8ef8-96649dfb522d,Front End Software Developer 2,LMI Technologies,"Burnaby, BC, Canada",93000.0,139000.0,CAD,,,2026-09-03T05:27:07+00:00,2026-08-29T00:41:03+00:00,false,,hybrid,full_time,senior,,,,simplify,https://simplify.jobs/p/a1f5ec89-cd61-4993-8ef8-96649dfb522d,,simplify,"[{""site"": ""simplify"", ""url"": ""https://simplify.jobs/p/a1f5ec89-cd61-4993-8ef8-96649dfb522d""}]",[],[],"{""location"": [""Burnaby, BC, Canada""]}",{},"{""location"": ""array_field""}",{}
https://simplify.jobs/p/de4d1cfa-3abf-4fe7-9988-d98b2172af54,Front End .NET Developer,Atria Group,"Dallas, TX, USA",,,,,,2026-09-04T07:24:02+00:00,2026-02-19T07:12:29+00:00,false,,onsite,full_time,senior,,,,simplify,https://simplify.jobs/p/de4d1cfa-3abf-4fe7-9988-d98b2172af54,,simplify,"[{""site"": ""simplify"", ""url"": ""https://simplify.jobs/p/de4d1cfa-3abf-4fe7-9988-d98b2172af54""}]",[],[],"{""location"": [""Dallas, TX, USA""]}",{},"{""location"": ""array_field""}",{}
https://simplify.jobs/p/e3e42d59-0ba1-4c16-b008-42dd67022b86,Senior Front End Developer,Futurex,"Bulverde, TX, USA",,,,,,2026-09-04T01:18:24+00:00,2026-08-08T01:17:25+00:00,false,,onsite,full_time,senior,,,,simplify,https://simplify.jobs/p/e3e42d59-0ba1-4c16-b008-42dd67022b86,,simplify,"[{""site"": ""simplify"", ""url"": ""https://simplify.jobs/p/e3e42d59-0ba1-4c16-b008-42dd67022b86""}]",[],[],"{""location"": [""Bulverde, TX, USA""]}",{},"{""location"": ""array_field""}",{}
https://simplify.jobs/p/7e23739a-c321-45c9-aa2e-33b1cb285ace,Front End Developer - GC/Citizen,Jobsbridge,"San Francisco, CA, USA",,,,,,2026-09-04T07:24:02+00:00,2026-02-24T07:19:48+00:00,false,,onsite,full_time,senior,,,,simplify,https://simplify.jobs/p/7e23739a-c321-45c9-aa2e-33b1cb285ace,,simplify,"[{""site"": ""simplify"", ""url"": ""https://simplify.jobs/p/7e23739a-c321-45c9-aa2e-33b1cb285ace""}]",[],[],"{""location"": [""San Francisco, CA, USA""]}",{},"{""location"": ""array_field""}",{}
https://simplify.jobs/p/5fb1e304-15c6-45a0-8785-d0236e599660,Senior Software Engineer 2 - Front End - Apex Platform,AXS,"Scottsdale, AZ, USA",119978.1,135000.0,USD,,,2026-09-03T20:33:22+00:00,2026-07-30T22:35:27+00:00,false,,onsite,full_time,,,,,simplify,https://simplify.jobs/p/5fb1e304-15c6-45a0-8785-d0236e599660,,simplify,"[{""site"": ""simplify"", ""url"": ""https://simplify.jobs/p/5fb1e304-15c6-45a0-8785-d0236e599660""}]",[],[],"{""location"": [""Scottsdale, AZ, USA""]}",{},"{""location"": ""array_field""}",{}
https://simplify.jobs/p/f4a0c78b-c94e-4854-84ae-900c2b3a2468,Jive Front End Developer,BCforward,"Sunnyvale, CA, USA",,,,,,2026-09-04T07:24:02+00:00,2026-02-19T07:04:28+00:00,false,,onsite,full_time,mid,,,,simplify,https://simplify.jobs/p/f4a0c78b-c94e-4854-84ae-900c2b3a2468,,simplify,"[{""site"": ""simplify"", ""url"": ""https://simplify.jobs/p/f4a0c78b-c94e-4854-84ae-900c2b3a2468""}]",[],[],"{""location"": [""Sunnyvale, CA, USA""]}",{},"{""location"": ""array_field""}",{}
https://simplify.jobs/p/dcbd1a6c-7882-41a1-abe5-2bf3b9cdda84,Staff Front End Engineer - AI Product UX,HomeVision,"San Francisco, CA, USA",,,,,,2026-09-04T08:15:01+00:00,2026-06-13T22:07:57+00:00,false,,hybrid,full_time,senior,,,,simplify,https://simplify.jobs/p/dcbd1a6c-7882-41a1-abe5-2bf3b9cdda84,,simplify,"[{""site"": ""simplify"", ""url"": ""https://simplify.jobs/p/dcbd1a6c-7882-41a1-abe5-2bf3b9cdda84""}]",[],[],"{""location"": [""San Francisco, CA, USA""]}",{},"{""location"": ""array_field""}",{}
https://simplify.jobs/p/566c4355-4643-421e-b09e-058d431c6e89,Front End / UI Engineer,Deutsche Bank,"Madrid, Spain",,,,,,2026-09-25T22:21:01+00:00,2026-09-25T00:00:00+00:00,false,,hybrid,full_time,senior,,,,simplify,https://simplify.jobs/p/566c4355-4643-421e-b09e-058d431c6e89,,simplify,"[{""site"": ""simplify"", ""url"": ""https://simplify.jobs/p/566c4355-4643-421e-b09e-058d431c6e89""}]",[],[],"{""location"": [""Madrid, Spain""]}",{},"{""location"": ""array_field""}",{}
https://simplify.jobs/p/d33ae8ed-8675-49be-a252-00c169e3ef39,Senior Staff Software Engineer - Front End,Intuit,"Remote; Oakland, CA, USA; Mountain View, CA, USA",220500.0,298500.0,USD,,,2026-09-23T01:25:41+00:00,2026-09-23T01:20:39+00:00,false,,remote,full_time,senior,,,,simplify,https://simplify.jobs/p/d33ae8ed-8675-49be-a252-00c169e3ef39,,simplify,"[{""site"": ""simplify"", ""url"": ""https://simplify.jobs/p/d33ae8ed-8675-49be-a252-00c169e3ef39""}]",[],[],"{""location"": [""Remote; Oakland, CA, USA; Mountain View, CA, USA""]}",{},"{""location"": ""array_field""}",{}
https://rolesweep.com/jobs/d6580b1fa6e41a8bf602b762a5152cc3-senior-frontend-software-engineer,Senior Frontend Software Engineer,Senior Frontend Software Engineer Seen 2d ago Atlassian,Canada | Remote,144900.0,189175.0,CAD,,"CA$144,900 - CA$189,175",,,,,remote,full_time,,,,,rolesweep,https://rolesweep.com/jobs/d6580b1fa6e41a8bf602b762a5152cc3-senior-frontend-software-engineer,,rolesweep,"[{""site"": ""rolesweep"", ""url"": ""https://rolesweep.com/jobs/d6580b1fa6e41a8bf602b762a5152cc3-senior-frontend-software-engineer""}]",[],[],"{""location"": [""Canada | Remote""]}",{},"{""location"": ""array_field""}",{}
https://rolesweep.com/jobs/179be319e8c2706212d96afa256613c7-software-engineer-frontend-respnsive-ex,Software Engineer FrontEnd Respnsive Ex,Software Engineer FrontEnd Respnsive Ex Seen 2d ago Softtek,Mexico,,,,,,,,,,hybrid,full_time,,,,,rolesweep,https://rolesweep.com/jobs/179be319e8c2706212d96afa256613c7-software-engineer-frontend-respnsive-ex,,rolesweep,"[{""site"": ""rolesweep"", ""url"": ""https://rolesweep.com/jobs/179be319e8c2706212d96afa256613c7-software-engineer-frontend-respnsive-ex""}]",[],[],"{""location"": [""Mexico""]}",{},"{""location"": ""array_field""}",{}
https://rolesweep.com/jobs/f20ccd916e86d2daa744d92e727ed887-software-engineer-frontend,Software Engineer (Frontend),Software Engineer (Frontend) Seen 2d ago NielsenIQ,"Pune, MH, India",,,,,,,,,,onsite,full_time,,,,,rolesweep,https://rolesweep.com/jobs/f20ccd916e86d2daa744d92e727ed887-software-engineer-frontend,,rolesweep,"[{""site"": ""rolesweep"", ""url"": ""https://rolesweep.com/jobs/f20ccd916e86d2daa744d92e727ed887-software-engineer-frontend""}]",[],[],"{""location"": [""Pune, MH, India""]}",{},"{""location"": ""array_field""}",{}
https://rolesweep.com/jobs/093548ec080bfa28fac51a5c35b175fc-lead-software-engineer-frontend-developer,Lead Software Engineer - Frontend Developer,Lead Software Engineer - Frontend Developer Seen 3d ago London Stock Exchange Group,"IND-Bengaluru-A, RMZ Infinity",,,,,,,,,,hybrid,full_time,,,,,rolesweep,https://rolesweep.com/jobs/093548ec080bfa28fac51a5c35b175fc-lead-software-engineer-frontend-developer,,rolesweep,"[{""site"": ""rolesweep"", ""url"": ""https://rolesweep.com/jobs/093548ec080bfa28fac51a5c35b175fc-lead-software-engineer-frontend-developer""}]",[],[],"{""location"": [""IND-Bengaluru-A, RMZ Infinity""]}",{},"{""location"": ""array_field""}",{}
https://rolesweep.com/jobs/f2c1b9764e37baad2972e1c3423a4af0-software-engineer-2-frontend,Software Engineer 2 (Frontend),Software Engineer 2 (Frontend) Seen 3d ago Microsoft,"India, Telangana, Hyderabad",,,,,,,,,,onsite,full_time,,,,,rolesweep,https://rolesweep.com/jobs/f2c1b9764e37baad2972e1c3423a4af0-software-engineer-2-frontend,,rolesweep,"[{""site"": ""rolesweep"", ""url"": ""https://rolesweep.com/jobs/f2c1b9764e37baad2972e1c3423a4af0-software-engineer-2-frontend""}]",[],[],"{""location"": [""India, Telangana, Hyderabad""]}",{},"{""location"": ""array_field""}",{}
https://rolesweep.com/jobs/8519aed98a2584f2cf648d4291b01158-data-engineer-frontend-developer,Data Engineer - Frontend Developer,Data Engineer - Frontend Developer Seen 3d ago Lear Corporation,"Voderady, SK, 919 42",,,,,,,,,,onsite,full_time,,,,,rolesweep,https://rolesweep.com/jobs/8519aed98a2584f2cf648d4291b01158-data-engineer-frontend-developer,,rolesweep,"[{""site"": ""rolesweep"", ""url"": ""https://rolesweep.com/jobs/8519aed98a2584f2cf648d4291b01158-data-engineer-frontend-developer""}]",[],[],"{""location"": [""Voderady, SK, 919 42""]}",{},"{""location"": ""array_field""}",{}
https://rolesweep.com/jobs/497aaeca7bd2c0aa006c500e049ca30f-frontend-ui-developer,Frontend UI Developer,Frontend UI Developer Seen 3d ago UST,Bentonville,75000.0,113000.0,,,"$75,000 - $113,000",,,,,remote,full_time,,,,,rolesweep,https://rolesweep.com/jobs/497aaeca7bd2c0aa006c500e049ca30f-frontend-ui-developer,,rolesweep,"[{""site"": ""rolesweep"", ""url"": ""https://rolesweep.com/jobs/497aaeca7bd2c0aa006c500e049ca30f-frontend-ui-developer""}]",[],[],"{""location"": [""Bentonville""]}",{},"{""location"": ""array_field""}",{}
https://rolesweep.com/jobs/15a7d59adbacd5e0b814eeaf72254b74-senior-software-engineer-frontend-growth,"Senior Software Engineer, Frontend, Growth","Senior Software Engineer, Frontend, Growth Seen 3d ago Airwallex",SG - Singapore,,,,,,,,,,onsite,full_time,,,,,rolesweep,https://rolesweep.com/jobs/15a7d59adbacd5e0b814eeaf72254b74-senior-software-engineer-frontend-growth,,rolesweep,"[{""site"": ""rolesweep"", ""url"": ""https://rolesweep.com/jobs/15a7d59adbacd5e0b814eeaf72254b74-senior-software-engineer-frontend-growth""}]",[],[],"{""location"": [""SG - Singapore""]}",{},"{""location"": ""array_field""}",{}
https://rolesweep.com/jobs/77482d7f77f246791da27122c4eb612e-sa-assoc-frontend-developer-react-micro-frontend-consumer-banking-group-technolo,"SA/Assoc, Frontend Developer (React Micro-Frontend), Consumer Banking Group Technology, Group Technology","SA/Assoc, Frontend Developer (React Micro-Frontend), Consumer Banking Group Technology, Group Technology Seen 3d ago Dbs",Singapore - East,,,,,,,,,,onsite,full_time,,,,,rolesweep,https://rolesweep.com/jobs/77482d7f77f246791da27122c4eb612e-sa-assoc-frontend-developer-react-micro-frontend-consumer-banking-group-technolo,,rolesweep,"[{""site"": ""rolesweep"", ""url"": ""https://rolesweep.com/jobs/77482d7f77f246791da27122c4eb612e-sa-assoc-frontend-developer-react-micro-frontend-consumer-banking-group-technolo""}]",[],[],"{""location"": [""Singapore - East""]}",{},"{""location"": ""array_field""}",{}
https://rolesweep.com/jobs/dec6962c2b199c03f3d32538cfc8a340-frontend-software-engineer-cortex-ai-apps,Frontend Software Engineer– Cortex AI Apps,Frontend Software Engineer– Cortex AI Apps Seen 3d ago Snowflake,"Menlo Park, California, United States",160000.0,230000.0,,,$160K - $230K,,,,,onsite,full_time,,,,,rolesweep,https://rolesweep.com/jobs/dec6962c2b199c03f3d32538cfc8a340-frontend-software-engineer-cortex-ai-apps,,rolesweep,"[{""site"": ""rolesweep"", ""url"": ""https://rolesweep.com/jobs/dec6962c2b199c03f3d32538cfc8a340-frontend-software-engineer-cortex-ai-apps""}]",[],[],"{""location"": [""Menlo Park, California, United States""]}",{},"{""location"": ""array_field""}",{}
https://rolesweep.com/jobs/c7ca75fb16722aaf785765a24ac24ef5-frontend-engineer-ads-campaign-manager,"Frontend Engineer, Ads Campaign Manager","Frontend Engineer, Ads Campaign Manager Seen 3d ago Reddit",Remote - United States,164200.0,229900.0,USD,,"$164,200 - $229,900 USD",,,,,remote,full_time,,,,,rolesweep,https://rolesweep.com/jobs/c7ca75fb16722aaf785765a24ac24ef5-frontend-engineer-ads-campaign-manager,,rolesweep,"[{""site"": ""rolesweep"", ""url"": ""https://rolesweep.com/jobs/c7ca75fb16722aaf785765a24ac24ef5-frontend-engineer-ads-campaign-manager""}]",[],[],"{""location"": [""Remote - United States""]}",{},"{""location"": ""array_field""}",{}
https://rolesweep.com/jobs/fd438eb0d49debc819295dd0575db331-lead-software-engineer-frontend-engineering,Lead Software Engineer (Frontend Engineering),Lead Software Engineer (Frontend Engineering) Seen 3d ago Wells Fargo,3 Locations,,,,,,,,,,hybrid,full_time,,,,,rolesweep,https://rolesweep.com/jobs/fd438eb0d49debc819295dd0575db331-lead-software-engineer-frontend-engineering,,rolesweep,"[{""site"": ""rolesweep"", ""url"": ""https://rolesweep.com/jobs/fd438eb0d49debc819295dd0575db331-lead-software-engineer-frontend-engineering""}]",[],[],"{""location"": [""3 Locations""]}",{},"{""location"": ""array_field""}",{}
https://rolesweep.com/jobs/65005072a4be81f49baa5ba72e2f08aa-senior-frontend-engineer-angular,Senior Frontend Engineer (Angular),Senior Frontend Engineer (Angular) Seen 3d ago Qiagen,Taguig City,,,,,,,,,,hybrid,full_time,,,,,rolesweep,https://rolesweep.com/jobs/65005072a4be81f49baa5ba72e2f08aa-senior-frontend-engineer-angular,,rolesweep,"[{""site"": ""rolesweep"", ""url"": ""https://rolesweep.com/jobs/65005072a4be81f49baa5ba72e2f08aa-senior-frontend-engineer-angular""}]",[],[],"{""location"": [""Taguig City""]}",{},"{""location"": ""array_field""}",{}
https://rolesweep.com/jobs/9955e9837481e35e5966acfcbbc8e7f9-senior-frontend-developer,Senior frontend developer,Senior frontend developer Seen 3d ago Zensar,"Pune, Maharashtra, India",,,,,,,,,,onsite,full_time,,,,,rolesweep,https://rolesweep.com/jobs/9955e9837481e35e5966acfcbbc8e7f9-senior-frontend-developer,,rolesweep,"[{""site"": ""rolesweep"", ""url"": ""https://rolesweep.com/jobs/9955e9837481e35e5966acfcbbc8e7f9-senior-frontend-developer""}]",[],[],"{""location"": [""Pune, Maharashtra, India""]}",{},"{""location"": ""array_field""}",{}
https://rolesweep.com/jobs/48ef56dd81069392016ed3c41b98e13d-frontend-engineer,Frontend Engineer,Frontend Engineer Seen 4d ago DXC Technology,IRL - C - GALWAY,,,,,,,,,,hybrid,full_time,,,,,rolesweep,https://rolesweep.com/jobs/48ef56dd81069392016ed3c41b98e13d-frontend-engineer,,rolesweep,"[{""site"": ""rolesweep"", ""url"": ""https://rolesweep.com/jobs/48ef56dd81069392016ed3c41b98e13d-frontend-engineer""}]",[],[],"{""location"": [""IRL - C - GALWAY""]}",{},"{""location"": ""array_field""}",{}
https://rolesweep.com/jobs/3660999a5b7c5faa039cc028c3c11ed4-frontend-developer-angular,Frontend Developer - Angular,Frontend Developer - Angular Seen 4d ago NECSWS,"Mumbai, MH, India",,,,,,,,,,onsite,full_time,,,,,rolesweep,https://rolesweep.com/jobs/3660999a5b7c5faa039cc028c3c11ed4-frontend-developer-angular,,rolesweep,"[{""site"": ""rolesweep"", ""url"": ""https://rolesweep.com/jobs/3660999a5b7c5faa039cc028c3c11ed4-frontend-developer-angular""}]",[],[],"{""location"": [""Mumbai, MH, India""]}",{},"{""location"": ""array_field""}",{}
https://rolesweep.com/jobs/370d3a252996a1d62a54df4125f73929-senior-software-engineer-online-ads-frontend,"Senior Software Engineer, Online Ads Frontend","Senior Software Engineer, Online Ads Frontend Seen 4d ago Microsoft","Redmond, Washington, United States",70.0,,,,$70,,,,,hybrid,full_time,,,,,rolesweep,https://rolesweep.com/jobs/370d3a252996a1d62a54df4125f73929-senior-software-engineer-online-ads-frontend,,rolesweep,"[{""site"": ""rolesweep"", ""url"": ""https://rolesweep.com/jobs/370d3a252996a1d62a54df4125f73929-senior-software-engineer-online-ads-frontend""}]",[],[],"{""location"": [""Redmond, Washington, United States""]}",{},"{""location"": ""array_field""}",{}
https://rolesweep.com/jobs/9c9642aa35af4c20c12c5adda4238772-frontend-developer-react-assistant-vice-president,Frontend Developer (React) - Assistant Vice President,Frontend Developer (React) - Assistant Vice President Seen 4d ago Citigroup,Irving Texas United States,107120.0,160680.0,,,"$107,120.00 - $160,680.00",,,,,onsite,full_time,,,,,rolesweep,https://rolesweep.com/jobs/9c9642aa35af4c20c12c5adda4238772-frontend-developer-react-assistant-vice-president,,rolesweep,"[{""site"": ""rolesweep"", ""url"": ""https://rolesweep.com/jobs/9c9642aa35af4c20c12c5adda4238772-frontend-developer-react-assistant-vice-president""}]",[],[],"{""location"": [""Irving Texas United States""]}",{},"{""location"": ""array_field""}",{}
https://rolesweep.com/jobs/7b2104b37bbbbe6a0ae80a3c500730da-senior-frontend-engineer-web-platform,Senior Frontend Engineer - Web Platform,Senior Frontend Engineer - Web Platform Seen 4d ago Verkada,"San Mateo, CA United States",130000.0,280000.0,USD,,"$130,000 - $280,000 USD",,,,,onsite,full_time,,,,,rolesweep,https://rolesweep.com/jobs/7b2104b37bbbbe6a0ae80a3c500730da-senior-frontend-engineer-web-platform,,rolesweep,"[{""site"": ""rolesweep"", ""url"": ""https://rolesweep.com/jobs/7b2104b37bbbbe6a0ae80a3c500730da-senior-frontend-engineer-web-platform""}]",[],[],"{""location"": [""San Mateo, CA United States""]}",{},"{""location"": ""array_field""}",{}
https://rolesweep.com/jobs/dd58f9a1f987380c94de7d1fa1de2ea7-senior-software-engineer-online-ads-frontend,"Senior Software Engineer, Online Ads Frontend","Senior Software Engineer, Online Ads Frontend Seen 4d ago Microsoft","United States, Washington, Redmond",70.0,,,,$70,,,,,hybrid,full_time,,,,,rolesweep,https://rolesweep.com/jobs/dd58f9a1f987380c94de7d1fa1de2ea7-senior-software-engineer-online-ads-frontend,,rolesweep,"[{""site"": ""rolesweep"", ""url"": ""https://rolesweep.com/jobs/dd58f9a1f987380c94de7d1fa1de2ea7-senior-software-engineer-online-ads-frontend""}]",[],[],"{""location"": [""United States, Washington, Redmond""]}",{},"{""location"": ""array_field""}",{}
https://rolesweep.com/jobs/3e995937068827f1e1164b9a033cab55-software-engineer-frontend-respnsive-sr,Software Engineer FrontEnd Respnsive Sr,Software Engineer FrontEnd Respnsive Sr Seen 4d ago Softtek,Colombia,,,,,,,,,,hybrid,full_time,,,,,rolesweep,https://rolesweep.com/jobs/3e995937068827f1e1164b9a033cab55-software-engineer-frontend-respnsive-sr,,rolesweep,"[{""site"": ""rolesweep"", ""url"": ""https://rolesweep.com/jobs/3e995937068827f1e1164b9a033cab55-software-engineer-frontend-respnsive-sr""}]",[],[],"{""location"": [""Colombia""]}",{},"{""location"": ""array_field""}",{}
https://rolesweep.com/jobs/b250a8aa1beb3df09899843cd09d5272-frontend-developer-software-engineer,Frontend Developer / Software Engineer,Frontend Developer / Software Engineer Seen 4d ago ING Group,2 Locations,,,,,,,,,,hybrid,full_time,,,,,rolesweep,https://rolesweep.com/jobs/b250a8aa1beb3df09899843cd09d5272-frontend-developer-software-engineer,,rolesweep,"[{""site"": ""rolesweep"", ""url"": ""https://rolesweep.com/jobs/b250a8aa1beb3df09899843cd09d5272-frontend-developer-software-engineer""}]",[],[],"{""location"": [""2 Locations""]}",{},"{""location"": ""array_field""}",{}
https://rolesweep.com/jobs/76923c6bbb103920d229f0778b9f948b-software-engineer-frontend,Software Engineer (Frontend),Software Engineer (Frontend) Seen 5d ago Simbian India,"Bengaluru (IN) Remote, Karnataka, India",,,,,,,,,,remote,full_time,,,,,rolesweep,https://rolesweep.com/jobs/76923c6bbb103920d229f0778b9f948b-software-engineer-frontend,,rolesweep,"[{""site"": ""rolesweep"", ""url"": ""https://rolesweep.com/jobs/76923c6bbb103920d229f0778b9f948b-software-engineer-frontend""}]",[],[],"{""location"": [""Bengaluru (IN) Remote, Karnataka, India""]}",{},"{""location"": ""array_field""}",{}
https://rolesweep.com/jobs/64db2d758bb32518a3740f87b4987dc3-software-engineer-frontend,Software Engineer - Frontend,Software Engineer - Frontend Seen 6d ago KFin Technologies,Bengaluru,,,,,,,,,,onsite,full_time,,,,,rolesweep,https://rolesweep.com/jobs/64db2d758bb32518a3740f87b4987dc3-software-engineer-frontend,,rolesweep,"[{""site"": ""rolesweep"", ""url"": ""https://rolesweep.com/jobs/64db2d758bb32518a3740f87b4987dc3-software-engineer-frontend""}]",[],[],"{""location"": [""Bengaluru""]}",{},"{""location"": ""array_field""}",{}
https://rolesweep.com/jobs/e4bd559fb3b8de3e445ff06c97bb440e-junior-frontend-ux-engineer-react-developer,Junior Frontend UX Engineer / React Developer,Junior Frontend UX Engineer / React Developer Seen 6d ago Capgemini,"Columbia, SC, US",56186.0,87556.0,,,$56186 to $87556,,,,,hybrid,full_time,,,,,rolesweep,https://rolesweep.com/jobs/e4bd559fb3b8de3e445ff06c97bb440e-junior-frontend-ux-engineer-react-developer,,rolesweep,"[{""site"": ""rolesweep"", ""url"": ""https://rolesweep.com/jobs/e4bd559fb3b8de3e445ff06c97bb440e-junior-frontend-ux-engineer-react-developer""}]",[],[],"{""location"": [""Columbia, SC, US""]}",{},"{""location"": ""array_field""}",{}
https://rolesweep.com/jobs/b66f6ef8afd83a13003df4227eaa2295-react-frontend-engineer-c1-english-hybrid-madrid,REACT Frontend Engineer (C1 English) - Hybrid MADRID,REACT Frontend Engineer (C1 English) - Hybrid MADRID Seen 7d ago UST,Madrid,,,,,,,,,,hybrid,full_time,,,,,rolesweep,https://rolesweep.com/jobs/b66f6ef8afd83a13003df4227eaa2295-react-frontend-engineer-c1-english-hybrid-madrid,,rolesweep,"[{""site"": ""rolesweep"", ""url"": ""https://rolesweep.com/jobs/b66f6ef8afd83a13003df4227eaa2295-react-frontend-engineer-c1-english-hybrid-madrid""}]",[],[],"{""location"": [""Madrid""]}",{},"{""location"": ""array_field""}",{}
https://rolesweep.com/jobs/eb06413e428f2288992f114953aa523f-senior-frontend-software-engineer-discovery,"Senior Frontend Software Engineer, Discovery","Senior Frontend Software Engineer, Discovery Seen 7d ago Anduril Industries","Boston, Massachusetts, United States; Costa Mesa, California, United States; Washington, District of Columbia, United States",191000.0,253000.0,USD,,"$191,000 - $253,000 USD",,,,,hybrid,full_time,,,,,rolesweep,https://rolesweep.com/jobs/eb06413e428f2288992f114953aa523f-senior-frontend-software-engineer-discovery,,rolesweep,"[{""site"": ""rolesweep"", ""url"": ""https://rolesweep.com/jobs/eb06413e428f2288992f114953aa523f-senior-frontend-software-engineer-discovery""}]",[],[],"{""location"": [""Boston, Massachusetts, United States; Costa Mesa, California, United States; Washington, District of Columbia, United States""]}",{},"{""location"": ""array_field""}",{}
https://rolesweep.com/jobs/6ec9beabe5f1a105c04744141a65ec99-senior-frontend-engineer-discovery-ux,"Senior Frontend Engineer, Discovery UX","Senior Frontend Engineer, Discovery UX Seen 7d ago Roblox","San Mateo, CA, United States",196750.0,243290.0,USD,,"$196,750 - $243,290 USD",,,,,hybrid,full_time,,,,,rolesweep,https://rolesweep.com/jobs/6ec9beabe5f1a105c04744141a65ec99-senior-frontend-engineer-discovery-ux,,rolesweep,"[{""site"": ""rolesweep"", ""url"": ""https://rolesweep.com/jobs/6ec9beabe5f1a105c04744141a65ec99-senior-frontend-engineer-discovery-ux""}]",[],[],"{""location"": [""San Mateo, CA, United States""]}",{},"{""location"": ""array_field""}",{}
https://rolesweep.com/jobs/038bd7f261d2513841688932341a9620-frontend-developer-palantir,"Frontend Developer, Palantir","Frontend Developer, Palantir Seen 7d ago Deloitte",Multiple Locations,102500.0,170900.0,,,"$102,500 to $170,900",,,,,hybrid,full_time,,,,,rolesweep,https://rolesweep.com/jobs/038bd7f261d2513841688932341a9620-frontend-developer-palantir,,rolesweep,"[{""site"": ""rolesweep"", ""url"": ""https://rolesweep.com/jobs/038bd7f261d2513841688932341a9620-frontend-developer-palantir""}]",[],[],"{""location"": [""Multiple Locations""]}",{},"{""location"": ""array_field""}",{}
https://rolesweep.com/jobs/eab01748d2fa55832e5e421057c1b3a1-senior-software-engineer-frontend,Senior Software Engineer-Frontend,Senior Software Engineer-Frontend Seen 7d ago Rocketlane,"Chennai, Tamil Nadu, India",,,,,,,,,,onsite,full_time,,,,,rolesweep,https://rolesweep.com/jobs/eab01748d2fa55832e5e421057c1b3a1-senior-software-engineer-frontend,,rolesweep,"[{""site"": ""rolesweep"", ""url"": ""https://rolesweep.com/jobs/eab01748d2fa55832e5e421057c1b3a1-senior-software-engineer-frontend""}]",[],[],"{""location"": [""Chennai, Tamil Nadu, India""]}",{},"{""location"": ""array_field""}",{}
https://rolesweep.com/jobs/a96999ca8dbed969e1502102008a95aa-senior-frontend-engineer,Senior Frontend Engineer,Senior Frontend Engineer Seen 7d ago UiPath,Bucharest,,,,,,,,,,onsite,full_time,,,,,rolesweep,https://rolesweep.com/jobs/a96999ca8dbed969e1502102008a95aa-senior-frontend-engineer,,rolesweep,"[{""site"": ""rolesweep"", ""url"": ""https://rolesweep.com/jobs/a96999ca8dbed969e1502102008a95aa-senior-frontend-engineer""}]",[],[],"{""location"": [""Bucharest""]}",{},"{""location"": ""array_field""}",{}
https://rolesweep.com/jobs/ef4536843d20603f75da6137fac027cd-frontend-developer-ing-hubs-romania,Frontend Developer  @ING Hubs Romania,Frontend Developer  @ING Hubs Romania Seen 8d ago ING Group,Bucharest - Dacia One,,,,,,,,,,hybrid,full_time,,,,,rolesweep,https://rolesweep.com/jobs/ef4536843d20603f75da6137fac027cd-frontend-developer-ing-hubs-romania,,rolesweep,"[{""site"": ""rolesweep"", ""url"": ""https://rolesweep.com/jobs/ef4536843d20603f75da6137fac027cd-frontend-developer-ing-hubs-romania""}]",[],[],"{""location"": [""Bucharest - Dacia One""]}",{},"{""location"": ""array_field""}",{}
https://rolesweep.com/jobs/12c9280a402f21dcbf306e84ea536319-global-quality-frontend-central-quality-assurance-engineer,Global Quality FrontEnd Central Quality Assurance Engineer,Global Quality FrontEnd Central Quality Assurance Engineer Seen 8d ago Micron Technology,"Hyderabad, Telangana, India",,,,,,,,,,onsite,full_time,,,,,rolesweep,https://rolesweep.com/jobs/12c9280a402f21dcbf306e84ea536319-global-quality-frontend-central-quality-assurance-engineer,,rolesweep,"[{""site"": ""rolesweep"", ""url"": ""https://rolesweep.com/jobs/12c9280a402f21dcbf306e84ea536319-global-quality-frontend-central-quality-assurance-engineer""}]",[],[],"{""location"": [""Hyderabad, Telangana, India""]}",{},"{""location"": ""array_field""}",{}
https://rolesweep.com/jobs/3e7508af96e495d2bb9565411d6b247e-senior-frontend-aem-developer,Senior Frontend AEM Developer,Senior Frontend AEM Developer Seen 8d ago Fortinet,"Sunnyvale, CA, United States",104000.0,127000.0,,,"$104,000 - $127,000",,,,,onsite,full_time,,,,,rolesweep,https://rolesweep.com/jobs/3e7508af96e495d2bb9565411d6b247e-senior-frontend-aem-developer,,rolesweep,"[{""site"": ""rolesweep"", ""url"": ""https://rolesweep.com/jobs/3e7508af96e495d2bb9565411d6b247e-senior-frontend-aem-developer""}]",[],[],"{""location"": [""Sunnyvale, CA, United States""]}",{},"{""location"": ""array_field""}",{}
https://rolesweep.com/jobs/59035fa42e22bda11f26505b52bd7d3f-staff-frontend-engineer-mapping-spatial-platform,Staff Frontend Engineer - Mapping & Spatial Platform,Staff Frontend Engineer - Mapping & Spatial Platform Seen 8d ago Verkada,"San Mateo, CA United States",185000.0,265000.0,USD,,"$185,000 - $265,000 USD",,,,,onsite,full_time,,,,,rolesweep,https://rolesweep.com/jobs/59035fa42e22bda11f26505b52bd7d3f-staff-frontend-engineer-mapping-spatial-platform,,rolesweep,"[{""site"": ""rolesweep"", ""url"": ""https://rolesweep.com/jobs/59035fa42e22bda11f26505b52bd7d3f-staff-frontend-engineer-mapping-spatial-platform""}]",[],[],"{""location"": [""San Mateo, CA United States""]}",{},"{""location"": ""array_field""}",{}
https://rolesweep.com/jobs/afe29edb6856a275a86c684645ab1747-staff-software-engineer-frontend-platform,"Staff Software Engineer, Frontend Platform","Staff Software Engineer, Frontend Platform Seen 8d ago Anduril Industries","Costa Mesa, California, United States",220000.0,292000.0,USD,,"$220,000 - $292,000 USD",,,,,onsite,full_time,,,,,rolesweep,https://rolesweep.com/jobs/afe29edb6856a275a86c684645ab1747-staff-software-engineer-frontend-platform,,rolesweep,"[{""site"": ""rolesweep"", ""url"": ""https://rolesweep.com/jobs/afe29edb6856a275a86c684645ab1747-staff-software-engineer-frontend-platform""}]",[],[],"{""location"": [""Costa Mesa, California, United States""]}",{},"{""location"": ""array_field""}",{}
https://rolesweep.com/jobs/a068bcacf6dfaa590687f18842ee9d10-senior-frontend-engineer,Senior Frontend Engineer,Senior Frontend Engineer Seen 9d ago GitLab,"Bengaluru, India",,,,,,,,,,remote,full_time,,,,,rolesweep,https://rolesweep.com/jobs/a068bcacf6dfaa590687f18842ee9d10-senior-frontend-engineer,,rolesweep,"[{""site"": ""rolesweep"", ""url"": ""https://rolesweep.com/jobs/a068bcacf6dfaa590687f18842ee9d10-senior-frontend-engineer""}]",[],[],"{""location"": [""Bengaluru, India""]}",{},"{""location"": ""array_field""}",{}
https://rolesweep.com/jobs/647ee340be7b987fba64385040b09d0e-software-engineer-internship-frontend,"Software Engineer Internship, Frontend","Software Engineer Internship, Frontend Seen 9d ago Ramp","New York, NY (HQ)",200.0,,,,$200,,,true,,hybrid,,,,,,rolesweep,https://rolesweep.com/jobs/647ee340be7b987fba64385040b09d0e-software-engineer-internship-frontend,,rolesweep,"[{""site"": ""rolesweep"", ""url"": ""https://rolesweep.com/jobs/647ee340be7b987fba64385040b09d0e-software-engineer-internship-frontend""}]",[],[],"{""location"": [""New York, NY (HQ)""]}",{},"{""location"": ""array_field""}",{}
https://rolesweep.com/jobs/0aeca1b1c4cd98ec1cdf3d072cc8040d-senior-principal-angular-frontend-engineer-cortex-platform-agentix,Senior / Principal Angular Frontend Engineer (Cortex Platform - AgentiX),Senior / Principal Angular Frontend Engineer (Cortex Platform - AgentiX) Seen 9d ago Palo Alto Networks,Office - Israel - Tel Aviv,,,,,,,,,,onsite,full_time,,,,,rolesweep,https://rolesweep.com/jobs/0aeca1b1c4cd98ec1cdf3d072cc8040d-senior-principal-angular-frontend-engineer-cortex-platform-agentix,,rolesweep,"[{""site"": ""rolesweep"", ""url"": ""https://rolesweep.com/jobs/0aeca1b1c4cd98ec1cdf3d072cc8040d-senior-principal-angular-frontend-engineer-cortex-platform-agentix""}]",[],[],"{""location"": [""Office - Israel - Tel Aviv""]}",{},"{""location"": ""array_field""}",{}
https://rolesweep.com/jobs/50bbd30abe07cd4ab8cedab88c12d2db-frontend-software-engineer,Frontend Software Engineer,Frontend Software Engineer Seen 9d ago Vodafone,"Bucuresti, Bucuresti, Romania",,,,,,,,,,hybrid,full_time,,,,,rolesweep,https://rolesweep.com/jobs/50bbd30abe07cd4ab8cedab88c12d2db-frontend-software-engineer,,rolesweep,"[{""site"": ""rolesweep"", ""url"": ""https://rolesweep.com/jobs/50bbd30abe07cd4ab8cedab88c12d2db-frontend-software-engineer""}]",[],[],"{""location"": [""Bucuresti, Bucuresti, Romania""]}",{},"{""location"": ""array_field""}",{}
https://rolesweep.com/jobs/408ac6e79a517ea120b2d622e4426df1-frontend-software-engineer,Frontend Software Engineer,Frontend Software Engineer Seen 9d ago Vodafone,"Bucuresti, Romania",,,,,,,,,,hybrid,full_time,,,,,rolesweep,https://rolesweep.com/jobs/408ac6e79a517ea120b2d622e4426df1-frontend-software-engineer,,rolesweep,"[{""site"": ""rolesweep"", ""url"": ""https://rolesweep.com/jobs/408ac6e79a517ea120b2d622e4426df1-frontend-software-engineer""}]",[],[],"{""location"": [""Bucuresti, Romania""]}",{},"{""location"": ""array_field""}",{}
https://rolesweep.com/jobs/ff3c7fce720c328c0707a2e261ff584b-fullstack-frontend-software-engineer-kola,Fullstack-Frontend Software Engineer - KOLA,Fullstack-Frontend Software Engineer - KOLA Seen 9d ago Volvo Group India,"Göteborg, SE, 417 55",,,,,,,,,,onsite,full_time,,,,,rolesweep,https://rolesweep.com/jobs/ff3c7fce720c328c0707a2e261ff584b-fullstack-frontend-software-engineer-kola,,rolesweep,"[{""site"": ""rolesweep"", ""url"": ""https://rolesweep.com/jobs/ff3c7fce720c328c0707a2e261ff584b-fullstack-frontend-software-engineer-kola""}]",[],[],"{""location"": [""Göteborg, SE, 417 55""]}",{},"{""location"": ""array_field""}",{}
https://rolesweep.com/jobs/ad1fac01d7abbf3989664d42ff546d3d-frontend-engineer,Frontend Engineer,Frontend Engineer Seen 10d ago AuxoAI,"Bengaluru South, Karnataka, India",,,,,,,,,,hybrid,full_time,,,,,rolesweep,https://rolesweep.com/jobs/ad1fac01d7abbf3989664d42ff546d3d-frontend-engineer,,rolesweep,"[{""site"": ""rolesweep"", ""url"": ""https://rolesweep.com/jobs/ad1fac01d7abbf3989664d42ff546d3d-frontend-engineer""}]",[],[],"{""location"": [""Bengaluru South, Karnataka, India""]}",{},"{""location"": ""array_field""}",{}
https://rolesweep.com/jobs/86444f2a7bff20815d69f70dbab7f20c-senior-frontend-engineer-assistant-vice-president,"Senior Frontend Engineer, Assistant Vice President","Senior Frontend Engineer, Assistant Vice President Seen 10d ago Citigroup",Singapore  Singapore,,,,,,,,,,onsite,full_time,,,,,rolesweep,https://rolesweep.com/jobs/86444f2a7bff20815d69f70dbab7f20c-senior-frontend-engineer-assistant-vice-president | https://rolesweep.com/jobs/e6faecf5a88b214199c149a158c77548-senior-frontend-engineer-assistant-vice-president,,rolesweep,"[{""site"": ""rolesweep"", ""url"": ""https://rolesweep.com/jobs/86444f2a7bff20815d69f70dbab7f20c-senior-frontend-engineer-assistant-vice-president""}, {""site"": ""rolesweep"", ""url"": ""https://rolesweep.com/jobs/e6faecf5a88b214199c149a158c77548-senior-frontend-engineer-assistant-vice-president""}]",[],[],"{""location"": [""Singapore Singapore""]}",{},"{""location"": ""array_field""}",{}
https://rolesweep.com/jobs/0215fcd6ef3da41190b5e57537574075-frontend-engineer-data-product-experiences,"Frontend Engineer, Data Product Experiences","Frontend Engineer, Data Product Experiences Seen 10d ago Stripe","Toronto, CA",135200.0,202800.0,CAD,,"CA$135,200 - CA$202,800",,,,,hybrid,full_time,,,,,rolesweep,https://rolesweep.com/jobs/0215fcd6ef3da41190b5e57537574075-frontend-engineer-data-product-experiences,,rolesweep,"[{""site"": ""rolesweep"", ""url"": ""https://rolesweep.com/jobs/0215fcd6ef3da41190b5e57537574075-frontend-engineer-data-product-experiences""}]",[],[],"{""location"": [""Toronto, CA""]}",{},"{""location"": ""array_field""}",{}
https://rolesweep.com/jobs/ee65f81dae53a0ef20d2cb7cc3e7128a-java-frontend-developer,Java Frontend Developer,Java Frontend Developer Seen 11d ago Capgemini,"Toronto, CA",,,,,,,,,,onsite,full_time,,,,,rolesweep,https://rolesweep.com/jobs/ee65f81dae53a0ef20d2cb7cc3e7128a-java-frontend-developer,,rolesweep,"[{""site"": ""rolesweep"", ""url"": ""https://rolesweep.com/jobs/ee65f81dae53a0ef20d2cb7cc3e7128a-java-frontend-developer""}]",[],[],"{""location"": [""Toronto, CA""]}",{},"{""location"": ""array_field""}",{}
https://rolesweep.com/jobs/c9eb308e8dd2ae7082aa742bd9b2f8ee-software-engineer-frontend-growth,"Software Engineer, Frontend, Growth","Software Engineer, Frontend, Growth Seen 11d ago Ramp","New York, NY (HQ)",200000.0,310000.0,,,$200K - $310K,,,,,hybrid,full_time,,,,,rolesweep,https://rolesweep.com/jobs/c9eb308e8dd2ae7082aa742bd9b2f8ee-software-engineer-frontend-growth,,rolesweep,"[{""site"": ""rolesweep"", ""url"": ""https://rolesweep.com/jobs/c9eb308e8dd2ae7082aa742bd9b2f8ee-software-engineer-frontend-growth""}]",[],[],"{""location"": [""New York, NY (HQ)""]}",{},"{""location"": ""array_field""}",{}
https://rolesweep.com/jobs/77140cef3fe912888e89e4b5eeb3273f-senior-frontend-engineer-ai-observability-evals-platform,"Senior Frontend Engineer, AI Observability & Evals Platform","Senior Frontend Engineer, AI Observability & Evals Platform Seen 11d ago LangChain","San Francisco, CA",175000.0,240000.0,USD,,"$175,000 - $240,000 USD",,,,,onsite,full_time,,,,,rolesweep,https://rolesweep.com/jobs/77140cef3fe912888e89e4b5eeb3273f-senior-frontend-engineer-ai-observability-evals-platform,,rolesweep,"[{""site"": ""rolesweep"", ""url"": ""https://rolesweep.com/jobs/77140cef3fe912888e89e4b5eeb3273f-senior-frontend-engineer-ai-observability-evals-platform""}]",[],[],"{""location"": [""San Francisco, CA""]}",{},"{""location"": ""array_field""}",{}
https://rolesweep.com/jobs/3997444a0960774f8383e95e4c1c7c03-frontend-software-developer-m-w-x,Frontend Software Developer (m/w/x),Frontend Software Developer (m/w/x) Seen 11d ago REXEL,"Puch, Salzburg, Austria",,,,,,,,,,hybrid,full_time,,,,,rolesweep,https://rolesweep.com/jobs/3997444a0960774f8383e95e4c1c7c03-frontend-software-developer-m-w-x,,rolesweep,"[{""site"": ""rolesweep"", ""url"": ""https://rolesweep.com/jobs/3997444a0960774f8383e95e4c1c7c03-frontend-software-developer-m-w-x""}]",[],[],"{""location"": [""Puch, Salzburg, Austria""]}",{},"{""location"": ""array_field""}",{}
https://rolesweep.com/jobs/cc4d443c74fd503347a179cc32eedb46-avp-lead-frontend-engineer-consumer-banking-technology-group-technology,"AVP, Lead Frontend Engineer, Consumer Banking Technology, Group Technology","AVP, Lead Frontend Engineer, Consumer Banking Technology, Group Technology Seen 12d ago Dbs",Singapore - East,,,,,,,,,,onsite,full_time,,,,,rolesweep,https://rolesweep.com/jobs/cc4d443c74fd503347a179cc32eedb46-avp-lead-frontend-engineer-consumer-banking-technology-group-technology,,rolesweep,"[{""site"": ""rolesweep"", ""url"": ""https://rolesweep.com/jobs/cc4d443c74fd503347a179cc32eedb46-avp-lead-frontend-engineer-consumer-banking-technology-group-technology""}]",[],[],"{""location"": [""Singapore - East""]}",{},"{""location"": ""array_field""}",{}
https://rolesweep.com/jobs/431c91e4df153d7f36a9440743b7930b-senior-frontend-engineer-i-confluent,Senior Frontend Engineer I - Confluent,Senior Frontend Engineer I - Confluent Seen 13d ago IBM,"Bengaluru, IN",,,,,,,,,,remote,full_time,,,,,rolesweep,https://rolesweep.com/jobs/431c91e4df153d7f36a9440743b7930b-senior-frontend-engineer-i-confluent,,rolesweep,"[{""site"": ""rolesweep"", ""url"": ""https://rolesweep.com/jobs/431c91e4df153d7f36a9440743b7930b-senior-frontend-engineer-i-confluent""}]",[],[],"{""location"": [""Bengaluru, IN""]}",{},"{""location"": ""array_field""}",{}
https://rolesweep.com/jobs/e851d891c14631225eb7dfb6e3743170-sr-software-engineer-fullstack-frontend,"Sr. Software Engineer, (Fullstack/Frontend)","Sr. Software Engineer, (Fullstack/Frontend) Seen 14d ago Hims & Hers",US Remote,170000.0,190000.0,,,$170K - $190K,,,,,remote,full_time,,,,,rolesweep,https://rolesweep.com/jobs/e851d891c14631225eb7dfb6e3743170-sr-software-engineer-fullstack-frontend,,rolesweep,"[{""site"": ""rolesweep"", ""url"": ""https://rolesweep.com/jobs/e851d891c14631225eb7dfb6e3743170-sr-software-engineer-fullstack-frontend""}]",[],[],"{""location"": [""US Remote""]}",{},"{""location"": ""array_field""}",{}
https://rolesweep.com/jobs/19c6bed1992192d7dad3ba51d20c22d9-senior-frontend-software-engineer-consumer-engineering,"Senior Frontend Software Engineer, Consumer Engineering","Senior Frontend Software Engineer, Consumer Engineering Seen 15d ago Reddit",Remote - United States,190800.0,267100.0,USD,,"$190,800 - $267,100 USD",,,,,remote,full_time,,,,,rolesweep,https://rolesweep.com/jobs/19c6bed1992192d7dad3ba51d20c22d9-senior-frontend-software-engineer-consumer-engineering,,rolesweep,"[{""site"": ""rolesweep"", ""url"": ""https://rolesweep.com/jobs/19c6bed1992192d7dad3ba51d20c22d9-senior-frontend-software-engineer-consumer-engineering""}]",[],[],"{""location"": [""Remote - United States""]}",{},"{""location"": ""array_field""}",{}
https://rolesweep.com/jobs/af1eebdb9dc268d528efb5572eef323f-senior-software-engineer-frontend,"Senior Software Engineer, Frontend","Senior Software Engineer, Frontend Seen 15d ago Brex","Vancouver, British Columbia, Canada",192000.0,240000.0,,,"$192,000 - $240,000",,,,,hybrid,full_time,,,,,rolesweep,https://rolesweep.com/jobs/af1eebdb9dc268d528efb5572eef323f-senior-software-engineer-frontend,,rolesweep,"[{""site"": ""rolesweep"", ""url"": ""https://rolesweep.com/jobs/af1eebdb9dc268d528efb5572eef323f-senior-software-engineer-frontend""}]",[],[],"{""location"": [""Vancouver, British Columbia, Canada""]}",{},"{""location"": ""array_field""}",{}
https://rolesweep.com/jobs/5bf73f491661375b225785654bb956ee-software-development-engineer-3-frontend,Software Development Engineer – 3 (Frontend),Software Development Engineer – 3 (Frontend) Seen 15d ago Locus.sh,"Karnataka, Bengaluru, India",,,,,,,,,,onsite,full_time,,,,,rolesweep,https://rolesweep.com/jobs/5bf73f491661375b225785654bb956ee-software-development-engineer-3-frontend,,rolesweep,"[{""site"": ""rolesweep"", ""url"": ""https://rolesweep.com/jobs/5bf73f491661375b225785654bb956ee-software-development-engineer-3-frontend""}]",[],[],"{""location"": [""Karnataka, Bengaluru, India""]}",{},"{""location"": ""array_field""}",{}
https://rolesweep.com/jobs/c9fd7345592035feab44cb366b091fd6-software-development-engineer-ii-frontend-opportunities,Software Development Engineer II (Frontend) - Opportunities,Software Development Engineer II (Frontend) - Opportunities Seen 16d ago HighLevel,India,,,,,,,,,,remote,full_time,,,,,rolesweep,https://rolesweep.com/jobs/c9fd7345592035feab44cb366b091fd6-software-development-engineer-ii-frontend-opportunities,,rolesweep,"[{""site"": ""rolesweep"", ""url"": ""https://rolesweep.com/jobs/c9fd7345592035feab44cb366b091fd6-software-development-engineer-ii-frontend-opportunities""}]",[],[],"{""location"": [""India""]}",{},"{""location"": ""array_field""}",{}
https://rolesweep.com/jobs/51b7f17723fe5ca4b93cb4577e0bdc22-senior-frontend-developer-react-js-madrid,Senior Frontend Developer | React.js |Madrid,Senior Frontend Developer | React.js |Madrid Seen 16d ago UST,Madrid,,,,,,,,,,hybrid,full_time,,,,,rolesweep,https://rolesweep.com/jobs/51b7f17723fe5ca4b93cb4577e0bdc22-senior-frontend-developer-react-js-madrid,,rolesweep,"[{""site"": ""rolesweep"", ""url"": ""https://rolesweep.com/jobs/51b7f17723fe5ca4b93cb4577e0bdc22-senior-frontend-developer-react-js-madrid""}]",[],[],"{""location"": [""Madrid""]}",{},"{""location"": ""array_field""}",{}
https://rolesweep.com/jobs/7e2d3087d80a543ede24b7a2d02a8c35-staff-frontend-engineer-secureai,"Staff Frontend Engineer, SecureAI","Staff Frontend Engineer, SecureAI Seen 16d ago Okta","Toronto, Ontario, Canada",160000.0,220000.0,CAD,,"$160,000 - $220,000 CAD",,,,,hybrid,full_time,,,,,rolesweep,https://rolesweep.com/jobs/7e2d3087d80a543ede24b7a2d02a8c35-staff-frontend-engineer-secureai,,rolesweep,"[{""site"": ""rolesweep"", ""url"": ""https://rolesweep.com/jobs/7e2d3087d80a543ede24b7a2d02a8c35-staff-frontend-engineer-secureai""}]",[],[],"{""location"": [""Toronto, Ontario, Canada""]}",{},"{""location"": ""array_field""}",{}
https://rolesweep.com/jobs/973f9513a79fc5f6149e468c9a1b6113-senior-frontend-engineer-vehicle-software-integrity,Senior Frontend Engineer - Vehicle Software Integrity,Senior Frontend Engineer - Vehicle Software Integrity Seen 16d ago General Motors,"Austin, Texas plus 3 locations",,,,,,,,,,hybrid,full_time,,,,,rolesweep,https://rolesweep.com/jobs/973f9513a79fc5f6149e468c9a1b6113-senior-frontend-engineer-vehicle-software-integrity,,rolesweep,"[{""site"": ""rolesweep"", ""url"": ""https://rolesweep.com/jobs/973f9513a79fc5f6149e468c9a1b6113-senior-frontend-engineer-vehicle-software-integrity""}]",[],[],"{""location"": [""Austin, Texas plus 3 locations""]}",{},"{""location"": ""array_field""}",{}
https://rolesweep.com/jobs/0d967ac866376441e79d785c142b121a-senior-software-engineer-frontend,"Senior Software Engineer, Frontend","Senior Software Engineer, Frontend Seen 16d ago Brex","San Francisco, California, United States",192000.0,240000.0,,,"$192,000 - $240,000",,,,,hybrid,full_time,,,,,rolesweep,https://rolesweep.com/jobs/0d967ac866376441e79d785c142b121a-senior-software-engineer-frontend,,rolesweep,"[{""site"": ""rolesweep"", ""url"": ""https://rolesweep.com/jobs/0d967ac866376441e79d785c142b121a-senior-software-engineer-frontend""}]",[],[],"{""location"": [""San Francisco, California, United States""]}",{},"{""location"": ""array_field""}",{}
https://rolesweep.com/jobs/1397f84bce6eb3ba1309d83cfcedbbd0-senior-software-engineer-frontend,"Senior Software Engineer, Frontend","Senior Software Engineer, Frontend Seen 16d ago Brex","Seattle, Washington, United States",192000.0,240000.0,,,"$192,000 - $240,000",,,,,hybrid,full_time,,,,,rolesweep,https://rolesweep.com/jobs/1397f84bce6eb3ba1309d83cfcedbbd0-senior-software-engineer-frontend,,rolesweep,"[{""site"": ""rolesweep"", ""url"": ""https://rolesweep.com/jobs/1397f84bce6eb3ba1309d83cfcedbbd0-senior-software-engineer-frontend""}]",[],[],"{""location"": [""Seattle, Washington, United States""]}",{},"{""location"": ""array_field""}",{}
https://rolesweep.com/jobs/ef12c06d78ba0af3d6388f443b600c4f-senior-software-engineer-frontend,"Senior Software Engineer, Frontend","Senior Software Engineer, Frontend Seen 16d ago Brex","New York, New York, United States",192000.0,240000.0,,,"$192,000 - $240,000",,,,,hybrid,full_time,,,,,rolesweep,https://rolesweep.com/jobs/ef12c06d78ba0af3d6388f443b600c4f-senior-software-engineer-frontend,,rolesweep,"[{""site"": ""rolesweep"", ""url"": ""https://rolesweep.com/jobs/ef12c06d78ba0af3d6388f443b600c4f-senior-software-engineer-frontend""}]",[],[],"{""location"": [""New York, New York, United States""]}",{},"{""location"": ""array_field""}",{}
https://rolesweep.com/jobs/885d2a8fdc66f0621c46e2b9db63d995-senior-frontend-engineer-find-my,Senior Frontend Engineer (Find My),Senior Frontend Engineer (Find My) Seen 16d ago Apple,"Malmo, Sweden",,,,,,,,,,onsite,full_time,,,,,rolesweep,https://rolesweep.com/jobs/885d2a8fdc66f0621c46e2b9db63d995-senior-frontend-engineer-find-my,,rolesweep,"[{""site"": ""rolesweep"", ""url"": ""https://rolesweep.com/jobs/885d2a8fdc66f0621c46e2b9db63d995-senior-frontend-engineer-find-my""}]",[],[],"{""location"": [""Malmo, Sweden""]}",{},"{""location"": ""array_field""}",{}
https://rolesweep.com/jobs/b0dd0f0a1443915de21e31bfc8380aa9-frontend-engineer,Frontend Engineer,Frontend Engineer Seen 17d ago Cisco Systems,"Krakow, Poland",,,,,,,,,,hybrid,full_time,,,,,rolesweep,https://rolesweep.com/jobs/b0dd0f0a1443915de21e31bfc8380aa9-frontend-engineer,,rolesweep,"[{""site"": ""rolesweep"", ""url"": ""https://rolesweep.com/jobs/b0dd0f0a1443915de21e31bfc8380aa9-frontend-engineer""}]",[],[],"{""location"": [""Krakow, Poland""]}",{},"{""location"": ""array_field""}",{}
https://rolesweep.com/jobs/e4a7d5cd11aad22c69348450dfc78a21-software-development-engineer-ii-frontend-contacts,Software Development Engineer II (Frontend) - Contacts,Software Development Engineer II (Frontend) - Contacts Seen 17d ago HighLevel,India,,,,,,,,,,remote,full_time,,,,,rolesweep,https://rolesweep.com/jobs/e4a7d5cd11aad22c69348450dfc78a21-software-development-engineer-ii-frontend-contacts,,rolesweep,"[{""site"": ""rolesweep"", ""url"": ""https://rolesweep.com/jobs/e4a7d5cd11aad22c69348450dfc78a21-software-development-engineer-ii-frontend-contacts""}]",[],[],"{""location"": [""India""]}",{},"{""location"": ""array_field""}",{}
https://rolesweep.com/jobs/f2f9c08b2d638369bc56ae937b5ebb57-software-development-engineer-ii-frontend-tasks,Software Development Engineer II (Frontend) - Tasks,Software Development Engineer II (Frontend) - Tasks Seen 17d ago HighLevel,India,,,,,,,,,,remote,full_time,,,,,rolesweep,https://rolesweep.com/jobs/f2f9c08b2d638369bc56ae937b5ebb57-software-development-engineer-ii-frontend-tasks,,rolesweep,"[{""site"": ""rolesweep"", ""url"": ""https://rolesweep.com/jobs/f2f9c08b2d638369bc56ae937b5ebb57-software-development-engineer-ii-frontend-tasks""}]",[],[],"{""location"": [""India""]}",{},"{""location"": ""array_field""}",{}
https://rolesweep.com/jobs/af28f0a94ce54ac612f0471650f69df5-experienced-frontend-software-engineer,Experienced Frontend Software Engineer,Experienced Frontend Software Engineer Seen 17d ago Boeing,"POL - Gdansk, Poland",,,,,,,,,,hybrid,full_time,,,,,rolesweep,https://rolesweep.com/jobs/af28f0a94ce54ac612f0471650f69df5-experienced-frontend-software-engineer,,rolesweep,"[{""site"": ""rolesweep"", ""url"": ""https://rolesweep.com/jobs/af28f0a94ce54ac612f0471650f69df5-experienced-frontend-software-engineer""}]",[],[],"{""location"": [""POL - Gdansk, Poland""]}",{},"{""location"": ""array_field""}",{}
https://rolesweep.com/jobs/f19148d575b6a0616c6958ba9d372c8d-staff-software-engineer-frontend,Staff Software Engineer - Frontend,Staff Software Engineer - Frontend Seen 17d ago Datadog,"New York, New York, USA",138000.0,305000.0,USD,,"$138,000 - $305,000 USD",,,,,hybrid,full_time,,,,,rolesweep,https://rolesweep.com/jobs/f19148d575b6a0616c6958ba9d372c8d-staff-software-engineer-frontend,,rolesweep,"[{""site"": ""rolesweep"", ""url"": ""https://rolesweep.com/jobs/f19148d575b6a0616c6958ba9d372c8d-staff-software-engineer-frontend""}]",[],[],"{""location"": [""New York, New York, USA""]}",{},"{""location"": ""array_field""}",{}
https://rolesweep.com/jobs/daef8266b83beee1a194bc07bc078933-frontend-engineer-ux-designer-data-platform-engineering-associate-stockholm,Frontend Engineer/UX Designer – Data Platform Engineering - Associate - Stockholm,Frontend Engineer/UX Designer – Data Platform Engineering - Associate - Stockholm Seen 17d ago Goldman Sachs,"Stockholm, Stockholm, Sweden",,,,,,,,,,hybrid,full_time,,,,,rolesweep,https://rolesweep.com/jobs/daef8266b83beee1a194bc07bc078933-frontend-engineer-ux-designer-data-platform-engineering-associate-stockholm,,rolesweep,"[{""site"": ""rolesweep"", ""url"": ""https://rolesweep.com/jobs/daef8266b83beee1a194bc07bc078933-frontend-engineer-ux-designer-data-platform-engineering-associate-stockholm""}]",[],[],"{""location"": [""Stockholm, Stockholm, Sweden""]}",{},"{""location"": ""array_field""}",{}
https://rolesweep.com/jobs/4363f6c819ed78b2a13b2515d5f83624-staff-software-engineer-frontend,Staff Software Engineer - Frontend,Staff Software Engineer - Frontend Seen 18d ago Sarvam AI,Bengaluru,,,,,,,,,,onsite,full_time,,,,,rolesweep,https://rolesweep.com/jobs/4363f6c819ed78b2a13b2515d5f83624-staff-software-engineer-frontend,,rolesweep,"[{""site"": ""rolesweep"", ""url"": ""https://rolesweep.com/jobs/4363f6c819ed78b2a13b2515d5f83624-staff-software-engineer-frontend""}]",[],[],"{""location"": [""Bengaluru""]}",{},"{""location"": ""array_field""}",{}
https://rolesweep.com/jobs/33992bdbe63c130e773fe520482e5119-senior-full-stack-engineer-frontend-lead,Senior Full-Stack Engineer (Frontend Lead),Senior Full-Stack Engineer (Frontend Lead) Seen 21d ago DXC Technology,TUN - ARIANA,,,,,,,,,,hybrid,full_time,,,,,rolesweep,https://rolesweep.com/jobs/33992bdbe63c130e773fe520482e5119-senior-full-stack-engineer-frontend-lead,,rolesweep,"[{""site"": ""rolesweep"", ""url"": ""https://rolesweep.com/jobs/33992bdbe63c130e773fe520482e5119-senior-full-stack-engineer-frontend-lead""}]",[],[],"{""location"": [""TUN - ARIANA""]}",{},"{""location"": ""array_field""}",{}
https://rolesweep.com/jobs/a9995b2966e32faf442708301511205c-software-engineer-i-frontend-upfunnel,"Software Engineer I, Frontend (Upfunnel)","Software Engineer I, Frontend (Upfunnel) Seen 21d ago Affirm",Remote Canada,,,,,,,,,,remote,full_time,,,,,rolesweep,https://rolesweep.com/jobs/a9995b2966e32faf442708301511205c-software-engineer-i-frontend-upfunnel,,rolesweep,"[{""site"": ""rolesweep"", ""url"": ""https://rolesweep.com/jobs/a9995b2966e32faf442708301511205c-software-engineer-i-frontend-upfunnel""}]",[],[],"{""location"": [""Remote Canada""]}",{},"{""location"": ""array_field""}",{}
https://rolesweep.com/jobs/7c2a2a0789c1f13b6e14fe72a97e75b8-software-engineer-intern-frontend-summer-2027,"Software Engineer Intern, Frontend (Summer 2027)","Software Engineer Intern, Frontend (Summer 2027) Seen 21d ago Lyft","Mexico City, Mexico",,,,,,,,true,,onsite,full_time,,,,,rolesweep,https://rolesweep.com/jobs/7c2a2a0789c1f13b6e14fe72a97e75b8-software-engineer-intern-frontend-summer-2027,,rolesweep,"[{""site"": ""rolesweep"", ""url"": ""https://rolesweep.com/jobs/7c2a2a0789c1f13b6e14fe72a97e75b8-software-engineer-intern-frontend-summer-2027""}]",[],[],"{""location"": [""Mexico City, Mexico""]}",{},"{""location"": ""array_field""}",{}
https://rolesweep.com/jobs/df927ae07cc20cb9c455b44fec48d92a-junior-frontend-developer,Junior Frontend Developer,Junior Frontend Developer Seen 22d ago Capgemini,"Dallas, TX, US",43984.0,105600.0,,,"$43,984 - $105,600",,,,,onsite,full_time,,,,,rolesweep,https://rolesweep.com/jobs/df927ae07cc20cb9c455b44fec48d92a-junior-frontend-developer,,rolesweep,"[{""site"": ""rolesweep"", ""url"": ""https://rolesweep.com/jobs/df927ae07cc20cb9c455b44fec48d92a-junior-frontend-developer""}]",[],[],"{""location"": [""Dallas, TX, US""]}",{},"{""location"": ""array_field""}",{}
https://rolesweep.com/jobs/e6502f4ac563e5dcd17c461c6ef4ed45-frontend-engineer-ads,"Frontend Engineer, Ads","Frontend Engineer, Ads Seen 22d ago Reddit",Remote - United States,164200.0,229900.0,USD,,"$164,200 - $229,900 USD",,,,,remote,full_time,,,,,rolesweep,https://rolesweep.com/jobs/e6502f4ac563e5dcd17c461c6ef4ed45-frontend-engineer-ads,,rolesweep,"[{""site"": ""rolesweep"", ""url"": ""https://rolesweep.com/jobs/e6502f4ac563e5dcd17c461c6ef4ed45-frontend-engineer-ads""}]",[],[],"{""location"": [""Remote - United States""]}",{},"{""location"": ""array_field""}",{}
https://www.linkedin.com/posts/morgan-stewart-7355143b_we-are-hiring-a-senior-front-end-innovation-activity-7511098885684064256-18Gi,Senior Front End Innovation Engineer,Sealed Air Corporation,Charlotte,,,,,,2026-09-30T17:01:50.294+00:00,2026-09-30T16:25:23.816+00:00,,,,,,Apply via recruiter (DM Miranda Sarvis Carteret or link),,,backchannel,https://www.linkedin.com/posts/morgan-stewart-7355143b_we-are-hiring-a-senior-front-end-innovation-activity-7511098885684064256-18Gi,,backchannel,"[{""site"": ""backchannel"", ""url"": ""https://www.linkedin.com/posts/morgan-stewart-7355143b_we-are-hiring-a-senior-front-end-innovation-activity-7511098885684064256-18Gi""}]",[],[],"{""location"": [""Charlotte""]}",{},"{""location"": ""array_field""}",{}
https://www.linkedin.com/posts/vedamene_frontend-engineer-human-capitalists-activity-7510914890178486272-l6eA,Frontend Engineer,Undisclosed YC-backed Tax SaaS Startup,Chicago,150000.0,200000.0,,,$150K–$200K,2026-09-30T08:01:48.951+00:00,2026-09-30T04:14:15.869+00:00,,,,,,Apply via recruiter (DM or link),,,backchannel,https://www.linkedin.com/posts/vedamene_frontend-engineer-human-capitalists-activity-7510914890178486272-l6eA,,backchannel,"[{""site"": ""backchannel"", ""url"": ""https://www.linkedin.com/posts/vedamene_frontend-engineer-human-capitalists-activity-7510914890178486272-l6eA""}]",[],[],"{""location"": [""Chicago""]}",{},"{""location"": ""array_field""}",{}
https://www.linkedin.com/feed/update/urn:li:groupPost:10529815-7510455614028886017,Senior Front End Developer,Triano Technologies,Columbus,,,,,,2026-09-29T05:01:33.245+00:00,2026-09-28T21:23:54.772+00:00,,,,,,Apply via recruiter (email),,,backchannel,https://www.linkedin.com/feed/update/urn:li:groupPost:10529815-7510455614028886017 | https://www.linkedin.com/feed/update/urn:li:groupPost:10529815-7510449233330884608,,backchannel,"[{""site"": ""backchannel"", ""url"": ""https://www.linkedin.com/feed/update/urn:li:groupPost:10529815-7510455614028886017""}, {""site"": ""backchannel"", ""url"": ""https://www.linkedin.com/feed/update/urn:li:groupPost:10529815-7510449233330884608""}]",[],[],"{""location"": [""Columbus""]}",{},"{""location"": ""array_field""}",{}
https://www.linkedin.com/feed/update/urn:li:groupPost:10529815-7510459916839661568,Front End Developer,Triano Technologies,Columbus,,,,,,2026-09-29T05:01:24.888+00:00,2026-09-28T22:05:58.281+00:00,,,,,,Apply via recruiter (email),,,backchannel,https://www.linkedin.com/feed/update/urn:li:groupPost:10529815-7510459916839661568 | https://www.linkedin.com/posts/dev-krishna-sahu_hiring-activity-7510459818311340033-slc7,,backchannel,"[{""site"": ""backchannel"", ""url"": ""https://www.linkedin.com/feed/update/urn:li:groupPost:10529815-7510459916839661568""}, {""site"": ""backchannel"", ""url"": ""https://www.linkedin.com/posts/dev-krishna-sahu_hiring-activity-7510459818311340033-slc7""}]",[],[],"{""location"": [""Columbus""]}",{},"{""location"": ""array_field""}",{}
https://www.linkedin.com/posts/krishna-g-b4b57b389_hiring-reactdeveloper-reactjs-activity-7507857372451811329-_Rsd,Senior React Frontend Engineer,Infosys / Amex,"Phoenix, AZ",,,,,,2026-09-21T19:01:02.003+00:00,2026-09-21T17:44:46.837+00:00,,,,,,Apply via recruiter (email),,,backchannel,https://www.linkedin.com/posts/krishna-g-b4b57b389_hiring-reactdeveloper-reactjs-activity-7507857372451811329-_Rsd,,backchannel,"[{""site"": ""backchannel"", ""url"": ""https://www.linkedin.com/posts/krishna-g-b4b57b389_hiring-reactdeveloper-reactjs-activity-7507857372451811329-_Rsd""}]",[],[],"{""location"": [""Phoenix, AZ""]}",{},"{""location"": ""array_field""}",{}
https://www.linkedin.com/feed/update/urn:li:groupPost:9292192-7507805767648043009,SW Engineer – Front End / Mobile,SDIL Tech,Detroit,,,,,,2026-09-21T15:02:59.484+00:00,2026-09-21T14:19:43.441+00:00,,,,,,Apply via recruiter (email),,,backchannel,https://www.linkedin.com/feed/update/urn:li:groupPost:9292192-7507805767648043009,,backchannel,"[{""site"": ""backchannel"", ""url"": ""https://www.linkedin.com/feed/update/urn:li:groupPost:9292192-7507805767648043009""}]",[],[],"{""location"": [""Detroit""]}",{},"{""location"": ""array_field""}",{}
https://www.linkedin.com/posts/global-jobs-opportunity_frontend-software-engineer-ramp-remote-activity-7507741726976077825-BQ6c,Frontend Software Engineer,Ramp,Remote,143200.0,284000.0,,year,$143.2K – $284K per year,2026-09-21T11:00:22.804+00:00,2026-09-21T10:05:14.807+00:00,,,remote,,,Apply via recruiter (link),,,backchannel,https://www.linkedin.com/posts/global-jobs-opportunity_frontend-software-engineer-ramp-remote-activity-7507741726976077825-BQ6c,,backchannel,"[{""site"": ""backchannel"", ""url"": ""https://www.linkedin.com/posts/global-jobs-opportunity_frontend-software-engineer-ramp-remote-activity-7507741726976077825-BQ6c""}]",[],[],"{""location"": [""Remote""]}",{},"{""location"": ""array_field""}",{}
https://news.ycombinator.com/item?id=49931850,Frontend Engineer,Matcha.fm,FULLY REMOTE (US / Canada / Europe / UK / Brazil / LATAM),,,,,,,2026-10-02T10:18:55Z,,,remote,,,,,,hn,https://news.ycombinator.com/item?id=49931850,,hn,"[{""site"": ""hn"", ""url"": ""https://news.ycombinator.com/item?id=49931850""}]","[""https://matcha.fm"", ""https://matcha.fm/apply/fse"", ""https://matcha.fm/apply/marketing"", ""https://matcha.fm/apply/be"", ""https://matcha.fm/apply/ai"", ""https://matcha.fm/apply/design""]",[],"{""location"": [""FULLY REMOTE (US / Canada / Europe / UK / Brazil / LATAM)""]}",{},"{""location"": ""array_field""}",{}
https://news.ycombinator.com/item?id=49930656,Frontend Developer,Vistulo,"Senior Java, C#, React & Calypso engineers, Calypso BA/PO",,,,,,,2026-10-02T07:09:22Z,,,,,,,,,hn,https://news.ycombinator.com/item?id=49930656,,hn,"[{""site"": ""hn"", ""url"": ""https://news.ycombinator.com/item?id=49930656""}]","[""https://ats.vistulo.com/roles/253cbd69-1019-4547-93b6-6ef8dbc9e771/java-trading-systems-engineer-2026-06/hn/"", ""https://ats.vistulo.com/roles/a7986cb1-7531-4376-9f07-8dfa11e965c7/sr-c-trading-engineer-2026-07/hn/"", ""https://ats.vistulo.com/roles/0b4668c6-525e-4d41-8c6a-f6a8b2f09b34/calypso-dev-2026-08/hn/"", ""https://ats.vistulo.com/roles/64866447-8224-49ab-b655-5c2f894dc491/java-backend-engineer-2026-09/hn/"", ""https://ats.vistulo.com/roles/1f5cb00f-791b-4491-a189-32a272309aaa/sr-react-with-fi-2026-06/hn/"", ""https://ats.vistulo.com/roles/54c7dcf3-d40a-4d1f-8073-ee99c65404c5/calypso-ba-2026-08/hn/""]",[],"{""location"": [""Senior Java, C#, React & Calypso engineers, Calypso BA/PO""]}",{},"{""location"": ""array_field""}",{}
https://news.ycombinator.com/item?id=49923640,FrontEnd Engineer,Beacon AI,"3 days hybrid in San Carlos, CA",,,,,,,2026-10-01T16:14:52Z,,,,,,,,,hn,https://news.ycombinator.com/item?id=49923640,,hn,"[{""site"": ""hn"", ""url"": ""https://news.ycombinator.com/item?id=49923640""}]","[""https://beaconai.co/careers""]",[],"{""location"": [""3 days hybrid in San Carlos, CA""]}",{},"{""location"": ""array_field""}",{}
https://news.ycombinator.com/item?id=49922615,Senior Frontend Engineer,Open Education Applications / Neon,"Senior/Lead Platform & DevOps Engineer, Senior Frontend Engineer, Senior Full-Stack Engineer",,,,,,,2026-10-01T15:04:09Z,,,,,,,,,hn,https://news.ycombinator.com/item?id=49922615,,hn,"[{""site"": ""hn"", ""url"": ""https://news.ycombinator.com/item?id=49922615""}]","[""https://openeducation.foundation"", ""https://www.neon.nl""]",[],"{""location"": [""Senior/Lead Platform & DevOps Engineer, Senior Frontend Engineer, Senior Full-Stack Engineer""]}",{},"{""location"": ""array_field""}",{}
https://rolesweep.com/jobs/1d508b1920d75daf9cde65097b4a528e-staff-software-engineer-frontend,"Staff, Software Engineer - Frontend","Staff, Software Engineer - Frontend Seen 1d ago Walmart (US)",(USA) SUNNYVALE TECH CORNERS BLDG 6 CA SUNNYVALE Home Office,143000.0,286000.0,,,"$143,000.00 - $286,000.00",,,,,hybrid,full_time,,,,,rolesweep,https://rolesweep.com/jobs/1d508b1920d75daf9cde65097b4a528e-staff-software-engineer-frontend,,rolesweep,"[{""site"": ""rolesweep"", ""url"": ""https://rolesweep.com/jobs/1d508b1920d75daf9cde65097b4a528e-staff-software-engineer-frontend""}]",[],[],"{""location"": [""(USA) SUNNYVALE TECH CORNERS BLDG 6 CA SUNNYVALE Home Office""]}",{},"{""location"": ""array_field""}",{}
https://www.remoterocketship.com/publicjobs/company/youxgroup-com-br/jobs/senior-front-end-developer-worldwide-remote-2/,Senior Front-End Developer,Youx Group,🇧🇷 Brazil – Remote,,,,,,,,,,remote,full_time,,,,,remote_rocketship,https://www.remoterocketship.com/publicjobs/company/youxgroup-com-br/jobs/senior-front-end-developer-worldwide-remote-2/,,remote_rocketship,"[{""site"": ""remote_rocketship"", ""url"": ""https://www.remoterocketship.com/publicjobs/company/youxgroup-com-br/jobs/senior-front-end-developer-worldwide-remote-2/""}]",[],"[""https://youxgroup.com.br/""]","{""location"": [""🇧🇷 Brazil – Remote""]}",{},"{""location"": ""array_field""}",{}
https://www.linkedin.com/feed/update/urn:li:groupPost:10529815-7507805714585788417,Software Engineer – Front End / Mobile,SDIL Tech,Detroit,,,,,,2026-09-21T15:02:48.036+00:00,2026-09-21T14:19:30.779+00:00,,,,,,Apply via recruiter (email),,,backchannel,https://www.linkedin.com/feed/update/urn:li:groupPost:10529815-7507805714585788417,,backchannel,"[{""site"": ""backchannel"", ""url"": ""https://www.linkedin.com/feed/update/urn:li:groupPost:10529815-7507805714585788417""}]",[],[],"{""location"": [""Detroit""]}",{},"{""location"": ""array_field""}",{}
