url,title,company,location,salary_minimum,salary_maximum,salary_currency,salary_period,salary_text,last_updated,posted_at,internship,sponsors_visa,workplace,employment_type,experience_levels,note,url_validated_at,application_url_type,source_sites,source_urls,valid_through,source,sources_json,application_urls_json,employer_urls_json,array_fields_json,fields_json,field_types_json,enrichment_json
https://news.ycombinator.com/item?id=49931850,Frontend Engineer,Matcha.fm,FULLY REMOTE (US / Canada / Europe / UK / Brazil / LATAM),,,,,,,2026-10-02T10:18:55Z,,,remote,,,,,,hn,https://news.ycombinator.com/item?id=49931850,,hn,"[{""site"": ""hn"", ""url"": ""https://news.ycombinator.com/item?id=49931850""}]","[""https://matcha.fm"", ""https://matcha.fm/apply/fse"", ""https://matcha.fm/apply/marketing"", ""https://matcha.fm/apply/be"", ""https://matcha.fm/apply/ai"", ""https://matcha.fm/apply/design""]",[],"{""location"": [""FULLY REMOTE (US / Canada / Europe / UK / Brazil / LATAM)""]}",{},"{""location"": ""array_field""}",{}
https://simplify.jobs/p/5e558138-d7d3-4c21-9f9a-a3a7dec1906e,Product Design Engineer,Accelerant,Remote; Remote in USA; Remote in UK; Remote in Canada,,,,,,2026-10-02T11:22:07+00:00,2026-10-01T22:24:52+00:00,false,,remote,full_time,senior,,,,simplify,https://simplify.jobs/p/5e558138-d7d3-4c21-9f9a-a3a7dec1906e,,simplify,"[{""site"": ""simplify"", ""url"": ""https://simplify.jobs/p/5e558138-d7d3-4c21-9f9a-a3a7dec1906e""}]",[],[],"{""location"": [""Remote; Remote in USA; Remote in UK; Remote in Canada""]}",{},"{""location"": ""array_field""}",{}
https://simplify.jobs/p/012bf4a9-b3b1-48f4-b739-ef39520ba3fa,Senior Design Engineer,Turquoise Health,Remote; Remote in USA,172000.0,220000.0,USD,,,2026-10-01T22:33:33+00:00,2026-10-01T22:23:43+00:00,false,,remote,full_time,mid | senior,,,,simplify,https://simplify.jobs/p/012bf4a9-b3b1-48f4-b739-ef39520ba3fa,,simplify,"[{""site"": ""simplify"", ""url"": ""https://simplify.jobs/p/012bf4a9-b3b1-48f4-b739-ef39520ba3fa""}]",[],[],"{""location"": [""Remote; Remote in USA""]}",{},"{""location"": ""array_field""}",{}
https://simplify.jobs/p/7d4431a4-b20b-4bf9-874e-d8ad4e8350f6,Front End and Digital Experience Engineer,DecisionPoint,Remote; Remote in USA,,,,,,2026-10-01T22:15:11+00:00,2026-10-01T22:05:35+00:00,false,,remote,full_time,senior,,,,simplify,https://simplify.jobs/p/7d4431a4-b20b-4bf9-874e-d8ad4e8350f6,,simplify,"[{""site"": ""simplify"", ""url"": ""https://simplify.jobs/p/7d4431a4-b20b-4bf9-874e-d8ad4e8350f6""}]",[],[],"{""location"": [""Remote; Remote in USA""]}",{},"{""location"": ""array_field""}",{}
https://simplify.jobs/p/28baab9a-f214-4cb0-9641-e41fce5e9f1d,Digital Experience Engineer - Web Development,DecisionPoint,Remote; Remote in USA,,,,,,2026-10-01T22:06:01+00:00,2026-10-01T22:05:35+00:00,false,,remote,full_time,senior,,,,simplify,https://simplify.jobs/p/28baab9a-f214-4cb0-9641-e41fce5e9f1d,,simplify,"[{""site"": ""simplify"", ""url"": ""https://simplify.jobs/p/28baab9a-f214-4cb0-9641-e41fce5e9f1d""}]",[],[],"{""location"": [""Remote; Remote in USA""]}",{},"{""location"": ""array_field""}",{}
https://simplify.jobs/p/2ba9b8ad-9c43-4ef9-983b-f0c2698d0671,Frontend / UX Engineers,NTT Data,"Remote; Bethesda, MD, USA",68076.0,141826.0,USD,,,2026-10-01T22:15:11+00:00,2026-10-01T22:03:56+00:00,false,,remote,full_time,mid,,,,simplify,https://simplify.jobs/p/2ba9b8ad-9c43-4ef9-983b-f0c2698d0671,,simplify,"[{""site"": ""simplify"", ""url"": ""https://simplify.jobs/p/2ba9b8ad-9c43-4ef9-983b-f0c2698d0671""}]",[],[],"{""location"": [""Remote; Bethesda, MD, USA""]}",{},"{""location"": ""array_field""}",{}
https://simplify.jobs/p/40766027-e912-4c4d-b721-a9afde5cf65e,Web Developer 2,Chenega,"Remote; Washington, USA",,,,,,2026-10-01T01:19:31+00:00,2026-10-01T01:09:51+00:00,false,,remote,full_time,mid,,,,simplify,https://simplify.jobs/p/40766027-e912-4c4d-b721-a9afde5cf65e,,simplify,"[{""site"": ""simplify"", ""url"": ""https://simplify.jobs/p/40766027-e912-4c4d-b721-a9afde5cf65e""}]",[],[],"{""location"": [""Remote; Washington, USA""]}",{},"{""location"": ""array_field""}",{}
https://simplify.jobs/p/b11ac3dd-1206-4dc6-8d93-3481680bf16c,Senior Development Engineer 1 - CAP UI,CVS Health,"Remote; California, USA; Minnesota, USA; Massachusetts, USA",92700.0,203940.0,USD,,,2026-10-01T22:15:19+00:00,2026-10-01T00:00:00+00:00,false,,remote,full_time,mid | senior,,,,simplify,https://simplify.jobs/p/b11ac3dd-1206-4dc6-8d93-3481680bf16c,,simplify,"[{""site"": ""simplify"", ""url"": ""https://simplify.jobs/p/b11ac3dd-1206-4dc6-8d93-3481680bf16c""}]",[],[],"{""location"": [""Remote; California, USA; Minnesota, USA; Massachusetts, USA""]}",{},"{""location"": ""array_field""}",{}
https://simplify.jobs/p/37c3d2cb-26dd-4127-ab30-2e2634223139,Software Engineer - Front-End,Eloquent AI,"Remote; San Francisco, CA, USA",,,,,,2026-09-30T22:36:02+00:00,2026-09-30T22:23:13+00:00,false,,remote,full_time,senior,,,,simplify,https://simplify.jobs/p/37c3d2cb-26dd-4127-ab30-2e2634223139,,simplify,"[{""site"": ""simplify"", ""url"": ""https://simplify.jobs/p/37c3d2cb-26dd-4127-ab30-2e2634223139""}]",[],[],"{""location"": [""Remote; San Francisco, CA, USA""]}",{},"{""location"": ""array_field""}",{}
https://simplify.jobs/p/d7f03218-3bf7-4c59-a0ae-23a24e971d13,Web Application Developer,Saalex,"Remote; Remote in USA; Keyport, WA, USA",90000.0,120000.0,USD,,,2026-09-30T22:30:01+00:00,2026-09-30T22:20:44+00:00,false,,remote,full_time,mid,,,,simplify,https://simplify.jobs/p/d7f03218-3bf7-4c59-a0ae-23a24e971d13,,simplify,"[{""site"": ""simplify"", ""url"": ""https://simplify.jobs/p/d7f03218-3bf7-4c59-a0ae-23a24e971d13""}]",[],[],"{""location"": [""Remote; Remote in USA; Keyport, WA, USA""]}",{},"{""location"": ""array_field""}",{}
https://simplify.jobs/p/02570605-66be-4d56-a14f-357e338e7931,Freelance Software Engineer - Frontend,Left Field Labs,Remote; Remote in USA,60.0,100.0,USD,,,2026-09-30T22:18:38+00:00,2026-09-30T22:12:48+00:00,false,,remote,contract,mid,,,,simplify,https://simplify.jobs/p/02570605-66be-4d56-a14f-357e338e7931,,simplify,"[{""site"": ""simplify"", ""url"": ""https://simplify.jobs/p/02570605-66be-4d56-a14f-357e338e7931""}]",[],[],"{""location"": [""Remote; Remote in USA""]}",{},"{""location"": ""array_field""}",{}
https://simplify.jobs/p/d8153fdc-84f8-48b0-9888-74bc6a4a5dc8,Frontend Engineer - Angular,RE Partners Consulting LLC,Remote; Remote in USA,120000.0,170000.0,USD,,,2026-10-02T11:16:01+00:00,2026-09-30T14:18:55+00:00,false,,remote,full_time,mid,,,,simplify,https://simplify.jobs/p/d8153fdc-84f8-48b0-9888-74bc6a4a5dc8,,simplify,"[{""site"": ""simplify"", ""url"": ""https://simplify.jobs/p/d8153fdc-84f8-48b0-9888-74bc6a4a5dc8""}]",[],[],"{""location"": [""Remote; Remote in USA""]}",{},"{""location"": ""array_field""}",{}
https://simplify.jobs/p/4f1f5de1-1140-4556-9a40-88e83b48c582,Senior Frontend React Engineer,Modern Family Law,"Remote; Remote in USA; Georgia, USA",130000.0,145000.0,USD,,,2026-09-30T01:24:01+00:00,2026-09-30T01:18:36+00:00,false,,remote,full_time,senior,,,,simplify,https://simplify.jobs/p/4f1f5de1-1140-4556-9a40-88e83b48c582,,simplify,"[{""site"": ""simplify"", ""url"": ""https://simplify.jobs/p/4f1f5de1-1140-4556-9a40-88e83b48c582""}]",[],[],"{""location"": [""Remote; Remote in USA; Georgia, USA""]}",{},"{""location"": ""array_field""}",{}
https://simplify.jobs/p/71dc2336-3c67-4018-9af7-68da7ae78f94,Junior Front-End Developer,BTI Solutions,"Remote; Texas, USA",57000.0,83000.0,USD,,,2026-09-30T22:30:33+00:00,2026-09-30T00:00:00+00:00,false,,remote,full_time,senior,,,,simplify,https://simplify.jobs/p/71dc2336-3c67-4018-9af7-68da7ae78f94,,simplify,"[{""site"": ""simplify"", ""url"": ""https://simplify.jobs/p/71dc2336-3c67-4018-9af7-68da7ae78f94""}]",[],[],"{""location"": [""Remote; Texas, USA""]}",{},"{""location"": ""array_field""}",{}
https://simplify.jobs/p/888fe9e9-e33f-4414-9328-24aa45f3a675,SAP UX Developer,Bright Vision Technologies,Remote; Remote in USA,125000.0,145000.0,USD,,,2026-09-29T22:39:02+00:00,2026-09-29T22:27:50+00:00,false,,remote,full_time,senior,,,,simplify,https://simplify.jobs/p/888fe9e9-e33f-4414-9328-24aa45f3a675,,simplify,"[{""site"": ""simplify"", ""url"": ""https://simplify.jobs/p/888fe9e9-e33f-4414-9328-24aa45f3a675""}]",[],[],"{""location"": [""Remote; Remote in USA""]}",{},"{""location"": ""array_field""}",{}
https://simplify.jobs/p/f348d421-f72c-4641-b46a-7e5baeeb2f1c,Angular Developer - Java Backend,Bright Vision Technologies,Remote; Remote in USA,120000.0,180000.0,USD,,,2026-09-29T22:39:02+00:00,2026-09-29T22:27:48+00:00,false,,remote,full_time,senior,,,,simplify,https://simplify.jobs/p/f348d421-f72c-4641-b46a-7e5baeeb2f1c,,simplify,"[{""site"": ""simplify"", ""url"": ""https://simplify.jobs/p/f348d421-f72c-4641-b46a-7e5baeeb2f1c""}]",[],[],"{""location"": [""Remote; Remote in USA""]}",{},"{""location"": ""array_field""}",{}
https://simplify.jobs/p/dc065c26-af3a-4888-ac5e-bcd68b757f45,Frontend Engineer - Ads Campaign Manager,Reddit,Remote; Remote in USA,164200.0,229900.0,USD,,,2026-09-29T22:27:05+00:00,2026-09-29T22:19:31+00:00,false,,remote,full_time,mid,,,,simplify,https://simplify.jobs/p/dc065c26-af3a-4888-ac5e-bcd68b757f45,,simplify,"[{""site"": ""simplify"", ""url"": ""https://simplify.jobs/p/dc065c26-af3a-4888-ac5e-bcd68b757f45""}]",[],[],"{""location"": [""Remote; Remote in USA""]}",{},"{""location"": ""array_field""}",{}
https://simplify.jobs/p/e29c18c3-0146-4d28-81c1-ed87138faa97,Software Engineer - UI,BCBST,"Remote; Chattanooga, TN, USA",,,,,,2026-09-29T22:12:05+00:00,2026-09-29T22:11:44+00:00,false,,remote,full_time,mid,,,,simplify,https://simplify.jobs/p/e29c18c3-0146-4d28-81c1-ed87138faa97,,simplify,"[{""site"": ""simplify"", ""url"": ""https://simplify.jobs/p/e29c18c3-0146-4d28-81c1-ed87138faa97""}]",[],[],"{""location"": [""Remote; Chattanooga, TN, USA""]}",{},"{""location"": ""array_field""}",{}
https://simplify.jobs/p/08073144-ce4d-46c8-9ac0-cf6bee3a2715,Junior Front-End Developer - Korean Bilingual,SBT Global,"Remote; Plano, TX, USA",,,,,,2026-09-29T22:18:52+00:00,2026-09-29T22:10:08+00:00,false,,remote,full_time,senior,,,,simplify,https://simplify.jobs/p/08073144-ce4d-46c8-9ac0-cf6bee3a2715,,simplify,"[{""site"": ""simplify"", ""url"": ""https://simplify.jobs/p/08073144-ce4d-46c8-9ac0-cf6bee3a2715""}]",[],[],"{""location"": [""Remote; Plano, TX, USA""]}",{},"{""location"": ""array_field""}",{}
https://simplify.jobs/p/5b327dd9-d002-4866-8640-fc0fbfc372fc,SAP Front-end Developer,Bright Vision Technologies,Remote; Remote in USA,100000.0,150000.0,USD,,,2026-09-28T22:30:01+00:00,2026-09-28T22:23:02+00:00,false,,remote,full_time,senior,,,,simplify,https://simplify.jobs/p/5b327dd9-d002-4866-8640-fc0fbfc372fc,,simplify,"[{""site"": ""simplify"", ""url"": ""https://simplify.jobs/p/5b327dd9-d002-4866-8640-fc0fbfc372fc""}]",[],[],"{""location"": [""Remote; Remote in USA""]}",{},"{""location"": ""array_field""}",{}
https://simplify.jobs/p/f69e5254-aa5f-49c8-a2bb-798f1bfad21a,SAP Fiori Developer,Bright Vision Technologies,Remote; Remote in USA,84000.0,109000.0,USD,,,2026-09-28T22:30:01+00:00,2026-09-28T22:23:02+00:00,false,,remote,full_time,senior,,,,simplify,https://simplify.jobs/p/f69e5254-aa5f-49c8-a2bb-798f1bfad21a,,simplify,"[{""site"": ""simplify"", ""url"": ""https://simplify.jobs/p/f69e5254-aa5f-49c8-a2bb-798f1bfad21a""}]",[],[],"{""location"": [""Remote; Remote in USA""]}",{},"{""location"": ""array_field""}",{}
https://simplify.jobs/p/762037b6-8b6a-4678-802c-5b2420d992a9,Senior SAP Fiori Developer,Bright Vision Technologies,Remote; Remote in USA,100000.0,150000.0,USD,,,2026-09-28T14:26:09+00:00,2026-09-28T14:22:16+00:00,false,,remote,full_time,senior,,,,simplify,https://simplify.jobs/p/762037b6-8b6a-4678-802c-5b2420d992a9,,simplify,"[{""site"": ""simplify"", ""url"": ""https://simplify.jobs/p/762037b6-8b6a-4678-802c-5b2420d992a9""}]",[],[],"{""location"": [""Remote; Remote in USA""]}",{},"{""location"": ""array_field""}",{}
https://www.linkedin.com/posts/remote-work-wfh_design-technologist-at-elation-health-activity-7509622936283090946-1WXD,Design Technologist,Elation Health,Remote,,,,,,2026-09-26T15:02:11.397+00:00,2026-09-26T14:40:30.057+00:00,,,remote,,,Apply via recruiter (link),,,backchannel,https://www.linkedin.com/posts/remote-work-wfh_design-technologist-at-elation-health-activity-7509622936283090946-1WXD,,backchannel,"[{""site"": ""backchannel"", ""url"": ""https://www.linkedin.com/posts/remote-work-wfh_design-technologist-at-elation-health-activity-7509622936283090946-1WXD""}]",[],[],"{""location"": [""Remote""]}",{},"{""location"": ""array_field""}",{}
https://simplify.jobs/p/7607b5a6-9eae-49e4-852b-d6a497b1f330,SAP UI5 Developer,Bright Vision Technologies,Remote; Remote in USA,,,,,,2026-09-26T01:18:01+00:00,2026-09-26T01:16:41+00:00,false,,remote,full_time,senior,,,,simplify,https://simplify.jobs/p/7607b5a6-9eae-49e4-852b-d6a497b1f330,,simplify,"[{""site"": ""simplify"", ""url"": ""https://simplify.jobs/p/7607b5a6-9eae-49e4-852b-d6a497b1f330""}]",[],[],"{""location"": [""Remote; Remote in USA""]}",{},"{""location"": ""array_field""}",{}
https://simplify.jobs/p/452c607b-c2a8-4bee-8e65-237fd446b21a,Front End Developer,Varsity Brands,"Remote; Kansas, USA; Texas, USA; Indiana, USA",,,,,,2026-09-25T22:33:01+00:00,2026-09-25T22:20:01+00:00,false,,remote,full_time,,,,,simplify,https://simplify.jobs/p/452c607b-c2a8-4bee-8e65-237fd446b21a,,simplify,"[{""site"": ""simplify"", ""url"": ""https://simplify.jobs/p/452c607b-c2a8-4bee-8e65-237fd446b21a""}]",[],[],"{""location"": [""Remote; Kansas, USA; Texas, USA; Indiana, USA""]}",{},"{""location"": ""array_field""}",{}
https://simplify.jobs/p/d7b1ec93-f60c-4191-b6ff-902c5d80f394,Senior Software Engineer - Design Systems,Thumbtack,"Remote; San Francisco, CA, USA; Remote in USA",179400.0,272800.0,USD,,,2026-09-25T22:33:01+00:00,2026-09-25T22:19:14+00:00,false,,remote,full_time,mid | senior,,,,simplify,https://simplify.jobs/p/d7b1ec93-f60c-4191-b6ff-902c5d80f394,,simplify,"[{""site"": ""simplify"", ""url"": ""https://simplify.jobs/p/d7b1ec93-f60c-4191-b6ff-902c5d80f394""}]",[],[],"{""location"": [""Remote; San Francisco, CA, USA; Remote in USA""]}",{},"{""location"": ""array_field""}",{}
https://simplify.jobs/p/e143ef2b-dd4c-4945-b1c6-1da953fee110,Senior Front End Software Engineer - Autofill,Bitwarden,Remote; Remote in USA,140000.0,200000.0,USD,,,2026-09-30T10:36:03+00:00,2026-09-25T14:34:49+00:00,false,,remote,full_time,senior,,,,simplify,https://simplify.jobs/p/e143ef2b-dd4c-4945-b1c6-1da953fee110,,simplify,"[{""site"": ""simplify"", ""url"": ""https://simplify.jobs/p/e143ef2b-dd4c-4945-b1c6-1da953fee110""}]",[],[],"{""location"": [""Remote; Remote in USA""]}",{},"{""location"": ""array_field""}",{}
https://simplify.jobs/p/916a6b8f-3e0f-4685-a0c8-7880d570e095,Senior Software Engineer - Web,Pinterest,"Remote; San Francisco, CA, USA; Remote in USA",149600.0,308000.0,USD,,,2026-09-24T22:06:56+00:00,2026-09-24T22:03:36+00:00,false,,remote,full_time,senior,,,,simplify,https://simplify.jobs/p/916a6b8f-3e0f-4685-a0c8-7880d570e095,,simplify,"[{""site"": ""simplify"", ""url"": ""https://simplify.jobs/p/916a6b8f-3e0f-4685-a0c8-7880d570e095""}]",[],[],"{""location"": [""Remote; San Francisco, CA, USA; Remote in USA""]}",{},"{""location"": ""array_field""}",{}
https://simplify.jobs/p/d0abfbca-c2e3-49e8-b682-3ab7822807a5,Principal UI Engineer - Platform - Cortex,Palo Alto Networks,"Remote; California, USA",156400.0,253000.0,USD,,,2026-09-24T22:45:01+00:00,2026-09-24T00:00:00+00:00,false,,remote,full_time,,,,,simplify,https://simplify.jobs/p/d0abfbca-c2e3-49e8-b682-3ab7822807a5,,simplify,"[{""site"": ""simplify"", ""url"": ""https://simplify.jobs/p/d0abfbca-c2e3-49e8-b682-3ab7822807a5""}]",[],[],"{""location"": [""Remote; California, USA""]}",{},"{""location"": ""array_field""}",{}
https://simplify.jobs/p/811a7da7-58ff-4c27-8ee9-c9073d442fa4,Front End Engineer - SalonBiz,EverCommerce,Remote; Remote in USA,78000.0,100000.0,USD,,,2026-09-24T09:33:17+00:00,2026-09-24T00:00:00+00:00,false,,remote,full_time,mid,,,,simplify,https://simplify.jobs/p/811a7da7-58ff-4c27-8ee9-c9073d442fa4,,simplify,"[{""site"": ""simplify"", ""url"": ""https://simplify.jobs/p/811a7da7-58ff-4c27-8ee9-c9073d442fa4""}]",[],[],"{""location"": [""Remote; Remote in USA""]}",{},"{""location"": ""array_field""}",{}
https://simplify.jobs/p/98024197-7d62-4c84-8405-32795c5dbbaa,Senior Software Engineer - Frontend,Sardine,Remote; Remote in USA,145000.0,195000.0,USD,,,2026-09-28T10:39:02+00:00,2026-09-23T22:27:43+00:00,false,,remote,full_time,senior,,,,simplify,https://simplify.jobs/p/98024197-7d62-4c84-8405-32795c5dbbaa,,simplify,"[{""site"": ""simplify"", ""url"": ""https://simplify.jobs/p/98024197-7d62-4c84-8405-32795c5dbbaa""}]",[],[],"{""location"": [""Remote; Remote in USA""]}",{},"{""location"": ""array_field""}",{}
https://simplify.jobs/p/d742be8d-b439-4f10-a2e5-c6112db83ccd,Principal Frontend Engineer,HavocAI,Remote; Remote in USA,185000.0,205000.0,USD,,,2026-09-25T10:21:01+00:00,2026-09-23T06:20:03+00:00,false,,remote,full_time,,,,,simplify,https://simplify.jobs/p/d742be8d-b439-4f10-a2e5-c6112db83ccd,,simplify,"[{""site"": ""simplify"", ""url"": ""https://simplify.jobs/p/d742be8d-b439-4f10-a2e5-c6112db83ccd""}]",[],[],"{""location"": [""Remote; Remote in USA""]}",{},"{""location"": ""array_field""}",{}
https://simplify.jobs/p/d33ae8ed-8675-49be-a252-00c169e3ef39,Senior Staff Software Engineer - Front End,Intuit,"Remote; Oakland, CA, USA; Mountain View, CA, USA",220500.0,298500.0,USD,,,2026-09-23T01:25:41+00:00,2026-09-23T01:20:39+00:00,false,,remote,full_time,senior,,,,simplify,https://simplify.jobs/p/d33ae8ed-8675-49be-a252-00c169e3ef39,,simplify,"[{""site"": ""simplify"", ""url"": ""https://simplify.jobs/p/d33ae8ed-8675-49be-a252-00c169e3ef39""}]",[],[],"{""location"": [""Remote; Oakland, CA, USA; Mountain View, CA, USA""]}",{},"{""location"": ""array_field""}",{}
https://simplify.jobs/p/e33855d8-6a19-4a65-a96b-b6d292b293ec,Design Engineer - Expansion,Stripe,Remote; Canada; United States,157300.0,235900.0,USD,,,2026-09-22T22:45:01+00:00,2026-09-22T22:32:45+00:00,false,,remote,full_time,mid,,,,simplify,https://simplify.jobs/p/e33855d8-6a19-4a65-a96b-b6d292b293ec,,simplify,"[{""site"": ""simplify"", ""url"": ""https://simplify.jobs/p/e33855d8-6a19-4a65-a96b-b6d292b293ec""}]",[],[],"{""location"": [""Remote; Canada; United States""]}",{},"{""location"": ""array_field""}",{}
https://simplify.jobs/p/78401cd8-cf21-4e33-898a-df46bbd14cfb,Senior Frontend Engineer,Seed Health,Remote; Remote in USA,160000.0,180000.0,USD,,,2026-10-01T22:33:33+00:00,2026-09-22T22:24:56+00:00,false,,remote,full_time,senior,,,,simplify,https://simplify.jobs/p/78401cd8-cf21-4e33-898a-df46bbd14cfb,,simplify,"[{""site"": ""simplify"", ""url"": ""https://simplify.jobs/p/78401cd8-cf21-4e33-898a-df46bbd14cfb""}]",[],[],"{""location"": [""Remote; Remote in USA""]}",{},"{""location"": ""array_field""}",{}
https://simplify.jobs/p/cd082daf-2c5b-4f93-acb2-400b1cd57326,Senior Frontend Software Engineer,Left Field Labs,Remote; Remote in USA; Remote in Canada,60.0,100.0,USD,,,2026-09-22T22:32:21+00:00,2026-09-22T22:12:52+00:00,false,,remote,contract,senior,,,,simplify,https://simplify.jobs/p/cd082daf-2c5b-4f93-acb2-400b1cd57326,,simplify,"[{""site"": ""simplify"", ""url"": ""https://simplify.jobs/p/cd082daf-2c5b-4f93-acb2-400b1cd57326""}]",[],[],"{""location"": [""Remote; Remote in USA; Remote in Canada""]}",{},"{""location"": ""array_field""}",{}
https://simplify.jobs/p/34fc4b08-6986-4cf1-bee7-17f222916002,Web Frontend Engineer - Artificial Intelligence,Ginas Tech Jobs,"Remote; San Francisco, CA, USA",120000.0,150000.0,USD,,,2026-09-22T22:09:10+00:00,2026-09-22T22:07:57+00:00,false,,remote,full_time,mid,,,,simplify,https://simplify.jobs/p/34fc4b08-6986-4cf1-bee7-17f222916002,,simplify,"[{""site"": ""simplify"", ""url"": ""https://simplify.jobs/p/34fc4b08-6986-4cf1-bee7-17f222916002""}]",[],[],"{""location"": [""Remote; San Francisco, CA, USA""]}",{},"{""location"": ""array_field""}",{}
https://simplify.jobs/p/99186e75-7bce-41bf-9576-cdf416bb8100,Creative Technologist,Nymbus,Remote; Remote in USA,65000.0,80000.0,USD,,,2026-10-01T10:42:01+00:00,2026-09-22T01:36:36+00:00,false,,remote,full_time,mid,,,,simplify,https://simplify.jobs/p/99186e75-7bce-41bf-9576-cdf416bb8100,,simplify,"[{""site"": ""simplify"", ""url"": ""https://simplify.jobs/p/99186e75-7bce-41bf-9576-cdf416bb8100""}]",[],[],"{""location"": [""Remote; Remote in USA""]}",{},"{""location"": ""array_field""}",{}
https://simplify.jobs/p/e8ba980b-e1db-408a-892b-51b480e4eeb6,Front End Web Applications Developer,SMX,"Remote; Washington, DC, USA",73000.0,122700.0,USD,,,2026-09-23T14:27:02+00:00,2026-09-21T22:28:22+00:00,false,,remote,full_time,junior,,,,simplify,https://simplify.jobs/p/e8ba980b-e1db-408a-892b-51b480e4eeb6 | https://simplify.jobs/p/fee8b385-e9ab-4389-9498-c87745abc442,,simplify,"[{""site"": ""simplify"", ""url"": ""https://simplify.jobs/p/e8ba980b-e1db-408a-892b-51b480e4eeb6""}, {""site"": ""simplify"", ""url"": ""https://simplify.jobs/p/fee8b385-e9ab-4389-9498-c87745abc442""}]",[],[],"{""location"": [""Remote; Washington, DC, USA""]}",{},"{""location"": ""array_field""}",{}
https://simplify.jobs/p/7ea4ed21-223a-4b94-9a7e-c5be80cdf4f1,Front End Web Applications Developer - Mid-Level,SMX,Remote; Remote in USA,96400.0,160600.0,USD,,,2026-09-21T22:55:39+00:00,2026-09-21T22:28:19+00:00,false,,remote,full_time,senior,,,,simplify,https://simplify.jobs/p/7ea4ed21-223a-4b94-9a7e-c5be80cdf4f1,,simplify,"[{""site"": ""simplify"", ""url"": ""https://simplify.jobs/p/7ea4ed21-223a-4b94-9a7e-c5be80cdf4f1""}]",[],[],"{""location"": [""Remote; Remote in USA""]}",{},"{""location"": ""array_field""}",{}
https://simplify.jobs/p/3e53b0f9-538f-4ed4-9092-487ecb0f6e16,Senior UI Developer - AI Studio,Amgen,"Remote; Tampa, FL, USA; Remote in USA",126570.1,171241.9,USD,,,2026-10-02T14:03:38+00:00,2026-09-21T00:00:00+00:00,false,,remote,full_time,senior,,,,simplify,https://simplify.jobs/p/3e53b0f9-538f-4ed4-9092-487ecb0f6e16,,simplify,"[{""site"": ""simplify"", ""url"": ""https://simplify.jobs/p/3e53b0f9-538f-4ed4-9092-487ecb0f6e16""}]",[],[],"{""location"": [""Remote; Tampa, FL, USA; Remote in USA""]}",{},"{""location"": ""array_field""}",{}
https://simplify.jobs/p/52a1a9a6-5983-4b2e-bd7c-e1f365c21189,Senior Design Engineer - Design Systems,Clipboard Health,"Remote; San Francisco, CA, USA; Remote in USA",180000.0,250000.0,USD,,,2026-09-19T06:15:01+00:00,2026-09-19T06:14:56+00:00,false,,remote,full_time,senior,,,,simplify,https://simplify.jobs/p/52a1a9a6-5983-4b2e-bd7c-e1f365c21189,,simplify,"[{""site"": ""simplify"", ""url"": ""https://simplify.jobs/p/52a1a9a6-5983-4b2e-bd7c-e1f365c21189""}]",[],[],"{""location"": [""Remote; San Francisco, CA, USA; Remote in USA""]}",{},"{""location"": ""array_field""}",{}
https://simplify.jobs/p/7e50fe64-aeb0-4410-a684-1d7b2bdccf20,Design Engineer,Tradeify,Remote; Remote in USA; Remote in UK,80000.0,85000.0,USD,,,2026-10-02T10:51:18+00:00,2026-09-18T22:25:00+00:00,false,,remote,full_time,junior | mid,,,,simplify,https://simplify.jobs/p/7e50fe64-aeb0-4410-a684-1d7b2bdccf20,,simplify,"[{""site"": ""simplify"", ""url"": ""https://simplify.jobs/p/7e50fe64-aeb0-4410-a684-1d7b2bdccf20""}]",[],[],"{""location"": [""Remote; Remote in USA; Remote in UK""]}",{},"{""location"": ""array_field""}",{}
https://simplify.jobs/p/ab55e2eb-f9dc-4a05-92b0-9ebb4696f5ab,Senior Design Engineer,RevenueCat,Remote; Remote in USA; Europe; North America,220000.0,220000.0,USD,,,2026-09-24T11:06:01+00:00,2026-09-18T22:23:08+00:00,false,,remote,full_time,senior,,,,simplify,https://simplify.jobs/p/ab55e2eb-f9dc-4a05-92b0-9ebb4696f5ab,,simplify,"[{""site"": ""simplify"", ""url"": ""https://simplify.jobs/p/ab55e2eb-f9dc-4a05-92b0-9ebb4696f5ab""}]",[],[],"{""location"": [""Remote; Remote in USA; Europe; North America""]}",{},"{""location"": ""array_field""}",{}
https://simplify.jobs/p/9bd7dfc8-5439-4d9c-808b-0bc2f91ee017,WordPress Front-End Developer - Front-End Development,Ebeacon,Remote; Remote in USA,,,,,,2026-09-18T06:19:51+00:00,2026-09-18T06:16:55+00:00,false,,remote,part_time,mid,,,,simplify,https://simplify.jobs/p/9bd7dfc8-5439-4d9c-808b-0bc2f91ee017,,simplify,"[{""site"": ""simplify"", ""url"": ""https://simplify.jobs/p/9bd7dfc8-5439-4d9c-808b-0bc2f91ee017""}]",[],[],"{""location"": [""Remote; Remote in USA""]}",{},"{""location"": ""array_field""}",{}
https://simplify.jobs/p/58b346c8-3335-45b1-b62d-95a06d11d565,Front-End Developer - CraftCMS - CraftCommerce,Ebeacon,Remote; Remote in USA,,,,,,2026-09-18T06:19:48+00:00,2026-09-18T06:16:55+00:00,false,,remote,part_time,mid,,,,simplify,https://simplify.jobs/p/58b346c8-3335-45b1-b62d-95a06d11d565,,simplify,"[{""site"": ""simplify"", ""url"": ""https://simplify.jobs/p/58b346c8-3335-45b1-b62d-95a06d11d565""}]",[],[],"{""location"": [""Remote; Remote in USA""]}",{},"{""location"": ""array_field""}",{}
https://simplify.jobs/p/086d3910-8105-4920-872d-c0e517e29dc1,Senior Frontend Software Engineer - Consumer Engineering,Reddit,Remote; Remote in USA,190800.0,267100.0,USD,,,2026-09-17T22:54:01+00:00,2026-09-17T22:30:25+00:00,false,,remote,full_time,senior,,,,simplify,https://simplify.jobs/p/086d3910-8105-4920-872d-c0e517e29dc1,,simplify,"[{""site"": ""simplify"", ""url"": ""https://simplify.jobs/p/086d3910-8105-4920-872d-c0e517e29dc1""}]",[],[],"{""location"": [""Remote; Remote in USA""]}",{},"{""location"": ""array_field""}",{}
https://simplify.jobs/p/bb56b19c-a51f-4ad5-8635-7e0624fab826,Front End Software Engineer - Consumer Engineering,Reddit,Remote; Remote in USA,164200.0,229900.0,USD,,,2026-09-17T22:27:09+00:00,2026-09-17T22:13:18+00:00,false,,remote,full_time,senior,,,,simplify,https://simplify.jobs/p/bb56b19c-a51f-4ad5-8635-7e0624fab826,,simplify,"[{""site"": ""simplify"", ""url"": ""https://simplify.jobs/p/bb56b19c-a51f-4ad5-8635-7e0624fab826""}]",[],[],"{""location"": [""Remote; Remote in USA""]}",{},"{""location"": ""array_field""}",{}
https://simplify.jobs/p/83563ea0-5441-4398-ba4b-339435823a48,Software Developer 3 - Next.js and Sanity,Cleveland Clinic,Remote; Remote in USA,,,,,,2026-09-17T22:29:20+00:00,2026-09-17T22:12:37+00:00,false,,remote,full_time,mid | senior,,,,simplify,https://simplify.jobs/p/83563ea0-5441-4398-ba4b-339435823a48,,simplify,"[{""site"": ""simplify"", ""url"": ""https://simplify.jobs/p/83563ea0-5441-4398-ba4b-339435823a48""}]",[],[],"{""location"": [""Remote; Remote in USA""]}",{},"{""location"": ""array_field""}",{}
https://simplify.jobs/p/46e54301-c314-4ff1-9bc8-11bad7566c8b,Frontend Software Engineer,Veilant,"Remote; Chantilly, VA, USA",100000.0,125000.0,USD,,,2026-09-17T22:14:46+00:00,2026-09-17T22:05:07+00:00,false,,remote,full_time,mid,,,,simplify,https://simplify.jobs/p/46e54301-c314-4ff1-9bc8-11bad7566c8b,,simplify,"[{""site"": ""simplify"", ""url"": ""https://simplify.jobs/p/46e54301-c314-4ff1-9bc8-11bad7566c8b""}]",[],[],"{""location"": [""Remote; Chantilly, VA, USA""]}",{},"{""location"": ""array_field""}",{}
https://simplify.jobs/p/0604c34f-2c94-4d87-a5ef-c875313068ab,Frontend Engineer - Underwriting,Coalition,Remote; Remote in USA,115000.0,168000.0,USD,,,2026-09-16T22:45:02+00:00,2026-09-16T22:43:38+00:00,false,,remote,full_time,junior,,,,simplify,https://simplify.jobs/p/0604c34f-2c94-4d87-a5ef-c875313068ab,,simplify,"[{""site"": ""simplify"", ""url"": ""https://simplify.jobs/p/0604c34f-2c94-4d87-a5ef-c875313068ab""}]",[],[],"{""location"": [""Remote; Remote in USA""]}",{},"{""location"": ""array_field""}",{}
https://simplify.jobs/p/efbb51f4-e993-4ca6-9b6f-a325d3da9b5e,Frontend Architect,Koch Industries,"Remote; Austin, TX, USA; Lisle, IL, USA",110000.0,160000.0,USD,,,2026-09-16T22:45:02+00:00,2026-09-16T22:32:53+00:00,false,,remote,full_time,senior,,,,simplify,https://simplify.jobs/p/efbb51f4-e993-4ca6-9b6f-a325d3da9b5e,,simplify,"[{""site"": ""simplify"", ""url"": ""https://simplify.jobs/p/efbb51f4-e993-4ca6-9b6f-a325d3da9b5e""}]",[],[],"{""location"": [""Remote; Austin, TX, USA; Lisle, IL, USA""]}",{},"{""location"": ""array_field""}",{}
https://simplify.jobs/p/7f4e29d9-75ed-4e85-80aa-edc842c8dfb2,Staff Frontend Engineer - Grafana Dataviz,Grafana Labs,Remote; Remote in USA,174986.0,209983.0,USD,,,2026-09-18T22:33:01+00:00,2026-09-16T22:29:40+00:00,false,,remote,full_time,senior,,,,simplify,https://simplify.jobs/p/7f4e29d9-75ed-4e85-80aa-edc842c8dfb2,,simplify,"[{""site"": ""simplify"", ""url"": ""https://simplify.jobs/p/7f4e29d9-75ed-4e85-80aa-edc842c8dfb2""}]",[],[],"{""location"": [""Remote; Remote in USA""]}",{},"{""location"": ""array_field""}",{}
https://simplify.jobs/p/b9d413bd-601f-4e1e-a5d0-2799d59b9450,Creative Technologist - Marketing,Provectus,"Remote; New York, NY, USA",80000.0,180000.0,USD,,,2026-09-23T10:18:09+00:00,2026-09-16T14:16:18+00:00,false,,remote,full_time,junior | mid | senior,,,,simplify,https://simplify.jobs/p/b9d413bd-601f-4e1e-a5d0-2799d59b9450,,simplify,"[{""site"": ""simplify"", ""url"": ""https://simplify.jobs/p/b9d413bd-601f-4e1e-a5d0-2799d59b9450""}]",[],[],"{""location"": [""Remote; New York, NY, USA""]}",{},"{""location"": ""array_field""}",{}
https://simplify.jobs/p/b47b211d-eed9-48fd-bc81-903e458c1418,Design Engineer,Vercel,Remote; Remote in USA,208000.0,312000.0,USD,,,2026-09-24T22:45:01+00:00,2026-09-15T22:38:43+00:00,false,,remote,full_time,mid,,,,simplify,https://simplify.jobs/p/b47b211d-eed9-48fd-bc81-903e458c1418,,simplify,"[{""site"": ""simplify"", ""url"": ""https://simplify.jobs/p/b47b211d-eed9-48fd-bc81-903e458c1418""}]",[],[],"{""location"": [""Remote; Remote in USA""]}",{},"{""location"": ""array_field""}",{}
https://simplify.jobs/p/f658f42e-4668-456a-89dc-4ff8eda7388f,Design Engineer - Web & Brand,Linear,Remote; Remote in USA; Europe; Remote in UK; Remote in Canada,,,,,,2026-09-15T23:00:28+00:00,2026-09-15T22:23:04+00:00,false,,remote,full_time,mid,,,,simplify,https://simplify.jobs/p/f658f42e-4668-456a-89dc-4ff8eda7388f,,simplify,"[{""site"": ""simplify"", ""url"": ""https://simplify.jobs/p/f658f42e-4668-456a-89dc-4ff8eda7388f""}]",[],[],"{""location"": [""Remote; Remote in USA; Europe; Remote in UK; Remote in Canada""]}",{},"{""location"": ""array_field""}",{}
https://simplify.jobs/p/87c76ad4-84ce-4edb-af30-d4989673f9d5,Senior Front-end Engineer,Beacon Biosignals,"Remote; Boston, MA, USA",170000.0,190000.0,USD,,,2026-09-30T22:30:01+00:00,2026-09-15T22:22:32+00:00,false,,remote,full_time,senior,,,,simplify,https://simplify.jobs/p/87c76ad4-84ce-4edb-af30-d4989673f9d5,,simplify,"[{""site"": ""simplify"", ""url"": ""https://simplify.jobs/p/87c76ad4-84ce-4edb-af30-d4989673f9d5""}]",[],[],"{""location"": [""Remote; Boston, MA, USA""]}",{},"{""location"": ""array_field""}",{}
https://simplify.jobs/p/c4120eab-6df6-49fb-ae29-56ccf7a69ed2,Design Engineer - Web/Brand,LiveKit,Remote; Remote in USA,184000.0,250000.0,USD,,,2026-09-15T22:24:01+00:00,2026-09-15T22:22:28+00:00,false,,remote,full_time,mid,,,,simplify,https://simplify.jobs/p/c4120eab-6df6-49fb-ae29-56ccf7a69ed2,,simplify,"[{""site"": ""simplify"", ""url"": ""https://simplify.jobs/p/c4120eab-6df6-49fb-ae29-56ccf7a69ed2""}]",[],[],"{""location"": [""Remote; Remote in USA""]}",{},"{""location"": ""array_field""}",{}
https://simplify.jobs/p/357e559f-fdaa-4ed2-a805-3d2d8aacfd44,Design Engineer,ONE Finance,Remote; Remote in USA,160000.0,200000.0,USD,,,2026-09-15T22:24:01+00:00,2026-09-15T22:21:49+00:00,false,,remote,full_time,mid,,,,simplify,https://simplify.jobs/p/357e559f-fdaa-4ed2-a805-3d2d8aacfd44,,simplify,"[{""site"": ""simplify"", ""url"": ""https://simplify.jobs/p/357e559f-fdaa-4ed2-a805-3d2d8aacfd44""}]",[],[],"{""location"": [""Remote; Remote in USA""]}",{},"{""location"": ""array_field""}",{}
https://simplify.jobs/p/c94e1700-f381-4190-9115-8ee2e5ef2a31,UI Developer,Photon,"Remote; Dallas, TX, USA",38000.0,135000.0,USD,,,2026-09-15T06:19:11+00:00,2026-09-15T06:15:12+00:00,false,,remote,full_time,senior,,,,simplify,https://simplify.jobs/p/c94e1700-f381-4190-9115-8ee2e5ef2a31,,simplify,"[{""site"": ""simplify"", ""url"": ""https://simplify.jobs/p/c94e1700-f381-4190-9115-8ee2e5ef2a31""}]",[],[],"{""location"": [""Remote; Dallas, TX, USA""]}",{},"{""location"": ""array_field""}",{}
https://simplify.jobs/p/b69be7bf-f303-4009-9a5b-1486507bf724,Senior Frontend Architect - Multiple Teams,OleOle,"Remote; Austin, TX, USA",,,,,,2026-09-15T06:11:01+00:00,2026-09-15T06:06:38+00:00,false,,remote,full_time,senior,,,,simplify,https://simplify.jobs/p/b69be7bf-f303-4009-9a5b-1486507bf724,,simplify,"[{""site"": ""simplify"", ""url"": ""https://simplify.jobs/p/b69be7bf-f303-4009-9a5b-1486507bf724""}]",[],[],"{""location"": [""Remote; Austin, TX, USA""]}",{},"{""location"": ""array_field""}",{}
https://simplify.jobs/p/ba2fc0ea-54d2-41c8-8af5-55f9b55a209c,Senior Front End Software Engineer - React,Anduril,"Remote; Arlington County, Arlington, VA, USA",191000.0,253000.0,USD,,,2026-09-15T01:15:01+00:00,2026-09-15T01:06:02+00:00,false,,remote,full_time,mid | senior,,,,simplify,https://simplify.jobs/p/ba2fc0ea-54d2-41c8-8af5-55f9b55a209c,,simplify,"[{""site"": ""simplify"", ""url"": ""https://simplify.jobs/p/ba2fc0ea-54d2-41c8-8af5-55f9b55a209c""}]",[],[],"{""location"": [""Remote; Arlington County, Arlington, VA, USA""]}",{},"{""location"": ""array_field""}",{}
https://simplify.jobs/p/80a24e16-d483-4f6e-875f-f008c1a84525,Senior Frontend Engineer,Newfold Digital,Remote; Remote in USA; Remote in Canada,,,,,,2026-09-15T22:36:01+00:00,2026-09-15T00:00:00+00:00,false,,remote,full_time,senior,,,,simplify,https://simplify.jobs/p/80a24e16-d483-4f6e-875f-f008c1a84525,,simplify,"[{""site"": ""simplify"", ""url"": ""https://simplify.jobs/p/80a24e16-d483-4f6e-875f-f008c1a84525""}]",[],[],"{""location"": [""Remote; Remote in USA; Remote in Canada""]}",{},"{""location"": ""array_field""}",{}
https://simplify.jobs/p/046eed9b-d869-4ba6-bdf2-c22279e509f0,UI/UX Developer,Prometheus Federal Services,Remote; Remote in USA,115000.0,140000.0,USD,,,2026-09-22T08:42:01+00:00,2026-09-14T22:32:28+00:00,false,,remote,full_time,mid,,,,simplify,https://simplify.jobs/p/046eed9b-d869-4ba6-bdf2-c22279e509f0,,simplify,"[{""site"": ""simplify"", ""url"": ""https://simplify.jobs/p/046eed9b-d869-4ba6-bdf2-c22279e509f0""}]",[],[],"{""location"": [""Remote; Remote in USA""]}",{},"{""location"": ""array_field""}",{}
https://simplify.jobs/p/3f2dbf34-1a5a-40fb-b0c5-ad7b319ccf21,Senior Frontend Engineer - Acquisition,Caesars Entertainment,"Remote; Las Vegas, NV, USA; Jersey City, NJ, USA",175000.0,180000.0,USD,,,2026-09-14T17:36:01+00:00,2026-09-14T17:33:13+00:00,false,,remote,full_time,senior,,,,simplify,https://simplify.jobs/p/3f2dbf34-1a5a-40fb-b0c5-ad7b319ccf21,,simplify,"[{""site"": ""simplify"", ""url"": ""https://simplify.jobs/p/3f2dbf34-1a5a-40fb-b0c5-ad7b319ccf21""}]",[],[],"{""location"": [""Remote; Las Vegas, NV, USA; Jersey City, NJ, USA""]}",{},"{""location"": ""array_field""}",{}
https://simplify.jobs/p/8c526fc5-2826-4f61-9f6d-c39ad285f6de,Developer – Web Extension,1Password,Remote; Remote in USA; Remote in Canada,111000.0,172000.0,USD,,,2026-09-12T01:21:01+00:00,2026-09-12T01:20:48+00:00,false,,remote,full_time,junior,,,,simplify,https://simplify.jobs/p/8c526fc5-2826-4f61-9f6d-c39ad285f6de,,simplify,"[{""site"": ""simplify"", ""url"": ""https://simplify.jobs/p/8c526fc5-2826-4f61-9f6d-c39ad285f6de""}]",[],[],"{""location"": [""Remote; Remote in USA; Remote in Canada""]}",{},"{""location"": ""array_field""}",{}
https://simplify.jobs/p/99241df9-142a-4ba1-9516-6119f8d4b0fa,Service Delivery Center - Workflow Platform Frontend Engineer - Analyst,Ernst & Young,"Remote; Dallas, TX, USA; Alpharetta, GA, USA",55400.0,128500.0,USD,,,2026-09-18T22:12:11+00:00,2026-09-11T22:12:53+00:00,false,,remote,full_time,junior | mid,,,,simplify,https://simplify.jobs/p/99241df9-142a-4ba1-9516-6119f8d4b0fa,,simplify,"[{""site"": ""simplify"", ""url"": ""https://simplify.jobs/p/99241df9-142a-4ba1-9516-6119f8d4b0fa""}]",[],[],"{""location"": [""Remote; Dallas, TX, USA; Alpharetta, GA, USA""]}",{},"{""location"": ""array_field""}",{}
https://simplify.jobs/p/8bcb8e36-6810-4312-8782-f268bc4b001b,Frontend Engineer - Ads,Reddit,Remote; Remote in USA,164200.0,229900.0,USD,,,2026-09-11T06:09:01+00:00,2026-09-11T06:07:39+00:00,false,,remote,full_time,mid,,,,simplify,https://simplify.jobs/p/8bcb8e36-6810-4312-8782-f268bc4b001b,,simplify,"[{""site"": ""simplify"", ""url"": ""https://simplify.jobs/p/8bcb8e36-6810-4312-8782-f268bc4b001b""}]",[],[],"{""location"": [""Remote; Remote in USA""]}",{},"{""location"": ""array_field""}",{}
https://simplify.jobs/p/49ca0720-fb71-4f28-a1a2-1c161bc953d5,Senior Frontend Software Engineer,Affirm,Remote; Remote in USA,173000.0,255000.0,USD,,,2026-09-11T23:59:39+00:00,2026-09-11T01:03:00+00:00,false,,remote,full_time,mid,,,,simplify,https://simplify.jobs/p/49ca0720-fb71-4f28-a1a2-1c161bc953d5,,simplify,"[{""site"": ""simplify"", ""url"": ""https://simplify.jobs/p/49ca0720-fb71-4f28-a1a2-1c161bc953d5""}]",[],[],"{""location"": [""Remote; Remote in USA""]}",{},"{""location"": ""array_field""}",{}
https://simplify.jobs/p/c6073a97-e4dc-451b-a4a8-a99aa4d50dbf,Senior Frontend Software Engineer - Web Vault,Keeper Security,Remote; Remote in USA,,,,,,2026-09-10T22:24:01+00:00,2026-09-10T22:15:24+00:00,false,,remote,full_time,senior,,,,simplify,https://simplify.jobs/p/c6073a97-e4dc-451b-a4a8-a99aa4d50dbf,,simplify,"[{""site"": ""simplify"", ""url"": ""https://simplify.jobs/p/c6073a97-e4dc-451b-a4a8-a99aa4d50dbf""}]",[],[],"{""location"": [""Remote; Remote in USA""]}",{},"{""location"": ""array_field""}",{}
https://simplify.jobs/p/9a5c8460-9195-4091-9dde-051263df4af3,Web Developer,Goldbelt,"Remote; Arlington County, Arlington, VA, USA",100000.0,108000.0,USD,,,2026-09-10T22:06:04+00:00,2026-09-10T22:05:08+00:00,false,,remote,full_time,senior,,,,simplify,https://simplify.jobs/p/9a5c8460-9195-4091-9dde-051263df4af3,,simplify,"[{""site"": ""simplify"", ""url"": ""https://simplify.jobs/p/9a5c8460-9195-4091-9dde-051263df4af3""}]",[],[],"{""location"": [""Remote; Arlington County, Arlington, VA, USA""]}",{},"{""location"": ""array_field""}",{}
https://simplify.jobs/p/cdf9972b-c982-4aae-9abd-4c62956dd85e,Senior UX Engineer - Search AI,Google,"Remote; San Francisco, CA, USA; New York, NY, USA; Mountain View, CA, USA",159000.0,230000.0,USD,,,2026-09-26T10:30:01+00:00,2026-09-10T14:13:42+00:00,false,,remote,full_time,mid | senior,,,,simplify,https://simplify.jobs/p/cdf9972b-c982-4aae-9abd-4c62956dd85e,,simplify,"[{""site"": ""simplify"", ""url"": ""https://simplify.jobs/p/cdf9972b-c982-4aae-9abd-4c62956dd85e""}]",[],[],"{""location"": [""Remote; San Francisco, CA, USA; New York, NY, USA; Mountain View, CA, USA""]}",{},"{""location"": ""array_field""}",{}
https://simplify.jobs/p/7561d4ea-7ed4-4b7a-aca6-fc4db7970bcc,Frontend Engineer,BJAK,Remote; Remote in USA,,,,,,2026-09-10T01:28:18+00:00,2026-09-10T01:24:47+00:00,false,,remote,full_time,mid,,,,simplify,https://simplify.jobs/p/7561d4ea-7ed4-4b7a-aca6-fc4db7970bcc,,simplify,"[{""site"": ""simplify"", ""url"": ""https://simplify.jobs/p/7561d4ea-7ed4-4b7a-aca6-fc4db7970bcc""}]",[],[],"{""location"": [""Remote; Remote in USA""]}",{},"{""location"": ""array_field""}",{}
https://simplify.jobs/p/30b61797-a987-4ebe-ab1f-a9164210dfec,Creative Technologist,Kyndryl,"Remote; Dallas, TX, USA",88680.0,168480.0,USD,,,2026-09-24T22:33:01+00:00,2026-09-10T00:00:00+00:00,false,,remote,full_time,junior | mid,,,,simplify,https://simplify.jobs/p/30b61797-a987-4ebe-ab1f-a9164210dfec,,simplify,"[{""site"": ""simplify"", ""url"": ""https://simplify.jobs/p/30b61797-a987-4ebe-ab1f-a9164210dfec""}]",[],[],"{""location"": [""Remote; Dallas, TX, USA""]}",{},"{""location"": ""array_field""}",{}
https://simplify.jobs/p/7455805f-edf7-48eb-b5ce-3f8ea6d18668,Frontend Leaning Engineer - Creative & Studio,ElevenLabs,"Remote; London, UK; Remote in Germany; Remote in USA; Remote in UK; Remote in Ireland; New York, NY, USA; Remote in Spain; Remote in Canada; Dublin, Ireland; Remote in Italy; Remote in France",,,,,,2026-10-02T10:42:02+00:00,2026-09-09T15:07:37+00:00,false,,remote,full_time,mid,,,,simplify,https://simplify.jobs/p/7455805f-edf7-48eb-b5ce-3f8ea6d18668,,simplify,"[{""site"": ""simplify"", ""url"": ""https://simplify.jobs/p/7455805f-edf7-48eb-b5ce-3f8ea6d18668""}]",[],[],"{""location"": [""Remote; London, UK; Remote in Germany; Remote in USA; Remote in UK; Remote in Ireland; New York, NY, USA; Remote in Spain; Remote in Canada; Dublin, Ireland; Remote in Italy; Remote in France""]}",{},"{""location"": ""array_field""}",{}
https://simplify.jobs/p/45005ead-c312-4cf6-9939-8e06c96be98d,Design Engineer - Site,Infisical,Remote; Remote in USA; Remote in Canada,100000.0,180000.0,USD,,,2026-09-07T22:39:01+00:00,2026-09-07T22:38:38+00:00,false,,remote,full_time,mid,,,,simplify,https://simplify.jobs/p/45005ead-c312-4cf6-9939-8e06c96be98d,,simplify,"[{""site"": ""simplify"", ""url"": ""https://simplify.jobs/p/45005ead-c312-4cf6-9939-8e06c96be98d""}]",[],[],"{""location"": [""Remote; Remote in USA; Remote in Canada""]}",{},"{""location"": ""array_field""}",{}
https://simplify.jobs/p/11b0fcd9-027f-471a-a6e8-c18f4ad35ffc,Staff Frontend Engineer,ClickUp,Remote; Remote in USA,200000.0,250000.0,USD,,,2026-09-04T22:45:01+00:00,2026-09-04T22:43:19+00:00,false,,remote,full_time,senior,,,,simplify,https://simplify.jobs/p/11b0fcd9-027f-471a-a6e8-c18f4ad35ffc,,simplify,"[{""site"": ""simplify"", ""url"": ""https://simplify.jobs/p/11b0fcd9-027f-471a-a6e8-c18f4ad35ffc""}]",[],[],"{""location"": [""Remote; Remote in USA""]}",{},"{""location"": ""array_field""}",{}
https://simplify.jobs/p/e03a23b2-ddce-4292-b70a-a64844dc5b01,Senior Frontend Engineer,ClickUp,Remote; Remote in USA,160000.0,210000.0,USD,,,2026-09-04T22:45:01+00:00,2026-09-04T22:43:18+00:00,false,,remote,full_time,senior,,,,simplify,https://simplify.jobs/p/e03a23b2-ddce-4292-b70a-a64844dc5b01,,simplify,"[{""site"": ""simplify"", ""url"": ""https://simplify.jobs/p/e03a23b2-ddce-4292-b70a-a64844dc5b01""}]",[],[],"{""location"": [""Remote; Remote in USA""]}",{},"{""location"": ""array_field""}",{}
https://simplify.jobs/p/1a435e20-1705-43bc-940c-164a50cb1fb7,Principal Frontend Engineer,ClickUp,Remote; Remote in USA,250000.0,300000.0,USD,,,2026-09-04T22:45:01+00:00,2026-09-04T22:43:18+00:00,false,,remote,full_time,senior,,,,simplify,https://simplify.jobs/p/1a435e20-1705-43bc-940c-164a50cb1fb7,,simplify,"[{""site"": ""simplify"", ""url"": ""https://simplify.jobs/p/1a435e20-1705-43bc-940c-164a50cb1fb7""}]",[],[],"{""location"": [""Remote; Remote in USA""]}",{},"{""location"": ""array_field""}",{}
https://simplify.jobs/p/28634bd8-4d20-4962-8a99-6a5e25b6e7d2,Senior Frontend Software Engineer,Veterinary Emergency Group (VEG ER),Remote; Remote in USA,170000.0,200000.0,USD,,,2026-09-23T22:54:01+00:00,2026-09-03T23:16:03+00:00,false,,remote,full_time,senior,,,,simplify,https://simplify.jobs/p/28634bd8-4d20-4962-8a99-6a5e25b6e7d2,,simplify,"[{""site"": ""simplify"", ""url"": ""https://simplify.jobs/p/28634bd8-4d20-4962-8a99-6a5e25b6e7d2""}]",[],[],"{""location"": [""Remote; Remote in USA""]}",{},"{""location"": ""array_field""}",{}
https://simplify.jobs/p/7723da22-02b9-4a90-8aa3-7f4f9e062255,Technical Consultant - Front-end Development,Veeva Systems,"Remote; Princeton, NJ, USA",75000.0,150000.0,USD,,,2026-09-04T03:00:35+00:00,2026-09-03T22:31:32+00:00,false,,remote,full_time,mid,,,,simplify,https://simplify.jobs/p/7723da22-02b9-4a90-8aa3-7f4f9e062255,,simplify,"[{""site"": ""simplify"", ""url"": ""https://simplify.jobs/p/7723da22-02b9-4a90-8aa3-7f4f9e062255""}]",[],[],"{""location"": [""Remote; Princeton, NJ, USA""]}",{},"{""location"": ""array_field""}",{}
https://simplify.jobs/p/35afad60-38d9-4310-a365-61e5de17fafa,Senior Frontend Engineer - Ads Creative,Reddit,Remote; Remote in USA,190800.0,267100.0,USD,,,2026-09-04T13:18:01+00:00,2026-09-03T02:42:43+00:00,false,,remote,full_time,senior,,,,simplify,https://simplify.jobs/p/35afad60-38d9-4310-a365-61e5de17fafa,,simplify,"[{""site"": ""simplify"", ""url"": ""https://simplify.jobs/p/35afad60-38d9-4310-a365-61e5de17fafa""}]",[],[],"{""location"": [""Remote; Remote in USA""]}",{},"{""location"": ""array_field""}",{}
https://simplify.jobs/p/feccf19c-6c8a-4db4-8d06-6d6171cca217,Senior Frontend Engineer,Re:Build Manufacturing,"Remote; Seattle, WA, USA; Los Angeles, CA, USA; Remote in USA; Framingham, MA, USA",165000.0,200000.0,USD,,,2026-09-04T13:12:01+00:00,2026-09-01T14:38:15+00:00,false,,remote,full_time,senior,,,,simplify,https://simplify.jobs/p/feccf19c-6c8a-4db4-8d06-6d6171cca217,,simplify,"[{""site"": ""simplify"", ""url"": ""https://simplify.jobs/p/feccf19c-6c8a-4db4-8d06-6d6171cca217""}]",[],[],"{""location"": [""Remote; Seattle, WA, USA; Los Angeles, CA, USA; Remote in USA; Framingham, MA, USA""]}",{},"{""location"": ""array_field""}",{}
https://simplify.jobs/p/bd37d4da-de51-40ce-832e-2259211f07cd,Senior Software Architect - Browser Extension Platform,Keeper Security,Remote; Remote in USA,,,,,,2026-09-04T13:12:01+00:00,2026-09-01T14:20:50+00:00,false,,remote,full_time,,,,,simplify,https://simplify.jobs/p/bd37d4da-de51-40ce-832e-2259211f07cd,,simplify,"[{""site"": ""simplify"", ""url"": ""https://simplify.jobs/p/bd37d4da-de51-40ce-832e-2259211f07cd""}]",[],[],"{""location"": [""Remote; Remote in USA""]}",{},"{""location"": ""array_field""}",{}
https://simplify.jobs/p/e2c94198-716d-410a-8bef-9ac124e51473,Creative Technologist,Microsoft,"Remote; Redmond, WA, USA; New York, NY, USA; Mountain View, CA, USA",119800.0,261000.0,USD,,,2026-10-02T10:42:23+00:00,2026-09-01T01:00:37+00:00,false,,remote,full_time,mid,,,,simplify,https://simplify.jobs/p/e2c94198-716d-410a-8bef-9ac124e51473,,simplify,"[{""site"": ""simplify"", ""url"": ""https://simplify.jobs/p/e2c94198-716d-410a-8bef-9ac124e51473""}]",[],[],"{""location"": [""Remote; Redmond, WA, USA; New York, NY, USA; Mountain View, CA, USA""]}",{},"{""location"": ""array_field""}",{}
https://simplify.jobs/p/59905194-7a87-4e61-b225-b7ccef23b1de,Senior Software Engineer - Frontend,Circle,"Remote; Salt Lake City, UT, USA; Seattle, WA, USA; Washington, DC, USA; San Francisco, CA, USA; Austin, TX, USA; Tampa, FL, USA; Raleigh, NC, USA; Chicago, IL, USA; New York, NY, USA; Phoenix, AZ, USA; San Diego, CA, USA",152500.0,205000.0,USD,,,2026-10-02T10:49:17+00:00,2026-08-31T00:00:00+00:00,false,,remote,full_time,mid | senior,,,,simplify,https://simplify.jobs/p/59905194-7a87-4e61-b225-b7ccef23b1de,,simplify,"[{""site"": ""simplify"", ""url"": ""https://simplify.jobs/p/59905194-7a87-4e61-b225-b7ccef23b1de""}]",[],[],"{""location"": [""Remote; Salt Lake City, UT, USA; Seattle, WA, USA; Washington, DC, USA; San Francisco, CA, USA; Austin, TX, USA; Tampa, FL, USA; Raleigh, NC, USA; Chicago, IL, USA; New York, NY, USA; Phoenix, AZ, USA; San Diego, CA, USA""]}",{},"{""location"": ""array_field""}",{}
https://simplify.jobs/p/eb4dc73b-4163-4d76-a937-39dfee6109ea,Staff Frontend Engineer,Vetcove,Remote; Remote in USA,190000.0,220000.0,USD,,,2026-09-04T13:00:41+00:00,2026-08-29T00:39:32+00:00,false,,remote,full_time,senior,,,,simplify,https://simplify.jobs/p/eb4dc73b-4163-4d76-a937-39dfee6109ea,,simplify,"[{""site"": ""simplify"", ""url"": ""https://simplify.jobs/p/eb4dc73b-4163-4d76-a937-39dfee6109ea""}]",[],[],"{""location"": [""Remote; Remote in USA""]}",{},"{""location"": ""array_field""}",{}
https://simplify.jobs/p/2aaa2200-37c4-4e8f-843c-cc7f9b429edc,Senior Frontend Engineer - Marketing,Close,Remote; Remote in USA,,,,,,2026-09-25T08:33:05+00:00,2026-08-29T00:37:46+00:00,false,,remote,full_time,senior,,,,simplify,https://simplify.jobs/p/2aaa2200-37c4-4e8f-843c-cc7f9b429edc,,simplify,"[{""site"": ""simplify"", ""url"": ""https://simplify.jobs/p/2aaa2200-37c4-4e8f-843c-cc7f9b429edc""}]",[],[],"{""location"": [""Remote; Remote in USA""]}",{},"{""location"": ""array_field""}",{}
https://simplify.jobs/p/2944741b-25fe-4d04-b27b-f336058e4c7f,Marketing Web Developer,Presence,Remote; Remote in USA,115000.0,135000.0,USD,,,2026-09-04T13:00:41+00:00,2026-08-28T22:23:28+00:00,false,,remote,full_time,senior,,,,simplify,https://simplify.jobs/p/2944741b-25fe-4d04-b27b-f336058e4c7f,,simplify,"[{""site"": ""simplify"", ""url"": ""https://simplify.jobs/p/2944741b-25fe-4d04-b27b-f336058e4c7f""}]",[],[],"{""location"": [""Remote; Remote in USA""]}",{},"{""location"": ""array_field""}",{}
https://simplify.jobs/p/c9e6b880-b9c9-4f1a-b0c8-63b0217b4e0b,Web Developer,Aptive Resources,Remote; Remote in USA,,,,,,2026-09-22T22:18:02+00:00,2026-08-26T19:35:59+00:00,false,,remote,full_time,mid,,,,simplify,https://simplify.jobs/p/c9e6b880-b9c9-4f1a-b0c8-63b0217b4e0b | https://simplify.jobs/p/c4241284-1c7b-4306-a668-86575e63a3b6,,simplify,"[{""site"": ""simplify"", ""url"": ""https://simplify.jobs/p/c9e6b880-b9c9-4f1a-b0c8-63b0217b4e0b""}, {""site"": ""simplify"", ""url"": ""https://simplify.jobs/p/c4241284-1c7b-4306-a668-86575e63a3b6""}]",[],[],"{""location"": [""Remote; Remote in USA""]}",{},"{""location"": ""array_field""}",{}
https://simplify.jobs/p/4c8a2012-f5a2-4334-b818-3f3dcf9a7720,Design Engineer,Celigo,Remote; Remote in USA,150000.0,200000.0,USD,,,2026-09-16T14:45:01+00:00,2026-08-24T20:36:30+00:00,false,,remote,full_time,senior,,,,simplify,https://simplify.jobs/p/4c8a2012-f5a2-4334-b818-3f3dcf9a7720,,simplify,"[{""site"": ""simplify"", ""url"": ""https://simplify.jobs/p/4c8a2012-f5a2-4334-b818-3f3dcf9a7720""}]",[],[],"{""location"": [""Remote; Remote in USA""]}",{},"{""location"": ""array_field""}",{}
https://simplify.jobs/p/0df76ac4-b22e-4094-b093-3fec1a8aa109,Frontend Platform Engineer - Design Systems,LangChain,"Remote; Boston, MA, USA; Remote in USA; New York, NY, USA",180000.0,240000.0,USD,,,2026-09-12T08:36:30+00:00,2026-08-22T02:36:34+00:00,false,,remote,full_time,senior,,,,simplify,https://simplify.jobs/p/0df76ac4-b22e-4094-b093-3fec1a8aa109,,simplify,"[{""site"": ""simplify"", ""url"": ""https://simplify.jobs/p/0df76ac4-b22e-4094-b093-3fec1a8aa109""}]",[],[],"{""location"": [""Remote; Boston, MA, USA; Remote in USA; New York, NY, USA""]}",{},"{""location"": ""array_field""}",{}
https://simplify.jobs/p/f51bb6ff-8eff-4987-8b46-214179e5c1b5,Senior Software Engineering Manager - Frontend and API,Ford Motor Company,Remote; Remote in USA,141700.0,281700.0,USD,,,2026-09-03T12:09:01+00:00,2026-08-21T22:11:50+00:00,false,,remote,full_time,senior,,,,simplify,https://simplify.jobs/p/f51bb6ff-8eff-4987-8b46-214179e5c1b5,,simplify,"[{""site"": ""simplify"", ""url"": ""https://simplify.jobs/p/f51bb6ff-8eff-4987-8b46-214179e5c1b5""}]",[],[],"{""location"": [""Remote; Remote in USA""]}",{},"{""location"": ""array_field""}",{}
https://simplify.jobs/p/9ffdbd8a-6ff9-4e70-9040-d59341f5e71c,Principal Front End Engineer,General Dynamics Information Technology,Remote; Remote in USA,147292.0,199278.0,USD,,,2026-09-22T22:09:10+00:00,2026-08-21T00:00:00+00:00,false,,remote,full_time,,,,,simplify,https://simplify.jobs/p/9ffdbd8a-6ff9-4e70-9040-d59341f5e71c,,simplify,"[{""site"": ""simplify"", ""url"": ""https://simplify.jobs/p/9ffdbd8a-6ff9-4e70-9040-d59341f5e71c""}]",[],[],"{""location"": [""Remote; Remote in USA""]}",{},"{""location"": ""array_field""}",{}
https://simplify.jobs/p/74a4dd56-1c2e-456d-9945-6b0155406fc0,Staff Software Engineer - Frontend,Ping Identity,Remote; Remote in USA,130000.0,170000.0,USD,,,2026-09-03T11:27:09+00:00,2026-08-20T22:26:15+00:00,false,,remote,full_time,,,,,simplify,https://simplify.jobs/p/74a4dd56-1c2e-456d-9945-6b0155406fc0,,simplify,"[{""site"": ""simplify"", ""url"": ""https://simplify.jobs/p/74a4dd56-1c2e-456d-9945-6b0155406fc0""}]",[],[],"{""location"": [""Remote; Remote in USA""]}",{},"{""location"": ""array_field""}",{}
https://simplify.jobs/p/09cbee1a-d8b3-4161-848b-0c003ced7856,Senior Software Engineer - Design,Loancrate,"Remote; Los Angeles, CA, USA; Remote in USA",170000.0,300000.0,USD,,,2026-09-04T07:24:02+00:00,2026-08-20T15:12:09+00:00,false,,remote,full_time,mid | senior,,,,simplify,https://simplify.jobs/p/09cbee1a-d8b3-4161-848b-0c003ced7856,,simplify,"[{""site"": ""simplify"", ""url"": ""https://simplify.jobs/p/09cbee1a-d8b3-4161-848b-0c003ced7856""}]",[],[],"{""location"": [""Remote; Los Angeles, CA, USA; Remote in USA""]}",{},"{""location"": ""array_field""}",{}
https://simplify.jobs/p/bc600db4-5a2a-434b-b08b-eece2dfdad4e,Senior Design Engineer - MetaMask,Consensys,Remote; Remote in USA; Europe,149000.0,210000.0,USD,,,2026-09-24T14:36:01+00:00,2026-08-20T14:26:23+00:00,false,,remote,full_time,senior,,,,simplify,https://simplify.jobs/p/bc600db4-5a2a-434b-b08b-eece2dfdad4e,,simplify,"[{""site"": ""simplify"", ""url"": ""https://simplify.jobs/p/bc600db4-5a2a-434b-b08b-eece2dfdad4e""}]",[],[],"{""location"": [""Remote; Remote in USA; Europe""]}",{},"{""location"": ""array_field""}",{}
https://simplify.jobs/p/88de15b9-1e57-4109-84a6-5823fe15963b,Senior Frontend Engineer,Taekus,Remote; Remote in USA,200000.0,230000.0,USD,,,2026-09-25T09:42:01+00:00,2026-08-20T00:54:12+00:00,false,,remote,full_time,senior,,,,simplify,https://simplify.jobs/p/88de15b9-1e57-4109-84a6-5823fe15963b,,simplify,"[{""site"": ""simplify"", ""url"": ""https://simplify.jobs/p/88de15b9-1e57-4109-84a6-5823fe15963b""}]",[],[],"{""location"": [""Remote; Remote in USA""]}",{},"{""location"": ""array_field""}",{}
https://simplify.jobs/p/1fdc3736-2fd9-4049-8f6a-416f13e5b740,Three.js Front End Engineer,Bask Health,Remote; Remote in USA,,,,,,2026-09-04T12:21:02+00:00,2026-08-20T00:53:56+00:00,false,,remote,full_time,mid,,,,simplify,https://simplify.jobs/p/1fdc3736-2fd9-4049-8f6a-416f13e5b740,,simplify,"[{""site"": ""simplify"", ""url"": ""https://simplify.jobs/p/1fdc3736-2fd9-4049-8f6a-416f13e5b740""}]",[],[],"{""location"": [""Remote; Remote in USA""]}",{},"{""location"": ""array_field""}",{}
https://simplify.jobs/p/29225945-5264-4385-8a12-cc788d84dce8,Senior .NET Blazor Developer,Integral Federal,"Remote; Virginia, USA",138000.0,160000.0,USD,,,2026-09-03T13:48:18+00:00,2026-08-19T22:16:09+00:00,false,,remote,full_time,senior,,,,simplify,https://simplify.jobs/p/29225945-5264-4385-8a12-cc788d84dce8,,simplify,"[{""site"": ""simplify"", ""url"": ""https://simplify.jobs/p/29225945-5264-4385-8a12-cc788d84dce8""}]",[],[],"{""location"": [""Remote; Virginia, USA""]}",{},"{""location"": ""array_field""}",{}
https://simplify.jobs/p/9349c437-486d-49f1-ba57-9fac5bf9ff36,Software Engineer 2 - Frontend,Teamworks,Remote; Remote in USA,166000.0,166000.0,USD,,,2026-09-03T14:06:30+00:00,2026-08-18T23:01:39+00:00,false,,remote,full_time,mid,,,,simplify,https://simplify.jobs/p/9349c437-486d-49f1-ba57-9fac5bf9ff36,,simplify,"[{""site"": ""simplify"", ""url"": ""https://simplify.jobs/p/9349c437-486d-49f1-ba57-9fac5bf9ff36""}]",[],[],"{""location"": [""Remote; Remote in USA""]}",{},"{""location"": ""array_field""}",{}
https://simplify.jobs/p/06826c28-7905-4119-b05d-a3c9cae5d54e,Frontend Developer,Mujin,"Remote; Suwanee, GA, USA",,,,,,2026-09-04T12:21:02+00:00,2026-08-18T23:00:54+00:00,false,,remote,full_time,junior,,,,simplify,https://simplify.jobs/p/06826c28-7905-4119-b05d-a3c9cae5d54e,,simplify,"[{""site"": ""simplify"", ""url"": ""https://simplify.jobs/p/06826c28-7905-4119-b05d-a3c9cae5d54e""}]",[],[],"{""location"": [""Remote; Suwanee, GA, USA""]}",{},"{""location"": ""array_field""}",{}
https://simplify.jobs/p/6ea6fb78-275d-4b10-8568-64080ebd34ac,UI/UX Front End Engineer,Lynker,"Remote; Boulder, CO, USA",78000.0,117000.0,USD,,,2026-09-04T12:21:02+00:00,2026-08-18T23:00:01+00:00,false,,remote,full_time,senior,,,,simplify,https://simplify.jobs/p/6ea6fb78-275d-4b10-8568-64080ebd34ac,,simplify,"[{""site"": ""simplify"", ""url"": ""https://simplify.jobs/p/6ea6fb78-275d-4b10-8568-64080ebd34ac""}]",[],[],"{""location"": [""Remote; Boulder, CO, USA""]}",{},"{""location"": ""array_field""}",{}
https://simplify.jobs/p/07ebf644-5d50-42ae-8898-9c01ac09a3bc,Software Engineer 4 - TV Product UI,Netflix,"Remote; Leavenworth, WA, USA",,,,,,2026-09-15T08:27:02+00:00,2026-08-18T22:09:33+00:00,false,,remote,full_time,mid,,,,simplify,https://simplify.jobs/p/07ebf644-5d50-42ae-8898-9c01ac09a3bc,,simplify,"[{""site"": ""simplify"", ""url"": ""https://simplify.jobs/p/07ebf644-5d50-42ae-8898-9c01ac09a3bc""}]",[],[],"{""location"": [""Remote; Leavenworth, WA, USA""]}",{},"{""location"": ""array_field""}",{}
https://simplify.jobs/p/5da29201-836e-49fb-a3b9-31e75b36f48f,Front End Developer,iFLIP4,"Remote; East Hanover, NJ, USA",,,,,,2026-09-04T12:00:01+00:00,2026-08-18T01:11:38+00:00,false,,remote,full_time,junior,,,,simplify,https://simplify.jobs/p/5da29201-836e-49fb-a3b9-31e75b36f48f,,simplify,"[{""site"": ""simplify"", ""url"": ""https://simplify.jobs/p/5da29201-836e-49fb-a3b9-31e75b36f48f""}]",[],[],"{""location"": [""Remote; East Hanover, NJ, USA""]}",{},"{""location"": ""array_field""}",{}
https://simplify.jobs/p/bd2444f2-71c3-4255-b07f-efa09bb56b19,Senior React.js Engineer,Punch,"Remote; San Francisco, CA, USA",150000.0,150000.0,USD,,,2026-09-03T15:30:12+00:00,2026-08-18T01:10:56+00:00,false,,remote,full_time,senior,,,,simplify,https://simplify.jobs/p/bd2444f2-71c3-4255-b07f-efa09bb56b19,,simplify,"[{""site"": ""simplify"", ""url"": ""https://simplify.jobs/p/bd2444f2-71c3-4255-b07f-efa09bb56b19""}]",[],[],"{""location"": [""Remote; San Francisco, CA, USA""]}",{},"{""location"": ""array_field""}",{}
https://simplify.jobs/p/0010212f-4d87-4db1-9890-65232f6e7ae9,UI/UX Engineer,General Dynamics Information Technology,Remote; Remote in USA,128039.0,173229.0,USD,,,2026-09-03T14:06:30+00:00,2026-08-18T00:00:00+00:00,false,,remote,full_time,,,,,simplify,https://simplify.jobs/p/0010212f-4d87-4db1-9890-65232f6e7ae9,,simplify,"[{""site"": ""simplify"", ""url"": ""https://simplify.jobs/p/0010212f-4d87-4db1-9890-65232f6e7ae9""}]",[],[],"{""location"": [""Remote; Remote in USA""]}",{},"{""location"": ""array_field""}",{}
https://simplify.jobs/p/3e9efe58-f6ba-4287-a8ba-296b9d768f4e,Frontend Software Development Engineer 2,Slate Auto,Remote; Remote in USA,119662.0,179493.0,USD,,,2026-09-03T14:21:14+00:00,2026-08-18T00:00:00+00:00,false,,remote,full_time,mid,,,,simplify,https://simplify.jobs/p/3e9efe58-f6ba-4287-a8ba-296b9d768f4e,,simplify,"[{""site"": ""simplify"", ""url"": ""https://simplify.jobs/p/3e9efe58-f6ba-4287-a8ba-296b9d768f4e""}]",[],[],"{""location"": [""Remote; Remote in USA""]}",{},"{""location"": ""array_field""}",{}
https://simplify.jobs/p/223b88ed-f659-4448-8e13-ebaceddd3d82,Design Engineer - Dashboard - Admin Portal,WorkOS,"Remote; San Francisco, CA, USA; Remote in USA; Remote in Canada",175000.0,225000.0,USD,,,2026-09-03T16:06:14+00:00,2026-08-14T06:02:06+00:00,false,,remote,full_time,mid,,,,simplify,https://simplify.jobs/p/223b88ed-f659-4448-8e13-ebaceddd3d82,,simplify,"[{""site"": ""simplify"", ""url"": ""https://simplify.jobs/p/223b88ed-f659-4448-8e13-ebaceddd3d82""}]",[],[],"{""location"": [""Remote; San Francisco, CA, USA; Remote in USA; Remote in Canada""]}",{},"{""location"": ""array_field""}",{}
https://simplify.jobs/p/af310d45-e0b0-4466-bb45-8250925bbd96,Angular Web Developer,Edgewater IT,Remote; Remote in USA,,,,,,2026-09-04T11:24:01+00:00,2026-08-14T04:59:24+00:00,false,,remote,full_time,junior,,,,simplify,https://simplify.jobs/p/af310d45-e0b0-4466-bb45-8250925bbd96,,simplify,"[{""site"": ""simplify"", ""url"": ""https://simplify.jobs/p/af310d45-e0b0-4466-bb45-8250925bbd96""}]",[],[],"{""location"": [""Remote; Remote in USA""]}",{},"{""location"": ""array_field""}",{}
https://simplify.jobs/p/3a1bb347-77be-442a-8236-431fb3d9dfce,Senior Front-End Developer,DecisionPoint,Remote; Remote in USA,,,,,,2026-09-04T10:54:01+00:00,2026-08-14T03:59:45+00:00,false,,remote,full_time,senior,,,,simplify,https://simplify.jobs/p/3a1bb347-77be-442a-8236-431fb3d9dfce,,simplify,"[{""site"": ""simplify"", ""url"": ""https://simplify.jobs/p/3a1bb347-77be-442a-8236-431fb3d9dfce""}]",[],[],"{""location"": [""Remote; Remote in USA""]}",{},"{""location"": ""array_field""}",{}
https://simplify.jobs/p/fa8122bc-0695-4e23-8987-a4043e8e77e0,E-EFMP Front-End Developer,DecisionPoint,Remote; Remote in USA,,,,,,2026-09-04T10:54:01+00:00,2026-08-14T03:59:41+00:00,false,,remote,full_time,senior,,,,simplify,https://simplify.jobs/p/fa8122bc-0695-4e23-8987-a4043e8e77e0,,simplify,"[{""site"": ""simplify"", ""url"": ""https://simplify.jobs/p/fa8122bc-0695-4e23-8987-a4043e8e77e0""}]",[],[],"{""location"": [""Remote; Remote in USA""]}",{},"{""location"": ""array_field""}",{}
https://simplify.jobs/p/ccfba66e-9ba9-4257-8bdb-1308e8004f7b,Front-End Developer,DecisionPoint,Remote; Remote in USA,,,,,,2026-09-04T10:54:01+00:00,2026-08-14T03:59:36+00:00,false,,remote,full_time,senior,,,,simplify,https://simplify.jobs/p/ccfba66e-9ba9-4257-8bdb-1308e8004f7b,,simplify,"[{""site"": ""simplify"", ""url"": ""https://simplify.jobs/p/ccfba66e-9ba9-4257-8bdb-1308e8004f7b""}]",[],[],"{""location"": [""Remote; Remote in USA""]}",{},"{""location"": ""array_field""}",{}
https://simplify.jobs/p/b10b79d6-df14-4895-85af-e65d1a1fdc75,Mid-Level Developer - CMS,DecisionPoint,Remote; Remote in USA,105000.0,110000.0,USD,,,2026-09-03T16:39:14+00:00,2026-08-14T03:59:12+00:00,false,,remote,full_time,senior,,,,simplify,https://simplify.jobs/p/b10b79d6-df14-4895-85af-e65d1a1fdc75,,simplify,"[{""site"": ""simplify"", ""url"": ""https://simplify.jobs/p/b10b79d6-df14-4895-85af-e65d1a1fdc75""}]",[],[],"{""location"": [""Remote; Remote in USA""]}",{},"{""location"": ""array_field""}",{}
https://builtin.com/job/sr-software-engineer-generative-models/9553266,Creative Technologist / Sr Software Engineer - Generative AI,Intangible,Remote; CAN; USA,,,,,,,2026-08-14,false,,remote,full_time,,,,,builtin,https://builtin.com/job/sr-software-engineer-generative-models/9553266,2026-09-13T00:16:06+00:00,builtin,"[{""site"": ""builtin"", ""url"": ""https://builtin.com/job/sr-software-engineer-generative-models/9553266""}]",[],[],"{""location"": [""Remote; CAN"", ""Remote; USA""]}",{},"{""location"": ""array_field""}",{}
https://simplify.jobs/p/2528109f-019c-4732-ac00-12596861f771,Junior Front End Developer Intern,Inbulks,"Remote; Long Island City, Queens, NY, USA",,,,,,2026-09-04T02:24:21+00:00,2026-08-13T06:13:36+00:00,true,,remote,internship,intern,,,,simplify,https://simplify.jobs/p/2528109f-019c-4732-ac00-12596861f771,,simplify,"[{""site"": ""simplify"", ""url"": ""https://simplify.jobs/p/2528109f-019c-4732-ac00-12596861f771""}]",[],[],"{""location"": [""Remote; Long Island City, Queens, NY, USA""]}",{},"{""location"": ""array_field""}",{}
https://simplify.jobs/p/e37bc864-f5ab-44d9-949a-c99672f4e1ae,Senior Frontend Engineer,CircleIn,"Remote; Calverton, MD, USA",,,,,,2026-09-04T02:24:21+00:00,2026-08-13T06:13:23+00:00,false,,remote,full_time,mid | senior,,,,simplify,https://simplify.jobs/p/e37bc864-f5ab-44d9-949a-c99672f4e1ae,,simplify,"[{""site"": ""simplify"", ""url"": ""https://simplify.jobs/p/e37bc864-f5ab-44d9-949a-c99672f4e1ae""}]",[],[],"{""location"": [""Remote; Calverton, MD, USA""]}",{},"{""location"": ""array_field""}",{}
https://simplify.jobs/p/b3372bff-b18a-4547-8e23-4d87121da533,JavaScript HTML Developer,Mapjects,"Remote; Washington, DC, USA",,,,,,2026-09-04T02:15:20+00:00,2026-08-13T06:13:00+00:00,false,,remote,full_time,mid,,,,simplify,https://simplify.jobs/p/b3372bff-b18a-4547-8e23-4d87121da533,,simplify,"[{""site"": ""simplify"", ""url"": ""https://simplify.jobs/p/b3372bff-b18a-4547-8e23-4d87121da533""}]",[],[],"{""location"": [""Remote; Washington, DC, USA""]}",{},"{""location"": ""array_field""}",{}
https://simplify.jobs/p/b8c8022a-cd8e-4bb4-9caf-7a21c0259b50,Vue.js Developer,Reevolt,"Remote; Austin, TX, USA",,,,,,2026-09-04T02:15:20+00:00,2026-08-13T06:11:43+00:00,false,,remote,full_time,mid,,,,simplify,https://simplify.jobs/p/b8c8022a-cd8e-4bb4-9caf-7a21c0259b50,,simplify,"[{""site"": ""simplify"", ""url"": ""https://simplify.jobs/p/b8c8022a-cd8e-4bb4-9caf-7a21c0259b50""}]",[],[],"{""location"": [""Remote; Austin, TX, USA""]}",{},"{""location"": ""array_field""}",{}
https://simplify.jobs/p/d3430cc1-fc53-406f-bcec-6c1b40a18c64,Full Stack Front-End Developer,Information Technology Partners,"Remote; Chicago, IL, USA",75000.0,100000.0,USD,,,2026-09-04T02:15:20+00:00,2026-08-13T06:09:54+00:00,false,,remote,full_time,senior,,,,simplify,https://simplify.jobs/p/d3430cc1-fc53-406f-bcec-6c1b40a18c64,,simplify,"[{""site"": ""simplify"", ""url"": ""https://simplify.jobs/p/d3430cc1-fc53-406f-bcec-6c1b40a18c64""}]",[],[],"{""location"": [""Remote; Chicago, IL, USA""]}",{},"{""location"": ""array_field""}",{}
https://simplify.jobs/p/b739e943-8b11-4138-8f95-e9ec291b64cc,Front End Developer,Alipes,"Remote; Boston, MA, USA",,,,,,2026-09-04T02:15:20+00:00,2026-08-13T06:04:16+00:00,false,,remote,full_time,mid,,,,simplify,https://simplify.jobs/p/b739e943-8b11-4138-8f95-e9ec291b64cc,,simplify,"[{""site"": ""simplify"", ""url"": ""https://simplify.jobs/p/b739e943-8b11-4138-8f95-e9ec291b64cc""}]",[],[],"{""location"": [""Remote; Boston, MA, USA""]}",{},"{""location"": ""array_field""}",{}
https://simplify.jobs/p/af6e5a8b-6316-46a7-b0e5-70c6a6d67008,Senior Frontend Engineer - React,Contra,"Remote; San Francisco, CA, USA",,,,,,2026-09-04T01:57:21+00:00,2026-08-12T01:15:17+00:00,false,,remote,full_time,senior,,,,simplify,https://simplify.jobs/p/af6e5a8b-6316-46a7-b0e5-70c6a6d67008,,simplify,"[{""site"": ""simplify"", ""url"": ""https://simplify.jobs/p/af6e5a8b-6316-46a7-b0e5-70c6a6d67008""}]",[],[],"{""location"": [""Remote; San Francisco, CA, USA""]}",{},"{""location"": ""array_field""}",{}
https://simplify.jobs/p/d09a7d50-665a-4d01-8e8a-60e64d01b80b,Principal UX Engineer - Ads,Reddit,Remote; Remote in USA,245800.0,344100.0,USD,,,2026-09-04T01:57:21+00:00,2026-08-11T22:42:51+00:00,false,,remote,full_time,,,,,simplify,https://simplify.jobs/p/d09a7d50-665a-4d01-8e8a-60e64d01b80b,,simplify,"[{""site"": ""simplify"", ""url"": ""https://simplify.jobs/p/d09a7d50-665a-4d01-8e8a-60e64d01b80b""}]",[],[],"{""location"": [""Remote; Remote in USA""]}",{},"{""location"": ""array_field""}",{}
https://simplify.jobs/p/3c0de753-d38d-4616-8710-1c9680213b7f,Web Developer,Steady Vision,"Remote; Boston, MA, USA; Remote in USA",,,,,,2026-09-04T01:39:21+00:00,2026-08-11T01:32:43+00:00,false,,remote,full_time,mid,,,,simplify,https://simplify.jobs/p/3c0de753-d38d-4616-8710-1c9680213b7f,,simplify,"[{""site"": ""simplify"", ""url"": ""https://simplify.jobs/p/3c0de753-d38d-4616-8710-1c9680213b7f""}]",[],[],"{""location"": [""Remote; Boston, MA, USA; Remote in USA""]}",{},"{""location"": ""array_field""}",{}
https://simplify.jobs/p/807f10ac-4bf1-4621-a280-9d583243a470,Full Stack Engineer - .NET + Front-End,NetSpeek,Remote; Remote in USA,,,,,,2026-09-04T01:39:21+00:00,2026-08-11T01:32:01+00:00,false,,remote,full_time,mid | senior,,,,simplify,https://simplify.jobs/p/807f10ac-4bf1-4621-a280-9d583243a470,,simplify,"[{""site"": ""simplify"", ""url"": ""https://simplify.jobs/p/807f10ac-4bf1-4621-a280-9d583243a470""}]",[],[],"{""location"": [""Remote; Remote in USA""]}",{},"{""location"": ""array_field""}",{}
https://simplify.jobs/p/b54608fc-c1aa-46d2-b9ec-429efbf0905e,Senior Frontend Developer,Mujin,"Remote; Suwanee, GA, USA",,,,,,2026-09-04T01:39:21+00:00,2026-08-10T22:34:12+00:00,false,,remote,full_time,senior,,,,simplify,https://simplify.jobs/p/b54608fc-c1aa-46d2-b9ec-429efbf0905e,,simplify,"[{""site"": ""simplify"", ""url"": ""https://simplify.jobs/p/b54608fc-c1aa-46d2-b9ec-429efbf0905e""}]",[],[],"{""location"": [""Remote; Suwanee, GA, USA""]}",{},"{""location"": ""array_field""}",{}
https://simplify.jobs/p/2b0826fc-0882-4e3f-ba08-f5a60197f859,Website Growth Engineer,ElevenLabs,"Remote; London, UK; Remote in USA; Remote in UK; Remote in Spain",,,,,,2026-10-02T09:48:01+00:00,2026-08-10T22:32:03+00:00,false,,remote,full_time,mid,,,,simplify,https://simplify.jobs/p/2b0826fc-0882-4e3f-ba08-f5a60197f859,,simplify,"[{""site"": ""simplify"", ""url"": ""https://simplify.jobs/p/2b0826fc-0882-4e3f-ba08-f5a60197f859""}]",[],[],"{""location"": [""Remote; London, UK; Remote in USA; Remote in UK; Remote in Spain""]}",{},"{""location"": ""array_field""}",{}
https://simplify.jobs/p/67c3293f-f8cb-4a2f-aa79-da9019127d2a,Education Research - Frontend Developer-SLATE,Huron,"Remote; Chicago, IL, USA",,,,,,2026-09-04T01:39:21+00:00,2026-08-10T00:00:00+00:00,false,,remote,full_time,mid,,,,simplify,https://simplify.jobs/p/67c3293f-f8cb-4a2f-aa79-da9019127d2a,,simplify,"[{""site"": ""simplify"", ""url"": ""https://simplify.jobs/p/67c3293f-f8cb-4a2f-aa79-da9019127d2a""}]",[],[],"{""location"": [""Remote; Chicago, IL, USA""]}",{},"{""location"": ""array_field""}",{}
https://simplify.jobs/p/ad1f90e1-592e-4d29-9efd-aa3287e2cd8f,Frontend Design Systems Engineer,Seeq,Remote; Remote in USA,155000.0,187500.0,USD,,,2026-10-02T11:09:01+00:00,2026-08-08T01:19:54+00:00,false,,remote,full_time,senior,,,,simplify,https://simplify.jobs/p/ad1f90e1-592e-4d29-9efd-aa3287e2cd8f,,simplify,"[{""site"": ""simplify"", ""url"": ""https://simplify.jobs/p/ad1f90e1-592e-4d29-9efd-aa3287e2cd8f""}]",[],[],"{""location"": [""Remote; Remote in USA""]}",{},"{""location"": ""array_field""}",{}
https://simplify.jobs/p/9414609c-2316-4b29-8bbd-48271e06ff5a,Angular Developer,ClearlyAgile,"Remote; Tampa, FL, USA; Remote in USA",,,,,,2026-09-04T01:18:24+00:00,2026-08-08T01:18:59+00:00,false,,remote,full_time,mid,,,,simplify,https://simplify.jobs/p/9414609c-2316-4b29-8bbd-48271e06ff5a,,simplify,"[{""site"": ""simplify"", ""url"": ""https://simplify.jobs/p/9414609c-2316-4b29-8bbd-48271e06ff5a""}]",[],[],"{""location"": [""Remote; Tampa, FL, USA; Remote in USA""]}",{},"{""location"": ""array_field""}",{}
https://simplify.jobs/p/0c25570d-e1eb-4d32-a8a1-88b0f4eac451,Staff Software Engineer - Front End,Parkade,"Remote; San Francisco, CA, USA",180000.0,200000.0,USD,,,2026-09-26T08:24:01+00:00,2026-08-07T22:17:56+00:00,false,,remote,full_time,senior,,,,simplify,https://simplify.jobs/p/0c25570d-e1eb-4d32-a8a1-88b0f4eac451,,simplify,"[{""site"": ""simplify"", ""url"": ""https://simplify.jobs/p/0c25570d-e1eb-4d32-a8a1-88b0f4eac451""}]",[],[],"{""location"": [""Remote; San Francisco, CA, USA""]}",{},"{""location"": ""array_field""}",{}
https://simplify.jobs/p/79041f34-0b97-4aee-a65e-d2da012b8795,Frontend Software Engineer,Maania Consultancy Services,"Remote; Laurel, MD, USA",,,,,,2026-09-04T01:03:21+00:00,2026-08-07T22:17:19+00:00,false,,remote,full_time,mid,,,,simplify,https://simplify.jobs/p/79041f34-0b97-4aee-a65e-d2da012b8795,,simplify,"[{""site"": ""simplify"", ""url"": ""https://simplify.jobs/p/79041f34-0b97-4aee-a65e-d2da012b8795""}]",[],[],"{""location"": [""Remote; Laurel, MD, USA""]}",{},"{""location"": ""array_field""}",{}
https://simplify.jobs/p/d37be1cd-86e4-4447-a707-f7c41f7e082f,Senior Front-End Software Engineer,Bask Health,"Remote; Remote in USA; New York, NY, USA",,,,,,2026-09-04T00:51:21+00:00,2026-08-07T06:18:46+00:00,false,,remote,full_time,senior,,,,simplify,https://simplify.jobs/p/d37be1cd-86e4-4447-a707-f7c41f7e082f,,simplify,"[{""site"": ""simplify"", ""url"": ""https://simplify.jobs/p/d37be1cd-86e4-4447-a707-f7c41f7e082f""}]",[],[],"{""location"": [""Remote; Remote in USA; New York, NY, USA""]}",{},"{""location"": ""array_field""}",{}
https://simplify.jobs/p/54944d27-b7c9-472e-ada3-ffd047501227,Front-End Software Engineer,Bask Health,Remote; Remote in USA,,,,,,2026-09-04T00:51:21+00:00,2026-08-07T06:18:31+00:00,false,,remote,full_time,senior,,,,simplify,https://simplify.jobs/p/54944d27-b7c9-472e-ada3-ffd047501227,,simplify,"[{""site"": ""simplify"", ""url"": ""https://simplify.jobs/p/54944d27-b7c9-472e-ada3-ffd047501227""}]",[],[],"{""location"": [""Remote; Remote in USA""]}",{},"{""location"": ""array_field""}",{}
https://simplify.jobs/p/0366ae86-3b4f-4c73-8330-36ea045c03a5,Frontend Engineer,Brown Brothers Harriman,"Remote; Boston, MA, USA; Jersey City, NJ, USA; New York, NY, USA",85000.0,135000.0,USD,,,2026-09-12T08:33:38+00:00,2026-08-06T00:00:00+00:00,false,,remote,full_time,mid,,,,simplify,https://simplify.jobs/p/0366ae86-3b4f-4c73-8330-36ea045c03a5,,simplify,"[{""site"": ""simplify"", ""url"": ""https://simplify.jobs/p/0366ae86-3b4f-4c73-8330-36ea045c03a5""}]",[],[],"{""location"": [""Remote; Boston, MA, USA; Jersey City, NJ, USA; New York, NY, USA""]}",{},"{""location"": ""array_field""}",{}
https://simplify.jobs/p/8e0652f8-a3c1-448e-9815-c599449a65cc,Lead Front End Engineer - Adobe Edge Delivery Services,Blue Acorn iCi,Remote; Remote in USA,150000.0,180000.0,USD,,,2026-09-03T23:39:21+00:00,2026-08-05T22:16:54+00:00,false,,remote,full_time,mid,,,,simplify,https://simplify.jobs/p/8e0652f8-a3c1-448e-9815-c599449a65cc,,simplify,"[{""site"": ""simplify"", ""url"": ""https://simplify.jobs/p/8e0652f8-a3c1-448e-9815-c599449a65cc""}]",[],[],"{""location"": [""Remote; Remote in USA""]}",{},"{""location"": ""array_field""}",{}
https://simplify.jobs/p/ee395a25-d3e0-4d73-9f6e-768bf4eedd56,Frontend Engineer,Nex,Remote; Remote in USA,120000.0,150000.0,USD,,,2026-09-15T01:09:04+00:00,2026-08-03T22:24:33+00:00,false,,remote,,mid,Conflicting employment_type across sites,,,simplify,https://simplify.jobs/p/ee395a25-d3e0-4d73-9f6e-768bf4eedd56 | https://simplify.jobs/p/cbc10d36-474c-4cc9-8429-fcb40eabc35c,,simplify,"[{""site"": ""simplify"", ""url"": ""https://simplify.jobs/p/ee395a25-d3e0-4d73-9f6e-768bf4eedd56""}, {""site"": ""simplify"", ""url"": ""https://simplify.jobs/p/cbc10d36-474c-4cc9-8429-fcb40eabc35c""}]",[],[],"{""location"": [""Remote; Remote in USA""]}",{},"{""location"": ""array_field""}",{}
https://simplify.jobs/p/bef6cd4a-5f73-4a94-af42-88b1343ada05,Software Engineer 2 - Frontend,Greenlight,"Remote; Atlanta, GA, USA",140000.0,170000.0,USD,,,2026-09-03T11:19:20+00:00,2026-08-03T22:13:17+00:00,false,,remote,full_time,mid,,,,simplify,https://simplify.jobs/p/bef6cd4a-5f73-4a94-af42-88b1343ada05,,simplify,"[{""site"": ""simplify"", ""url"": ""https://simplify.jobs/p/bef6cd4a-5f73-4a94-af42-88b1343ada05""}]",[],[],"{""location"": [""Remote; Atlanta, GA, USA""]}",{},"{""location"": ""array_field""}",{}
https://simplify.jobs/p/7c8a947e-55b0-41e4-8bd8-e81c58f74f60,UX/UI Developer,Mobomo,Remote; Remote in USA,,,,,,2026-09-03T21:39:22+00:00,2026-08-03T06:16:35+00:00,false,,remote,full_time,mid,,,,simplify,https://simplify.jobs/p/7c8a947e-55b0-41e4-8bd8-e81c58f74f60,,simplify,"[{""site"": ""simplify"", ""url"": ""https://simplify.jobs/p/7c8a947e-55b0-41e4-8bd8-e81c58f74f60""}]",[],[],"{""location"": [""Remote; Remote in USA""]}",{},"{""location"": ""array_field""}",{}
https://simplify.jobs/p/43f1ae72-bf67-4cb4-9f8b-cfeb2895490b,Front End Developer,Helios WorldWide,Remote; Remote in USA,,,,,,2026-09-04T10:30:02+00:00,2026-08-03T06:11:49+00:00,false,,remote,full_time,senior,,,,simplify,https://simplify.jobs/p/43f1ae72-bf67-4cb4-9f8b-cfeb2895490b,,simplify,"[{""site"": ""simplify"", ""url"": ""https://simplify.jobs/p/43f1ae72-bf67-4cb4-9f8b-cfeb2895490b""}]",[],[],"{""location"": [""Remote; Remote in USA""]}",{},"{""location"": ""array_field""}",{}
https://simplify.jobs/p/9952db01-3ca5-4bb4-a0dd-4f9f0279de76,Senior React Engineer - Online Banking,First Citizens BancShares,"Remote; Austin, TX, USA; Arizona, USA; North Carolina, USA",,,,,,2026-09-03T21:21:21+00:00,2026-08-01T09:05:42+00:00,false,,remote,full_time,mid | senior,,,,simplify,https://simplify.jobs/p/9952db01-3ca5-4bb4-a0dd-4f9f0279de76,,simplify,"[{""site"": ""simplify"", ""url"": ""https://simplify.jobs/p/9952db01-3ca5-4bb4-a0dd-4f9f0279de76""}]",[],[],"{""location"": [""Remote; Austin, TX, USA; Arizona, USA; North Carolina, USA""]}",{},"{""location"": ""array_field""}",{}
https://simplify.jobs/p/6e2a3640-1e42-4940-8ad1-abf6599dbf63,Senior Frontend Engineer,Crogl,"Remote; Los Ranchos De Albuquerque, NM, USA",,,,,,2026-09-04T10:18:01+00:00,2026-07-31T22:26:23+00:00,false,,remote,full_time,mid | senior,,,,simplify,https://simplify.jobs/p/6e2a3640-1e42-4940-8ad1-abf6599dbf63,,simplify,"[{""site"": ""simplify"", ""url"": ""https://simplify.jobs/p/6e2a3640-1e42-4940-8ad1-abf6599dbf63""}]",[],[],"{""location"": [""Remote; Los Ranchos De Albuquerque, NM, USA""]}",{},"{""location"": ""array_field""}",{}
https://simplify.jobs/p/aead489a-f4ef-4259-880d-1f68e390dfeb,Senior Front-End Agentic AI Engineer,LTS,Remote; Remote in USA,,,,,,2026-10-02T22:09:14+00:00,2026-07-30T22:27:50+00:00,false,,remote,full_time,senior,,,,simplify,https://simplify.jobs/p/aead489a-f4ef-4259-880d-1f68e390dfeb,,simplify,"[{""site"": ""simplify"", ""url"": ""https://simplify.jobs/p/aead489a-f4ef-4259-880d-1f68e390dfeb""}]",[],[],"{""location"": [""Remote; Remote in USA""]}",{},"{""location"": ""array_field""}",{}
https://simplify.jobs/p/b927732f-7671-4ef4-b8a1-284be00f9e1c,Application Developer - JavaScript,Esri,"Remote; Louisville, KY, USA; Denver, CO, USA",83720.0,141440.0,USD,,,2026-09-04T10:06:01+00:00,2026-07-30T01:32:07+00:00,false,,remote,full_time,junior,,,,simplify,https://simplify.jobs/p/b927732f-7671-4ef4-b8a1-284be00f9e1c,,simplify,"[{""site"": ""simplify"", ""url"": ""https://simplify.jobs/p/b927732f-7671-4ef4-b8a1-284be00f9e1c""}]",[],[],"{""location"": [""Remote; Louisville, KY, USA; Denver, CO, USA""]}",{},"{""location"": ""array_field""}",{}
https://simplify.jobs/p/87124499-b645-495c-aa58-6cf60c8a3598,Senior Frontend Engineer - Jtx,Jito Labs,Remote; Remote in USA,175000.0,195000.0,USD,,,2026-09-04T13:30:01+00:00,2026-07-29T14:08:46+00:00,false,,remote,full_time,senior,,,,simplify,https://simplify.jobs/p/87124499-b645-495c-aa58-6cf60c8a3598,,simplify,"[{""site"": ""simplify"", ""url"": ""https://simplify.jobs/p/87124499-b645-495c-aa58-6cf60c8a3598""}]",[],[],"{""location"": [""Remote; Remote in USA""]}",{},"{""location"": ""array_field""}",{}
https://simplify.jobs/p/311bf589-2a7c-403a-89e6-2b8a2ff94732,Software Development Engineer – UI/UX,Dragos,Remote; Remote in USA,135000.0,135000.0,USD,,,2026-09-03T18:21:22+00:00,2026-07-28T14:27:28+00:00,false,,remote,full_time,mid,,,,simplify,https://simplify.jobs/p/311bf589-2a7c-403a-89e6-2b8a2ff94732,,simplify,"[{""site"": ""simplify"", ""url"": ""https://simplify.jobs/p/311bf589-2a7c-403a-89e6-2b8a2ff94732""}]",[],[],"{""location"": [""Remote; Remote in USA""]}",{},"{""location"": ""array_field""}",{}
https://simplify.jobs/p/01bdf93f-7d3a-4a0f-89d1-76a0104ca0c8,Senior/Staff Frontend Engineer,Embedding VC,"Remote; San Francisco, CA, USA",100000.0,200000.0,USD,,,2026-09-04T10:06:01+00:00,2026-07-28T06:17:10+00:00,false,,remote,full_time,mid | senior,,,,simplify,https://simplify.jobs/p/01bdf93f-7d3a-4a0f-89d1-76a0104ca0c8,,simplify,"[{""site"": ""simplify"", ""url"": ""https://simplify.jobs/p/01bdf93f-7d3a-4a0f-89d1-76a0104ca0c8""}]",[],[],"{""location"": [""Remote; San Francisco, CA, USA""]}",{},"{""location"": ""array_field""}",{}
https://simplify.jobs/p/0bd9ccf8-19d5-4531-b6d1-3af19d255c39,Senior Frontend Engineer - Performance,Multi Media,Remote; Remote in USA,180000.0,215000.0,USD,,,2026-09-05T08:24:01+00:00,2026-07-26T22:21:07+00:00,false,,remote,full_time,senior,,,,simplify,https://simplify.jobs/p/0bd9ccf8-19d5-4531-b6d1-3af19d255c39,,simplify,"[{""site"": ""simplify"", ""url"": ""https://simplify.jobs/p/0bd9ccf8-19d5-4531-b6d1-3af19d255c39""}]",[],[],"{""location"": [""Remote; Remote in USA""]}",{},"{""location"": ""array_field""}",{}
https://simplify.jobs/p/16bb0734-5824-4d97-99b9-41e495a9ac25,AI Web Framework Lead Software Engineer - Octagon Framework,JP Morgan Chase,"Remote; Columbus, OH, USA; New York, NY, USA",156750.0,215000.0,USD,,,2026-09-03T20:15:22+00:00,2026-07-23T22:10:02+00:00,false,,remote,full_time,,,,,simplify,https://simplify.jobs/p/16bb0734-5824-4d97-99b9-41e495a9ac25,,simplify,"[{""site"": ""simplify"", ""url"": ""https://simplify.jobs/p/16bb0734-5824-4d97-99b9-41e495a9ac25""}]",[],[],"{""location"": [""Remote; Columbus, OH, USA; New York, NY, USA""]}",{},"{""location"": ""array_field""}",{}
https://simplify.jobs/p/5e06ed50-74e8-4594-bfd8-6b99c9a11b96,Senior Frontend UX Engineer,Hubs.is,Remote; Remote in USA,,,,,,2026-09-03T19:57:26+00:00,2026-07-23T06:29:43+00:00,false,,remote,full_time,senior,,,,simplify,https://simplify.jobs/p/5e06ed50-74e8-4594-bfd8-6b99c9a11b96,,simplify,"[{""site"": ""simplify"", ""url"": ""https://simplify.jobs/p/5e06ed50-74e8-4594-bfd8-6b99c9a11b96""}]",[],[],"{""location"": [""Remote; Remote in USA""]}",{},"{""location"": ""array_field""}",{}
https://simplify.jobs/p/c5f3ca67-dda1-4628-9426-d48887b37e51,Front End Engineer,Outpatient App,Remote; Remote in USA,,,,,,2026-09-04T09:54:01+00:00,2026-07-23T06:18:05+00:00,false,,remote,full_time,mid,,,,simplify,https://simplify.jobs/p/c5f3ca67-dda1-4628-9426-d48887b37e51,,simplify,"[{""site"": ""simplify"", ""url"": ""https://simplify.jobs/p/c5f3ca67-dda1-4628-9426-d48887b37e51""}]",[],[],"{""location"": [""Remote; Remote in USA""]}",{},"{""location"": ""array_field""}",{}
https://simplify.jobs/p/c7da830f-f4a2-4f1d-83f8-84c38ce02230,Senior Power Platform Developer - UI/UX - Front-End,Engineer Up,Remote; Remote in USA,,,,,,2026-09-03T20:21:27+00:00,2026-07-23T06:17:49+00:00,false,,remote,full_time,senior,,,,simplify,https://simplify.jobs/p/c7da830f-f4a2-4f1d-83f8-84c38ce02230,,simplify,"[{""site"": ""simplify"", ""url"": ""https://simplify.jobs/p/c7da830f-f4a2-4f1d-83f8-84c38ce02230""}]",[],[],"{""location"": [""Remote; Remote in USA""]}",{},"{""location"": ""array_field""}",{}
https://simplify.jobs/p/eec45f83-6437-4cff-8ed7-b5dc98f4b918,Front-End Engineer,Cedar Innovations,Remote; Remote in USA; Remote in Canada,100000.0,150000.0,USD,,,2026-09-04T09:54:01+00:00,2026-07-22T14:14:08+00:00,false,,remote,full_time,mid,,,,simplify,https://simplify.jobs/p/eec45f83-6437-4cff-8ed7-b5dc98f4b918,,simplify,"[{""site"": ""simplify"", ""url"": ""https://simplify.jobs/p/eec45f83-6437-4cff-8ed7-b5dc98f4b918""}]",[],[],"{""location"": [""Remote; Remote in USA; Remote in Canada""]}",{},"{""location"": ""array_field""}",{}
https://simplify.jobs/p/8c3c7ccd-5b89-4f43-80d1-7cf49168f3dd,High-Functioning Psychopath - Front End,XION,Remote; Remote in USA,,,,,,2026-09-03T18:09:19+00:00,2026-07-21T22:44:58+00:00,false,,remote,full_time,mid,,,,simplify,https://simplify.jobs/p/8c3c7ccd-5b89-4f43-80d1-7cf49168f3dd,,simplify,"[{""site"": ""simplify"", ""url"": ""https://simplify.jobs/p/8c3c7ccd-5b89-4f43-80d1-7cf49168f3dd""}]",[],[],"{""location"": [""Remote; Remote in USA""]}",{},"{""location"": ""array_field""}",{}
https://simplify.jobs/p/5e93f802-4031-4fc9-9200-4fa158d98d5f,Staff Design Engineer,Vetcove,Remote; Remote in USA,145000.0,195000.0,USD,,,2026-09-03T19:57:26+00:00,2026-07-21T22:13:25+00:00,false,,remote,full_time,mid | senior,,,,simplify,https://simplify.jobs/p/5e93f802-4031-4fc9-9200-4fa158d98d5f,,simplify,"[{""site"": ""simplify"", ""url"": ""https://simplify.jobs/p/5e93f802-4031-4fc9-9200-4fa158d98d5f""}]",[],[],"{""location"": [""Remote; Remote in USA""]}",{},"{""location"": ""array_field""}",{}
https://simplify.jobs/p/ef8f653d-e883-4912-a58b-228da44a2c3f,Frontend Engineer,UpDoc,Remote; Remote in USA,,,,,,2026-09-04T09:54:01+00:00,2026-07-21T22:13:15+00:00,false,,remote,full_time,mid,,,,simplify,https://simplify.jobs/p/ef8f653d-e883-4912-a58b-228da44a2c3f,,simplify,"[{""site"": ""simplify"", ""url"": ""https://simplify.jobs/p/ef8f653d-e883-4912-a58b-228da44a2c3f""}]",[],[],"{""location"": [""Remote; Remote in USA""]}",{},"{""location"": ""array_field""}",{}
https://simplify.jobs/p/373901d4-4953-4f60-a407-ba71aaf45f95,Design Engineer,Good Maven,"Remote; San Francisco, CA, USA",175000.0,200000.0,USD,,,2026-09-03T20:21:27+00:00,2026-07-21T14:13:16+00:00,false,,remote,full_time,mid,,,,simplify,https://simplify.jobs/p/373901d4-4953-4f60-a407-ba71aaf45f95,,simplify,"[{""site"": ""simplify"", ""url"": ""https://simplify.jobs/p/373901d4-4953-4f60-a407-ba71aaf45f95""}]",[],[],"{""location"": [""Remote; San Francisco, CA, USA""]}",{},"{""location"": ""array_field""}",{}
https://simplify.jobs/p/ab7ffec3-a9bc-4058-922a-0bb0db0e9eaf,Senior Frontend Engineer,Aragorn AI,Remote; Remote in USA,125000.0,160000.0,USD,,,2026-09-04T10:06:01+00:00,2026-07-21T01:18:49+00:00,false,,remote,full_time,senior,,,,simplify,https://simplify.jobs/p/ab7ffec3-a9bc-4058-922a-0bb0db0e9eaf,,simplify,"[{""site"": ""simplify"", ""url"": ""https://simplify.jobs/p/ab7ffec3-a9bc-4058-922a-0bb0db0e9eaf""}]",[],[],"{""location"": [""Remote; Remote in USA""]}",{},"{""location"": ""array_field""}",{}
https://simplify.jobs/p/40eda1d7-ee7d-4f62-a628-ab9e5e1977d1,Senior Software Engineer - Frontend - Extensions Team,Cerby,Remote; Remote in USA,,,,,,2026-10-02T10:10:26+00:00,2026-07-21T01:17:30+00:00,false,,remote,full_time,senior,,,,simplify,https://simplify.jobs/p/40eda1d7-ee7d-4f62-a628-ab9e5e1977d1,,simplify,"[{""site"": ""simplify"", ""url"": ""https://simplify.jobs/p/40eda1d7-ee7d-4f62-a628-ab9e5e1977d1""}]",[],[],"{""location"": [""Remote; Remote in USA""]}",{},"{""location"": ""array_field""}",{}
https://simplify.jobs/p/6452c0d3-a177-4ac5-9dfc-ca25962c32f8,Staff Software Engineer - Frontend - Access Management,Cerby,Remote; Remote in USA,,,,,,2026-10-02T10:34:56+00:00,2026-07-21T01:17:29+00:00,false,,remote,full_time,senior,,,,simplify,https://simplify.jobs/p/6452c0d3-a177-4ac5-9dfc-ca25962c32f8,,simplify,"[{""site"": ""simplify"", ""url"": ""https://simplify.jobs/p/6452c0d3-a177-4ac5-9dfc-ca25962c32f8""}]",[],[],"{""location"": [""Remote; Remote in USA""]}",{},"{""location"": ""array_field""}",{}
https://simplify.jobs/p/cedade19-55b4-4bee-8cb4-a7c8030cfc23,Junior Frontend Developer - AI & LLM Focus,Advision Development,"Remote; Austin, TX, USA",65000.0,80000.0,USD,,,2026-10-02T11:12:13+00:00,2026-07-21T01:16:31+00:00,false,,remote,full_time,junior,,,,simplify,https://simplify.jobs/p/cedade19-55b4-4bee-8cb4-a7c8030cfc23,,simplify,"[{""site"": ""simplify"", ""url"": ""https://simplify.jobs/p/cedade19-55b4-4bee-8cb4-a7c8030cfc23""}]",[],[],"{""location"": [""Remote; Austin, TX, USA""]}",{},"{""location"": ""array_field""}",{}
https://simplify.jobs/p/831d07e8-2803-41dc-8104-1391a644fefb,Senior Full Stack JavaScript Developer - SSR / Front-End Leaning,Social News Desk,Remote; Remote in USA,,,,,,2026-09-04T09:42:02+00:00,2026-07-21T01:15:55+00:00,false,,remote,full_time,senior,,,,simplify,https://simplify.jobs/p/831d07e8-2803-41dc-8104-1391a644fefb,,simplify,"[{""site"": ""simplify"", ""url"": ""https://simplify.jobs/p/831d07e8-2803-41dc-8104-1391a644fefb""}]",[],[],"{""location"": [""Remote; Remote in USA""]}",{},"{""location"": ""array_field""}",{}
https://simplify.jobs/p/0731ff73-dd1e-4160-b89a-fa2b7c981e5b,Senior Frontend Engineer,Umbrel,Remote; Remote in USA,,,,,,2026-09-04T09:42:02+00:00,2026-07-21T01:15:11+00:00,false,,remote,full_time,mid | senior,,,,simplify,https://simplify.jobs/p/0731ff73-dd1e-4160-b89a-fa2b7c981e5b,,simplify,"[{""site"": ""simplify"", ""url"": ""https://simplify.jobs/p/0731ff73-dd1e-4160-b89a-fa2b7c981e5b""}]",[],[],"{""location"": [""Remote; Remote in USA""]}",{},"{""location"": ""array_field""}",{}
https://simplify.jobs/p/99f083c1-f77b-4a7d-b1e7-48b60deb489f,Frontend Engineer,Asteri AI,Remote; Remote in USA,,,,,,2026-09-04T09:42:02+00:00,2026-07-21T01:15:06+00:00,false,,remote,full_time,senior,,,,simplify,https://simplify.jobs/p/99f083c1-f77b-4a7d-b1e7-48b60deb489f,,simplify,"[{""site"": ""simplify"", ""url"": ""https://simplify.jobs/p/99f083c1-f77b-4a7d-b1e7-48b60deb489f""}]",[],[],"{""location"": [""Remote; Remote in USA""]}",{},"{""location"": ""array_field""}",{}
https://simplify.jobs/p/bdd08269-7358-4353-84e8-6b575322249a,Frontend Engineer - Editor and Graphics,Slate,Remote; Remote in USA,95000.0,200000.0,USD,,,2026-09-04T09:42:02+00:00,2026-07-21T01:14:55+00:00,false,,remote,full_time,senior,,,,simplify,https://simplify.jobs/p/bdd08269-7358-4353-84e8-6b575322249a,,simplify,"[{""site"": ""simplify"", ""url"": ""https://simplify.jobs/p/bdd08269-7358-4353-84e8-6b575322249a""}]",[],[],"{""location"": [""Remote; Remote in USA""]}",{},"{""location"": ""array_field""}",{}
https://simplify.jobs/p/d6668c8d-f042-4344-a81d-02ca9edf726e,Product Engineer - Frontend,Elly,"Remote; New York, NY, USA",150000.0,215000.0,USD,,,2026-09-04T09:42:02+00:00,2026-07-17T22:21:49+00:00,false,,remote,full_time,mid,,,,simplify,https://simplify.jobs/p/d6668c8d-f042-4344-a81d-02ca9edf726e,,simplify,"[{""site"": ""simplify"", ""url"": ""https://simplify.jobs/p/d6668c8d-f042-4344-a81d-02ca9edf726e""}]",[],[],"{""location"": [""Remote; New York, NY, USA""]}",{},"{""location"": ""array_field""}",{}
https://simplify.jobs/p/fa68b17c-f3f0-4831-ad04-8e1a6fd21584,Senior Staff Engineer - Fullstack/Frontend,hims & hers,Remote; Remote in USA,240000.0,280000.0,USD,,,2026-09-04T09:42:02+00:00,2026-07-15T22:10:17+00:00,false,,remote,full_time,,,,,simplify,https://simplify.jobs/p/fa68b17c-f3f0-4831-ad04-8e1a6fd21584,,simplify,"[{""site"": ""simplify"", ""url"": ""https://simplify.jobs/p/fa68b17c-f3f0-4831-ad04-8e1a6fd21584""}]",[],[],"{""location"": [""Remote; Remote in USA""]}",{},"{""location"": ""array_field""}",{}
https://simplify.jobs/p/05c53e5d-e702-4991-99a8-a096794db73b,Engineering Manager - Frontend Platform & Mobile,Zocdoc,Remote; Remote in USA,210000.0,270000.0,USD,,,2026-09-14T19:21:01+00:00,2026-07-14T22:11:51+00:00,false,,remote,full_time,mid | senior,,,,simplify,https://simplify.jobs/p/05c53e5d-e702-4991-99a8-a096794db73b,,simplify,"[{""site"": ""simplify"", ""url"": ""https://simplify.jobs/p/05c53e5d-e702-4991-99a8-a096794db73b""}]",[],[],"{""location"": [""Remote; Remote in USA""]}",{},"{""location"": ""array_field""}",{}
https://simplify.jobs/p/2efd642e-11e4-418c-af77-61e3c031442f,Principal Software Engineer - Front End Web UI Platform,GitHub,Remote; Remote in USA,160200.0,425000.0,USD,,,2026-09-03T20:48:22+00:00,2026-07-14T22:09:35+00:00,false,,remote,full_time,,,,,simplify,https://simplify.jobs/p/2efd642e-11e4-418c-af77-61e3c031442f,,simplify,"[{""site"": ""simplify"", ""url"": ""https://simplify.jobs/p/2efd642e-11e4-418c-af77-61e3c031442f""}]",[],[],"{""location"": [""Remote; Remote in USA""]}",{},"{""location"": ""array_field""}",{}
https://simplify.jobs/p/6f254bc2-82c8-4066-ac13-1bc0cae2f529,Senior Staff Software Engineer - Client Architecture,Reddit,Remote; Remote in USA,279000.0,390000.0,USD,,,2026-09-09T22:09:08+00:00,2026-07-13T22:16:12+00:00,false,,remote,full_time,senior,,,,simplify,https://simplify.jobs/p/6f254bc2-82c8-4066-ac13-1bc0cae2f529,,simplify,"[{""site"": ""simplify"", ""url"": ""https://simplify.jobs/p/6f254bc2-82c8-4066-ac13-1bc0cae2f529""}]",[],[],"{""location"": [""Remote; Remote in USA""]}",{},"{""location"": ""array_field""}",{}
https://simplify.jobs/p/9e7f69f1-1a01-4e66-a816-f7883561ffae,Senior Full-stack Software Engineer II - Frontend Leaning,Bestow,"Remote; Dallas, TX, USA; Remote in USA",180000.0,200000.0,USD,,,2026-09-26T10:24:01+00:00,2026-07-13T22:11:10+00:00,false,,remote,full_time,senior,,,,simplify,https://simplify.jobs/p/9e7f69f1-1a01-4e66-a816-f7883561ffae,,simplify,"[{""site"": ""simplify"", ""url"": ""https://simplify.jobs/p/9e7f69f1-1a01-4e66-a816-f7883561ffae""}]",[],[],"{""location"": [""Remote; Dallas, TX, USA; Remote in USA""]}",{},"{""location"": ""array_field""}",{}
https://simplify.jobs/p/1a569769-a371-4bfb-9571-26c6f30984bf,Staff Frontend Software Engineer - Frontend - Factory Software,Tesla,"Remote; Fremont, CA, USA; Austin, TX, USA; Reno, NV, USA",,,,,,2026-09-11T08:45:17+00:00,2026-07-10T01:11:17+00:00,false,,remote,full_time,mid | senior,,,,simplify,https://simplify.jobs/p/1a569769-a371-4bfb-9571-26c6f30984bf,,simplify,"[{""site"": ""simplify"", ""url"": ""https://simplify.jobs/p/1a569769-a371-4bfb-9571-26c6f30984bf""}]",[],[],"{""location"": [""Remote; Fremont, CA, USA; Austin, TX, USA; Reno, NV, USA""]}",{},"{""location"": ""array_field""}",{}
https://simplify.jobs/p/57184400-c81e-4ede-b8a3-d47cfe8f2d1c,Frontend Engineer,Layer Financial Technologies,"Remote; San Francisco, CA, USA",,,,,,2026-10-02T11:21:11+00:00,2026-07-07T09:11:45+00:00,false,,remote,full_time,junior | mid,,,,simplify,https://simplify.jobs/p/57184400-c81e-4ede-b8a3-d47cfe8f2d1c,,simplify,"[{""site"": ""simplify"", ""url"": ""https://simplify.jobs/p/57184400-c81e-4ede-b8a3-d47cfe8f2d1c""}]",[],[],"{""location"": [""Remote; San Francisco, CA, USA""]}",{},"{""location"": ""array_field""}",{}
https://simplify.jobs/p/6a3fbb68-b8e3-4d20-afb9-42ac9bde893b,Creative Technologist,TrueShort,Remote; Remote in USA,120000.0,180000.0,USD,,,2026-09-04T04:42:01+00:00,2026-07-07T09:09:44+00:00,false,,remote,full_time,mid,,,,simplify,https://simplify.jobs/p/6a3fbb68-b8e3-4d20-afb9-42ac9bde893b,,simplify,"[{""site"": ""simplify"", ""url"": ""https://simplify.jobs/p/6a3fbb68-b8e3-4d20-afb9-42ac9bde893b""}]",[],[],"{""location"": [""Remote; Remote in USA""]}",{},"{""location"": ""array_field""}",{}
https://simplify.jobs/p/bad2bcd4-25cd-4d87-9ade-25cd4426e428,Senior Frontend Engineer,Zoom,"Remote; Seattle, WA, USA",197950.0,332200.0,USD,,,2026-09-04T08:27:01+00:00,2026-07-04T11:37:41+00:00,false,,remote,full_time,senior,,,,simplify,https://simplify.jobs/p/bad2bcd4-25cd-4d87-9ade-25cd4426e428,,simplify,"[{""site"": ""simplify"", ""url"": ""https://simplify.jobs/p/bad2bcd4-25cd-4d87-9ade-25cd4426e428""}]",[],[],"{""location"": [""Remote; Seattle, WA, USA""]}",{},"{""location"": ""array_field""}",{}
https://simplify.jobs/p/a8ad40b9-e925-46ae-8e7c-e6f715a8104f,Frontend Developer - React/TypeScript,Avochato,Remote; Remote in USA,150000.0,150000.0,USD,,,2026-09-04T08:57:01+00:00,2026-07-03T22:23:27+00:00,false,,remote,full_time,mid,,,,simplify,https://simplify.jobs/p/a8ad40b9-e925-46ae-8e7c-e6f715a8104f,,simplify,"[{""site"": ""simplify"", ""url"": ""https://simplify.jobs/p/a8ad40b9-e925-46ae-8e7c-e6f715a8104f""}]",[],[],"{""location"": [""Remote; Remote in USA""]}",{},"{""location"": ""array_field""}",{}
https://simplify.jobs/p/718c40ec-5ab8-463e-844d-81b81bdda6f0,Senior Lead Creative Technologist,Kyndryl,"Remote; Dallas, TX, USA",115080.0,218520.0,USD,,,2026-09-03T19:12:22+00:00,2026-07-02T01:45:12+00:00,false,,remote,full_time,,,,,simplify,https://simplify.jobs/p/718c40ec-5ab8-463e-844d-81b81bdda6f0,,simplify,"[{""site"": ""simplify"", ""url"": ""https://simplify.jobs/p/718c40ec-5ab8-463e-844d-81b81bdda6f0""}]",[],[],"{""location"": [""Remote; Dallas, TX, USA""]}",{},"{""location"": ""array_field""}",{}
https://simplify.jobs/p/1b6dad46-d332-4d72-8ecb-494ea7b03366,Principal Software Engineer - Frontend,Palo Alto Networks,"Remote; Boston, MA, USA; San Francisco, CA, USA; Austin, TX, USA; Bridgeport, CT, USA; New York, NY, USA; Phoenix, AZ, USA; Denver, CO, USA; Jacksonville, FL, USA; Atlanta, GA, USA",,,,,,2026-09-04T09:15:01+00:00,2026-07-01T22:10:11+00:00,false,,remote,full_time,,,,,simplify,https://simplify.jobs/p/1b6dad46-d332-4d72-8ecb-494ea7b03366,,simplify,"[{""site"": ""simplify"", ""url"": ""https://simplify.jobs/p/1b6dad46-d332-4d72-8ecb-494ea7b03366""}]",[],[],"{""location"": [""Remote; Boston, MA, USA; San Francisco, CA, USA; Austin, TX, USA; Bridgeport, CT, USA; New York, NY, USA; Phoenix, AZ, USA; Denver, CO, USA; Jacksonville, FL, USA; Atlanta, GA, USA""]}",{},"{""location"": ""array_field""}",{}
https://simplify.jobs/p/1445c950-b659-4ed6-a6c1-5d4a72ae2118,Design Engineer - Runway Labs,Runway AI,Remote; Remote in USA,250000.0,310000.0,USD,,,2026-09-03T19:06:23+00:00,2026-06-29T22:08:50+00:00,false,,remote,full_time,mid,,,,simplify,https://simplify.jobs/p/1445c950-b659-4ed6-a6c1-5d4a72ae2118,,simplify,"[{""site"": ""simplify"", ""url"": ""https://simplify.jobs/p/1445c950-b659-4ed6-a6c1-5d4a72ae2118""}]",[],[],"{""location"": [""Remote; Remote in USA""]}",{},"{""location"": ""array_field""}",{}
https://simplify.jobs/p/49520bf5-94ff-4aa2-8ce9-bbc1831a8b7c,Frontend Outsystems Manager,Axos Bank,"Remote; Las Vegas, NV, USA; Centennial, CO, USA; Irvine, CA, USA; San Diego, CA, USA",110000.0,140000.0,USD,,,2026-09-04T06:57:01+00:00,2026-06-27T11:27:22+00:00,false,,remote,full_time,senior,,,,simplify,https://simplify.jobs/p/49520bf5-94ff-4aa2-8ce9-bbc1831a8b7c,,simplify,"[{""site"": ""simplify"", ""url"": ""https://simplify.jobs/p/49520bf5-94ff-4aa2-8ce9-bbc1831a8b7c""}]",[],[],"{""location"": [""Remote; Las Vegas, NV, USA; Centennial, CO, USA; Irvine, CA, USA; San Diego, CA, USA""]}",{},"{""location"": ""array_field""}",{}
https://simplify.jobs/p/fe148996-f126-4541-99c0-2839697416fd,Front End AI Engineer,Outmarket AI,Remote; Remote in India; Remote in USA,,,,,,2026-09-03T19:06:23+00:00,2026-06-26T22:08:00+00:00,false,,remote,full_time,junior,,,,simplify,https://simplify.jobs/p/fe148996-f126-4541-99c0-2839697416fd,,simplify,"[{""site"": ""simplify"", ""url"": ""https://simplify.jobs/p/fe148996-f126-4541-99c0-2839697416fd""}]",[],[],"{""location"": [""Remote; Remote in India; Remote in USA""]}",{},"{""location"": ""array_field""}",{}
https://simplify.jobs/p/8f555050-8e6d-449a-b661-c1cd96b18fa7,Founding Design Engineer,Lunon,"Remote; San Francisco, CA, USA; Remote in USA",160000.0,200000.0,USD,,,2026-09-03T19:00:22+00:00,2026-06-24T14:07:53+00:00,false,,remote,full_time,mid,,,,simplify,https://simplify.jobs/p/8f555050-8e6d-449a-b661-c1cd96b18fa7,,simplify,"[{""site"": ""simplify"", ""url"": ""https://simplify.jobs/p/8f555050-8e6d-449a-b661-c1cd96b18fa7""}]",[],[],"{""location"": [""Remote; San Francisco, CA, USA; Remote in USA""]}",{},"{""location"": ""array_field""}",{}
https://simplify.jobs/p/1e0378d1-c5de-4b30-afaf-8f624be86a68,Staff Software Engineer - Trading Platform - Charts,Topstep,Remote; United States,200000.0,250000.0,USD,,,2026-09-04T08:27:01+00:00,2026-06-23T22:14:52+00:00,false,,remote,full_time,senior,,,,simplify,https://simplify.jobs/p/1e0378d1-c5de-4b30-afaf-8f624be86a68,,simplify,"[{""site"": ""simplify"", ""url"": ""https://simplify.jobs/p/1e0378d1-c5de-4b30-afaf-8f624be86a68""}]",[],[],"{""location"": [""Remote; United States""]}",{},"{""location"": ""array_field""}",{}
https://simplify.jobs/p/79e3e3ba-5ec0-4039-9630-346e6e27c2fe,Software Engineer - Front-End,TensorWave,"Remote; Las Vegas, NV, USA",,,,,,2026-09-03T19:00:22+00:00,2026-06-20T06:07:18+00:00,false,,remote,full_time,senior,,,,simplify,https://simplify.jobs/p/79e3e3ba-5ec0-4039-9630-346e6e27c2fe,,simplify,"[{""site"": ""simplify"", ""url"": ""https://simplify.jobs/p/79e3e3ba-5ec0-4039-9630-346e6e27c2fe""}]",[],[],"{""location"": [""Remote; Las Vegas, NV, USA""]}",{},"{""location"": ""array_field""}",{}
https://simplify.jobs/p/5c930b22-a332-4aa0-a7b6-7470bc6bd9f4,Senior Front End Engineer,Gametime,Remote; Remote in USA,170925.0,240000.0,USD,,,2026-09-30T22:18:38+00:00,2026-06-18T22:12:09+00:00,false,,remote,full_time,senior,,,,simplify,https://simplify.jobs/p/5c930b22-a332-4aa0-a7b6-7470bc6bd9f4,,simplify,"[{""site"": ""simplify"", ""url"": ""https://simplify.jobs/p/5c930b22-a332-4aa0-a7b6-7470bc6bd9f4""}]",[],[],"{""location"": [""Remote; Remote in USA""]}",{},"{""location"": ""array_field""}",{}
https://simplify.jobs/p/ab437872-5e00-4b0f-be44-1b3953c98089,Senior/Staff Software Engineer - Interactives,Brilliant,"Remote; San Francisco, CA, USA; Remote in USA; New York, NY, USA",180000.0,250000.0,USD,,,2026-09-03T18:54:19+00:00,2026-06-17T22:08:42+00:00,false,,remote,full_time,senior,,,,simplify,https://simplify.jobs/p/ab437872-5e00-4b0f-be44-1b3953c98089,,simplify,"[{""site"": ""simplify"", ""url"": ""https://simplify.jobs/p/ab437872-5e00-4b0f-be44-1b3953c98089""}]",[],[],"{""location"": [""Remote; San Francisco, CA, USA; Remote in USA; New York, NY, USA""]}",{},"{""location"": ""array_field""}",{}
https://simplify.jobs/p/f87d3456-e836-4285-a25a-0b1db773c018,Design Engineer - Americas,Ashby,"Remote; Boston, MA, USA; Seattle, WA, USA; San Francisco, CA, USA; Austin, TX, USA; Los Angeles, CA, USA; Remote in USA; Chicago, IL, USA; New York, NY, USA; Denver, CO, USA; Portland, OR, USA",126000.0,250000.0,USD,,,2026-09-04T08:15:01+00:00,2026-06-12T22:08:55+00:00,false,,remote,full_time,junior | mid | senior,,,,simplify,https://simplify.jobs/p/f87d3456-e836-4285-a25a-0b1db773c018,,simplify,"[{""site"": ""simplify"", ""url"": ""https://simplify.jobs/p/f87d3456-e836-4285-a25a-0b1db773c018""}]",[],[],"{""location"": [""Remote; Boston, MA, USA; Seattle, WA, USA; San Francisco, CA, USA; Austin, TX, USA; Los Angeles, CA, USA; Remote in USA; Chicago, IL, USA; New York, NY, USA; Denver, CO, USA; Portland, OR, USA""]}",{},"{""location"": ""array_field""}",{}
https://simplify.jobs/p/3b0a5033-0452-4bdf-a862-dd0db170de9a,Staff Software Engineer - Frontend,Sigma Computing,"Remote; New York, NY, USA",240000.0,270000.0,USD,,,2026-09-04T08:15:01+00:00,2026-06-10T06:13:07+00:00,false,,remote,full_time,,,,,simplify,https://simplify.jobs/p/3b0a5033-0452-4bdf-a862-dd0db170de9a,,simplify,"[{""site"": ""simplify"", ""url"": ""https://simplify.jobs/p/3b0a5033-0452-4bdf-a862-dd0db170de9a""}]",[],[],"{""location"": [""Remote; New York, NY, USA""]}",{},"{""location"": ""array_field""}",{}
https://simplify.jobs/p/e2f42ac2-de91-492b-aaa9-a1659e390851,Staff Engineer - Frontend Applications,Aechelon Technology,"Remote; South San Francisco, CA, USA",150000.0,200000.0,USD,,,2026-09-23T22:36:02+00:00,2026-06-08T22:05:02+00:00,false,,remote,full_time,senior,,,,simplify,https://simplify.jobs/p/e2f42ac2-de91-492b-aaa9-a1659e390851,,simplify,"[{""site"": ""simplify"", ""url"": ""https://simplify.jobs/p/e2f42ac2-de91-492b-aaa9-a1659e390851""}]",[],[],"{""location"": [""Remote; South San Francisco, CA, USA""]}",{},"{""location"": ""array_field""}",{}
https://simplify.jobs/p/20e8390a-7220-4074-872e-d961dea3144c,Engineering Manager - Frontend,Wrapbook,Remote; Remote in USA; Remote in Canada,,,,,,2026-10-02T11:00:01+00:00,2026-06-08T14:08:06+00:00,false,,remote,full_time,mid,,,,simplify,https://simplify.jobs/p/20e8390a-7220-4074-872e-d961dea3144c,,simplify,"[{""site"": ""simplify"", ""url"": ""https://simplify.jobs/p/20e8390a-7220-4074-872e-d961dea3144c""}]",[],[],"{""location"": [""Remote; Remote in USA; Remote in Canada""]}",{},"{""location"": ""array_field""}",{}
https://simplify.jobs/p/6daf17fa-640a-4222-aeb3-bd1d74b28d46,Front-End Developer,Injective Foundation,Remote; Remote in USA,,,,,,2026-09-04T13:30:01+00:00,2026-06-02T22:08:18+00:00,false,,remote,full_time,mid,,,,simplify,https://simplify.jobs/p/6daf17fa-640a-4222-aeb3-bd1d74b28d46 | https://simplify.jobs/p/5c8f2e1f-b200-4499-8c72-d94401501cef,,simplify,"[{""site"": ""simplify"", ""url"": ""https://simplify.jobs/p/6daf17fa-640a-4222-aeb3-bd1d74b28d46""}, {""site"": ""simplify"", ""url"": ""https://simplify.jobs/p/5c8f2e1f-b200-4499-8c72-d94401501cef""}]",[],[],"{""location"": [""Remote; Remote in USA""]}",{},"{""location"": ""array_field""}",{}
https://simplify.jobs/p/a0ca246f-0680-466c-8464-28f63b1d728f,Frontend Engineer - User Interface,Nebius,Remote; Remote in USA,122880.0,184320.0,USD,,,2026-09-04T08:03:01+00:00,2026-05-22T22:10:55+00:00,false,,remote,full_time,mid,,,,simplify,https://simplify.jobs/p/a0ca246f-0680-466c-8464-28f63b1d728f,,simplify,"[{""site"": ""simplify"", ""url"": ""https://simplify.jobs/p/a0ca246f-0680-466c-8464-28f63b1d728f""}]",[],[],"{""location"": [""Remote; Remote in USA""]}",{},"{""location"": ""array_field""}",{}
https://simplify.jobs/p/a4449bf6-34a2-4134-a45c-a68f063e8774,Engineering Manager - Frontend,ClickUp,Remote; Remote in USA,200000.0,250000.0,USD,,,2026-09-03T18:27:21+00:00,2026-05-19T01:09:31+00:00,false,,remote,full_time,senior,,,,simplify,https://simplify.jobs/p/a4449bf6-34a2-4134-a45c-a68f063e8774,,simplify,"[{""site"": ""simplify"", ""url"": ""https://simplify.jobs/p/a4449bf6-34a2-4134-a45c-a68f063e8774""}]",[],[],"{""location"": [""Remote; Remote in USA""]}",{},"{""location"": ""array_field""}",{}
https://simplify.jobs/p/3740d215-3df9-420c-b880-3f6fe9bfb446,Sr. UI Developer - Ecommerce - Hoka,Deckers Brands,"Remote; Oregon, USA; California, USA; Texas, USA; Jackson Township, NJ, USA; Waterbury, CT, USA; Arizona, USA; Minnesota, USA; Colorado, USA; New York, NY, USA; Wisconsin, USA; Massachusetts, USA",96600.0,130400.0,USD,,,2026-09-03T18:15:29+00:00,2026-05-16T14:09:32+00:00,false,,remote,full_time,senior,,,,simplify,https://simplify.jobs/p/3740d215-3df9-420c-b880-3f6fe9bfb446,,simplify,"[{""site"": ""simplify"", ""url"": ""https://simplify.jobs/p/3740d215-3df9-420c-b880-3f6fe9bfb446""}]",[],[],"{""location"": [""Remote; Oregon, USA; California, USA; Texas, USA; Jackson Township, NJ, USA; Waterbury, CT, USA; Arizona, USA; Minnesota, USA; Colorado, USA; New York, NY, USA; Wisconsin, USA; Massachusetts, USA""]}",{},"{""location"": ""array_field""}",{}
https://simplify.jobs/p/f5fc1ab0-3fe0-405f-9c8e-74a43e571002,Staff Frontend Engineer,Assured,Remote; Remote in USA,210000.0,270000.0,USD,,,2026-09-29T17:30:01+00:00,2026-05-13T22:09:32+00:00,false,,remote,full_time,senior,,,,simplify,https://simplify.jobs/p/f5fc1ab0-3fe0-405f-9c8e-74a43e571002,,simplify,"[{""site"": ""simplify"", ""url"": ""https://simplify.jobs/p/f5fc1ab0-3fe0-405f-9c8e-74a43e571002""}]",[],[],"{""location"": [""Remote; Remote in USA""]}",{},"{""location"": ""array_field""}",{}
https://simplify.jobs/p/90b29c57-9b34-415f-9859-26cb9f4f2fcc,UX Engineer,Clover Health,Remote; Remote in USA,157000.0,205000.0,USD,,,2026-09-04T07:51:01+00:00,2026-05-08T22:21:08+00:00,false,,remote,full_time,mid,,,,simplify,https://simplify.jobs/p/90b29c57-9b34-415f-9859-26cb9f4f2fcc,,simplify,"[{""site"": ""simplify"", ""url"": ""https://simplify.jobs/p/90b29c57-9b34-415f-9859-26cb9f4f2fcc""}]",[],[],"{""location"": [""Remote; Remote in USA""]}",{},"{""location"": ""array_field""}",{}
https://simplify.jobs/p/7c02b87d-9060-43d7-91b7-c1bf23c8b198,Senior Software Engineer - Frontend,Zoo,"Remote; Los Angeles, CA, USA",145000.0,195000.0,USD,,,2026-09-29T10:27:01+00:00,2026-04-29T22:20:14+00:00,false,,remote,full_time,senior,,,,simplify,https://simplify.jobs/p/7c02b87d-9060-43d7-91b7-c1bf23c8b198,,simplify,"[{""site"": ""simplify"", ""url"": ""https://simplify.jobs/p/7c02b87d-9060-43d7-91b7-c1bf23c8b198""}]",[],[],"{""location"": [""Remote; Los Angeles, CA, USA""]}",{},"{""location"": ""array_field""}",{}
https://simplify.jobs/p/785cafc1-6967-4367-a708-3b21f07891ba,Senior Frontend Software Engineer - Frontend,Optimal Dynamics,Remote; Remote in USA,165000.0,195000.0,USD,,,2026-09-22T22:46:51+00:00,2026-04-14T22:09:37+00:00,false,,remote,full_time,senior,,,,simplify,https://simplify.jobs/p/785cafc1-6967-4367-a708-3b21f07891ba,,simplify,"[{""site"": ""simplify"", ""url"": ""https://simplify.jobs/p/785cafc1-6967-4367-a708-3b21f07891ba""}]",[],[],"{""location"": [""Remote; Remote in USA""]}",{},"{""location"": ""array_field""}",{}
https://simplify.jobs/p/841a6c0f-15cd-4cb5-b654-fa744d83b404,Engineering Manager - Front-End - UI/UX,StackBlitz,Remote; Remote in USA,,,,,,2026-09-03T18:09:19+00:00,2026-03-27T01:25:12+00:00,false,,remote,full_time,mid | senior,,,,simplify,https://simplify.jobs/p/841a6c0f-15cd-4cb5-b654-fa744d83b404,,simplify,"[{""site"": ""simplify"", ""url"": ""https://simplify.jobs/p/841a6c0f-15cd-4cb5-b654-fa744d83b404""}]",[],[],"{""location"": [""Remote; Remote in USA""]}",{},"{""location"": ""array_field""}",{}
https://simplify.jobs/p/f8d466ad-5664-4e75-83de-73a5595cf19d,Senior Frontend Engineer,Grid Technology,"Remote; Oakland, CA, USA; Remote in USA",135000.0,150000.0,USD,,,2026-09-04T07:36:01+00:00,2026-03-27T01:14:40+00:00,false,,remote,full_time,senior,,,,simplify,https://simplify.jobs/p/f8d466ad-5664-4e75-83de-73a5595cf19d,,simplify,"[{""site"": ""simplify"", ""url"": ""https://simplify.jobs/p/f8d466ad-5664-4e75-83de-73a5595cf19d""}]",[],[],"{""location"": [""Remote; Oakland, CA, USA; Remote in USA""]}",{},"{""location"": ""array_field""}",{}
https://simplify.jobs/p/c28e3d9b-1bfe-41a7-b104-e89ba7e95cc9,Frontend Software Engineer,Amplemarket,Remote; Remote in USA,,,,,,2026-09-03T18:09:19+00:00,2026-03-27T01:13:42+00:00,false,,remote,full_time,mid,,,,simplify,https://simplify.jobs/p/c28e3d9b-1bfe-41a7-b104-e89ba7e95cc9,,simplify,"[{""site"": ""simplify"", ""url"": ""https://simplify.jobs/p/c28e3d9b-1bfe-41a7-b104-e89ba7e95cc9""}]",[],[],"{""location"": [""Remote; Remote in USA""]}",{},"{""location"": ""array_field""}",{}
https://simplify.jobs/p/972abfbc-05f3-44b6-be3e-c1720392fbf7,Front-End Engineer,Eloquent AI,"Remote; San Francisco, CA, USA",,,,,,2026-10-01T11:00:14+00:00,2026-03-27T01:13:19+00:00,false,,remote,full_time,senior,,,,simplify,https://simplify.jobs/p/972abfbc-05f3-44b6-be3e-c1720392fbf7,,simplify,"[{""site"": ""simplify"", ""url"": ""https://simplify.jobs/p/972abfbc-05f3-44b6-be3e-c1720392fbf7""}]",[],[],"{""location"": [""Remote; San Francisco, CA, USA""]}",{},"{""location"": ""array_field""}",{}
https://simplify.jobs/p/2b3b312a-bc61-480d-af98-7a032691ae53,Staff Frontend Engineer,sound.xyz,"Remote; Remote in USA; New York, NY, USA",,,,,,2026-09-03T17:09:30+00:00,2026-03-27T01:11:33+00:00,false,,remote,full_time,senior,,,,simplify,https://simplify.jobs/p/2b3b312a-bc61-480d-af98-7a032691ae53,,simplify,"[{""site"": ""simplify"", ""url"": ""https://simplify.jobs/p/2b3b312a-bc61-480d-af98-7a032691ae53""}]",[],[],"{""location"": [""Remote; Remote in USA; New York, NY, USA""]}",{},"{""location"": ""array_field""}",{}
https://simplify.jobs/p/f37bd7ca-a534-4815-ab08-dd40af9ab42a,Senior Software Engineer - Frontend,Phantom,Remote; Remote in USA,180000.0,220000.0,USD,,,2026-09-04T12:33:01+00:00,2026-03-27T01:11:31+00:00,false,,remote,full_time,senior,,,,simplify,https://simplify.jobs/p/f37bd7ca-a534-4815-ab08-dd40af9ab42a,,simplify,"[{""site"": ""simplify"", ""url"": ""https://simplify.jobs/p/f37bd7ca-a534-4815-ab08-dd40af9ab42a""}]",[],[],"{""location"": [""Remote; Remote in USA""]}",{},"{""location"": ""array_field""}",{}
https://simplify.jobs/p/b01aea50-a843-41ba-a86f-7bc6ab9d67ff,Software Engineer - Frontend,Metabase,Remote; Remote in USA,110000.0,210000.0,USD,,,2026-09-04T05:18:01+00:00,2026-03-27T01:08:32+00:00,false,,remote,full_time,mid,,,,simplify,https://simplify.jobs/p/b01aea50-a843-41ba-a86f-7bc6ab9d67ff,,simplify,"[{""site"": ""simplify"", ""url"": ""https://simplify.jobs/p/b01aea50-a843-41ba-a86f-7bc6ab9d67ff""}]",[],[],"{""location"": [""Remote; Remote in USA""]}",{},"{""location"": ""array_field""}",{}
https://simplify.jobs/p/529ef5f5-acc2-484a-b6b6-242b6518bfc2,Lead Svelte Software Engineer,Array,Remote; Remote in USA,80.0,100.0,USD,,,2026-09-03T17:24:21+00:00,2026-03-24T22:10:56+00:00,false,,remote,full_time,senior,,,,simplify,https://simplify.jobs/p/529ef5f5-acc2-484a-b6b6-242b6518bfc2,,simplify,"[{""site"": ""simplify"", ""url"": ""https://simplify.jobs/p/529ef5f5-acc2-484a-b6b6-242b6518bfc2""}]",[],[],"{""location"": [""Remote; Remote in USA""]}",{},"{""location"": ""array_field""}",{}
https://simplify.jobs/p/1a573593-8a95-41d6-9801-7bf35120132d,Front-End Developer - Mid-Level,Jobs for Humanity,"Remote; New York, NY, USA",,,,,,2026-09-04T07:24:02+00:00,2026-03-19T06:20:45+00:00,false,,remote,full_time,mid,,,,simplify,https://simplify.jobs/p/1a573593-8a95-41d6-9801-7bf35120132d,,simplify,"[{""site"": ""simplify"", ""url"": ""https://simplify.jobs/p/1a573593-8a95-41d6-9801-7bf35120132d""}]",[],[],"{""location"": [""Remote; New York, NY, USA""]}",{},"{""location"": ""array_field""}",{}
https://simplify.jobs/p/3f81c801-b26c-4b49-a8cd-b994daa34e38,Senior Frontend Developer - React,Treehouse Strategy and Communications,"Remote; White Plains, NY, USA",,,,,,2026-09-04T07:24:02+00:00,2026-03-05T02:10:24+00:00,false,,remote,full_time,senior,,,,simplify,https://simplify.jobs/p/3f81c801-b26c-4b49-a8cd-b994daa34e38,,simplify,"[{""site"": ""simplify"", ""url"": ""https://simplify.jobs/p/3f81c801-b26c-4b49-a8cd-b994daa34e38""}]",[],[],"{""location"": [""Remote; White Plains, NY, USA""]}",{},"{""location"": ""array_field""}",{}
https://simplify.jobs/p/2d60eebe-fbb9-45a5-8b0e-cba58f0afedc,Front End Developer - React,Webtellect,"Remote; Seattle, WA, USA",,,,,,2026-09-03T17:54:20+00:00,2026-03-02T07:04:40+00:00,false,,remote,full_time,senior,,,,simplify,https://simplify.jobs/p/2d60eebe-fbb9-45a5-8b0e-cba58f0afedc,,simplify,"[{""site"": ""simplify"", ""url"": ""https://simplify.jobs/p/2d60eebe-fbb9-45a5-8b0e-cba58f0afedc""}]",[],[],"{""location"": [""Remote; Seattle, WA, USA""]}",{},"{""location"": ""array_field""}",{}
https://simplify.jobs/p/98df9335-29a0-47e9-bc43-b8c426e47dc7,Senior React Frontend Developer / Lead Developer,Treehouse Strategy and Communications,"Remote; White Plains, NY, USA",,,,,,2026-09-04T07:24:02+00:00,2026-02-27T07:08:50+00:00,false,,remote,full_time,senior,,,,simplify,https://simplify.jobs/p/98df9335-29a0-47e9-bc43-b8c426e47dc7,,simplify,"[{""site"": ""simplify"", ""url"": ""https://simplify.jobs/p/98df9335-29a0-47e9-bc43-b8c426e47dc7""}]",[],[],"{""location"": [""Remote; White Plains, NY, USA""]}",{},"{""location"": ""array_field""}",{}
https://simplify.jobs/p/fd69ba28-b52b-4489-a7b9-153194f7a5eb,Senior Frontend Web Developer,Tech Tammina,"Remote; New York, NY, USA",100000.0,135000.0,USD,,,2026-09-04T07:24:02+00:00,2026-02-27T02:10:28+00:00,false,,remote,full_time,mid | senior,,,,simplify,https://simplify.jobs/p/fd69ba28-b52b-4489-a7b9-153194f7a5eb | https://simplify.jobs/p/a9467192-a84e-4062-86cf-a6738d9bfa8e,,simplify,"[{""site"": ""simplify"", ""url"": ""https://simplify.jobs/p/fd69ba28-b52b-4489-a7b9-153194f7a5eb""}, {""site"": ""simplify"", ""url"": ""https://simplify.jobs/p/a9467192-a84e-4062-86cf-a6738d9bfa8e""}]",[],[],"{""location"": [""Remote; New York, NY, USA""]}",{},"{""location"": ""array_field""}",{}
https://simplify.jobs/p/804ed168-2f17-4246-988b-41529ee99f94,Frontend Developer - WPF/XAML,RealDefense,"Remote; Pasadena, CA, USA",,,,,,2026-09-04T07:24:02+00:00,2026-02-26T07:15:25+00:00,false,,remote,full_time,junior,,,,simplify,https://simplify.jobs/p/804ed168-2f17-4246-988b-41529ee99f94,,simplify,"[{""site"": ""simplify"", ""url"": ""https://simplify.jobs/p/804ed168-2f17-4246-988b-41529ee99f94""}]",[],[],"{""location"": [""Remote; Pasadena, CA, USA""]}",{},"{""location"": ""array_field""}",{}
https://simplify.jobs/p/eb5d6e5b-0aa4-4e39-88ca-6ba584faab9d,Senior Angular Frontend Developer,MyTime,"Remote; Los Angeles, CA, USA",,,,,,2026-09-04T07:24:02+00:00,2026-02-25T02:13:38+00:00,false,,remote,full_time,senior,,,,simplify,https://simplify.jobs/p/eb5d6e5b-0aa4-4e39-88ca-6ba584faab9d,,simplify,"[{""site"": ""simplify"", ""url"": ""https://simplify.jobs/p/eb5d6e5b-0aa4-4e39-88ca-6ba584faab9d""}]",[],[],"{""location"": [""Remote; Los Angeles, CA, USA""]}",{},"{""location"": ""array_field""}",{}
https://simplify.jobs/p/5d0a4c7a-5b63-4c6d-b0bf-9a918475ae3c,Front End/Web Developer,Jobsbridge,"Remote; San Francisco, CA, USA",,,,,,2026-09-04T07:24:02+00:00,2026-02-24T07:20:38+00:00,false,,remote,full_time,mid,,,,simplify,https://simplify.jobs/p/5d0a4c7a-5b63-4c6d-b0bf-9a918475ae3c,,simplify,"[{""site"": ""simplify"", ""url"": ""https://simplify.jobs/p/5d0a4c7a-5b63-4c6d-b0bf-9a918475ae3c""}]",[],[],"{""location"": [""Remote; San Francisco, CA, USA""]}",{},"{""location"": ""array_field""}",{}
https://simplify.jobs/p/1734694a-9cca-4fe9-b0c0-1374957798de,Fullstack / Front End Developer,Jobsbridge,"Remote; San Jose, CA, USA",,,,,,2026-09-04T07:24:02+00:00,2026-02-24T07:17:48+00:00,false,,remote,full_time,mid,,,,simplify,https://simplify.jobs/p/1734694a-9cca-4fe9-b0c0-1374957798de,,simplify,"[{""site"": ""simplify"", ""url"": ""https://simplify.jobs/p/1734694a-9cca-4fe9-b0c0-1374957798de""}]",[],[],"{""location"": [""Remote; San Jose, CA, USA""]}",{},"{""location"": ""array_field""}",{}
https://simplify.jobs/p/f5979ae7-8407-411a-b51a-99eda5bef62a,WordPress Front-End Developer / Engineer,Integrity Web Consulting,"Remote; University City, MO, USA",,,,,,2026-09-04T07:24:02+00:00,2026-02-24T07:10:59+00:00,false,,remote,full_time,mid,,,,simplify,https://simplify.jobs/p/f5979ae7-8407-411a-b51a-99eda5bef62a,,simplify,"[{""site"": ""simplify"", ""url"": ""https://simplify.jobs/p/f5979ae7-8407-411a-b51a-99eda5bef62a""}]",[],[],"{""location"": [""Remote; University City, MO, USA""]}",{},"{""location"": ""array_field""}",{}
https://simplify.jobs/p/97e70bc4-0124-4cec-99a5-8f6e5011be09,Senior Front-End Web Developer/Engineer - React - NextJS,Integrity Web Consulting,"Remote; University City, MO, USA",,,,,,2026-09-04T07:24:02+00:00,2026-02-24T07:10:52+00:00,false,,remote,full_time,senior,,,,simplify,https://simplify.jobs/p/97e70bc4-0124-4cec-99a5-8f6e5011be09,,simplify,"[{""site"": ""simplify"", ""url"": ""https://simplify.jobs/p/97e70bc4-0124-4cec-99a5-8f6e5011be09""}]",[],[],"{""location"": [""Remote; University City, MO, USA""]}",{},"{""location"": ""array_field""}",{}
https://simplify.jobs/p/200c6420-407c-45de-b54e-9a09e7603e63,Lead Web Developer,Ex Parte,"Remote; Bethesda, MD, USA",,,,,,2026-09-04T07:24:02+00:00,2026-02-23T07:10:11+00:00,false,,remote,full_time,senior,,,,simplify,https://simplify.jobs/p/200c6420-407c-45de-b54e-9a09e7603e63,,simplify,"[{""site"": ""simplify"", ""url"": ""https://simplify.jobs/p/200c6420-407c-45de-b54e-9a09e7603e63""}]",[],[],"{""location"": [""Remote; Bethesda, MD, USA""]}",{},"{""location"": ""array_field""}",{}
https://simplify.jobs/p/170cb277-3152-40bc-83b6-357b1eafddc3,UI Developer - Ext.js - Sencha,Sensiple,"Remote; San Jose, CA, USA",,,,,,2026-09-03T17:45:23+00:00,2026-02-23T07:06:53+00:00,false,,remote,full_time,junior | mid,,,,simplify,https://simplify.jobs/p/170cb277-3152-40bc-83b6-357b1eafddc3,,simplify,"[{""site"": ""simplify"", ""url"": ""https://simplify.jobs/p/170cb277-3152-40bc-83b6-357b1eafddc3""}]",[],[],"{""location"": [""Remote; San Jose, CA, USA""]}",{},"{""location"": ""array_field""}",{}
https://simplify.jobs/p/fce25974-ff34-42f4-a583-0da1a6178768,Web Developer - .NET - Kentico,Sensiple,"Remote; Oregon, USA",,,,,,2026-09-04T07:24:02+00:00,2026-02-23T07:06:22+00:00,false,,remote,full_time,mid,,,,simplify,https://simplify.jobs/p/fce25974-ff34-42f4-a583-0da1a6178768,,simplify,"[{""site"": ""simplify"", ""url"": ""https://simplify.jobs/p/fce25974-ff34-42f4-a583-0da1a6178768""}]",[],[],"{""location"": [""Remote; Oregon, USA""]}",{},"{""location"": ""array_field""}",{}
https://simplify.jobs/p/7798a505-fd08-4b50-9361-7a9dec3f4f84,Senior Front End Application Developer - Multiple Teams,Digital Forge Cyber Assurance Group,"Remote; Lehi, UT, USA",,,,,,2026-09-04T07:24:02+00:00,2026-02-20T15:07:26+00:00,false,,remote,full_time,senior,,,,simplify,https://simplify.jobs/p/7798a505-fd08-4b50-9361-7a9dec3f4f84,,simplify,"[{""site"": ""simplify"", ""url"": ""https://simplify.jobs/p/7798a505-fd08-4b50-9361-7a9dec3f4f84""}]",[],[],"{""location"": [""Remote; Lehi, UT, USA""]}",{},"{""location"": ""array_field""}",{}
https://simplify.jobs/p/71788468-9d57-4ba5-a2ce-1221421c941a,Frontend Engineer - Frontend,Cogent Security,"Remote; San Francisco, CA, USA; New York, NY, USA",100000.0,300000.0,USD,,,2026-09-04T07:12:12+00:00,2026-02-09T07:16:41+00:00,false,,remote,full_time,senior,,,,simplify,https://simplify.jobs/p/71788468-9d57-4ba5-a2ce-1221421c941a,,simplify,"[{""site"": ""simplify"", ""url"": ""https://simplify.jobs/p/71788468-9d57-4ba5-a2ce-1221421c941a""}]",[],[],"{""location"": [""Remote; San Francisco, CA, USA; New York, NY, USA""]}",{},"{""location"": ""array_field""}",{}
https://simplify.jobs/p/53cf476d-d30a-4c40-a2ef-c3877af8eaa9,Senior Frontend Engineer,Canals AI,Remote; Remote in USA,,,,,,2026-09-04T07:12:12+00:00,2026-02-06T07:09:42+00:00,false,,remote,full_time,mid | senior,,,,simplify,https://simplify.jobs/p/53cf476d-d30a-4c40-a2ef-c3877af8eaa9,,simplify,"[{""site"": ""simplify"", ""url"": ""https://simplify.jobs/p/53cf476d-d30a-4c40-a2ef-c3877af8eaa9""}]",[],[],"{""location"": [""Remote; Remote in USA""]}",{},"{""location"": ""array_field""}",{}
https://simplify.jobs/p/8940b790-e431-4736-9536-310b198948f3,Front End Contentful CMS Developer,BayRock Labs,"Remote; Newark, CA, USA",85.0,95.0,USD,,,2026-02-02T23:20:00+00:00,2026-02-02T23:20:00+00:00,false,,remote,full_time,senior,,,,simplify,https://simplify.jobs/p/8940b790-e431-4736-9536-310b198948f3,,simplify,"[{""site"": ""simplify"", ""url"": ""https://simplify.jobs/p/8940b790-e431-4736-9536-310b198948f3""}]",[],[],"{""location"": [""Remote; Newark, CA, USA""]}",{},"{""location"": ""array_field""}",{}
https://simplify.jobs/p/3197d255-1780-47ff-8eeb-74f118a55d2c,Senior Technical Consultant - Front-end Development,Veeva Systems,"Remote; Boston, MA, USA",80000.0,200000.0,USD,,,2026-09-03T17:30:22+00:00,2026-01-26T23:21:38+00:00,false,,remote,full_time,senior,,,,simplify,https://simplify.jobs/p/3197d255-1780-47ff-8eeb-74f118a55d2c,,simplify,"[{""site"": ""simplify"", ""url"": ""https://simplify.jobs/p/3197d255-1780-47ff-8eeb-74f118a55d2c""}]",[],[],"{""location"": [""Remote; Boston, MA, USA""]}",{},"{""location"": ""array_field""}",{}
https://simplify.jobs/p/3c269951-de43-48fd-85c1-50c53beef848,Senior Software Engineer - Frontend,Filevine,"Remote; Salt Lake City, UT, USA; San Francisco, CA, USA; Chicago, IL, USA; New York, NY, USA",150000.0,250000.0,USD,,,2026-09-09T09:00:22+00:00,2026-01-21T00:43:39+00:00,false,,remote,full_time,senior,,,,simplify,https://simplify.jobs/p/3c269951-de43-48fd-85c1-50c53beef848,,simplify,"[{""site"": ""simplify"", ""url"": ""https://simplify.jobs/p/3c269951-de43-48fd-85c1-50c53beef848""}]",[],[],"{""location"": [""Remote; Salt Lake City, UT, USA; San Francisco, CA, USA; Chicago, IL, USA; New York, NY, USA""]}",{},"{""location"": ""array_field""}",{}
https://simplify.jobs/p/a036d09a-96a4-4e8e-bc7f-7bc4bbeea76f,Product Design Engineer,Filevine,"Remote; Salt Lake City, UT, USA; San Francisco, CA, USA; Chicago, IL, USA; New York, NY, USA",120000.0,160000.0,USD,,,2026-09-09T10:15:24+00:00,2026-01-21T00:32:19+00:00,false,,remote,full_time,mid,,,,simplify,https://simplify.jobs/p/a036d09a-96a4-4e8e-bc7f-7bc4bbeea76f,,simplify,"[{""site"": ""simplify"", ""url"": ""https://simplify.jobs/p/a036d09a-96a4-4e8e-bc7f-7bc4bbeea76f""}]",[],[],"{""location"": [""Remote; Salt Lake City, UT, USA; San Francisco, CA, USA; Chicago, IL, USA; New York, NY, USA""]}",{},"{""location"": ""array_field""}",{}
https://simplify.jobs/p/77477168-006c-4d4f-aedc-a5ab835f83a4,Staff Design Engineer - Americas,Ashby,"Remote; Boston, MA, USA; Seattle, WA, USA; Austin, TX, USA; Los Angeles, CA, USA; Remote in USA; Chicago, IL, USA; New York, NY, USA; Denver, CO, USA; Portland, OR, USA",232000.0,323000.0,USD,,,2026-09-04T07:12:12+00:00,2025-11-14T02:34:05+00:00,false,,remote,full_time,senior,,,,simplify,https://simplify.jobs/p/77477168-006c-4d4f-aedc-a5ab835f83a4,,simplify,"[{""site"": ""simplify"", ""url"": ""https://simplify.jobs/p/77477168-006c-4d4f-aedc-a5ab835f83a4""}]",[],[],"{""location"": [""Remote; Boston, MA, USA; Seattle, WA, USA; Austin, TX, USA; Los Angeles, CA, USA; Remote in USA; Chicago, IL, USA; New York, NY, USA; Denver, CO, USA; Portland, OR, USA""]}",{},"{""location"": ""array_field""}",{}
https://simplify.jobs/p/223ecdb3-1c44-42a5-94a8-9c337ec71a37,Senior Staff Principal Software Engineer (Frontend/Fullstack),Voltaiq,Remote; Remote in USA,120000.0,180000.0,USD,,,2025-11-12T01:56:37+00:00,2025-10-31T12:03:44+00:00,false,,remote,full_time,mid | senior,,,,simplify,https://simplify.jobs/p/223ecdb3-1c44-42a5-94a8-9c337ec71a37,,simplify,"[{""site"": ""simplify"", ""url"": ""https://simplify.jobs/p/223ecdb3-1c44-42a5-94a8-9c337ec71a37""}]",[],[],"{""location"": [""Remote; Remote in USA""]}",{},"{""location"": ""array_field""}",{}
https://simplify.jobs/p/943276d6-dcfa-42dd-b7ae-ff386984b49f,Frontend Engineer,Drivetrain,Remote; Remote in USA,,,,,,2025-10-31T11:21:41+00:00,2025-10-31T11:21:41+00:00,false,,remote,full_time,junior | mid,,,,simplify,https://simplify.jobs/p/943276d6-dcfa-42dd-b7ae-ff386984b49f,,simplify,"[{""site"": ""simplify"", ""url"": ""https://simplify.jobs/p/943276d6-dcfa-42dd-b7ae-ff386984b49f""}]",[],[],"{""location"": [""Remote; Remote in USA""]}",{},"{""location"": ""array_field""}",{}
https://simplify.jobs/p/ee96e664-16f8-4f87-8e60-a76017e65a15,Frontend Engineer,Stedi,Remote; Remote in USA; Remote in Canada,,,,,,2026-09-11T12:03:16+00:00,2025-10-31T10:36:28+00:00,false,,remote,full_time,mid,,,,simplify,https://simplify.jobs/p/ee96e664-16f8-4f87-8e60-a76017e65a15,,simplify,"[{""site"": ""simplify"", ""url"": ""https://simplify.jobs/p/ee96e664-16f8-4f87-8e60-a76017e65a15""}]",[],[],"{""location"": [""Remote; Remote in USA; Remote in Canada""]}",{},"{""location"": ""array_field""}",{}
https://simplify.jobs/p/8f093ad0-1f3e-40c8-805c-78412862bef4,Front-End Developer - Front-End,The Publisher Desk,Remote; Remote in USA,,,,,,2025-11-12T03:25:56+00:00,2025-10-31T08:43:04+00:00,false,,remote,full_time,senior,,,,simplify,https://simplify.jobs/p/8f093ad0-1f3e-40c8-805c-78412862bef4,,simplify,"[{""site"": ""simplify"", ""url"": ""https://simplify.jobs/p/8f093ad0-1f3e-40c8-805c-78412862bef4""}]",[],[],"{""location"": [""Remote; Remote in USA""]}",{},"{""location"": ""array_field""}",{}
https://simplify.jobs/p/bc5facc6-db4d-42ce-b13d-e5a867ff8409,Design Engineer,Kick,"Remote; Palo Alto, CA, USA",,,,,,2025-10-31T07:53:25+00:00,2025-10-31T07:53:25+00:00,false,,remote,full_time,senior,,,,simplify,https://simplify.jobs/p/bc5facc6-db4d-42ce-b13d-e5a867ff8409,,simplify,"[{""site"": ""simplify"", ""url"": ""https://simplify.jobs/p/bc5facc6-db4d-42ce-b13d-e5a867ff8409""}]",[],[],"{""location"": [""Remote; Palo Alto, CA, USA""]}",{},"{""location"": ""array_field""}",{}
https://simplify.jobs/p/a77e9942-62fb-40af-b857-bbc21dbc50f0,Senior/Staff JavaScript Developer - Web SDK,Oscilar,Remote; Remote in USA,180000.0,262500.0,USD,,,2026-10-02T11:00:12+00:00,2025-10-31T02:44:28+00:00,false,,remote,full_time,senior,,,,simplify,https://simplify.jobs/p/a77e9942-62fb-40af-b857-bbc21dbc50f0,,simplify,"[{""site"": ""simplify"", ""url"": ""https://simplify.jobs/p/a77e9942-62fb-40af-b857-bbc21dbc50f0""}]",[],[],"{""location"": [""Remote; Remote in USA""]}",{},"{""location"": ""array_field""}",{}
https://simplify.jobs/p/2cd12ae6-328a-40e8-8e17-4086d0867044,Full-Stack Engineer - Front-End Leaning,ElevenLabs,"Remote; Boston, MA, USA; London, UK; Washington, DC, USA; Los Angeles, CA, USA; Remote in UK; Remote in Ireland; New York, NY, USA; Dublin, Ireland",,,,,,2026-10-02T09:51:03+00:00,2025-10-31T02:08:19+00:00,false,,remote,full_time,mid,,,,simplify,https://simplify.jobs/p/2cd12ae6-328a-40e8-8e17-4086d0867044,,simplify,"[{""site"": ""simplify"", ""url"": ""https://simplify.jobs/p/2cd12ae6-328a-40e8-8e17-4086d0867044""}]",[],[],"{""location"": [""Remote; Boston, MA, USA; London, UK; Washington, DC, USA; Los Angeles, CA, USA; Remote in UK; Remote in Ireland; New York, NY, USA; Dublin, Ireland""]}",{},"{""location"": ""array_field""}",{}
https://simplify.jobs/p/e8cb56ab-76af-49eb-8bb8-2b361eb83038,Senior JavaScript UI Engineer - React or Angular,Walter Bacon,"Remote; San Francisco, CA, USA",160000.0,180000.0,USD,,,2026-09-04T06:57:01+00:00,2025-08-13T22:01:22+00:00,false,,remote,full_time,,,,,simplify,https://simplify.jobs/p/e8cb56ab-76af-49eb-8bb8-2b361eb83038,,simplify,"[{""site"": ""simplify"", ""url"": ""https://simplify.jobs/p/e8cb56ab-76af-49eb-8bb8-2b361eb83038""}]",[],[],"{""location"": [""Remote; San Francisco, CA, USA""]}",{},"{""location"": ""array_field""}",{}
https://simplify.jobs/p/da79d843-c883-4569-b00f-40f317bc7273,Webmaster or Web Developer,NewPage Solutions,"Remote; New York, NY, USA",,,,,,2026-09-04T06:57:01+00:00,2025-08-13T05:38:49+00:00,false,,remote,full_time,mid,,,,simplify,https://simplify.jobs/p/da79d843-c883-4569-b00f-40f317bc7273,,simplify,"[{""site"": ""simplify"", ""url"": ""https://simplify.jobs/p/da79d843-c883-4569-b00f-40f317bc7273""}]",[],[],"{""location"": [""Remote; New York, NY, USA""]}",{},"{""location"": ""array_field""}",{}
https://rolesweep.com/jobs/e851d891c14631225eb7dfb6e3743170-sr-software-engineer-fullstack-frontend,"Sr. Software Engineer, (Fullstack/Frontend)",Hims & Hers,US Remote,170000.0,190000.0,,,$170K - $190K,,,,,remote,full_time,,,,,rolesweep,https://rolesweep.com/jobs/e851d891c14631225eb7dfb6e3743170-sr-software-engineer-fullstack-frontend,,rolesweep,"[{""site"": ""rolesweep"", ""url"": ""https://rolesweep.com/jobs/e851d891c14631225eb7dfb6e3743170-sr-software-engineer-fullstack-frontend""}]",[],[],"{""location"": [""US Remote""]}",{},"{""location"": ""array_field""}",{}
https://rolesweep.com/jobs/19c6bed1992192d7dad3ba51d20c22d9-senior-frontend-software-engineer-consumer-engineering,"Senior Frontend Software Engineer, Consumer Engineering",Reddit,Remote - United States,190800.0,267100.0,USD,,"$190,800 - $267,100 USD",,,,,remote,full_time,,,,,rolesweep,https://rolesweep.com/jobs/19c6bed1992192d7dad3ba51d20c22d9-senior-frontend-software-engineer-consumer-engineering,,rolesweep,"[{""site"": ""rolesweep"", ""url"": ""https://rolesweep.com/jobs/19c6bed1992192d7dad3ba51d20c22d9-senior-frontend-software-engineer-consumer-engineering""}]",[],[],"{""location"": [""Remote - United States""]}",{},"{""location"": ""array_field""}",{}
https://rolesweep.com/jobs/c7ca75fb16722aaf785765a24ac24ef5-frontend-engineer-ads-campaign-manager,"Frontend Engineer, Ads Campaign Manager",Reddit,Remote - United States,164200.0,229900.0,USD,,"$164,200 - $229,900 USD",,,,,remote,full_time,,,,,rolesweep,https://rolesweep.com/jobs/c7ca75fb16722aaf785765a24ac24ef5-frontend-engineer-ads-campaign-manager,,rolesweep,"[{""site"": ""rolesweep"", ""url"": ""https://rolesweep.com/jobs/c7ca75fb16722aaf785765a24ac24ef5-frontend-engineer-ads-campaign-manager""}]",[],[],"{""location"": [""Remote - United States""]}",{},"{""location"": ""array_field""}",{}
https://rolesweep.com/jobs/e6502f4ac563e5dcd17c461c6ef4ed45-frontend-engineer-ads,"Frontend Engineer, Ads",Reddit,Remote - United States,164200.0,229900.0,USD,,"$164,200 - $229,900 USD",,,,,remote,full_time,,,,,rolesweep,https://rolesweep.com/jobs/e6502f4ac563e5dcd17c461c6ef4ed45-frontend-engineer-ads,,rolesweep,"[{""site"": ""rolesweep"", ""url"": ""https://rolesweep.com/jobs/e6502f4ac563e5dcd17c461c6ef4ed45-frontend-engineer-ads""}]",[],[],"{""location"": [""Remote - United States""]}",{},"{""location"": ""array_field""}",{}
